 ecm,  ibeam, lto,iproc,iResScheme,fract_n,fCxFCxF,fCxF,fSud, i_pma
 8000.         1     0     0     0     0     0     0     0     1
 ISET,INONPERT,IFLAG_C3,C1,C2,C3,C4,KinCorr,mur,muf 
 11900  5  2    1.000          1.0    
      1.0          1.0    1      1.0          1.0    
MT,MW,MZ,MH,MA
 172.000   80.358   91.118
 125.000    0.000
  TYPE_V:   ZU                                      
bmax,g1,g2,g3,Q0in:   0.5000      0.2100      0.6800      -.6000       1.600    
 Mass of V,h1,A1,A2,A3,B1,B2,Nf,norder,n_sud_a,n_sud_b,n_wil_c,i_fsr,R
  91.118    1.123    1.333
   2.3027  3.7376 -2.0000  1.9009
 5           2           3           2           1           0           .0000
  Q,qT,y, CSS L0, CSS A3, ASY L0, ASY A3 
   60.0000     0.0911    -3.9000   209.77438      -202.00640       549908.10      -528418.92    
   60.0000     0.1006    -3.9000   231.72984      -223.14883       489388.81      -470263.24    
   60.0000     0.1112    -3.9000   256.10809      -246.62582       435123.96      -418117.84    
   60.0000     0.1229    -3.9000   283.00888      -272.52891       386820.21      -371700.83    
   60.0000     0.1358    -3.9000   312.62906      -301.05228       343862.58      -330421.21    
   60.0000     0.1501    -3.9000   345.49304      -332.69914       305464.80      -293523.41    
   60.0000     0.1659    -3.9000   381.74461      -367.60819       271273.48      -260667.82    
   60.0000     0.1834    -3.9000   421.85921      -406.23719       240766.35      -231352.58    
   60.0000     0.2027    -3.9000   466.05377      -448.79501       213669.04      -205314.01    
   60.0000     0.2240    -3.9000   514.73990      -495.67797       189580.42      -182166.63    
   60.0000     0.2475    -3.9000   568.36510      -547.31702       168172.03      -161594.81    
   60.0000     0.2736    -3.9000   627.74730      -604.49990       149031.16      -143201.97    
   60.0000     0.3023    -3.9000   692.81369      -667.30576       132092.21      -126925.04    
   60.0000     0.3341    -3.9000   764.93411      -736.60473       116987.98      -112411.18    
   60.0000     0.3693    -3.9000   844.28056      -813.01163       103543.33      -99492.064    
   60.0000     0.4081    -3.9000   931.32439      -896.83038       91628.433      -88042.951    
   60.0000     0.4510    -3.9000   1026.9544      -988.91667       81037.716      -77866.290    
   60.0000     0.4985    -3.9000   1132.0680      -1090.1345       71616.402      -68813.347    
   60.0000     0.5509    -3.9000   1246.9023      -1200.7122       63269.098      -60792.454    
   60.0000     0.6088    -3.9000   1372.5670      -1321.7171       55862.385      -53675.403    
   60.0000     0.6729    -3.9000   1509.6966      -1453.7606       49281.329      -47351.746    
   60.0000     0.7436    -3.9000   1658.4465      -1596.9914       43457.771      -41755.989    
   60.0000     0.8218    -3.9000   1819.6473      -1752.2081       38291.445      -36791.779    
   60.0000     0.9083    -3.9000   1993.4994      -1919.6028       33710.770      -32390.333    
   60.0000     1.0040    -3.9000   2179.8953      -2099.0701       29651.199      -28489.625    
   60.0000     1.1090    -3.9000   2376.6369      -2288.4924       26082.548      -25060.648    
   60.0000     1.2260    -3.9000   2585.9739      -2490.0311       22898.506      -22001.248    
   60.0000     1.3550    -3.9000   2803.3276      -2699.2758       20090.755      -19303.429    
   60.0000     1.4970    -3.9000   3025.5329      -2913.1742       17618.389      -16927.882    
   60.0000     1.6550    -3.9000   3250.8303      -3130.0259       15419.737      -14815.350    
   60.0000     1.8290    -3.9000   3471.1950      -3342.0985       13486.337      -12957.698    
   60.0000     2.0210    -3.9000   3679.9385      -3542.9444       11782.862      -11320.979    
   60.0000     2.2340    -3.9000   3868.5815      -3724.3906       10275.255      -9872.4710    
   60.0000     2.4690    -3.9000   4027.0798      -3876.7568       8949.4820      -8598.6846    
   60.0000     2.7290    -3.9000   4143.6373      -3988.6807       7781.0640      -7476.0989    
   60.0000     3.0160    -3.9000   4207.0080      -4049.3299       6754.4083      -6489.7300    
   60.0000     3.3330    -3.9000   4207.8632      -4049.7238       5852.2670      -5623.0041    
   60.0000     3.6830    -3.9000   4140.1631      -3984.0580       5060.3702      -4862.2090    
   60.0000     4.0710    -3.9000   4002.7942      -3851.2814       4363.2120      -4192.4449    
   60.0000     4.4990    -3.9000   3802.1286      -3657.5685       3753.1413      -3606.3588    
   60.0000     4.9720    -3.9000   3553.3600      -3417.5860       3218.7044      -3092.9444    
   60.0000     5.4950    -3.9000   3273.5061      -3147.7765       2750.8204      -2643.4753    
   60.0000     6.0730    -3.9000   2983.5591      -2868.3989       2341.9151      -2250.6725    
   60.0000     6.7110    -3.9000   2700.4555      -2595.7905       1985.4142      -1908.2174    
   60.0000     7.4170    -3.9000   2432.3907      -2337.8522       1674.2856      -1609.3522    
   60.0000     8.1970    -3.9000   2180.8899      -2096.0306       1403.6846      -1349.4196    
   60.0000     9.0590    -3.9000   1942.1367      -1866.6142       1168.7191      -1123.7174    
   60.0000    10.0100    -3.9000   1716.8242      -1650.2428       965.47896      -928.48593    
   60.0000    11.0600    -3.9000   1491.2067      -1433.5905       789.98589      -759.90065    
   60.0000    12.2300    -3.9000   1277.8453      -1228.7727       637.72139      -613.61758    
   60.0000    13.5100    -3.9000   1079.4150      -1038.0962       508.53850      -489.49213    
   60.0000    14.9400    -3.9000   894.31316      -860.63292       397.24038      -382.52903    
   60.0000    16.5100    -3.9000   727.92702      -700.90588       303.70724      -292.61180    
   60.0000    18.2400    -3.9000   580.27348      -559.12550       225.43004      -217.32671    
   60.0000    20.1600    -3.9000   450.53653      -434.49514       160.32685      -154.67545    
   60.0000    22.2800    -3.9000   338.60510      -326.89628       107.20488      -103.50466    
   60.0000    24.6300    -3.9000   243.70218      -235.57620       64.637619      -62.450287    
   60.0000    27.2200    -3.9000   165.52698      -160.24226       31.697045      -30.630816    
   60.0000    30.0800    -3.9000   103.31356      -100.19613       7.2215868      -6.9410309    
   60.0000    33.2400    -3.9000   56.418659      -54.832679      -9.8997598       9.6812282    
   60.0000    36.7400    -3.9000   23.622387      -23.019152      -20.745709       20.257682    
   60.0000    40.6000    -3.9000   2.5914495      -2.5434566      -26.326918       25.741281    
   60.0000    44.8700    -3.9000  -9.8276442       9.6067334      -27.699718       27.141126    
   60.0000    49.5900    -3.9000  -16.195419       15.884368      -26.070430       25.604170    
   60.0000    54.8100    -3.9000  -17.914225       17.621164      -22.492422       22.147437    
   60.0000    60.5700    -3.9000  -16.048054       15.830582      -17.922805       17.694793    
   60.0000    66.9400    -3.9000  -12.432151       12.298229      -13.165577       13.031530    
   60.0000    73.9800    -3.9000  -8.7014248       8.6307736      -8.8428766       8.7744308    
   60.0000    81.7600    -3.9000  -5.3894626       5.3583947      -5.3642798       5.3346720    
   60.0000    89.3600    -3.9000  -3.1242387       3.1118356      -3.0921567       3.0803846    
   60.0000    90.3600    -3.9000  -2.8937879       2.8828838      -2.8616618       2.8513191    
   60.0000    91.2000    -3.9000  -4.4208466       4.4054685      -2.6783540       2.6690995    
   60.0000    92.0000    -3.9000  -2.5446072       2.5358229      -2.5127769       2.5044595    
   60.0000    99.8600    -3.9000  -1.3066264       1.3037764      -1.2831860       1.2804929    
   60.0000   110.4000    -3.9000  -.44532025      0.44485340      -.44473389      0.44428362    
   60.0000   120.0000    -3.9000   0.0000000       0.0000000      -.13371873      0.13366007    
   60.0000   130.0000    -3.9000   0.0000000       0.0000000      -.24913512E-01  0.24910150E-01
   60.0000   140.0000    -3.9000   0.0000000       0.0000000      -.16486101E-02  0.16485770E-02
   60.0000   150.0000    -3.9000   0.0000000       0.0000000      -.51620415E-06  0.51620232E-06
   60.0000   160.0000    -3.9000   0.0000000       0.0000000       0.0000000       0.0000000    
   60.0000   170.0000    -3.9000   0.0000000       0.0000000       0.0000000       0.0000000    
   60.0000   180.0000    -3.9000   0.0000000       0.0000000       0.0000000       0.0000000    
   60.0000   190.0000    -3.9000   0.0000000       0.0000000       0.0000000       0.0000000    
   60.0000   200.0000    -3.9000   0.0000000       0.0000000       0.0000000       0.0000000    
   60.0000   210.0000    -3.9000   0.0000000       0.0000000       0.0000000       0.0000000    
   60.0000   220.0000    -3.9000   0.0000000       0.0000000       0.0000000       0.0000000    
   60.0000   230.0000    -3.9000   0.0000000       0.0000000       0.0000000       0.0000000    
   60.0000   240.0000    -3.9000   0.0000000       0.0000000       0.0000000       0.0000000    
   60.0000   250.0000    -3.9000   0.0000000       0.0000000       0.0000000       0.0000000    
   60.0000   260.0000    -3.9000   0.0000000       0.0000000       0.0000000       0.0000000    
   60.0000   270.0000    -3.9000   0.0000000       0.0000000       0.0000000       0.0000000    
   60.0000   280.0000    -3.9000   0.0000000       0.0000000       0.0000000       0.0000000    
   60.0000   290.0000    -3.9000   0.0000000       0.0000000       0.0000000       0.0000000    
   60.0000   300.0000    -3.9000   0.0000000       0.0000000       0.0000000       0.0000000    
   60.0000   310.0000    -3.9000   0.0000000       0.0000000       0.0000000       0.0000000    
   60.0000   320.0000    -3.9000   0.0000000       0.0000000       0.0000000       0.0000000    
   60.0000   330.0000    -3.9000   0.0000000       0.0000000       0.0000000       0.0000000    
   60.0000   340.0000    -3.9000   0.0000000       0.0000000       0.0000000       0.0000000    
   60.0000   350.0000    -3.9000   0.0000000       0.0000000       0.0000000       0.0000000    
   60.0000   360.0000    -3.9000   0.0000000       0.0000000       0.0000000       0.0000000    
   60.0000   370.0000    -3.9000   0.0000000       0.0000000       0.0000000       0.0000000    
   60.0000   380.0000    -3.9000   0.0000000       0.0000000       0.0000000       0.0000000    
   60.0000   400.0000    -3.9000   0.0000000       0.0000000       0.0000000       0.0000000    
   60.0000   450.0000    -3.9000   0.0000000       0.0000000       0.0000000       0.0000000    
   60.0000   500.0000    -3.9000   0.0000000       0.0000000       0.0000000       0.0000000    
   60.0000     0.0911    -3.2000   306.50517      -263.43217       1006677.4      -858647.83    
   60.0000     0.1006    -3.2000   338.58593      -291.00459       896549.75      -764703.60    
   60.0000     0.1112    -3.2000   374.20925      -321.62161       797748.99      -680422.66    
   60.0000     0.1229    -3.2000   413.51703      -355.40501       709751.75      -605358.38    
   60.0000     0.1358    -3.2000   456.85518      -392.65298       631448.13      -538563.78    
   60.0000     0.1501    -3.2000   504.82743      -433.88334       561414.16      -478824.04    
   60.0000     0.1659    -3.2000   557.77554      -479.39048       499013.66      -425596.38    
   60.0000     0.1834    -3.2000   616.43017      -529.80147       443301.31      -378074.29    
   60.0000     0.2027    -3.2000   681.02175      -585.31522       393783.31      -335836.45    
   60.0000     0.2240    -3.2000   752.18441      -646.47609       349733.47      -298263.33    
   60.0000     0.2475    -3.2000   830.57290      -713.84702       310557.38      -264847.82    
   60.0000     0.2736    -3.2000   917.45652      -788.51863       275505.31      -234950.34    
   60.0000     0.3023    -3.2000   1012.7476      -870.41525       244462.25      -208472.71    
   60.0000     0.3341    -3.2000   1117.9296      -960.81252       216760.16      -184845.05    
   60.0000     0.3693    -3.2000   1234.0476      -1060.6009       192082.01      -163796.90    
   60.0000     0.4081    -3.2000   1361.3833      -1170.0399       170193.62      -145128.46    
   60.0000     0.4510    -3.2000   1501.3312      -1290.3104       150721.10      -128520.77    
   60.0000     0.4985    -3.2000   1655.2136      -1422.5536       133383.24      -113733.96    
   60.0000     0.5509    -3.2000   1823.6024      -1567.2599       118007.66      -100620.93    
   60.0000     0.6088    -3.2000   2007.5504      -1725.3337       104351.55      -88974.590    
   60.0000     0.6729    -3.2000   2208.5280      -1898.0329       92205.666      -78616.418    
   60.0000     0.7436    -3.2000   2426.9434      -2085.7073       81446.695      -69441.221    
   60.0000     0.8218    -3.2000   2663.7740      -2289.1944       71891.701      -61292.954    
   60.0000     0.9083    -3.2000   2919.5256      -2508.9224       63410.409      -54060.486    
   60.0000     1.0040    -3.2000   3194.2670      -2744.9440       55885.186      -47643.473    
   60.0000     1.1090    -3.2000   3484.9441      -2994.6269       49261.982      -41995.793    
   60.0000     1.2260    -3.2000   3794.6310      -3260.5989       43345.143      -36950.582    
   60.0000     1.3550    -3.2000   4117.3348      -3537.7011       38120.638      -32495.852    
   60.0000     1.4970    -3.2000   4449.2065      -3822.6001       33513.926      -28568.018    
   60.0000     1.6550    -3.2000   4787.4826      -4112.9023       29411.341      -25070.143    
   60.0000     1.8290    -3.2000   5121.1514      -4399.1208       25798.286      -21989.759    
   60.0000     2.0210    -3.2000   5441.1049      -4673.3973       22609.907      -19271.553    
   60.0000     2.2340    -3.2000   5736.1208      -4926.0489       19783.482      -16862.032    
   60.0000     2.4690    -3.2000   5990.6898      -5143.7205       17293.800      -14739.707    
   60.0000     2.7290    -3.2000   6188.9405      -5312.7471       15095.499      -12865.850    
   60.0000     3.0160    -3.2000   6316.3159      -5420.5896       13160.220      -11216.291    
   60.0000     3.3330    -3.2000   6357.1016      -5453.7620       11456.227      -9763.9637    
   60.0000     3.6830    -3.2000   6302.6152      -5404.8330       9957.2743      -8486.4814    
   60.0000     4.0710    -3.2000   6150.1745      -5271.5682       8634.6560      -7359.3655    
   60.0000     4.4990    -3.2000   5907.3676      -5060.6291       7474.4555      -6370.7406    
   60.0000     4.9720    -3.2000   5591.3621      -4786.9372       6455.4571      -5502.5131    
   60.0000     5.4950    -3.2000   5225.5120      -4470.7582       5560.8590      -4740.3521    
   60.0000     6.0730    -3.2000   4840.3711      -4138.5219       4776.6513      -4072.3069    
   60.0000     6.7110    -3.2000   4453.1798      -3805.2204       4090.5712      -3487.9013    
   60.0000     7.4170    -3.2000   4078.9921      -3483.8250       3489.7634      -2976.2132    
   60.0000     8.1970    -3.2000   3719.3090      -3175.5940       2964.9760      -2529.2945    
   60.0000     9.0590    -3.2000   3369.5049      -2876.4541       2507.1222      -2139.4197    
   60.0000    10.0100    -3.2000   3025.8749      -2583.0846       2108.9190      -1800.3677    
   60.0000    11.0600    -3.2000   2687.4362      -2294.5164       1762.8548      -1505.7089    
   60.0000    12.2300    -3.2000   2354.7376      -2011.1261       1460.2715      -1248.0665    
   60.0000    13.5100    -3.2000   2038.9279      -1742.3353       1201.1739      -1027.4282    
   60.0000    14.9400    -3.2000   1738.0320      -1486.3873       975.32783      -835.05288    
   60.0000    16.5100    -3.2000   1461.4287      -1251.1841       782.72829      -670.92540    
   60.0000    18.2400    -3.2000   1209.8741      -1037.2868       618.53498      -530.90830    
   60.0000    20.1600    -3.2000   982.86763      -844.19643       478.48999      -411.36344    
   60.0000    22.2800    -3.2000   781.41194      -672.68755       360.68421      -310.65841    
   60.0000    24.6300    -3.2000   604.22568      -521.60391       262.28863      -226.37034    
   60.0000    27.2200    -3.2000   449.63278      -389.44649       181.71507      -157.15469    
   60.0000    30.0800    -3.2000   324.44481      -282.13864       116.94029      -101.29750    
   60.0000    33.2400    -3.2000   220.87660      -192.94428       65.912503      -57.083496    
   60.0000    36.7400    -3.2000   140.06127      -122.94629       26.893891      -23.059745    
   60.0000    40.6000    -3.2000   79.704068      -70.285699      -1.5058809       1.9189487    
   60.0000    44.8700    -3.2000   35.540251      -31.422485      -20.957731       19.216263    
   60.0000    49.5900    -3.2000   3.9264145      -3.2664355      -32.870892       29.991515    
   60.0000    54.8100    -3.2000  -16.402803       15.045994      -38.650711       35.385687    
   60.0000    60.5700    -3.2000  -26.551317       24.375076      -39.720932       36.581007    
   60.0000    66.9400    -3.2000  -29.746110       27.499777      -37.572227       34.849585    
   60.0000    73.9800    -3.2000  -29.282652       27.300971      -33.345329       31.169516    
   60.0000    81.7600    -3.2000  -25.893982       24.344828      -27.951407       26.337700    
   60.0000    89.3600    -3.2000  -21.620245       20.477309      -22.900582       21.733595    
   60.0000    90.3600    -3.2000  -21.074590       19.979001      -22.277168       21.160747    
   60.0000    91.2000    -3.2000  -32.507077       30.897643      -21.762039       20.686512    
   60.0000    92.0000    -3.2000  -20.193357       19.172280      -21.278665       20.241015    
   60.0000    99.8600    -3.2000  -16.254238       15.537853      -16.920285       16.199435    
   60.0000   110.4000    -3.2000  -11.627599       11.203867      -12.175837       11.745620    
   60.0000   120.0000    -3.2000   0.0000000       0.0000000      -8.8960399       8.6327981    
   60.0000   130.0000    -3.2000   0.0000000       0.0000000      -6.3377791       6.1829463    
   60.0000   140.0000    -3.2000   0.0000000       0.0000000      -4.4552251       4.3660643    
   60.0000   150.0000    -3.2000   0.0000000       0.0000000      -3.0962607       3.0459413    
   60.0000   160.0000    -3.2000   0.0000000       0.0000000      -2.1265607       2.0987743    
   60.0000   170.0000    -3.2000   0.0000000       0.0000000      -1.4405763       1.4255694    
   60.0000   180.0000    -3.2000   0.0000000       0.0000000      -.96009422      0.95222755    
   60.0000   190.0000    -3.2000   0.0000000       0.0000000      -.62912405      0.62512838    
   60.0000   200.0000    -3.2000   0.0000000       0.0000000      -.40396807      0.40201220    
   60.0000   210.0000    -3.2000   0.0000000       0.0000000      -.25306374      0.25214772    
   60.0000   220.0000    -3.2000   0.0000000       0.0000000      -.15377001      0.15336340    
   60.0000   230.0000    -3.2000   0.0000000       0.0000000      -.90159914E-01  0.89990571E-01
   60.0000   240.0000    -3.2000   0.0000000       0.0000000      -.50545087E-01  0.50479950E-01
   60.0000   250.0000    -3.2000   0.0000000       0.0000000      -.26747480E-01  0.26724828E-01
   60.0000   260.0000    -3.2000   0.0000000       0.0000000      -.13116252E-01  0.13109330E-01
   60.0000   270.0000    -3.2000   0.0000000       0.0000000      -.57875415E-02  0.57857766E-02
   60.0000   280.0000    -3.2000   0.0000000       0.0000000      -.21939126E-02  0.21935648E-02
   60.0000   290.0000    -3.2000   0.0000000       0.0000000      -.65400973E-03  0.65396390E-03
   60.0000   300.0000    -3.2000   0.0000000       0.0000000      -.12591402E-03  0.12591114E-03
   60.0000   310.0000    -3.2000   0.0000000       0.0000000      -.85204606E-05  0.85204375E-05
   60.0000   320.0000    -3.2000   0.0000000       0.0000000       0.0000000       0.0000000    
   60.0000   330.0000    -3.2000   0.0000000       0.0000000       0.0000000       0.0000000    
   60.0000   340.0000    -3.2000   0.0000000       0.0000000       0.0000000       0.0000000    
   60.0000   350.0000    -3.2000   0.0000000       0.0000000       0.0000000       0.0000000    
   60.0000   360.0000    -3.2000   0.0000000       0.0000000       0.0000000       0.0000000    
   60.0000   370.0000    -3.2000   0.0000000       0.0000000       0.0000000       0.0000000    
   60.0000   380.0000    -3.2000   0.0000000       0.0000000       0.0000000       0.0000000    
   60.0000   400.0000    -3.2000   0.0000000       0.0000000       0.0000000       0.0000000    
   60.0000   450.0000    -3.2000   0.0000000       0.0000000       0.0000000       0.0000000    
   60.0000   500.0000    -3.2000   0.0000000       0.0000000       0.0000000       0.0000000    
   60.0000     0.0911    -2.9600   306.38804      -245.94233       1055061.3      -838631.19    
   60.0000     0.1006    -2.9600   338.46903      -271.69277       939787.49      -746991.18    
   60.0000     0.1112    -2.9600   374.08108      -300.28008       836357.74      -664767.99    
   60.0000     0.1229    -2.9600   413.37611      -331.82257       744226.50      -591527.74    
   60.0000     0.1358    -2.9600   456.66421      -366.59919       662234.06      -526348.30    
   60.0000     0.1501    -2.9600   504.65746      -405.09469       588891.43      -468045.81    
   60.0000     0.1659    -2.9600   557.61928      -447.60731       523534.27      -416092.01    
   60.0000     0.1834    -2.9600   616.20400      -494.63367       465174.19      -369701.05    
   60.0000     0.2027    -2.9600   680.79912      -546.48363       413295.55      -328462.90    
   60.0000     0.2240    -2.9600   751.94391      -603.59110       367139.07      -291773.87    
   60.0000     0.2475    -2.9600   830.31338      -666.49734       326083.30      -259139.87    
   60.0000     0.2736    -2.9600   917.17636      -736.22101       289343.76      -229937.22    
   60.0000     0.3023    -2.9600   1012.4489      -812.69336       256801.05      -204070.92    
   60.0000     0.3341    -2.9600   1117.6726      -897.15270       227755.93      -180985.08    
   60.0000     0.3693    -2.9600   1233.6653      -990.25548       201876.95      -160416.18    
   60.0000     0.4081    -2.9600   1361.0411      -1092.4915       178919.44      -142169.67    
   60.0000     0.4510    -2.9600   1500.9897      -1204.8175       158492.08      -125934.45    
   60.0000     0.4985    -2.9600   1654.8855      -1328.3316       140300.63      -111476.61    
   60.0000     0.5509    -2.9600   1823.1551      -1463.3813       124164.91      -98652.869    
   60.0000     0.6088    -2.9600   2007.2975      -1611.1652       109830.77      -87261.204    
   60.0000     0.6729    -2.9600   2208.4713      -1772.6078       97079.158      -77127.466    
   60.0000     0.7436    -2.9600   2426.9047      -1947.9013       85781.163      -68149.161    
   60.0000     0.8218    -2.9600   2663.9259      -2138.0741       75745.193      -60173.990    
   60.0000     0.9083    -2.9600   2919.9614      -2343.4956       66834.876      -53093.540    
   60.0000     1.0040    -2.9600   3195.1005      -2564.2176       58927.051      -46809.904    
   60.0000     1.1090    -2.9600   3486.3289      -2797.8112       51965.336      -41278.242    
   60.0000     1.2260    -2.9600   3796.7261      -3046.7310       45744.440      -36335.401    
   60.0000     1.3550    -2.9600   4120.7241      -3306.4940       40249.970      -31969.912    
   60.0000     1.4970    -2.9600   4453.7440      -3573.4033       35403.784      -28119.658    
   60.0000     1.6550    -2.9600   4793.8655      -3845.8845       31086.632      -24689.870    
   60.0000     1.8290    -2.9600   5129.8981      -4114.9307       27283.412      -21668.524    
   60.0000     2.0210    -2.9600   5452.9138      -4373.3487       23926.117      -19001.566    
   60.0000     2.2340    -2.9600   5751.8750      -4612.2070       20948.923      -16636.685    
   60.0000     2.4690    -2.9600   6011.3739      -4819.1203       18325.357      -14552.831    
   60.0000     2.7290    -2.9600   6216.3141      -4981.9297       16008.087      -12712.386    
   60.0000     3.0160    -2.9600   6350.3604      -5087.5088       13967.258      -11091.619    
   60.0000     3.3330    -2.9600   6399.6462      -5124.7292       12169.578      -9664.0689    
   60.0000     3.6830    -2.9600   6354.8046      -5086.1194       10587.518      -8407.8556    
   60.0000     4.0710    -2.9600   6212.8786      -4969.3878       9190.9042      -7298.9977    
   60.0000     4.4990    -2.9600   5980.9736      -4780.4070       7965.1824      -6325.9243    
   60.0000     4.9720    -2.9600   5675.6538      -4532.6771       6888.0707      -5470.9282    
   60.0000     5.4950    -2.9600   5320.1930      -4245.0805       5941.9167      -4719.9768    
   60.0000     6.0730    -2.9600   4941.7718      -3940.5875       5112.0163      -4061.3806    
   60.0000     6.7110    -2.9600   4561.9169      -3634.1631       4385.5821      -3484.9721    
   60.0000     7.4170    -2.9600   4191.8794      -3337.2968       3748.8095      -2979.7748    
   60.0000     8.1970    -2.9600   3834.1906      -3051.2303       3192.2661      -2538.2955    
   60.0000     9.0590    -2.9600   3484.5192      -2772.3178       2706.2617      -2152.8173    
   60.0000    10.0100    -2.9600   3132.8740      -2492.2937       2283.1991      -1817.2923    
   60.0000    11.0600    -2.9600   2797.9006      -2226.3781       1915.1298      -1525.3993    
   60.0000    12.2300    -2.9600   2460.9185      -1959.0408       1592.9126      -1269.8669    
   60.0000    13.5100    -2.9600   2140.6610      -1705.4646       1316.5530      -1050.6727    
   60.0000    14.9400    -2.9600   1832.4468      -1461.2161       1075.2412      -859.22246    
   60.0000    16.5100    -2.9600   1548.8435      -1236.7814       869.05691      -695.55851    
   60.0000    18.2400    -2.9600   1289.8387      -1031.8523       692.82258      -555.56088    
   60.0000    20.1600    -2.9600   1055.0120      -845.99865       542.03634      -435.62452    
   60.0000    22.2800    -2.9600   845.62097      -680.11451       414.83830      -334.25888    
   60.0000    24.6300    -2.9600   660.59241      -533.26239       308.06809      -248.95427    
   60.0000    27.2200    -2.9600   500.98515      -406.22532       220.02185      -178.36470    
   60.0000    30.0800    -2.9600   365.98858      -298.33251       148.37518      -120.65825    
   60.0000    33.2400    -2.9600   255.49969      -209.53823       91.221018      -74.340128    
   60.0000    36.7400    -2.9600   168.15052      -138.81922       46.748658      -38.003695    
   60.0000    40.6000    -2.9600   101.70859      -84.506773       13.520866      -10.579224    
   60.0000    44.8700    -2.9600   52.045309      -43.437990      -10.135101       9.2178701    
   60.0000    49.5900    -2.9600   15.601537      -12.896574      -25.621496       22.416673    
   60.0000    54.8100    -2.9600  -8.9653315       8.0013558      -34.398345       30.121939    
   60.0000    60.5700    -2.9600  -22.512641       19.780782      -38.092065       33.584239    
   60.0000    66.9400    -2.9600  -28.454057       25.200084      -38.027322       33.832083    
   60.0000    73.9800    -2.9600  -30.133176       26.983083      -35.297912       31.725055    
   60.0000    81.7600    -2.9600  -28.208366       25.541885      -30.929398       28.098276    
   60.0000    89.3600    -2.9600  -24.671682       22.560423      -26.460808       24.272161    
   60.0000    90.3600    -2.9600  -24.123477       22.086759      -25.885977       23.773712    
   60.0000    91.2000    -2.9600  -37.492475       34.455772      -25.408053       23.358408    
   60.0000    92.0000    -2.9600  -23.346926       21.419482      -24.954698       22.963620    
   60.0000    99.8600    -2.9600  -19.755376       18.294082      -20.733915       19.248571    
   60.0000   110.4000    -2.9600  -15.497205       14.510766      -15.883145       14.901389    
   60.0000   120.0000    -2.9600   0.0000000       0.0000000      -12.340873       11.675348    
   60.0000   130.0000    -2.9600   0.0000000       0.0000000      -9.4069502       8.9679315    
   60.0000   140.0000    -2.9600   0.0000000       0.0000000      -7.1218316       6.8348994    
   60.0000   150.0000    -2.9600   0.0000000       0.0000000      -5.3706063       5.1843953    
   60.0000   160.0000    -2.9600   0.0000000       0.0000000      -4.0311011       3.9112354    
   60.0000   170.0000    -2.9600   0.0000000       0.0000000      -3.0075591       2.9311616    
   60.0000   180.0000    -2.9600   0.0000000       0.0000000      -2.2346586       2.1863601    
   60.0000   190.0000    -2.9600   0.0000000       0.0000000      -1.6526124       1.6223237    
   60.0000   200.0000    -2.9600   0.0000000       0.0000000      -1.2149170       1.1961646    
   60.0000   210.0000    -2.9600   0.0000000       0.0000000      -.88604693      0.87461370    
   60.0000   220.0000    -2.9600   0.0000000       0.0000000      -.64189188      0.63498520    
   60.0000   230.0000    -2.9600   0.0000000       0.0000000      -.46116132      0.45706249    
   60.0000   240.0000    -2.9600   0.0000000       0.0000000      -.32811202      0.32572365    
   60.0000   250.0000    -2.9600   0.0000000       0.0000000      -.23073267      0.22937037    
   60.0000   260.0000    -2.9600   0.0000000       0.0000000      -.16001196      0.15925383    
   60.0000   270.0000    -2.9600   0.0000000       0.0000000      -.10932782      0.10891717    
   60.0000   280.0000    -2.9600   0.0000000       0.0000000      -.73389360E-01  0.73174027E-01
   60.0000   290.0000    -2.9600   0.0000000       0.0000000      -.48245023E-01  0.48136166E-01
   60.0000   300.0000    -2.9600   0.0000000       0.0000000      -.30921023E-01  0.30868460E-01
   60.0000   310.0000    -2.9600   0.0000000       0.0000000      -.19220873E-01  0.19196781E-01
   60.0000   320.0000    -2.9600   0.0000000       0.0000000      -.11504656E-01  0.11494322E-01
   60.0000   330.0000    -2.9600   0.0000000       0.0000000      -.65749274E-02  0.65708431E-02
   60.0000   340.0000    -2.9600   0.0000000       0.0000000      -.35434477E-02  0.35419803E-02
   60.0000   350.0000    -2.9600   0.0000000       0.0000000      -.17659771E-02  0.17655168E-02
   60.0000   360.0000    -2.9600   0.0000000       0.0000000      -.79053071E-03  0.79041017E-03
   60.0000   370.0000    -2.9600   0.0000000       0.0000000      -.30265474E-03  0.30263046E-03
   60.0000   380.0000    -2.9600   0.0000000       0.0000000      -.90455760E-04  0.90452520E-04
   60.0000   400.0000    -2.9600   0.0000000       0.0000000      -.10843506E-05  0.10843497E-05
   60.0000   450.0000    -2.9600   0.0000000       0.0000000       0.0000000       0.0000000    
   60.0000   500.0000    -2.9600   0.0000000       0.0000000       0.0000000       0.0000000    
   60.0000     0.0911    -2.4000   290.15476      -183.70160       1075736.4      -667388.45    
   60.0000     0.1006    -2.4000   320.53910      -202.93797       958446.95      -594602.76    
   60.0000     0.1112    -2.4000   354.26305      -224.28950       853188.44      -529284.67    
   60.0000     0.1229    -2.4000   391.47802      -247.84976       759409.70      -471091.82    
   60.0000     0.1358    -2.4000   432.50993      -273.82665       675934.13      -419293.77    
   60.0000     0.1501    -2.4000   477.92215      -302.57741       601249.24      -372951.74    
   60.0000     0.1659    -2.4000   528.08747      -334.33698       534681.63      -331647.62    
   60.0000     0.1834    -2.4000   583.57099      -369.46367       475227.50      -294758.36    
   60.0000     0.2027    -2.4000   644.75454      -408.19623       422364.21      -261959.46    
   60.0000     0.2240    -2.4000   712.13418      -450.85587       375320.63      -232772.27    
   60.0000     0.2475    -2.4000   786.36545      -497.84776       333465.64      -206805.05    
   60.0000     0.2736    -2.4000   868.61304      -549.95577       296001.51      -183562.71    
   60.0000     0.3023    -2.4000   958.87792      -607.06487       262808.41      -162970.77    
   60.0000     0.3341    -2.4000   1058.5684      -670.16410       233174.88      -144587.71    
   60.0000     0.3693    -2.4000   1168.4524      -739.72320       206764.35      -128204.62    
   60.0000     0.4081    -2.4000   1289.1427      -816.11487       183328.59      -113667.40    
   60.0000     0.4510    -2.4000   1421.7406      -900.05019       162469.53      -100729.02    
   60.0000     0.4985    -2.4000   1567.5874      -992.35493       143887.95      -89203.771    
   60.0000     0.5509    -2.4000   1727.1385      -1093.3785       127400.96      -78978.132    
   60.0000     0.6088    -2.4000   1901.6199      -1203.7482       112749.97      -69891.629    
   60.0000     0.6729    -2.4000   2092.3975      -1324.4643       99712.037      -61805.922    
   60.0000     0.7436    -2.4000   2299.4888      -1455.4893       88156.280      -54639.761    
   60.0000     0.8218    -2.4000   2524.4887      -1597.8154       77887.573      -48272.078    
   60.0000     0.9083    -2.4000   2767.5165      -1751.5152       68767.142      -42616.754    
   60.0000     1.0040    -2.4000   3028.8581      -1916.7613       60669.627      -37596.001    
   60.0000     1.1090    -2.4000   3305.6781      -2091.7289       53537.975      -33174.388    
   60.0000     1.2260    -2.4000   3601.0386      -2278.3097       47162.487      -29221.851    
   60.0000     1.3550    -2.4000   3909.6011      -2473.1916       41528.946      -25729.533    
   60.0000     1.4970    -2.4000   4227.0981      -2673.5520       36557.774      -22648.057    
   60.0000     1.6550    -2.4000   4552.4530      -2878.6729       32127.114      -19901.845    
   60.0000     1.8290    -2.4000   4874.6017      -3081.5220       28221.899      -17481.524    
   60.0000     2.0210    -2.4000   5185.5202      -3276.9573       24772.723      -15344.038    
   60.0000     2.2340    -2.4000   5474.9742      -3458.4249       21712.336      -13447.679    
   60.0000     2.4690    -2.4000   5728.5985      -3616.7724       19013.925      -11775.767    
   60.0000     2.7290    -2.4000   5932.2950      -3743.0191       16629.019      -10298.310    
   60.0000     3.0160    -2.4000   6070.3158      -3827.1843       14527.256      -8996.4319    
   60.0000     3.3330    -2.4000   6130.8083      -3861.6951       12674.629      -7849.0391    
   60.0000     3.6830    -2.4000   6103.3546      -3840.1496       11043.026      -6838.6918    
   60.0000     4.0710    -2.4000   5985.3289      -3760.9122       9601.5808      -5946.2509    
   60.0000     4.4990    -2.4000   5782.6822      -3628.0427       8335.4902      -5162.5265    
   60.0000     4.9720    -2.4000   5509.9980      -3451.0674       7221.9053      -4473.3681    
   60.0000     5.4950    -2.4000   5188.7396      -3243.9518       6242.8524      -3867.5854    
   60.0000     6.0730    -2.4000   4841.9313      -3021.6408       5383.2214      -3335.8153    
   60.0000     6.7110    -2.4000   4492.3241      -2798.7637       4629.9405      -2869.9499    
   60.0000     7.4170    -2.4000   4147.7401      -2580.4269       3968.9572      -2461.3064    
   60.0000     8.1970    -2.4000   3811.4236      -2368.6354       3390.4592      -2103.7171    
   60.0000     9.0590    -2.4000   3479.5662      -2160.8231       2884.6367      -1791.1665    
   60.0000    10.0100    -2.4000   3149.2656      -1954.9869       2443.6491      -1518.7310    
   60.0000    11.0600    -2.4000   2820.3679      -1750.6798       2059.3784      -1281.3441    
   60.0000    12.2300    -2.4000   2490.8070      -1546.5615       1722.2271      -1073.2289    
   60.0000    13.5100    -2.4000   2180.1185      -1354.7355       1432.5814      -894.27297    
   60.0000    14.9400    -2.4000   1878.5383      -1168.9020       1178.9935      -737.61617    
   60.0000    16.5100    -2.4000   1598.0567      -996.55283       961.68159      -603.29363    
   60.0000    18.2400    -2.4000   1341.0757      -838.39603       775.23974      -487.91211    
   60.0000    20.1600    -2.4000   1106.3655      -694.19585       615.19513      -388.75478    
   60.0000    22.2800    -2.4000   895.84908      -564.76658       479.28069      -304.32096    
   60.0000    24.6300    -2.4000   708.63691      -449.42973       364.47352      -232.74261    
   60.0000    27.2200    -2.4000   545.85581      -348.79560       269.06899      -172.96035    
   60.0000    30.0800    -2.4000   406.97700      -262.49072       190.99025      -123.61902    
   60.0000    33.2400    -2.4000   292.12025      -190.48551       127.91408      -83.375689    
   60.0000    36.7400    -2.4000   200.16123      -132.12335       77.939984      -51.081072    
   60.0000    40.6000    -2.4000   129.01395      -86.234600       39.597105      -25.950295    
   60.0000    44.8700    -2.4000   74.740915      -50.531040       11.149989      -6.9253694    
   60.0000    49.5900    -2.4000   33.989485      -23.132706      -9.0574875       7.0103977    
   60.0000    54.8100    -2.4000   5.3432900      -3.4527484      -21.701707       15.968916    
   60.0000    60.5700    -2.4000  -12.011926       8.8755623      -28.782225       21.403729    
   60.0000    66.9400    -2.4000  -21.345860       15.943420      -31.779435       24.010320    
   60.0000    73.9800    -2.4000  -26.010565       19.839563      -31.802959       24.467573    
   60.0000    81.7600    -2.4000  -26.539133       20.672696      -29.684253       23.302538    
   60.0000    89.3600    -2.4000  -24.706774       19.615591      -26.772248       21.414679    
   60.0000    90.3600    -2.4000  -24.396918       19.416483      -26.368436       21.142533    
   60.0000    91.2000    -2.4000  -38.450193       30.826483      -26.028722       20.910752    
   60.0000    92.0000    -2.4000  -23.862651       19.059641      -25.704220       20.688604    
   60.0000    99.8600    -2.4000  -21.096492       17.132722      -22.538845       18.461633    
   60.0000   110.4000    -2.4000  -17.592299       14.640414      -18.559523       15.525883    
   60.0000   120.0000    -2.4000   0.0000000       0.0000000      -15.431936       13.130635    
   60.0000   130.0000    -2.4000   0.0000000       0.0000000      -12.694040       10.971819    
   60.0000   140.0000    -2.4000   0.0000000       0.0000000      -10.407643       9.1215758    
   60.0000   150.0000    -2.4000   0.0000000       0.0000000      -8.5363315       7.5745263    
   60.0000   160.0000    -2.4000   0.0000000       0.0000000      -7.0123276       6.2911219    
   60.0000   170.0000    -2.4000   0.0000000       0.0000000      -5.7644017       5.2226800    
   60.0000   180.0000    -2.4000   0.0000000       0.0000000      -4.7401248       4.3327211    
   60.0000   190.0000    -2.4000   0.0000000       0.0000000      -3.9065852       3.5994195    
   60.0000   200.0000    -2.4000   0.0000000       0.0000000      -3.2254232       2.9933079    
   60.0000   210.0000    -2.4000   0.0000000       0.0000000      -2.6659906       2.4902751    
   60.0000   220.0000    -2.4000   0.0000000       0.0000000      -2.2036397       2.0706448    
   60.0000   230.0000    -2.4000   0.0000000       0.0000000      -1.8243224       1.7235101    
   60.0000   240.0000    -2.4000   0.0000000       0.0000000      -1.5123177       1.4357768    
   60.0000   250.0000    -2.4000   0.0000000       0.0000000      -1.2546308       1.1965305    
   60.0000   260.0000    -2.4000   0.0000000       0.0000000      -1.0411145      0.99698399    
   60.0000   270.0000    -2.4000   0.0000000       0.0000000      -.86358056      0.83012232    
   60.0000   280.0000    -2.4000   0.0000000       0.0000000      -.71663202      0.69125488    
   60.0000   290.0000    -2.4000   0.0000000       0.0000000      -.59486070      0.57563314    
   60.0000   300.0000    -2.4000   0.0000000       0.0000000      -.49376301      0.47920170    
   60.0000   310.0000    -2.4000   0.0000000       0.0000000      -.40969305      0.39868913    
   60.0000   320.0000    -2.4000   0.0000000       0.0000000      -.33968237      0.33137349    
   60.0000   330.0000    -2.4000   0.0000000       0.0000000      -.28120005      0.27495437    
   60.0000   340.0000    -2.4000   0.0000000       0.0000000      -.23262819      0.22793409    
   60.0000   350.0000    -2.4000   0.0000000       0.0000000      -.19222149      0.18871097    
   60.0000   360.0000    -2.4000   0.0000000       0.0000000      -.15868094      0.15605780    
   60.0000   370.0000    -2.4000   0.0000000       0.0000000      -.13076385      0.12881224    
   60.0000   380.0000    -2.4000   0.0000000       0.0000000      -.10755856      0.10611472    
   60.0000   400.0000    -2.4000   0.0000000       0.0000000      -.72272268E-01  0.71488137E-01
   60.0000   450.0000    -2.4000   0.0000000       0.0000000      -.25402965E-01  0.25249347E-01
   60.0000   500.0000    -2.4000   0.0000000       0.0000000      -.79980546E-02  0.79735080E-02
   60.0000     0.0911    -1.2000   260.52653      -71.197493       1079200.9      -264229.75    
   60.0000     0.1006    -1.2000   287.78183      -78.646084       961850.68      -235452.04    
   60.0000     0.1112    -1.2000   318.07743      -86.924354       856511.28      -209623.57    
   60.0000     0.1229    -1.2000   351.49278      -96.055112       762636.27      -186609.61    
   60.0000     0.1358    -1.2000   388.31549      -106.12305       679052.91      -166121.92    
   60.0000     0.1501    -1.2000   429.11758      -117.26548       604251.22      -147789.72    
   60.0000     0.1659    -1.2000   474.15112      -129.57408       537560.79      -131448.12    
   60.0000     0.1834    -1.2000   524.00543      -143.18785       477979.74      -116851.09    
   60.0000     0.2027    -1.2000   578.89707      -158.19790       424987.83      -103870.66    
   60.0000     0.2240    -1.2000   639.43887      -174.73271       377815.34      -92317.795    
   60.0000     0.2475    -1.2000   706.10480      -192.94512       335832.42      -82037.822    
   60.0000     0.2736    -1.2000   780.00547      -213.12491       298241.55      -72835.071    
   60.0000     0.3023    -1.2000   861.06785      -235.27191       264924.95      -64680.347    
   60.0000     0.3341    -1.2000   950.59797      -259.73126       235170.85      -57399.102    
   60.0000     0.3693    -1.2000   1049.3851      -286.69126       208643.35      -50908.837    
   60.0000     0.4081    -1.2000   1157.7325      -316.29777       185095.06      -45148.744    
   60.0000     0.4510    -1.2000   1276.9680      -348.83438       164127.82      -40021.170    
   60.0000     0.4985    -1.2000   1408.0745      -384.61362       145442.45      -35452.715    
   60.0000     0.5509    -1.2000   1551.5531      -423.77297       128856.56      -31398.566    
   60.0000     0.6088    -1.2000   1708.5219      -466.55798       114111.42      -27795.276    
   60.0000     0.6729    -1.2000   1880.1600      -513.35709       100983.91      -24588.142    
   60.0000     0.7436    -1.2000   2066.7532      -564.15438       89343.423      -21745.083    
   60.0000     0.8218    -1.2000   2269.2838      -619.33475       78994.512      -19218.203    
   60.0000     0.9083    -1.2000   2488.5606      -678.94065       69798.301      -16973.450    
   60.0000     1.0040    -1.2000   2724.4628      -743.02633       61629.305      -14980.061    
   60.0000     1.1090    -1.2000   2974.6931      -810.89753       54430.857      -13224.078    
   60.0000     1.2260    -1.2000   3242.1301      -883.30081       47992.074      -11653.945    
   60.0000     1.3550    -1.2000   3522.1157      -958.92264       42299.290      -10266.231    
   60.0000     1.4970    -1.2000   3811.2177      -1036.7075       37272.799      -9041.3985    
   60.0000     1.6550    -1.2000   4107.9913      -1116.3797       32789.996      -7949.4846    
   60.0000     1.8290    -1.2000   4403.9274      -1195.2286       28836.197      -6986.8295    
   60.0000     2.0210    -1.2000   4691.3227      -1271.2640       25341.686      -6136.3792    
   60.0000     2.2340    -1.2000   4961.6675      -1341.9563       22238.814      -5381.5971    
   60.0000     2.4690    -1.2000   5202.3991      -1403.7905       19500.762      -4715.9000    
   60.0000     2.7290    -1.2000   5401.1802      -1453.2782       17078.951      -4127.3974    
   60.0000     3.0160    -1.2000   5544.4076      -1486.5556       14942.851      -3608.6190    
   60.0000     3.3330    -1.2000   5619.9993      -1500.6954       13058.269      -3151.2029    
   60.0000     3.6830    -1.2000   5620.5004      -1493.2009       11396.952      -2748.2412    
   60.0000     4.0710    -1.2000   5541.3460      -1463.4112       9927.7915      -2392.1364    
   60.0000     4.4990    -1.2000   5386.9587      -1412.8306       8635.9692      -2079.2587    
   60.0000     4.9720    -1.2000   5168.9937      -1345.1515       7498.4880      -1803.9827    
   60.0000     5.4950    -1.2000   4904.8036      -1265.6760       6497.1691      -1561.8724    
   60.0000     6.0730    -1.2000   4614.0168      -1180.1500       5616.8733      -1349.2195    
   60.0000     6.7110    -1.2000   4312.5646      -1094.2177       4844.4421      -1162.8116    
   60.0000     7.4170    -1.2000   4012.4230      -1009.8545       4165.5479      -999.17826    
   60.0000     8.1970    -1.2000   3712.6786      -927.86163       3570.4835      -855.95577    
   60.0000     9.0590    -1.2000   3411.6646      -847.28309       3049.1594      -730.54064    
   60.0000    10.0100    -1.2000   3107.4132      -767.34521       2593.7965      -621.19318    
   60.0000    11.0600    -1.2000   2795.1976      -687.99398       2196.1382      -525.83861    
   60.0000    12.2300    -1.2000   2492.4149      -608.65796       1846.5063      -442.11142    
   60.0000    13.5100    -1.2000   2193.6169      -534.02932       1545.2141      -370.06226    
   60.0000    14.9400    -1.2000   1903.2553      -461.70875       1280.6953      -306.88991    
   60.0000    16.5100    -1.2000   1630.9493      -394.51492       1053.2788      -252.62514    
   60.0000    18.2400    -1.2000   1378.5470      -332.99748       857.48979      -205.95985    
   60.0000    20.1600    -1.2000   1146.2822      -276.78660       688.56460      -165.69880    
   60.0000    22.2800    -1.2000   935.84122      -226.28729       544.45325      -131.33230    
   60.0000    24.6300    -1.2000   747.85020      -181.22395       422.01198      -102.08172    
   60.0000    27.2200    -1.2000   583.00710      -141.82949       319.57728      -77.533774    
   60.0000    30.0800    -1.2000   441.01989      -107.90697       235.03109      -57.133403    
   60.0000    33.2400    -1.2000   322.51681      -79.482481       166.04220      -40.351200    
   60.0000    36.7400    -1.2000   226.69995      -56.282312       110.65435      -26.732628    
   60.0000    40.6000    -1.2000   151.91937      -37.897508       67.479512      -15.927783    
   60.0000    44.8700    -1.2000   94.176942      -23.406967       34.631115      -7.6257175    
   60.0000    49.5900    -1.2000   50.431670      -12.164198       10.836901      -1.3858604    
   60.0000    54.8100    -1.2000   19.017090      -3.8953690      -5.3863247       3.0153968    
   60.0000    60.5700    -1.2000  -.90921433       1.4901085      -15.391940       5.8943347    
   60.0000    66.9400    -1.2000  -12.381883       4.8080436      -20.920745       7.6111084    
   60.0000    73.9800    -1.2000  -18.795623       6.9069817      -23.095629       8.4114394    
   60.0000    81.7600    -1.2000  -20.843409       7.7099168      -22.789015       8.5018931    
   60.0000    89.3600    -1.2000  -20.207994       7.6501979      -21.263984       8.1805658    
   60.0000    90.3600    -1.2000  -20.030359       7.6096364      -21.023347       8.1226032    
   60.0000    91.2000    -1.2000  -31.839267       12.346639      -20.817079       8.0704197    
   60.0000    92.0000    -1.2000  -19.763698       7.5593433      -20.617795       8.0197452    
   60.0000    99.8600    -1.2000  -18.135085       7.1785781      -18.547752       7.4580029    
   60.0000   110.4000    -1.2000  -15.297084       6.3455945      -15.679681       6.6064853    
   60.0000   120.0000    -1.2000   0.0000000       0.0000000      -13.340185       5.8557661    
   60.0000   130.0000    -1.2000   0.0000000       0.0000000      -11.255524       5.1418201    
   60.0000   140.0000    -1.2000   0.0000000       0.0000000      -9.4629220       4.4957333    
   60.0000   150.0000    -1.2000   0.0000000       0.0000000      -7.9796077       3.9326000    
   60.0000   160.0000    -1.2000   0.0000000       0.0000000      -6.7630632       3.4471418    
   60.0000   170.0000    -1.2000   0.0000000       0.0000000      -5.7496474       3.0251580    
   60.0000   180.0000    -1.2000   0.0000000       0.0000000      -4.8978654       2.6574480    
   60.0000   190.0000    -1.2000   0.0000000       0.0000000      -4.1975992       2.3423857    
   60.0000   200.0000    -1.2000   0.0000000       0.0000000      -3.6167846       2.0710770    
   60.0000   210.0000    -1.2000   0.0000000       0.0000000      -3.1286633       1.8354413    
   60.0000   220.0000    -1.2000   0.0000000       0.0000000      -2.7108149       1.6285021    
   60.0000   230.0000    -1.2000   0.0000000       0.0000000      -2.3607479       1.4494176    
   60.0000   240.0000    -1.2000   0.0000000       0.0000000      -2.0657189       1.2938771    
   60.0000   250.0000    -1.2000   0.0000000       0.0000000      -1.8144797       1.1579371    
   60.0000   260.0000    -1.2000   0.0000000       0.0000000      -1.5987811       1.0383205    
   60.0000   270.0000    -1.2000   0.0000000       0.0000000      -1.4103412      0.93203073    
   60.0000   280.0000    -1.2000   0.0000000       0.0000000      -1.2488523      0.83873502    
   60.0000   290.0000    -1.2000   0.0000000       0.0000000      -1.1097555      0.75653498    
   60.0000   300.0000    -1.2000   0.0000000       0.0000000      -.98930725      0.68380680    
   60.0000   310.0000    -1.2000   0.0000000       0.0000000      -.88434180      0.61919444    
   60.0000   320.0000    -1.2000   0.0000000       0.0000000      -.79226985      0.56151686    
   60.0000   330.0000    -1.2000   0.0000000       0.0000000      -.71049864      0.50959484    
   60.0000   340.0000    -1.2000   0.0000000       0.0000000      -.63883675      0.46329790    
   60.0000   350.0000    -1.2000   0.0000000       0.0000000      -.57567316      0.42193740    
   60.0000   360.0000    -1.2000   0.0000000       0.0000000      -.51988338      0.38490641    
   60.0000   370.0000    -1.2000   0.0000000       0.0000000      -.47039985      0.35163270    
   60.0000   380.0000    -1.2000   0.0000000       0.0000000      -.42636135      0.32163866    
   60.0000   400.0000    -1.2000   0.0000000       0.0000000      -.35171029      0.26985493    
   60.0000   450.0000    -1.2000   0.0000000       0.0000000      -.22275133      0.17718791    
   60.0000   500.0000    -1.2000   0.0000000       0.0000000      -.14521111      0.11894038    
   60.0000     0.0911     0.0000   246.91925       0.0000000       1084918.4       0.0000000    
   60.0000     0.1006     0.0000   272.76469       0.0000000       967088.16      0.35291798E-10
   60.0000     0.1112     0.0000   301.45549       0.0000000       861306.06       0.0000000    
   60.0000     0.1229     0.0000   333.13655       0.0000000       767025.69      -.28888157E-10
   60.0000     0.1358     0.0000   368.03650       0.0000000       683071.50       0.0000000    
   60.0000     0.1501     0.0000   406.71059       0.0000000       607928.82       0.0000000    
   60.0000     0.1659     0.0000   449.40158       0.0000000       540926.00      0.21400563E-10
   60.0000     0.1834     0.0000   496.64980       0.0000000       481058.16      -.19358522E-10
   60.0000     0.2027     0.0000   548.68228       0.0000000       427804.12      0.17515305E-10
   60.0000     0.2240     0.0000   606.06731       0.0000000       380391.81       0.0000000    
   60.0000     0.2475     0.0000   669.26264       0.0000000       338189.55       0.0000000    
   60.0000     0.2736     0.0000   739.30733       0.0000000       300396.80       0.0000000    
   60.0000     0.3023     0.0000   816.16486       0.0000000       266896.27       0.0000000    
   60.0000     0.3341     0.0000   901.05879       0.0000000       236973.31       0.0000000    
   60.0000     0.3693     0.0000   994.70899       0.0000000       210291.00      0.48068573E-11
   60.0000     0.4081     0.0000   1097.4504       0.0000000       186601.40      -.43498436E-11
   60.0000     0.4510     0.0000   1210.5187       0.0000000       165504.75       0.0000000    
   60.0000     0.4985     0.0000   1334.8670       0.0000000       146700.75      -.35610189E-11
   60.0000     0.5509     0.0000   1470.9554       0.0000000       130006.52       0.0000000    
   60.0000     0.6088     0.0000   1619.9005       0.0000000       115162.26      -.29158394E-11
   60.0000     0.6729     0.0000   1782.8166       0.0000000       101943.93      -.26380736E-11
   60.0000     0.7436     0.0000   1959.9254       0.0000000       90220.540       0.0000000    
   60.0000     0.8218     0.0000   2152.2731       0.0000000       79795.738       0.0000000    
   60.0000     0.9083     0.0000   2360.6041       0.0000000       70530.067      0.19543597E-11
   60.0000     1.0040     0.0000   2584.8753       0.0000000       62297.500       0.0000000    
   60.0000     1.1090     0.0000   2822.9570       0.0000000       55041.328      0.16006571E-11
   60.0000     1.2260     0.0000   3077.6262       0.0000000       48549.322       0.0000000    
   60.0000     1.3550     0.0000   3344.5798       0.0000000       42808.013       0.0000000    
   60.0000     1.4970     0.0000   3620.6621       0.0000000       37737.325       0.0000000    
   60.0000     1.6550     0.0000   3904.6972       0.0000000       33213.847      0.10725490E-11
   60.0000     1.8290     0.0000   4188.6384       0.0000000       29223.010      -.97049993E-12
   60.0000     2.0210     0.0000   4465.4877       0.0000000       25694.691       0.0000000    
   60.0000     2.2340     0.0000   4727.3763       0.0000000       22560.801       0.0000000    
   60.0000     2.4690     0.0000   4962.5816       0.0000000       19794.478       0.0000000    
   60.0000     2.7290     0.0000   5159.5844       0.0000000       17346.774       0.0000000    
   60.0000     3.0160     0.0000   5305.6132       0.0000000       15187.033       0.0000000    
   60.0000     3.3330     0.0000   5389.1851       0.0000000       13280.855       0.0000000    
   60.0000     3.6830     0.0000   5403.1394       0.0000000       11599.806      -.24092283E-12
   60.0000     4.0710     0.0000   5342.7434       0.0000000       10112.552      -.21794621E-12
   60.0000     4.4990     0.0000   5211.5864       0.0000000       8804.2068       0.0000000    
   60.0000     4.9720     0.0000   5019.5260       0.0000000       7651.6146      -.17841864E-12
   60.0000     5.4950     0.0000   4782.5752       0.0000000       6636.4609      -.16141751E-12
   60.0000     6.0730     0.0000   4517.9681       0.0000000       5743.4901       0.0000000    
   60.0000     6.7110     0.0000   4240.2424       0.0000000       4959.4646      -.13212584E-12
   60.0000     7.4170     0.0000   3961.5459       0.0000000       4269.9435       0.0000000    
   60.0000     8.1970     0.0000   3678.4782       0.0000000       3665.0898       0.0000000    
   60.0000     9.0590     0.0000   3391.9430       0.0000000       3134.8781      0.48900124E-13
   60.0000    10.0100     0.0000   3099.8466       0.0000000       2671.3164       0.0000000    
   60.0000    11.0600     0.0000   2808.0583       0.0000000       2266.1026      -.20008923E-13
   60.0000    12.2300     0.0000   2503.1987       0.0000000       1909.4840       0.0000000    
   60.0000    13.5100     0.0000   2210.7353       0.0000000       1601.8498       0.0000000    
   60.0000    14.9400     0.0000   1924.9654       0.0000000       1331.4349       0.0000000    
   60.0000    16.5100     0.0000   1655.5845       0.0000000       1098.5815      -.33403104E-14
   60.0000    18.2400     0.0000   1404.3506       0.0000000       897.81361      0.26422825E-14
   60.0000    20.1600     0.0000   1172.6349       0.0000000       724.26522       0.0000000    
   60.0000    22.2800     0.0000   961.53434       0.0000000       575.89923       0.0000000    
   60.0000    24.6300     0.0000   771.78907       0.0000000       449.52253      0.44485514E-14
   60.0000    27.2200     0.0000   605.27174       0.0000000       343.49302       0.0000000    
   60.0000    30.0800     0.0000   460.96130       0.0000000       255.64651       0.0000000    
   60.0000    33.2400     0.0000   339.95444       0.0000000       183.62881       0.0000000    
   60.0000    36.7400     0.0000   241.57608       0.0000000       125.42440       0.0000000    
   60.0000    40.6000     0.0000   164.29666       0.0000000       79.908202      -.53037254E-14
   60.0000    44.8700     0.0000   104.37825       0.0000000       44.962881       0.0000000    
   60.0000    49.5900     0.0000   58.649861       0.0000000       19.243725       0.0000000    
   60.0000    54.8100     0.0000   25.533437       0.0000000       1.3913818      -.38591807E-14
   60.0000    60.5700     0.0000   4.1067187       0.0000000      -9.9994584       0.0000000    
   60.0000    66.9400     0.0000  -8.6091362       0.0000000      -16.677749      0.31115679E-14
   60.0000    73.9800     0.0000  -15.915009       0.0000000      -19.810391       0.0000000    
   60.0000    81.7600     0.0000  -18.727715       0.0000000      -20.264520       0.0000000    
   60.0000    89.3600     0.0000  -18.613918       0.0000000      -19.282302      -.22690455E-14
   60.0000    90.3600     0.0000  -18.487373       0.0000000      -19.102681      0.22413941E-14
   60.0000    91.2000     0.0000  -29.311875       0.0000000      -18.945178      -.22186483E-14
   60.0000    92.0000     0.0000  -18.336356       0.0000000      -18.790674      0.21973825E-14
   60.0000    99.8600     0.0000  -16.969476       0.0000000      -17.096284       0.0000000    
   60.0000   110.4000     0.0000  -14.428076       0.0000000      -14.586009      0.89785470E-15
   60.0000   120.0000     0.0000   0.0000000       0.0000000      -12.475810      -.81831271E-15
   60.0000   130.0000     0.0000   0.0000000       0.0000000      -10.565191      0.74843609E-15
   60.0000   140.0000     0.0000   0.0000000       0.0000000      -8.9006728      0.68896633E-15
   60.0000   150.0000     0.0000   0.0000000       0.0000000      -7.5129773      0.63778724E-15
   60.0000   160.0000     0.0000   0.0000000       0.0000000      -6.3703397       0.0000000    
   60.0000   170.0000     0.0000   0.0000000       0.0000000      -5.4151183       0.0000000    
   60.0000   180.0000     0.0000   0.0000000       0.0000000      -4.6093146       0.0000000    
   60.0000   190.0000     0.0000   0.0000000       0.0000000      -3.9462167      -.24465449E-15
   60.0000   200.0000     0.0000   0.0000000       0.0000000      -3.3960438       0.0000000    
   60.0000   210.0000     0.0000   0.0000000       0.0000000      -2.9339134       0.0000000    
   60.0000   220.0000     0.0000   0.0000000       0.0000000      -2.5381258       0.0000000    
   60.0000   230.0000     0.0000   0.0000000       0.0000000      -2.2069894      -.98712169E-16
   60.0000   240.0000     0.0000   0.0000000       0.0000000      -1.9281785       0.0000000    
   60.0000   250.0000     0.0000   0.0000000       0.0000000      -1.6913211       0.0000000    
   60.0000   260.0000     0.0000   0.0000000       0.0000000      -1.4882242      0.86017637E-16
   60.0000   270.0000     0.0000   0.0000000       0.0000000      -1.3111344       0.0000000    
   60.0000   280.0000     0.0000   0.0000000       0.0000000      -1.1597278       0.0000000    
   60.0000   290.0000     0.0000   0.0000000       0.0000000      -1.0296406      0.38047568E-16
   60.0000   300.0000     0.0000   0.0000000       0.0000000      -.91720948       0.0000000    
   60.0000   310.0000     0.0000   0.0000000       0.0000000      -.81939471       0.0000000    
   60.0000   320.0000     0.0000   0.0000000       0.0000000      -.73371754       0.0000000    
   60.0000   330.0000     0.0000   0.0000000       0.0000000      -.65755728       0.0000000    
   60.0000   340.0000     0.0000   0.0000000       0.0000000      -.59100930      0.31830316E-16
   60.0000   350.0000     0.0000   0.0000000       0.0000000      -.53268699      -.19257889E-17
   60.0000   360.0000     0.0000   0.0000000       0.0000000      -.48136712       0.0000000    
   60.0000   370.0000     0.0000   0.0000000       0.0000000      -.43600423       0.0000000    
   60.0000   380.0000     0.0000   0.0000000       0.0000000      -.39572827       0.0000000    
   60.0000   400.0000     0.0000   0.0000000       0.0000000      -.32736535       0.0000000    
   60.0000   450.0000     0.0000   0.0000000       0.0000000      -.20981340      -.72672005E-18
   60.0000   500.0000     0.0000   0.0000000       0.0000000      -.13944633      -.54907706E-17
   60.0000     0.0911     1.2000   260.52653       71.197493       1079200.9       264229.75    
   60.0000     0.1006     1.2000   287.78183       78.646084       961850.68       235452.04    
   60.0000     0.1112     1.2000   318.07743       86.924354       856511.28       209623.57    
   60.0000     0.1229     1.2000   351.49278       96.055112       762636.27       186609.61    
   60.0000     0.1358     1.2000   388.31549       106.12305       679052.91       166121.92    
   60.0000     0.1501     1.2000   429.11758       117.26548       604251.22       147789.72    
   60.0000     0.1659     1.2000   474.15112       129.57408       537560.79       131448.12    
   60.0000     0.1834     1.2000   524.00543       143.18785       477979.74       116851.09    
   60.0000     0.2027     1.2000   578.89707       158.19790       424987.83       103870.66    
   60.0000     0.2240     1.2000   639.43887       174.73271       377815.34       92317.795    
   60.0000     0.2475     1.2000   706.10480       192.94512       335832.42       82037.822    
   60.0000     0.2736     1.2000   780.00547       213.12491       298241.55       72835.071    
   60.0000     0.3023     1.2000   861.06785       235.27191       264924.95       64680.347    
   60.0000     0.3341     1.2000   950.59797       259.73126       235170.85       57399.102    
   60.0000     0.3693     1.2000   1049.3851       286.69126       208643.35       50908.837    
   60.0000     0.4081     1.2000   1157.7325       316.29777       185095.06       45148.744    
   60.0000     0.4510     1.2000   1276.9680       348.83438       164127.82       40021.170    
   60.0000     0.4985     1.2000   1408.0745       384.61362       145442.45       35452.715    
   60.0000     0.5509     1.2000   1551.5531       423.77297       128856.56       31398.566    
   60.0000     0.6088     1.2000   1708.5219       466.55798       114111.42       27795.276    
   60.0000     0.6729     1.2000   1880.1600       513.35709       100983.91       24588.142    
   60.0000     0.7436     1.2000   2066.7532       564.15438       89343.423       21745.083    
   60.0000     0.8218     1.2000   2269.2838       619.33475       78994.512       19218.203    
   60.0000     0.9083     1.2000   2488.5606       678.94065       69798.301       16973.450    
   60.0000     1.0040     1.2000   2724.4628       743.02633       61629.305       14980.061    
   60.0000     1.1090     1.2000   2974.6931       810.89753       54430.857       13224.078    
   60.0000     1.2260     1.2000   3242.1301       883.30081       47992.074       11653.945    
   60.0000     1.3550     1.2000   3522.1157       958.92264       42299.290       10266.231    
   60.0000     1.4970     1.2000   3811.2177       1036.7075       37272.799       9041.3985    
   60.0000     1.6550     1.2000   4107.9913       1116.3797       32789.996       7949.4846    
   60.0000     1.8290     1.2000   4403.9274       1195.2286       28836.197       6986.8295    
   60.0000     2.0210     1.2000   4691.3227       1271.2640       25341.686       6136.3792    
   60.0000     2.2340     1.2000   4961.6675       1341.9563       22238.814       5381.5971    
   60.0000     2.4690     1.2000   5202.3991       1403.7905       19500.762       4715.9000    
   60.0000     2.7290     1.2000   5401.1802       1453.2782       17078.951       4127.3974    
   60.0000     3.0160     1.2000   5544.4076       1486.5556       14942.851       3608.6190    
   60.0000     3.3330     1.2000   5619.9993       1500.6954       13058.269       3151.2029    
   60.0000     3.6830     1.2000   5620.5004       1493.2009       11396.952       2748.2412    
   60.0000     4.0710     1.2000   5541.3460       1463.4112       9927.7915       2392.1364    
   60.0000     4.4990     1.2000   5386.9587       1412.8306       8635.9692       2079.2587    
   60.0000     4.9720     1.2000   5168.9937       1345.1515       7498.4880       1803.9827    
   60.0000     5.4950     1.2000   4904.8036       1265.6760       6497.1691       1561.8724    
   60.0000     6.0730     1.2000   4614.0168       1180.1500       5616.8733       1349.2195    
   60.0000     6.7110     1.2000   4312.5646       1094.2177       4844.4421       1162.8116    
   60.0000     7.4170     1.2000   4012.4230       1009.8545       4165.5479       999.17826    
   60.0000     8.1970     1.2000   3712.6786       927.86163       3570.4835       855.95577    
   60.0000     9.0590     1.2000   3411.6646       847.28309       3049.1594       730.54064    
   60.0000    10.0100     1.2000   3107.4132       767.34521       2593.7965       621.19318    
   60.0000    11.0600     1.2000   2795.1976       687.99398       2196.1382       525.83861    
   60.0000    12.2300     1.2000   2492.4149       608.65796       1846.5063       442.11142    
   60.0000    13.5100     1.2000   2193.6169       534.02932       1545.2141       370.06226    
   60.0000    14.9400     1.2000   1903.2553       461.70875       1280.6953       306.88991    
   60.0000    16.5100     1.2000   1630.9493       394.51492       1053.2788       252.62514    
   60.0000    18.2400     1.2000   1378.5470       332.99748       857.48979       205.95985    
   60.0000    20.1600     1.2000   1146.2822       276.78660       688.56460       165.69880    
   60.0000    22.2800     1.2000   935.84122       226.28729       544.45325       131.33230    
   60.0000    24.6300     1.2000   747.85020       181.22395       422.01198       102.08172    
   60.0000    27.2200     1.2000   583.00710       141.82949       319.57728       77.533774    
   60.0000    30.0800     1.2000   441.01989       107.90697       235.03109       57.133403    
   60.0000    33.2400     1.2000   322.51681       79.482481       166.04220       40.351200    
   60.0000    36.7400     1.2000   226.69995       56.282312       110.65435       26.732628    
   60.0000    40.6000     1.2000   151.91937       37.897508       67.479512       15.927783    
   60.0000    44.8700     1.2000   94.176942       23.406967       34.631115       7.6257175    
   60.0000    49.5900     1.2000   50.431670       12.164198       10.836901       1.3858604    
   60.0000    54.8100     1.2000   19.017090       3.8953690      -5.3863247      -3.0153968    
   60.0000    60.5700     1.2000  -.90921433      -1.4901085      -15.391940      -5.8943347    
   60.0000    66.9400     1.2000  -12.381883      -4.8080436      -20.920745      -7.6111084    
   60.0000    73.9800     1.2000  -18.795623      -6.9069817      -23.095629      -8.4114394    
   60.0000    81.7600     1.2000  -20.843409      -7.7099168      -22.789015      -8.5018931    
   60.0000    89.3600     1.2000  -20.207994      -7.6501979      -21.263984      -8.1805658    
   60.0000    90.3600     1.2000  -20.030359      -7.6096364      -21.023347      -8.1226032    
   60.0000    91.2000     1.2000  -31.839267      -12.346639      -20.817079      -8.0704197    
   60.0000    92.0000     1.2000  -19.763698      -7.5593433      -20.617795      -8.0197452    
   60.0000    99.8600     1.2000  -18.135085      -7.1785781      -18.547752      -7.4580029    
   60.0000   110.4000     1.2000  -15.297084      -6.3455945      -15.679681      -6.6064853    
   60.0000   120.0000     1.2000   0.0000000       0.0000000      -13.340185      -5.8557661    
   60.0000   130.0000     1.2000   0.0000000       0.0000000      -11.255524      -5.1418201    
   60.0000   140.0000     1.2000   0.0000000       0.0000000      -9.4629220      -4.4957333    
   60.0000   150.0000     1.2000   0.0000000       0.0000000      -7.9796077      -3.9326000    
   60.0000   160.0000     1.2000   0.0000000       0.0000000      -6.7630632      -3.4471418    
   60.0000   170.0000     1.2000   0.0000000       0.0000000      -5.7496474      -3.0251580    
   60.0000   180.0000     1.2000   0.0000000       0.0000000      -4.8978654      -2.6574480    
   60.0000   190.0000     1.2000   0.0000000       0.0000000      -4.1975992      -2.3423857    
   60.0000   200.0000     1.2000   0.0000000       0.0000000      -3.6167846      -2.0710770    
   60.0000   210.0000     1.2000   0.0000000       0.0000000      -3.1286633      -1.8354413    
   60.0000   220.0000     1.2000   0.0000000       0.0000000      -2.7108149      -1.6285021    
   60.0000   230.0000     1.2000   0.0000000       0.0000000      -2.3607479      -1.4494176    
   60.0000   240.0000     1.2000   0.0000000       0.0000000      -2.0657189      -1.2938771    
   60.0000   250.0000     1.2000   0.0000000       0.0000000      -1.8144797      -1.1579371    
   60.0000   260.0000     1.2000   0.0000000       0.0000000      -1.5987811      -1.0383205    
   60.0000   270.0000     1.2000   0.0000000       0.0000000      -1.4103412      -.93203073    
   60.0000   280.0000     1.2000   0.0000000       0.0000000      -1.2488523      -.83873502    
   60.0000   290.0000     1.2000   0.0000000       0.0000000      -1.1097555      -.75653498    
   60.0000   300.0000     1.2000   0.0000000       0.0000000      -.98930725      -.68380680    
   60.0000   310.0000     1.2000   0.0000000       0.0000000      -.88434180      -.61919444    
   60.0000   320.0000     1.2000   0.0000000       0.0000000      -.79226985      -.56151686    
   60.0000   330.0000     1.2000   0.0000000       0.0000000      -.71049864      -.50959484    
   60.0000   340.0000     1.2000   0.0000000       0.0000000      -.63883675      -.46329790    
   60.0000   350.0000     1.2000   0.0000000       0.0000000      -.57567316      -.42193740    
   60.0000   360.0000     1.2000   0.0000000       0.0000000      -.51988338      -.38490641    
   60.0000   370.0000     1.2000   0.0000000       0.0000000      -.47039985      -.35163270    
   60.0000   380.0000     1.2000   0.0000000       0.0000000      -.42636135      -.32163866    
   60.0000   400.0000     1.2000   0.0000000       0.0000000      -.35171029      -.26985493    
   60.0000   450.0000     1.2000   0.0000000       0.0000000      -.22275133      -.17718791    
   60.0000   500.0000     1.2000   0.0000000       0.0000000      -.14521111      -.11894038    
   60.0000     0.0911     2.4000   290.15476       183.70160       1075736.4       667388.45    
   60.0000     0.1006     2.4000   320.53910       202.93797       958446.95       594602.76    
   60.0000     0.1112     2.4000   354.26305       224.28950       853188.44       529284.67    
   60.0000     0.1229     2.4000   391.47802       247.84976       759409.70       471091.82    
   60.0000     0.1358     2.4000   432.50993       273.82665       675934.13       419293.77    
   60.0000     0.1501     2.4000   477.92215       302.57741       601249.24       372951.74    
   60.0000     0.1659     2.4000   528.08747       334.33698       534681.63       331647.62    
   60.0000     0.1834     2.4000   583.57099       369.46367       475227.50       294758.36    
   60.0000     0.2027     2.4000   644.75454       408.19623       422364.21       261959.46    
   60.0000     0.2240     2.4000   712.13418       450.85587       375320.63       232772.27    
   60.0000     0.2475     2.4000   786.36545       497.84776       333465.64       206805.05    
   60.0000     0.2736     2.4000   868.61304       549.95577       296001.51       183562.71    
   60.0000     0.3023     2.4000   958.87792       607.06487       262808.41       162970.77    
   60.0000     0.3341     2.4000   1058.5684       670.16410       233174.88       144587.71    
   60.0000     0.3693     2.4000   1168.4524       739.72320       206764.35       128204.62    
   60.0000     0.4081     2.4000   1289.1427       816.11487       183328.59       113667.40    
   60.0000     0.4510     2.4000   1421.7406       900.05019       162469.53       100729.02    
   60.0000     0.4985     2.4000   1567.5874       992.35493       143887.95       89203.771    
   60.0000     0.5509     2.4000   1727.1385       1093.3785       127400.96       78978.132    
   60.0000     0.6088     2.4000   1901.6199       1203.7482       112749.97       69891.629    
   60.0000     0.6729     2.4000   2092.3975       1324.4643       99712.037       61805.922    
   60.0000     0.7436     2.4000   2299.4888       1455.4893       88156.280       54639.761    
   60.0000     0.8218     2.4000   2524.4887       1597.8154       77887.573       48272.078    
   60.0000     0.9083     2.4000   2767.5165       1751.5152       68767.142       42616.754    
   60.0000     1.0040     2.4000   3028.8581       1916.7613       60669.627       37596.001    
   60.0000     1.1090     2.4000   3305.6781       2091.7289       53537.975       33174.388    
   60.0000     1.2260     2.4000   3601.0386       2278.3097       47162.487       29221.851    
   60.0000     1.3550     2.4000   3909.6011       2473.1916       41528.946       25729.533    
   60.0000     1.4970     2.4000   4227.0981       2673.5520       36557.774       22648.057    
   60.0000     1.6550     2.4000   4552.4530       2878.6729       32127.114       19901.845    
   60.0000     1.8290     2.4000   4874.6017       3081.5220       28221.899       17481.524    
   60.0000     2.0210     2.4000   5185.5202       3276.9573       24772.723       15344.038    
   60.0000     2.2340     2.4000   5474.9742       3458.4249       21712.336       13447.679    
   60.0000     2.4690     2.4000   5728.5985       3616.7724       19013.925       11775.767    
   60.0000     2.7290     2.4000   5932.2950       3743.0191       16629.019       10298.310    
   60.0000     3.0160     2.4000   6070.3158       3827.1843       14527.256       8996.4319    
   60.0000     3.3330     2.4000   6130.8083       3861.6951       12674.629       7849.0391    
   60.0000     3.6830     2.4000   6103.3546       3840.1496       11043.026       6838.6918    
   60.0000     4.0710     2.4000   5985.3289       3760.9122       9601.5808       5946.2509    
   60.0000     4.4990     2.4000   5782.6822       3628.0427       8335.4902       5162.5265    
   60.0000     4.9720     2.4000   5509.9980       3451.0674       7221.9053       4473.3681    
   60.0000     5.4950     2.4000   5188.7396       3243.9518       6242.8524       3867.5854    
   60.0000     6.0730     2.4000   4841.9313       3021.6408       5383.2214       3335.8153    
   60.0000     6.7110     2.4000   4492.3241       2798.7637       4629.9405       2869.9499    
   60.0000     7.4170     2.4000   4147.7401       2580.4269       3968.9572       2461.3064    
   60.0000     8.1970     2.4000   3811.4236       2368.6354       3390.4592       2103.7171    
   60.0000     9.0590     2.4000   3479.5662       2160.8231       2884.6367       1791.1665    
   60.0000    10.0100     2.4000   3149.2656       1954.9869       2443.6491       1518.7310    
   60.0000    11.0600     2.4000   2820.3679       1750.6798       2059.3784       1281.3441    
   60.0000    12.2300     2.4000   2490.8070       1546.5615       1722.2271       1073.2289    
   60.0000    13.5100     2.4000   2180.1185       1354.7355       1432.5814       894.27297    
   60.0000    14.9400     2.4000   1878.5383       1168.9020       1178.9935       737.61617    
   60.0000    16.5100     2.4000   1598.0567       996.55283       961.68159       603.29363    
   60.0000    18.2400     2.4000   1341.0757       838.39603       775.23974       487.91211    
   60.0000    20.1600     2.4000   1106.3655       694.19585       615.19513       388.75478    
   60.0000    22.2800     2.4000   895.84908       564.76658       479.28069       304.32096    
   60.0000    24.6300     2.4000   708.63691       449.42973       364.47352       232.74261    
   60.0000    27.2200     2.4000   545.85581       348.79560       269.06899       172.96035    
   60.0000    30.0800     2.4000   406.97700       262.49072       190.99025       123.61902    
   60.0000    33.2400     2.4000   292.12025       190.48551       127.91408       83.375689    
   60.0000    36.7400     2.4000   200.16123       132.12335       77.939984       51.081072    
   60.0000    40.6000     2.4000   129.01395       86.234600       39.597105       25.950295    
   60.0000    44.8700     2.4000   74.740915       50.531040       11.149989       6.9253694    
   60.0000    49.5900     2.4000   33.989485       23.132706      -9.0574875      -7.0103977    
   60.0000    54.8100     2.4000   5.3432900       3.4527484      -21.701707      -15.968916    
   60.0000    60.5700     2.4000  -12.011926      -8.8755623      -28.782225      -21.403729    
   60.0000    66.9400     2.4000  -21.345860      -15.943420      -31.779435      -24.010320    
   60.0000    73.9800     2.4000  -26.010565      -19.839563      -31.802959      -24.467573    
   60.0000    81.7600     2.4000  -26.539133      -20.672696      -29.684253      -23.302538    
   60.0000    89.3600     2.4000  -24.706774      -19.615591      -26.772248      -21.414679    
   60.0000    90.3600     2.4000  -24.396918      -19.416483      -26.368436      -21.142533    
   60.0000    91.2000     2.4000  -38.450193      -30.826483      -26.028722      -20.910752    
   60.0000    92.0000     2.4000  -23.862651      -19.059641      -25.704220      -20.688604    
   60.0000    99.8600     2.4000  -21.096492      -17.132722      -22.538845      -18.461633    
   60.0000   110.4000     2.4000  -17.592299      -14.640414      -18.559523      -15.525883    
   60.0000   120.0000     2.4000   0.0000000       0.0000000      -15.431936      -13.130635    
   60.0000   130.0000     2.4000   0.0000000       0.0000000      -12.694040      -10.971819    
   60.0000   140.0000     2.4000   0.0000000       0.0000000      -10.407643      -9.1215758    
   60.0000   150.0000     2.4000   0.0000000       0.0000000      -8.5363315      -7.5745263    
   60.0000   160.0000     2.4000   0.0000000       0.0000000      -7.0123276      -6.2911219    
   60.0000   170.0000     2.4000   0.0000000       0.0000000      -5.7644017      -5.2226800    
   60.0000   180.0000     2.4000   0.0000000       0.0000000      -4.7401248      -4.3327211    
   60.0000   190.0000     2.4000   0.0000000       0.0000000      -3.9065852      -3.5994195    
   60.0000   200.0000     2.4000   0.0000000       0.0000000      -3.2254232      -2.9933079    
   60.0000   210.0000     2.4000   0.0000000       0.0000000      -2.6659906      -2.4902751    
   60.0000   220.0000     2.4000   0.0000000       0.0000000      -2.2036397      -2.0706448    
   60.0000   230.0000     2.4000   0.0000000       0.0000000      -1.8243224      -1.7235101    
   60.0000   240.0000     2.4000   0.0000000       0.0000000      -1.5123177      -1.4357768    
   60.0000   250.0000     2.4000   0.0000000       0.0000000      -1.2546308      -1.1965305    
   60.0000   260.0000     2.4000   0.0000000       0.0000000      -1.0411145      -.99698399    
   60.0000   270.0000     2.4000   0.0000000       0.0000000      -.86358056      -.83012232    
   60.0000   280.0000     2.4000   0.0000000       0.0000000      -.71663202      -.69125488    
   60.0000   290.0000     2.4000   0.0000000       0.0000000      -.59486070      -.57563314    
   60.0000   300.0000     2.4000   0.0000000       0.0000000      -.49376301      -.47920170    
   60.0000   310.0000     2.4000   0.0000000       0.0000000      -.40969305      -.39868913    
   60.0000   320.0000     2.4000   0.0000000       0.0000000      -.33968237      -.33137349    
   60.0000   330.0000     2.4000   0.0000000       0.0000000      -.28120005      -.27495437    
   60.0000   340.0000     2.4000   0.0000000       0.0000000      -.23262819      -.22793409    
   60.0000   350.0000     2.4000   0.0000000       0.0000000      -.19222149      -.18871097    
   60.0000   360.0000     2.4000   0.0000000       0.0000000      -.15868094      -.15605780    
   60.0000   370.0000     2.4000   0.0000000       0.0000000      -.13076385      -.12881224    
   60.0000   380.0000     2.4000   0.0000000       0.0000000      -.10755856      -.10611472    
   60.0000   400.0000     2.4000   0.0000000       0.0000000      -.72272268E-01  -.71488137E-01
   60.0000   450.0000     2.4000   0.0000000       0.0000000      -.25402965E-01  -.25249347E-01
   60.0000   500.0000     2.4000   0.0000000       0.0000000      -.79980546E-02  -.79735080E-02
   60.0000     0.0911     2.9600   306.38804       245.94233       1055061.3       838631.19    
   60.0000     0.1006     2.9600   338.46903       271.69277       939787.49       746991.18    
   60.0000     0.1112     2.9600   374.08108       300.28008       836357.74       664767.99    
   60.0000     0.1229     2.9600   413.37611       331.82257       744226.50       591527.74    
   60.0000     0.1358     2.9600   456.66421       366.59919       662234.06       526348.30    
   60.0000     0.1501     2.9600   504.65746       405.09469       588891.43       468045.81    
   60.0000     0.1659     2.9600   557.61928       447.60731       523534.27       416092.01    
   60.0000     0.1834     2.9600   616.20400       494.63367       465174.19       369701.05    
   60.0000     0.2027     2.9600   680.79912       546.48363       413295.55       328462.90    
   60.0000     0.2240     2.9600   751.94391       603.59110       367139.07       291773.87    
   60.0000     0.2475     2.9600   830.31338       666.49734       326083.30       259139.87    
   60.0000     0.2736     2.9600   917.17636       736.22101       289343.76       229937.22    
   60.0000     0.3023     2.9600   1012.4489       812.69336       256801.05       204070.92    
   60.0000     0.3341     2.9600   1117.6726       897.15270       227755.93       180985.08    
   60.0000     0.3693     2.9600   1233.6653       990.25548       201876.95       160416.18    
   60.0000     0.4081     2.9600   1361.0411       1092.4915       178919.44       142169.67    
   60.0000     0.4510     2.9600   1500.9897       1204.8175       158492.08       125934.45    
   60.0000     0.4985     2.9600   1654.8855       1328.3316       140300.63       111476.61    
   60.0000     0.5509     2.9600   1823.1551       1463.3813       124164.91       98652.869    
   60.0000     0.6088     2.9600   2007.2975       1611.1652       109830.77       87261.204    
   60.0000     0.6729     2.9600   2208.4713       1772.6078       97079.158       77127.466    
   60.0000     0.7436     2.9600   2426.9047       1947.9013       85781.163       68149.161    
   60.0000     0.8218     2.9600   2663.9259       2138.0741       75745.193       60173.990    
   60.0000     0.9083     2.9600   2919.9614       2343.4956       66834.876       53093.540    
   60.0000     1.0040     2.9600   3195.1005       2564.2176       58927.051       46809.904    
   60.0000     1.1090     2.9600   3486.3289       2797.8112       51965.336       41278.242    
   60.0000     1.2260     2.9600   3796.7261       3046.7310       45744.440       36335.401    
   60.0000     1.3550     2.9600   4120.7241       3306.4940       40249.970       31969.912    
   60.0000     1.4970     2.9600   4453.7440       3573.4033       35403.784       28119.658    
   60.0000     1.6550     2.9600   4793.8655       3845.8845       31086.632       24689.870    
   60.0000     1.8290     2.9600   5129.8981       4114.9307       27283.412       21668.524    
   60.0000     2.0210     2.9600   5452.9138       4373.3487       23926.117       19001.566    
   60.0000     2.2340     2.9600   5751.8750       4612.2070       20948.923       16636.685    
   60.0000     2.4690     2.9600   6011.3739       4819.1203       18325.357       14552.831    
   60.0000     2.7290     2.9600   6216.3141       4981.9297       16008.087       12712.386    
   60.0000     3.0160     2.9600   6350.3604       5087.5088       13967.258       11091.619    
   60.0000     3.3330     2.9600   6399.6462       5124.7292       12169.578       9664.0689    
   60.0000     3.6830     2.9600   6354.8046       5086.1194       10587.518       8407.8556    
   60.0000     4.0710     2.9600   6212.8786       4969.3878       9190.9042       7298.9977    
   60.0000     4.4990     2.9600   5980.9736       4780.4070       7965.1824       6325.9243    
   60.0000     4.9720     2.9600   5675.6538       4532.6771       6888.0707       5470.9282    
   60.0000     5.4950     2.9600   5320.1930       4245.0805       5941.9167       4719.9768    
   60.0000     6.0730     2.9600   4941.7718       3940.5875       5112.0163       4061.3806    
   60.0000     6.7110     2.9600   4561.9169       3634.1631       4385.5821       3484.9721    
   60.0000     7.4170     2.9600   4191.8794       3337.2968       3748.8095       2979.7748    
   60.0000     8.1970     2.9600   3834.1906       3051.2303       3192.2661       2538.2955    
   60.0000     9.0590     2.9600   3484.5192       2772.3178       2706.2617       2152.8173    
   60.0000    10.0100     2.9600   3132.8740       2492.2937       2283.1991       1817.2923    
   60.0000    11.0600     2.9600   2797.9006       2226.3781       1915.1298       1525.3993    
   60.0000    12.2300     2.9600   2460.9185       1959.0408       1592.9126       1269.8669    
   60.0000    13.5100     2.9600   2140.6610       1705.4646       1316.5530       1050.6727    
   60.0000    14.9400     2.9600   1832.4468       1461.2161       1075.2412       859.22246    
   60.0000    16.5100     2.9600   1548.8435       1236.7814       869.05691       695.55851    
   60.0000    18.2400     2.9600   1289.8387       1031.8523       692.82258       555.56088    
   60.0000    20.1600     2.9600   1055.0120       845.99865       542.03634       435.62452    
   60.0000    22.2800     2.9600   845.62097       680.11451       414.83830       334.25888    
   60.0000    24.6300     2.9600   660.59241       533.26239       308.06809       248.95427    
   60.0000    27.2200     2.9600   500.98515       406.22532       220.02185       178.36470    
   60.0000    30.0800     2.9600   365.98858       298.33251       148.37518       120.65825    
   60.0000    33.2400     2.9600   255.49969       209.53823       91.221018       74.340128    
   60.0000    36.7400     2.9600   168.15052       138.81922       46.748658       38.003695    
   60.0000    40.6000     2.9600   101.70859       84.506773       13.520866       10.579224    
   60.0000    44.8700     2.9600   52.045309       43.437990      -10.135101      -9.2178701    
   60.0000    49.5900     2.9600   15.601537       12.896574      -25.621496      -22.416673    
   60.0000    54.8100     2.9600  -8.9653315      -8.0013558      -34.398345      -30.121939    
   60.0000    60.5700     2.9600  -22.512641      -19.780782      -38.092065      -33.584239    
   60.0000    66.9400     2.9600  -28.454057      -25.200084      -38.027322      -33.832083    
   60.0000    73.9800     2.9600  -30.133176      -26.983083      -35.297912      -31.725055    
   60.0000    81.7600     2.9600  -28.208366      -25.541885      -30.929398      -28.098276    
   60.0000    89.3600     2.9600  -24.671682      -22.560423      -26.460808      -24.272161    
   60.0000    90.3600     2.9600  -24.123477      -22.086759      -25.885977      -23.773712    
   60.0000    91.2000     2.9600  -37.492475      -34.455772      -25.408053      -23.358408    
   60.0000    92.0000     2.9600  -23.346926      -21.419482      -24.954698      -22.963620    
   60.0000    99.8600     2.9600  -19.755376      -18.294082      -20.733915      -19.248571    
   60.0000   110.4000     2.9600  -15.497205      -14.510766      -15.883145      -14.901389    
   60.0000   120.0000     2.9600   0.0000000       0.0000000      -12.340873      -11.675348    
   60.0000   130.0000     2.9600   0.0000000       0.0000000      -9.4069502      -8.9679315    
   60.0000   140.0000     2.9600   0.0000000       0.0000000      -7.1218316      -6.8348994    
   60.0000   150.0000     2.9600   0.0000000       0.0000000      -5.3706063      -5.1843953    
   60.0000   160.0000     2.9600   0.0000000       0.0000000      -4.0311011      -3.9112354    
   60.0000   170.0000     2.9600   0.0000000       0.0000000      -3.0075591      -2.9311616    
   60.0000   180.0000     2.9600   0.0000000       0.0000000      -2.2346586      -2.1863601    
   60.0000   190.0000     2.9600   0.0000000       0.0000000      -1.6526124      -1.6223237    
   60.0000   200.0000     2.9600   0.0000000       0.0000000      -1.2149170      -1.1961646    
   60.0000   210.0000     2.9600   0.0000000       0.0000000      -.88604693      -.87461370    
   60.0000   220.0000     2.9600   0.0000000       0.0000000      -.64189188      -.63498520    
   60.0000   230.0000     2.9600   0.0000000       0.0000000      -.46116132      -.45706249    
   60.0000   240.0000     2.9600   0.0000000       0.0000000      -.32811202      -.32572365    
   60.0000   250.0000     2.9600   0.0000000       0.0000000      -.23073267      -.22937037    
   60.0000   260.0000     2.9600   0.0000000       0.0000000      -.16001196      -.15925383    
   60.0000   270.0000     2.9600   0.0000000       0.0000000      -.10932782      -.10891717    
   60.0000   280.0000     2.9600   0.0000000       0.0000000      -.73389360E-01  -.73174027E-01
   60.0000   290.0000     2.9600   0.0000000       0.0000000      -.48245023E-01  -.48136166E-01
   60.0000   300.0000     2.9600   0.0000000       0.0000000      -.30921023E-01  -.30868460E-01
   60.0000   310.0000     2.9600   0.0000000       0.0000000      -.19220873E-01  -.19196781E-01
   60.0000   320.0000     2.9600   0.0000000       0.0000000      -.11504656E-01  -.11494322E-01
   60.0000   330.0000     2.9600   0.0000000       0.0000000      -.65749274E-02  -.65708431E-02
   60.0000   340.0000     2.9600   0.0000000       0.0000000      -.35434477E-02  -.35419803E-02
   60.0000   350.0000     2.9600   0.0000000       0.0000000      -.17659771E-02  -.17655168E-02
   60.0000   360.0000     2.9600   0.0000000       0.0000000      -.79053071E-03  -.79041017E-03
   60.0000   370.0000     2.9600   0.0000000       0.0000000      -.30265474E-03  -.30263046E-03
   60.0000   380.0000     2.9600   0.0000000       0.0000000      -.90455760E-04  -.90452520E-04
   60.0000   400.0000     2.9600   0.0000000       0.0000000      -.10843506E-05  -.10843497E-05
   60.0000   450.0000     2.9600   0.0000000       0.0000000       0.0000000       0.0000000    
   60.0000   500.0000     2.9600   0.0000000       0.0000000       0.0000000       0.0000000    
   60.0000     0.0911     3.2000   306.50517       263.43217       1006677.4       858647.83    
   60.0000     0.1006     3.2000   338.58593       291.00459       896549.75       764703.60    
   60.0000     0.1112     3.2000   374.20925       321.62161       797748.99       680422.66    
   60.0000     0.1229     3.2000   413.51703       355.40501       709751.75       605358.38    
   60.0000     0.1358     3.2000   456.85518       392.65298       631448.13       538563.78    
   60.0000     0.1501     3.2000   504.82743       433.88334       561414.16       478824.04    
   60.0000     0.1659     3.2000   557.77554       479.39048       499013.66       425596.38    
   60.0000     0.1834     3.2000   616.43017       529.80147       443301.31       378074.29    
   60.0000     0.2027     3.2000   681.02175       585.31522       393783.31       335836.45    
   60.0000     0.2240     3.2000   752.18441       646.47609       349733.47       298263.33    
   60.0000     0.2475     3.2000   830.57290       713.84702       310557.38       264847.82    
   60.0000     0.2736     3.2000   917.45652       788.51863       275505.31       234950.34    
   60.0000     0.3023     3.2000   1012.7476       870.41525       244462.25       208472.71    
   60.0000     0.3341     3.2000   1117.9296       960.81252       216760.16       184845.05    
   60.0000     0.3693     3.2000   1234.0476       1060.6009       192082.01       163796.90    
   60.0000     0.4081     3.2000   1361.3833       1170.0399       170193.62       145128.46    
   60.0000     0.4510     3.2000   1501.3312       1290.3104       150721.10       128520.77    
   60.0000     0.4985     3.2000   1655.2136       1422.5536       133383.24       113733.96    
   60.0000     0.5509     3.2000   1823.6024       1567.2599       118007.66       100620.93    
   60.0000     0.6088     3.2000   2007.5504       1725.3337       104351.55       88974.590    
   60.0000     0.6729     3.2000   2208.5280       1898.0329       92205.666       78616.418    
   60.0000     0.7436     3.2000   2426.9434       2085.7073       81446.695       69441.221    
   60.0000     0.8218     3.2000   2663.7740       2289.1944       71891.701       61292.954    
   60.0000     0.9083     3.2000   2919.5256       2508.9224       63410.409       54060.486    
   60.0000     1.0040     3.2000   3194.2670       2744.9440       55885.186       47643.473    
   60.0000     1.1090     3.2000   3484.9441       2994.6269       49261.982       41995.793    
   60.0000     1.2260     3.2000   3794.6310       3260.5989       43345.143       36950.582    
   60.0000     1.3550     3.2000   4117.3348       3537.7011       38120.638       32495.852    
   60.0000     1.4970     3.2000   4449.2065       3822.6001       33513.926       28568.018    
   60.0000     1.6550     3.2000   4787.4826       4112.9023       29411.341       25070.143    
   60.0000     1.8290     3.2000   5121.1514       4399.1208       25798.286       21989.759    
   60.0000     2.0210     3.2000   5441.1049       4673.3973       22609.907       19271.553    
   60.0000     2.2340     3.2000   5736.1208       4926.0489       19783.482       16862.032    
   60.0000     2.4690     3.2000   5990.6898       5143.7205       17293.800       14739.707    
   60.0000     2.7290     3.2000   6188.9405       5312.7471       15095.499       12865.850    
   60.0000     3.0160     3.2000   6316.3159       5420.5896       13160.220       11216.291    
   60.0000     3.3330     3.2000   6357.1016       5453.7620       11456.227       9763.9637    
   60.0000     3.6830     3.2000   6302.6152       5404.8330       9957.2743       8486.4814    
   60.0000     4.0710     3.2000   6150.1745       5271.5682       8634.6560       7359.3655    
   60.0000     4.4990     3.2000   5907.3676       5060.6291       7474.4555       6370.7406    
   60.0000     4.9720     3.2000   5591.3621       4786.9372       6455.4571       5502.5131    
   60.0000     5.4950     3.2000   5225.5120       4470.7582       5560.8590       4740.3521    
   60.0000     6.0730     3.2000   4840.3711       4138.5219       4776.6513       4072.3069    
   60.0000     6.7110     3.2000   4453.1798       3805.2204       4090.5712       3487.9013    
   60.0000     7.4170     3.2000   4078.9921       3483.8250       3489.7634       2976.2132    
   60.0000     8.1970     3.2000   3719.3090       3175.5940       2964.9760       2529.2945    
   60.0000     9.0590     3.2000   3369.5049       2876.4541       2507.1222       2139.4197    
   60.0000    10.0100     3.2000   3025.8749       2583.0846       2108.9190       1800.3677    
   60.0000    11.0600     3.2000   2687.4362       2294.5164       1762.8548       1505.7089    
   60.0000    12.2300     3.2000   2354.7376       2011.1261       1460.2715       1248.0665    
   60.0000    13.5100     3.2000   2038.9279       1742.3353       1201.1739       1027.4282    
   60.0000    14.9400     3.2000   1738.0320       1486.3873       975.32783       835.05288    
   60.0000    16.5100     3.2000   1461.4287       1251.1841       782.72829       670.92540    
   60.0000    18.2400     3.2000   1209.8741       1037.2868       618.53498       530.90830    
   60.0000    20.1600     3.2000   982.86763       844.19643       478.48999       411.36344    
   60.0000    22.2800     3.2000   781.41194       672.68755       360.68421       310.65841    
   60.0000    24.6300     3.2000   604.22568       521.60391       262.28863       226.37034    
   60.0000    27.2200     3.2000   449.63278       389.44649       181.71507       157.15469    
   60.0000    30.0800     3.2000   324.44481       282.13864       116.94029       101.29750    
   60.0000    33.2400     3.2000   220.87660       192.94428       65.912503       57.083496    
   60.0000    36.7400     3.2000   140.06127       122.94629       26.893891       23.059745    
   60.0000    40.6000     3.2000   79.704068       70.285699      -1.5058809      -1.9189487    
   60.0000    44.8700     3.2000   35.540251       31.422485      -20.957731      -19.216263    
   60.0000    49.5900     3.2000   3.9264145       3.2664355      -32.870892      -29.991515    
   60.0000    54.8100     3.2000  -16.402803      -15.045994      -38.650711      -35.385687    
   60.0000    60.5700     3.2000  -26.551317      -24.375076      -39.720932      -36.581007    
   60.0000    66.9400     3.2000  -29.746110      -27.499777      -37.572227      -34.849585    
   60.0000    73.9800     3.2000  -29.282652      -27.300971      -33.345329      -31.169516    
   60.0000    81.7600     3.2000  -25.893982      -24.344828      -27.951407      -26.337700    
   60.0000    89.3600     3.2000  -21.620245      -20.477309      -22.900582      -21.733595    
   60.0000    90.3600     3.2000  -21.074590      -19.979001      -22.277168      -21.160747    
   60.0000    91.2000     3.2000  -32.507077      -30.897643      -21.762039      -20.686512    
   60.0000    92.0000     3.2000  -20.193357      -19.172280      -21.278665      -20.241015    
   60.0000    99.8600     3.2000  -16.254238      -15.537853      -16.920285      -16.199435    
   60.0000   110.4000     3.2000  -11.627599      -11.203867      -12.175837      -11.745620    
   60.0000   120.0000     3.2000   0.0000000       0.0000000      -8.8960399      -8.6327981    
   60.0000   130.0000     3.2000   0.0000000       0.0000000      -6.3377791      -6.1829463    
   60.0000   140.0000     3.2000   0.0000000       0.0000000      -4.4552251      -4.3660643    
   60.0000   150.0000     3.2000   0.0000000       0.0000000      -3.0962607      -3.0459413    
   60.0000   160.0000     3.2000   0.0000000       0.0000000      -2.1265607      -2.0987743    
   60.0000   170.0000     3.2000   0.0000000       0.0000000      -1.4405763      -1.4255694    
   60.0000   180.0000     3.2000   0.0000000       0.0000000      -.96009422      -.95222755    
   60.0000   190.0000     3.2000   0.0000000       0.0000000      -.62912405      -.62512838    
   60.0000   200.0000     3.2000   0.0000000       0.0000000      -.40396807      -.40201220    
   60.0000   210.0000     3.2000   0.0000000       0.0000000      -.25306374      -.25214772    
   60.0000   220.0000     3.2000   0.0000000       0.0000000      -.15377001      -.15336340    
   60.0000   230.0000     3.2000   0.0000000       0.0000000      -.90159914E-01  -.89990571E-01
   60.0000   240.0000     3.2000   0.0000000       0.0000000      -.50545087E-01  -.50479950E-01
   60.0000   250.0000     3.2000   0.0000000       0.0000000      -.26747480E-01  -.26724828E-01
   60.0000   260.0000     3.2000   0.0000000       0.0000000      -.13116252E-01  -.13109330E-01
   60.0000   270.0000     3.2000   0.0000000       0.0000000      -.57875415E-02  -.57857766E-02
   60.0000   280.0000     3.2000   0.0000000       0.0000000      -.21939126E-02  -.21935648E-02
   60.0000   290.0000     3.2000   0.0000000       0.0000000      -.65400973E-03  -.65396390E-03
   60.0000   300.0000     3.2000   0.0000000       0.0000000      -.12591402E-03  -.12591114E-03
   60.0000   310.0000     3.2000   0.0000000       0.0000000      -.85204606E-05  -.85204375E-05
   60.0000   320.0000     3.2000   0.0000000       0.0000000       0.0000000       0.0000000    
   60.0000   330.0000     3.2000   0.0000000       0.0000000       0.0000000       0.0000000    
   60.0000   340.0000     3.2000   0.0000000       0.0000000       0.0000000       0.0000000    
   60.0000   350.0000     3.2000   0.0000000       0.0000000       0.0000000       0.0000000    
   60.0000   360.0000     3.2000   0.0000000       0.0000000       0.0000000       0.0000000    
   60.0000   370.0000     3.2000   0.0000000       0.0000000       0.0000000       0.0000000    
   60.0000   380.0000     3.2000   0.0000000       0.0000000       0.0000000       0.0000000    
   60.0000   400.0000     3.2000   0.0000000       0.0000000       0.0000000       0.0000000    
   60.0000   450.0000     3.2000   0.0000000       0.0000000       0.0000000       0.0000000    
   60.0000   500.0000     3.2000   0.0000000       0.0000000       0.0000000       0.0000000    
   60.0000     0.0911     3.9000   209.77438       202.00640       549908.10       528418.92    
   60.0000     0.1006     3.9000   231.72984       223.14883       489388.81       470263.24    
   60.0000     0.1112     3.9000   256.10809       246.62582       435123.96       418117.84    
   60.0000     0.1229     3.9000   283.00888       272.52891       386820.21       371700.83    
   60.0000     0.1358     3.9000   312.62906       301.05228       343862.58       330421.21    
   60.0000     0.1501     3.9000   345.49304       332.69914       305464.80       293523.41    
   60.0000     0.1659     3.9000   381.74461       367.60819       271273.48       260667.82    
   60.0000     0.1834     3.9000   421.85921       406.23719       240766.35       231352.58    
   60.0000     0.2027     3.9000   466.05377       448.79501       213669.04       205314.01    
   60.0000     0.2240     3.9000   514.73990       495.67797       189580.42       182166.63    
   60.0000     0.2475     3.9000   568.36510       547.31702       168172.03       161594.81    
   60.0000     0.2736     3.9000   627.74730       604.49990       149031.16       143201.97    
   60.0000     0.3023     3.9000   692.81369       667.30576       132092.21       126925.04    
   60.0000     0.3341     3.9000   764.93411       736.60473       116987.98       112411.18    
   60.0000     0.3693     3.9000   844.28056       813.01163       103543.33       99492.064    
   60.0000     0.4081     3.9000   931.32439       896.83038       91628.433       88042.951    
   60.0000     0.4510     3.9000   1026.9544       988.91667       81037.716       77866.290    
   60.0000     0.4985     3.9000   1132.0680       1090.1345       71616.402       68813.347    
   60.0000     0.5509     3.9000   1246.9023       1200.7122       63269.098       60792.454    
   60.0000     0.6088     3.9000   1372.5670       1321.7171       55862.385       53675.403    
   60.0000     0.6729     3.9000   1509.6966       1453.7606       49281.329       47351.746    
   60.0000     0.7436     3.9000   1658.4465       1596.9914       43457.771       41755.989    
   60.0000     0.8218     3.9000   1819.6473       1752.2081       38291.445       36791.779    
   60.0000     0.9083     3.9000   1993.4994       1919.6028       33710.770       32390.333    
   60.0000     1.0040     3.9000   2179.8953       2099.0701       29651.199       28489.625    
   60.0000     1.1090     3.9000   2376.6369       2288.4924       26082.548       25060.648    
   60.0000     1.2260     3.9000   2585.9739       2490.0311       22898.506       22001.248    
   60.0000     1.3550     3.9000   2803.3276       2699.2758       20090.755       19303.429    
   60.0000     1.4970     3.9000   3025.5329       2913.1742       17618.389       16927.882    
   60.0000     1.6550     3.9000   3250.8303       3130.0259       15419.737       14815.350    
   60.0000     1.8290     3.9000   3471.1950       3342.0985       13486.337       12957.698    
   60.0000     2.0210     3.9000   3679.9385       3542.9444       11782.862       11320.979    
   60.0000     2.2340     3.9000   3868.5815       3724.3906       10275.255       9872.4710    
   60.0000     2.4690     3.9000   4027.0798       3876.7568       8949.4820       8598.6846    
   60.0000     2.7290     3.9000   4143.6373       3988.6807       7781.0640       7476.0989    
   60.0000     3.0160     3.9000   4207.0080       4049.3299       6754.4083       6489.7300    
   60.0000     3.3330     3.9000   4207.8632       4049.7238       5852.2670       5623.0041    
   60.0000     3.6830     3.9000   4140.1631       3984.0580       5060.3702       4862.2090    
   60.0000     4.0710     3.9000   4002.7942       3851.2814       4363.2120       4192.4449    
   60.0000     4.4990     3.9000   3802.1286       3657.5685       3753.1413       3606.3588    
   60.0000     4.9720     3.9000   3553.3600       3417.5860       3218.7044       3092.9444    
   60.0000     5.4950     3.9000   3273.5061       3147.7765       2750.8204       2643.4753    
   60.0000     6.0730     3.9000   2983.5591       2868.3989       2341.9151       2250.6725    
   60.0000     6.7110     3.9000   2700.4555       2595.7905       1985.4142       1908.2174    
   60.0000     7.4170     3.9000   2432.3907       2337.8522       1674.2856       1609.3522    
   60.0000     8.1970     3.9000   2180.8899       2096.0306       1403.6846       1349.4196    
   60.0000     9.0590     3.9000   1942.1367       1866.6142       1168.7191       1123.7174    
   60.0000    10.0100     3.9000   1716.8242       1650.2428       965.47896       928.48593    
   60.0000    11.0600     3.9000   1491.2067       1433.5905       789.98589       759.90065    
   60.0000    12.2300     3.9000   1277.8453       1228.7727       637.72139       613.61758    
   60.0000    13.5100     3.9000   1079.4150       1038.0962       508.53850       489.49213    
   60.0000    14.9400     3.9000   894.31316       860.63292       397.24038       382.52903    
   60.0000    16.5100     3.9000   727.92702       700.90588       303.70724       292.61180    
   60.0000    18.2400     3.9000   580.27348       559.12550       225.43004       217.32671    
   60.0000    20.1600     3.9000   450.53653       434.49514       160.32685       154.67545    
   60.0000    22.2800     3.9000   338.60510       326.89628       107.20488       103.50466    
   60.0000    24.6300     3.9000   243.70218       235.57620       64.637619       62.450287    
   60.0000    27.2200     3.9000   165.52698       160.24226       31.697045       30.630816    
   60.0000    30.0800     3.9000   103.31356       100.19613       7.2215868       6.9410309    
   60.0000    33.2400     3.9000   56.418659       54.832679      -9.8997598      -9.6812282    
   60.0000    36.7400     3.9000   23.622387       23.019152      -20.745709      -20.257682    
   60.0000    40.6000     3.9000   2.5914495       2.5434566      -26.326918      -25.741281    
   60.0000    44.8700     3.9000  -9.8276442      -9.6067334      -27.699718      -27.141126    
   60.0000    49.5900     3.9000  -16.195419      -15.884368      -26.070430      -25.604170    
   60.0000    54.8100     3.9000  -17.914225      -17.621164      -22.492422      -22.147437    
   60.0000    60.5700     3.9000  -16.048054      -15.830582      -17.922805      -17.694793    
   60.0000    66.9400     3.9000  -12.432151      -12.298229      -13.165577      -13.031530    
   60.0000    73.9800     3.9000  -8.7014248      -8.6307736      -8.8428766      -8.7744308    
   60.0000    81.7600     3.9000  -5.3894626      -5.3583947      -5.3642798      -5.3346720    
   60.0000    89.3600     3.9000  -3.1242387      -3.1118356      -3.0921567      -3.0803846    
   60.0000    90.3600     3.9000  -2.8937879      -2.8828838      -2.8616618      -2.8513191    
   60.0000    91.2000     3.9000  -4.4208466      -4.4054685      -2.6783540      -2.6690995    
   60.0000    92.0000     3.9000  -2.5446072      -2.5358229      -2.5127769      -2.5044595    
   60.0000    99.8600     3.9000  -1.3066264      -1.3037764      -1.2831860      -1.2804929    
   60.0000   110.4000     3.9000  -.44532025      -.44485340      -.44473389      -.44428362    
   60.0000   120.0000     3.9000   0.0000000       0.0000000      -.13371873      -.13366007    
   60.0000   130.0000     3.9000   0.0000000       0.0000000      -.24913512E-01  -.24910150E-01
   60.0000   140.0000     3.9000   0.0000000       0.0000000      -.16486101E-02  -.16485770E-02
   60.0000   150.0000     3.9000   0.0000000       0.0000000      -.51620415E-06  -.51620232E-06
   60.0000   160.0000     3.9000   0.0000000       0.0000000       0.0000000       0.0000000    
   60.0000   170.0000     3.9000   0.0000000       0.0000000       0.0000000       0.0000000    
   60.0000   180.0000     3.9000   0.0000000       0.0000000       0.0000000       0.0000000    
   60.0000   190.0000     3.9000   0.0000000       0.0000000       0.0000000       0.0000000    
   60.0000   200.0000     3.9000   0.0000000       0.0000000       0.0000000       0.0000000    
   60.0000   210.0000     3.9000   0.0000000       0.0000000       0.0000000       0.0000000    
   60.0000   220.0000     3.9000   0.0000000       0.0000000       0.0000000       0.0000000    
   60.0000   230.0000     3.9000   0.0000000       0.0000000       0.0000000       0.0000000    
   60.0000   240.0000     3.9000   0.0000000       0.0000000       0.0000000       0.0000000    
   60.0000   250.0000     3.9000   0.0000000       0.0000000       0.0000000       0.0000000    
   60.0000   260.0000     3.9000   0.0000000       0.0000000       0.0000000       0.0000000    
   60.0000   270.0000     3.9000   0.0000000       0.0000000       0.0000000       0.0000000    
   60.0000   280.0000     3.9000   0.0000000       0.0000000       0.0000000       0.0000000    
   60.0000   290.0000     3.9000   0.0000000       0.0000000       0.0000000       0.0000000    
   60.0000   300.0000     3.9000   0.0000000       0.0000000       0.0000000       0.0000000    
   60.0000   310.0000     3.9000   0.0000000       0.0000000       0.0000000       0.0000000    
   60.0000   320.0000     3.9000   0.0000000       0.0000000       0.0000000       0.0000000    
   60.0000   330.0000     3.9000   0.0000000       0.0000000       0.0000000       0.0000000    
   60.0000   340.0000     3.9000   0.0000000       0.0000000       0.0000000       0.0000000    
   60.0000   350.0000     3.9000   0.0000000       0.0000000       0.0000000       0.0000000    
   60.0000   360.0000     3.9000   0.0000000       0.0000000       0.0000000       0.0000000    
   60.0000   370.0000     3.9000   0.0000000       0.0000000       0.0000000       0.0000000    
   60.0000   380.0000     3.9000   0.0000000       0.0000000       0.0000000       0.0000000    
   60.0000   400.0000     3.9000   0.0000000       0.0000000       0.0000000       0.0000000    
   60.0000   450.0000     3.9000   0.0000000       0.0000000       0.0000000       0.0000000    
   60.0000   500.0000     3.9000   0.0000000       0.0000000       0.0000000       0.0000000    
   80.0000     0.0911    -3.9000   47.120829      -46.383716       124786.75      -122762.89    
   80.0000     0.1006    -3.9000   52.052670      -51.238189       111073.02      -109271.58    
   80.0000     0.1112    -3.9000   57.529157      -56.628980       98774.959      -97172.970    
   80.0000     0.1229    -3.9000   63.572605      -62.577861       87826.390      -86401.973    
   80.0000     0.1358    -3.9000   70.230944      -69.132010       78088.235      -76821.758    
   80.0000     0.1501    -3.9000   77.606017      -76.391680       69382.521      -68257.240    
   80.0000     0.1659    -3.9000   85.755064      -84.413203       61629.376      -60629.841    
   80.0000     0.1834    -3.9000   94.768078      -93.285175       54710.602      -53823.281    
   80.0000     0.2027    -3.9000   104.69822      -103.05992       48564.186      -47776.553    
   80.0000     0.2240    -3.9000   115.63869      -113.82918       43099.345      -42400.344    
   80.0000     0.2475    -3.9000   127.68880      -125.69069       38241.743      -37621.527    
   80.0000     0.2736    -3.9000   141.04612      -138.83897       33897.902      -33348.138    
   80.0000     0.3023    -3.9000   155.69966      -153.26314       30053.081      -29565.676    
   80.0000     0.3341    -3.9000   171.88069      -169.19089       26624.080      -26192.290    
   80.0000     0.3693    -3.9000   189.72382      -186.75471       23571.260      -23188.983    
   80.0000     0.4081    -3.9000   209.30320      -206.02756       20865.264      -20526.876    
   80.0000     0.4510    -3.9000   230.82128      -227.20871       18459.514      -18160.145    
   80.0000     0.4985    -3.9000   254.47945      -250.49639       16318.951      -16054.300    
   80.0000     0.5509    -3.9000   280.36389      -275.97541       14421.994      -14188.111    
   80.0000     0.6088    -3.9000   308.66668      -303.83479       12738.410      -12531.834    
   80.0000     0.6729    -3.9000   339.59028      -334.27379       11242.151      -11059.844    
   80.0000     0.7436    -3.9000   373.16745      -367.32458       9917.7954      -9756.9693    
   80.0000     0.8218    -3.9000   409.59563      -403.18143       8742.6070      -8600.8428    
   80.0000     0.9083    -3.9000   448.93517      -441.90365       7700.3681      -7575.5096    
   80.0000     1.0040    -3.9000   491.19082      -483.49573       6776.4422      -6666.5707    
   80.0000     1.1090    -3.9000   535.90802      -527.51014       5964.0179      -5867.3247    
   80.0000     1.2260    -3.9000   583.57583      -574.42792       5238.9408      -5154.0099    
   80.0000     1.3550    -3.9000   633.26359      -623.33275       4599.3587      -4524.8036    
   80.0000     1.4970    -3.9000   684.28752      -673.55121       4035.9980      -3970.5827    
   80.0000     1.6550    -3.9000   736.32602      -724.76615       3534.8427      -3477.5586    
   80.0000     1.8290    -3.9000   787.63156      -775.25698       3093.9989      -3043.8676    
   80.0000     2.0210    -3.9000   836.74425      -823.58597       2705.4440      -2661.6178    
   80.0000     2.2340    -3.9000   881.96708      -868.08199       2361.4386      -2323.1951    
   80.0000     2.4690    -3.9000   920.77704      -906.26088       2058.8107      -2025.4790    
   80.0000     2.7290    -3.9000   950.76272      -935.74847       1791.9937      -1762.9932    
   80.0000     3.0160    -3.9000   969.23613      -953.89863       1557.4516      -1532.2588    
   80.0000     3.3330    -3.9000   973.93848      -958.48814       1351.2656      -1329.4209    
   80.0000     3.6830    -3.9000   963.22838      -947.90230       1170.1928      -1151.2889    
   80.0000     4.0710    -3.9000   936.49981      -921.54638       1010.7053      -994.39217    
   80.0000     4.4990    -3.9000   894.87005      -880.52341       871.06813      -857.02388    
   80.0000     4.9720    -3.9000   840.98018      -827.43709       748.66992      -736.61490    
   80.0000     5.4950    -3.9000   778.82099      -766.22035       641.44471      -631.13264    
   80.0000     6.0730    -3.9000   713.01115      -701.42404       547.67899      -538.89169    
   80.0000     6.7110    -3.9000   647.69891      -637.13429       465.86718      -458.41038    
   80.0000     7.4170    -3.9000   585.21353      -575.64484       394.40446      -388.10983    
   80.0000     8.1970    -3.9000   526.36442      -517.75084       332.18411      -326.90119    
   80.0000     9.0590    -3.9000   470.54596      -461.87871       278.08779      -273.68485    
   80.0000    10.0100    -3.9000   416.96407      -410.16418       231.22081      -227.57946    
   80.0000    11.0600    -3.9000   365.26666      -359.33523       190.67060      -187.68749    
   80.0000    12.2300    -3.9000   315.34586      -310.25678       155.39538      -152.98382    
   80.0000    13.5100    -3.9000   268.73892      -264.43795       125.36525      -123.43869    
   80.0000    14.9400    -3.9000   225.07014      -221.50770       99.372578      -97.864143    
   80.0000    16.5100    -3.9000   185.58569      -182.68950       77.407107      -76.249744    
   80.0000    18.2400    -3.9000   150.36209      -147.98577       58.870145      -58.006251    
   80.0000    20.1600    -3.9000   118.90699      -117.12518       43.277387      -42.657084    
   80.0000    22.2800    -3.9000   91.629569      -90.295462       30.389528      -29.966764    
   80.0000    24.6300    -3.9000   67.931463      -66.978114       19.875589      -19.608843    
   80.0000    27.2200    -3.9000   48.018611      -47.375162       11.532741      -11.384855    
   80.0000    30.0800    -3.9000   31.730806      -31.329978       5.1011656      -5.0401126    
   80.0000    33.2400    -3.9000   19.062424      -18.839646      0.35905603      -.35738452    
   80.0000    36.7400    -3.9000   9.8200021      -9.7174291      -2.9077344       2.8730055    
   80.0000    40.6000    -3.9000   3.5544291      -3.5250663      -4.8805162       4.8285818    
   80.0000    44.8700    -3.9000  -.46326536      0.45288597      -5.7902568       5.7351619    
   80.0000    49.5900    -3.9000  -2.9087658       2.8801812      -5.8643600       5.8153430    
   80.0000    54.8100    -3.9000  -4.0257788       3.9939362      -5.3322912       5.2941213    
   80.0000    60.5700    -3.9000  -3.9805125       3.9548902      -4.4223824       4.3961732    
   80.0000    66.9400    -3.9000  -3.2615628       3.2451103      -3.3469443       3.3312136    
   80.0000    73.9800    -3.9000  -2.3543081       2.3455065      -2.2886234       2.2805592    
   80.0000    81.7600    -3.9000  -1.4818810       1.4780555      -1.3851787       1.3817852    
   80.0000    89.3600    -3.9000  -.84790432      0.84645471      -.77943376      0.77816581    
   80.0000    90.3600    -3.9000  -.78229121      0.78102875      -.71778602      0.71668390    
   80.0000    91.2000    -3.9000  -.73009897      0.72897844      -.66881693      0.66783981    
   80.0000    92.0000    -3.9000  -.68298896      0.68199109      -.62451283      0.62364468    
   80.0000    99.8600    -3.9000  -.17894280      0.17877873      -.29826036      0.29801508    
   80.0000   110.4000    -3.9000  -.94850001E-01  0.94816349E-01  -.86179978E-01  0.86150566E-01
   80.0000   120.0000    -3.9000  -.20214647E-01  0.20212247E-01  -.18310271E-01  0.18308191E-01
   80.0000   130.0000    -3.9000  -.15130542E-02  0.15130218E-02  -.13616208E-02  0.13615962E-02
   80.0000   140.0000    -3.9000  -.48217648E-06  0.48217514E-06  -.47683551E-06  0.47683449E-06
   80.0000   150.0000    -3.9000   0.0000000       0.0000000       0.0000000       0.0000000    
   80.0000   160.0000    -3.9000   0.0000000       0.0000000       0.0000000       0.0000000    
   80.0000   170.0000    -3.9000   0.0000000       0.0000000       0.0000000       0.0000000    
   80.0000   180.0000    -3.9000   0.0000000       0.0000000       0.0000000       0.0000000    
   80.0000   190.0000    -3.9000   0.0000000       0.0000000       0.0000000       0.0000000    
   80.0000   200.0000    -3.9000   0.0000000       0.0000000       0.0000000       0.0000000    
   80.0000   210.0000    -3.9000   0.0000000       0.0000000       0.0000000       0.0000000    
   80.0000   220.0000    -3.9000   0.0000000       0.0000000       0.0000000       0.0000000    
   80.0000   230.0000    -3.9000   0.0000000       0.0000000       0.0000000       0.0000000    
   80.0000   240.0000    -3.9000   0.0000000       0.0000000       0.0000000       0.0000000    
   80.0000   250.0000    -3.9000   0.0000000       0.0000000       0.0000000       0.0000000    
   80.0000   260.0000    -3.9000   0.0000000       0.0000000       0.0000000       0.0000000    
   80.0000   270.0000    -3.9000   0.0000000       0.0000000       0.0000000       0.0000000    
   80.0000   280.0000    -3.9000   0.0000000       0.0000000       0.0000000       0.0000000    
   80.0000   290.0000    -3.9000   0.0000000       0.0000000       0.0000000       0.0000000    
   80.0000   300.0000    -3.9000   0.0000000       0.0000000       0.0000000       0.0000000    
   80.0000   310.0000    -3.9000   0.0000000       0.0000000       0.0000000       0.0000000    
   80.0000   320.0000    -3.9000   0.0000000       0.0000000       0.0000000       0.0000000    
   80.0000   330.0000    -3.9000   0.0000000       0.0000000       0.0000000       0.0000000    
   80.0000   340.0000    -3.9000   0.0000000       0.0000000       0.0000000       0.0000000    
   80.0000   350.0000    -3.9000   0.0000000       0.0000000       0.0000000       0.0000000    
   80.0000   360.0000    -3.9000   0.0000000       0.0000000       0.0000000       0.0000000    
   80.0000   370.0000    -3.9000   0.0000000       0.0000000       0.0000000       0.0000000    
   80.0000   380.0000    -3.9000   0.0000000       0.0000000       0.0000000       0.0000000    
   80.0000   400.0000    -3.9000   0.0000000       0.0000000       0.0000000       0.0000000    
   80.0000   450.0000    -3.9000   0.0000000       0.0000000       0.0000000       0.0000000    
   80.0000   500.0000    -3.9000   0.0000000       0.0000000       0.0000000       0.0000000    
   80.0000     0.0911    -3.2000   114.67099      -104.52531       415465.72      -377046.39    
   80.0000     0.1006    -3.2000   126.66863      -115.46145       370140.86      -335910.96    
   80.0000     0.1112    -3.2000   140.00134      -127.61447       329467.36      -298997.13    
   80.0000     0.1229    -3.2000   154.71066      -141.02192       293231.81      -266111.16    
   80.0000     0.1358    -3.2000   170.92095      -155.79841       260979.16      -236840.05    
   80.0000     0.1501    -3.2000   188.87551      -172.16422       232124.66      -210653.08    
   80.0000     0.1659    -3.2000   208.70306      -190.23741       206407.82      -187313.80    
   80.0000     0.1834    -3.2000   230.64399      -210.23689       183440.51      -166469.98    
   80.0000     0.2027    -3.2000   254.80804      -232.26282       163020.58      -147938.09    
   80.0000     0.2240    -3.2000   281.45243      -256.54943       144849.86      -131447.55    
   80.0000     0.2475    -3.2000   355.85137      -283.30002       128684.35      -116776.87    
   80.0000     0.2736    -3.2000   343.33127      -312.95300       114215.72      -103646.25    
   80.0000     0.3023    -3.2000   379.00886      -345.47258       101397.49      -92013.465    
   80.0000     0.3341    -3.2000   418.43160      -381.40629       89954.723      -81629.008    
   80.0000     0.3693    -3.2000   461.89124      -421.01947       79757.288      -72374.763    
   80.0000     0.4081    -3.2000   509.63395      -464.53594       70709.182      -64163.595    
   80.0000     0.4510    -3.2000   562.09941      -512.35674       62656.570      -56855.890    
   80.0000     0.4985    -3.2000   619.82756      -564.97372       55483.799      -50346.684    
   80.0000     0.5509    -3.2000   683.00412      -622.55614       49120.152      -44571.791    
   80.0000     0.6088    -3.2000   752.11074      -685.54152       43465.698      -39440.518    
   80.0000     0.6729    -3.2000   827.71587      -754.44861       38434.296      -34874.686    
   80.0000     0.7436    -3.2000   909.83833      -829.29375       33975.333      -30828.359    
   80.0000     0.8218    -3.2000   999.13635      -910.67484       30013.428      -27233.125    
   80.0000     0.9083    -3.2000   1095.6764      -998.65219       26494.956      -24040.314    
   80.0000     1.0040    -3.2000   1199.5925      -1093.3449       23371.482      -21205.971    
   80.0000     1.1090    -3.2000   1309.8945      -1193.8521       20620.918      -18710.046    
   80.0000     1.2260    -3.2000   1427.7632      -1301.2422       18162.325      -16479.086    
   80.0000     1.3550    -3.2000   1551.1933      -1413.6863       15990.175      -14508.074    
   80.0000     1.4970    -3.2000   1678.5711      -1529.7099       14073.690      -12769.075    
   80.0000     1.6550    -3.2000   1809.5891      -1649.0233       12365.859      -11219.429    
   80.0000     1.8290    -3.2000   1939.9836      -1767.7371       10860.824      -9853.8167    
   80.0000     2.0210    -3.2000   2066.6420      -1883.0055       9531.7893      -8647.9193    
   80.0000     2.2340    -3.2000   2185.6635      -1991.2627       8352.7961      -7578.1825    
   80.0000     2.4690    -3.2000   2291.3263      -2087.2863       7313.4537      -6635.1727    
   80.0000     2.7290    -3.2000   2378.0503      -2165.9816       6395.0860      -5801.9417    
   80.0000     3.0160    -3.2000   2439.3812      -2221.4620       5585.9650      -5067.8481    
   80.0000     3.3330    -3.2000   2470.3134      -2249.1607       4872.9589      -4420.9762    
   80.0000     3.6830    -3.2000   2466.1544      -2244.8128       4245.1912      -3851.4478    
   80.0000     4.0710    -3.2000   2425.1997      -2206.8776       3690.7637      -3348.4731    
   80.0000     4.4990    -3.2000   2349.0736      -2136.8720       3203.9594      -2906.8614    
   80.0000     4.9720    -3.2000   2242.8089      -2039.4158       2775.9690      -2518.6181    
   80.0000     5.4950    -3.2000   2114.7878      -1922.2063       2399.8247      -2177.4199    
   80.0000     6.0730    -3.2000   1974.6717      -1794.0972       2069.6977      -1877.9774    
   80.0000     6.7110    -3.2000   1831.2277      -1663.1169       1780.5858      -1615.7493    
   80.0000     7.4170    -3.2000   1690.1380      -1534.4655       1526.9833      -1385.7396    
   80.0000     8.1970    -3.2000   1552.8146      -1409.4255       1305.1532      -1184.5572    
   80.0000     9.0590    -3.2000   1418.3277      -1287.1296       1111.3028      -1008.7587    
   80.0000    10.0100    -3.2000   1285.5143      -1166.4907       942.37178      -855.56563    
   80.0000    11.0600    -3.2000   1153.7384      -1046.8662       795.22047      -722.12804    
   80.0000    12.2300    -3.2000   1023.1155      -928.42389       666.18949      -605.12447    
   80.0000    13.5100    -3.2000   897.98867      -815.00839       555.29698      -504.56811    
   80.0000    14.9400    -3.2000   777.60588      -705.94693       458.20944      -416.52612    
   80.0000    16.5100    -3.2000   665.55375      -604.46975       374.94966      -341.01587    
   80.0000    18.2400    -3.2000   562.71514      -511.36748       303.44700      -276.15652    
   80.0000    20.1600    -3.2000   468.57493      -426.14956       241.87357      -220.28827    
   80.0000    22.2800    -3.2000   383.28542      -348.92863       189.42605      -172.67682    
   80.0000    24.6300    -3.2000   306.93451      -279.74011       144.89351      -132.22433    
   80.0000    27.2200    -3.2000   239.69359      -218.82835       107.62316      -98.335364    
   80.0000    30.0800    -3.2000   181.55869      -166.07394       76.715499      -70.194020    
   80.0000    33.2400    -3.2000   132.73306      -121.69453       51.449078      -47.143998    
   80.0000    36.7400    -3.2000   93.001738      -85.496969       31.137147      -28.566604    
   80.0000    40.6000    -3.2000   61.709808      -56.898111       15.323649      -14.056734    
   80.0000    44.8700    -3.2000   37.280353      -34.482804       3.4142072      -3.0802208    
   80.0000    49.5900    -3.2000   18.246809      -16.934421      -5.0647771       4.7851539    
   80.0000    54.8100    -3.2000   4.2895024      -3.9936900      -10.609033       9.9720525    
   80.0000    60.5700    -3.2000  -4.4406176       4.1613620      -13.664286       12.875418    
   80.0000    66.9400    -3.2000  -9.2191133       8.6864318      -14.776386       13.978543    
   80.0000    73.9800    -3.2000  -11.572808       10.970233      -14.440368       13.726523    
   80.0000    81.7600    -3.2000  -11.810769       11.260810      -13.102835       12.520638    
   80.0000    89.3600    -3.2000  -10.792175       10.342177      -11.392219       10.939011    
   80.0000    90.3600    -3.2000  -10.623804       10.188396      -11.153528       10.716638    
   80.0000    91.2000    -3.2000  -10.478899       10.055004      -10.953113       10.529620    
   80.0000    92.0000    -3.2000  -10.340905       9.9277906      -10.762582       10.351573    
   80.0000    99.8600    -3.2000  -5.2401414       5.0431995      -8.9420213       8.6400098    
   80.0000   110.4000    -3.2000  -6.7876001       6.5878395      -6.7697215       6.5777257    
   80.0000   120.0000    -3.2000  -5.3200558       5.0471467      -5.1326611       5.0096301    
   80.0000   130.0000    -3.2000  -3.7938620       3.7156139      -3.7663450       3.6912660    
   80.0000   140.0000    -3.2000  -2.7187216       2.6726329      -2.7172753       2.6726572    
   80.0000   150.0000    -3.2000  -1.9129220       1.8865019      -1.9298596       1.9040160    
   80.0000   160.0000    -3.2000   0.0000000       0.0000000      -1.3483957       1.3338022    
   80.0000   170.0000    -3.2000   0.0000000       0.0000000      -.92472998      0.91675591    
   80.0000   180.0000    -3.2000   0.0000000       0.0000000      -.62297333      0.61875146    
   80.0000   190.0000    -3.2000   0.0000000       0.0000000      -.41125094      0.40909514    
   80.0000   200.0000    -3.2000   0.0000000       0.0000000      -.26507641      0.26402111    
   80.0000   210.0000    -3.2000   0.0000000       0.0000000      -.16601525      0.16552395    
   80.0000   220.0000    -3.2000   0.0000000       0.0000000      -.10056934      0.10035361    
   80.0000   230.0000    -3.2000   0.0000000       0.0000000      -.58524879E-01  0.58436626E-01
   80.0000   240.0000    -3.2000   0.0000000       0.0000000      -.32368801E-01  0.32335811E-01
   80.0000   250.0000    -3.2000   0.0000000       0.0000000      -.16761919E-01  0.16750915E-01
   80.0000   260.0000    -3.2000   0.0000000       0.0000000      -.79504221E-02  0.79472551E-02
   80.0000   270.0000    -3.2000   0.0000000       0.0000000      -.33344545E-02  0.33337165E-02
   80.0000   280.0000    -3.2000   0.0000000       0.0000000      -.11638875E-02  0.11637613E-02
   80.0000   290.0000    -3.2000   0.0000000       0.0000000      -.29922376E-03  0.29921085E-03
   80.0000   300.0000    -3.2000   0.0000000       0.0000000      -.41772016E-04  0.41771557E-04
   80.0000   310.0000    -3.2000   0.0000000       0.0000000      -.86832526E-06  0.86832493E-06
   80.0000   320.0000    -3.2000   0.0000000       0.0000000       0.0000000       0.0000000    
   80.0000   330.0000    -3.2000   0.0000000       0.0000000       0.0000000       0.0000000    
   80.0000   340.0000    -3.2000   0.0000000       0.0000000       0.0000000       0.0000000    
   80.0000   350.0000    -3.2000   0.0000000       0.0000000       0.0000000       0.0000000    
   80.0000   360.0000    -3.2000   0.0000000       0.0000000       0.0000000       0.0000000    
   80.0000   370.0000    -3.2000   0.0000000       0.0000000       0.0000000       0.0000000    
   80.0000   380.0000    -3.2000   0.0000000       0.0000000       0.0000000       0.0000000    
   80.0000   400.0000    -3.2000   0.0000000       0.0000000       0.0000000       0.0000000    
   80.0000   450.0000    -3.2000   0.0000000       0.0000000       0.0000000       0.0000000    
   80.0000   500.0000    -3.2000   0.0000000       0.0000000       0.0000000       0.0000000    
   80.0000     0.0911    -2.9600   120.75122      -104.78401       466786.94      -402767.52    
   80.0000     0.1006    -2.9600   133.38474      -115.77810       415941.16      -358892.27    
   80.0000     0.1112    -2.9600   147.42496      -127.96494       370306.85      -319514.28    
   80.0000     0.1229    -2.9600   162.91425      -141.40961       329645.82      -284427.99    
   80.0000     0.1358    -2.9600   179.98168      -156.22408       293448.71      -253193.79    
   80.0000     0.1501    -2.9600   198.89453      -172.64032       261060.33      -225246.32    
   80.0000     0.1659    -2.9600   219.77178      -190.76191       232189.29      -200334.08    
   80.0000     0.1834    -2.9600   242.81308      -210.81763       206400.80      -178081.87    
   80.0000     0.2027    -2.9600   268.32432      -232.90482       183468.71      -158294.52    
   80.0000     0.2240    -2.9600   296.38507      -257.26107       163058.99      -140683.79    
   80.0000     0.2475    -2.9600   327.29232      -284.08803       144898.32      -125013.79    
   80.0000     0.2736    -2.9600   361.55176      -313.82445       128640.96      -110986.18    
   80.0000     0.3023    -2.9600   399.13405      -346.44485       114235.28      -98556.394    
   80.0000     0.3341    -2.9600   440.65142      -382.48050       101372.88      -87458.311    
   80.0000     0.3693    -2.9600   486.45086      -422.23253       89907.976      -77566.122    
   80.0000     0.4081    -2.9600   536.69804      -465.84462       79733.115      -68787.095    
   80.0000     0.4510    -2.9600   591.98949      -513.83389       70675.749      -60972.337    
   80.0000     0.4985    -2.9600   652.80880      -566.62028       62606.189      -54009.938    
   80.0000     0.5509    -2.9600   719.37233      -624.39097       55445.247      -47831.559    
   80.0000     0.6088    -2.9600   792.21141      -687.60652       49080.820      -42340.465    
   80.0000     0.6729    -2.9600   871.89112      -756.75677       43416.257      -37453.257    
   80.0000     0.7436    -2.9600   958.51233      -831.92829       38394.870      -33121.015    
   80.0000     0.8218    -2.9600   1052.5934      -913.56973       33932.037      -29270.720    
   80.0000     0.9083    -2.9600   1154.4744      -1001.9739       29967.597      -25850.459    
   80.0000     1.0040    -2.9600   1264.1681      -1097.1503       26447.195      -22813.329    
   80.0000     1.1090    -2.9600   1380.6044      -1198.1671       23346.163      -20138.040    
   80.0000     1.2260    -2.9600   1505.1453      -1306.2019       20573.434      -17746.021    
   80.0000     1.3550    -2.9600   1635.6773      -1419.4142       18122.929      -15632.019    
   80.0000     1.4970    -2.9600   1770.6178      -1536.4299       15960.136      -13766.256    
   80.0000     1.6550    -2.9600   1909.3771      -1656.7232       14032.130      -12103.068    
   80.0000     1.8290    -2.9600   2047.9867      -1776.8421       12332.436      -10636.865    
   80.0000     2.0210    -2.9600   2182.9280      -1893.7236       10830.926      -9341.6505    
   80.0000     2.2340    -2.9600   2310.4379      -2004.0875       9498.3922      -8192.2258    
   80.0000     2.4690    -2.9600   2424.0503      -2102.2811       8323.1997      -7178.5496    
   80.0000     2.7290    -2.9600   2518.4023      -2183.7263       7284.3479      -6282.5026    
   80.0000     3.0160    -2.9600   2586.8473      -2242.5604       6368.6375      -5492.6956    
   80.0000     3.3330    -2.9600   2623.4074      -2273.6226       5561.2999      -4796.3861    
   80.0000     3.6830    -2.9600   2624.1123      -2273.4740       4850.1286      -4183.0422    
   80.0000     4.0710    -2.9600   2586.4234      -2239.9336       4221.7084      -3641.0899    
   80.0000     4.4990    -2.9600   2511.9431      -2174.4341       3669.6159      -3164.9860    
   80.0000     4.9720    -2.9600   2405.8003      -2081.4816       3183.9391      -2746.1784    
   80.0000     5.4950    -2.9600   2276.3913      -1968.4257       2756.8189      -2377.8864    
   80.0000     6.0730    -2.9600   2133.5770      -1843.9005       2381.7180      -2054.4691    
   80.0000     6.7110    -2.9600   1986.3848      -1715.7860       2052.9513      -1771.0209    
   80.0000     7.4170    -2.9600   1840.4774      -1589.0299       1764.3489      -1522.2182    
   80.0000     8.1970    -2.9600   1697.5130      -1465.0686       1511.6978      -1304.4231    
   80.0000     9.0590    -2.9600   1556.5653      -1343.0753       1290.6932      -1113.9265    
   80.0000    10.0100    -2.9600   1416.3715      -1221.9179       1097.9005      -947.75741    
   80.0000    11.0600    -2.9600   1276.6403      -1101.3063       929.76865      -802.85271    
   80.0000    12.2300    -2.9600   1137.3207      -981.17038       782.15069      -675.63394    
   80.0000    13.5100    -2.9600   1003.1604      -865.58330       655.09406      -566.13787    
   80.0000    14.9400    -2.9600   873.45008      -753.91220       543.66332      -470.10478    
   80.0000    16.5100    -2.9600   752.23684      -649.61748       447.90939      -387.57393    
   80.0000    18.2400    -2.9600   640.11818      -553.19944       365.47491      -316.50920    
   80.0000    20.1600    -2.9600   537.06790      -464.60496       294.27552      -255.10893    
   80.0000    22.2800    -2.9600   443.10100      -383.92298       233.41201      -202.59448    
   80.0000    24.6300    -2.9600   358.76099      -311.27313       181.47205      -157.74060    
   80.0000    27.2200    -2.9600   283.90143      -246.83577       137.75348      -119.94020    
   80.0000    30.0800    -2.9600   218.66768      -190.60454       101.21910      -88.299450    
   80.0000    33.2400    -2.9600   162.03190      -141.62590       71.029371      -62.092158    
   80.0000    36.7400    -2.9600   117.72701      -103.29380       46.441649      -40.683528    
   80.0000    40.6000    -2.9600   81.192147      -71.513122       26.930135      -23.623585    
   80.0000    44.8700    -2.9600   51.941178      -45.916398       11.850836      -10.365536    
   80.0000    49.5900    -2.9600   28.986628      -25.745723      0.67602756      -.47154539    
   80.0000    54.8100    -2.9600   11.557809      -10.304086      -7.0796056       6.4660102    
   80.0000    60.5700    -2.9600  -.29249050E-01  0.43387727E-01  -11.995459       10.925605    
   80.0000    66.9400    -2.9600  -7.0667536       6.4250739      -14.616138       13.366302    
   80.0000    73.9800    -2.9600  -11.250295       10.306419      -15.429132       14.192735    
   80.0000    81.7600    -2.9600  -12.787052       11.802554      -14.892279       13.793739    
   80.0000    89.3600    -2.9600  -12.505308       11.622398      -13.608625       12.688694    
   80.0000    90.3600    -2.9600  -12.407493       11.541912      -13.413088       12.516942    
   80.0000    91.2000    -2.9600  -12.320254       11.469421      -13.246094       12.369772    
   80.0000    92.0000    -2.9600  -12.232532       11.395962      -13.084757       12.227230    
   80.0000    99.8600    -2.9600  -6.5232218       6.0938439      -11.441496       10.759982    
   80.0000   110.4000    -2.9600  -9.1690733       8.6736554      -9.2783049       8.7946257    
   80.0000   120.0000    -2.9600  -7.4767328       7.1212337      -7.4966406       7.1520434    
   80.0000   130.0000    -2.9600  -6.0606420       5.8095701      -5.9125179       5.6750498    
   80.0000   140.0000    -2.9600  -4.5762527       4.4114998      -4.6135252       4.4523487    
   80.0000   150.0000    -2.9600  -3.5072080       3.3979401      -3.5656752       3.4578252    
   80.0000   160.0000    -2.9600   0.0000000       0.0000000      -2.7290682       2.6579138    
   80.0000   170.0000    -2.9600   0.0000000       0.0000000      -2.0740574       2.0276305    
   80.0000   180.0000    -2.9600   0.0000000       0.0000000      -1.5657802       1.5358284    
   80.0000   190.0000    -2.9600   0.0000000       0.0000000      -1.1731551       1.1541172    
   80.0000   200.0000    -2.9600   0.0000000       0.0000000      -.87132696      0.85939081    
   80.0000   210.0000    -2.9600   0.0000000       0.0000000      -.64192769      0.63455155    
   80.0000   220.0000    -2.9600   0.0000000       0.0000000      -.46888196      0.46439100    
   80.0000   230.0000    -2.9600   0.0000000       0.0000000      -.33914905      0.33646582    
   80.0000   240.0000    -2.9600   0.0000000       0.0000000      -.24255566      0.24098480    
   80.0000   250.0000    -2.9600   0.0000000       0.0000000      -.17114799      0.17025007    
   80.0000   260.0000    -2.9600   0.0000000       0.0000000      -.11902939      0.11852914    
   80.0000   270.0000    -2.9600   0.0000000       0.0000000      -.81439922E-01  0.81169391E-01
   80.0000   280.0000    -2.9600   0.0000000       0.0000000      -.54659618E-01  0.54518246E-01
   80.0000   290.0000    -2.9600   0.0000000       0.0000000      -.35860921E-01  0.35789966E-01
   80.0000   300.0000    -2.9600   0.0000000       0.0000000      -.22893808E-01  0.22859834E-01
   80.0000   310.0000    -2.9600   0.0000000       0.0000000      -.14133269E-01  0.14117948E-01
   80.0000   320.0000    -2.9600   0.0000000       0.0000000      -.83828913E-02  0.83764337E-02
   80.0000   330.0000    -2.9600   0.0000000       0.0000000      -.47271758E-02  0.47246804E-02
   80.0000   340.0000    -2.9600   0.0000000       0.0000000      -.24983667E-02  0.24975039E-02
   80.0000   350.0000    -2.9600   0.0000000       0.0000000      -.12107846E-02  0.12105271E-02
   80.0000   360.0000    -2.9600   0.0000000       0.0000000      -.51978494E-03  0.51972223E-03
   80.0000   370.0000    -2.9600   0.0000000       0.0000000      -.18625588E-03  0.18624459E-03
   80.0000   380.0000    -2.9600   0.0000000       0.0000000      -.49510244E-04  0.49509016E-04
   80.0000   400.0000    -2.9600   0.0000000       0.0000000      -.19273406E-06  0.19273400E-06
   80.0000   450.0000    -2.9600   0.0000000       0.0000000       0.0000000       0.0000000    
   80.0000   500.0000    -2.9600   0.0000000       0.0000000       0.0000000       0.0000000    
   80.0000     0.0911    -2.4000   117.81590      -84.898014       503230.67      -359103.74    
   80.0000     0.1006    -2.4000   130.14832      -93.784851       448545.22      -320077.09    
   80.0000     0.1112    -2.4000   143.83812      -103.64954       399453.97      -285043.05    
   80.0000     0.1229    -2.4000   158.95522      -114.54309       355702.81      -253820.24    
   80.0000     0.1358    -2.4000   175.60840      -126.54326       316745.74      -226018.94    
   80.0000     0.1501    -2.4000   194.06266      -139.84079       281879.47      -201137.20    
   80.0000     0.1659    -2.4000   214.43091      -154.51789       250791.94      -178952.31    
   80.0000     0.1834    -2.4000   236.98103      -170.76722       223016.56      -159131.24    
   80.0000     0.2027    -2.4000   261.82331      -188.66845       198311.18      -141501.14    
   80.0000     0.2240    -2.4000   289.18720      -208.38595       176317.31      -125806.17    
   80.0000     0.2475    -2.4000   319.35603      -230.12461       156741.62      -111836.97    
   80.0000     0.2736    -2.4000   352.78677      -254.21643       139212.52      -99328.353    
   80.0000     0.3023    -2.4000   389.46897      -280.64493       123675.36      -88241.288    
   80.0000     0.3341    -2.4000   429.98482      -309.83858       109798.48      -78339.077    
   80.0000     0.3693    -2.4000   474.69778      -342.05596       97425.414      -69510.063    
   80.0000     0.4081    -2.4000   523.77249      -377.41596       86441.008      -61672.043    
   80.0000     0.4510    -2.4000   577.71800      -416.28156       76659.724      -54692.612    
   80.0000     0.4985    -2.4000   637.12102      -459.08289       67942.169      -48472.285    
   80.0000     0.5509    -2.4000   702.13138      -505.91796       60203.409      -42950.446    
   80.0000     0.6088    -2.4000   773.28551      -557.17885       53322.874      -38041.048    
   80.0000     0.6729    -2.4000   851.12923      -613.25543       47196.595      -33669.894    
   80.0000     0.7436    -2.4000   935.81650      -674.25788       41763.743      -29793.569    
   80.0000     0.8218    -2.4000   1027.8595      -740.55242       36933.214      -26347.058    
   80.0000     0.9083    -2.4000   1127.4751      -812.29397       32640.291      -23284.177    
   80.0000     1.0040    -2.4000   1234.9048      -889.65125       28826.492      -20563.189    
   80.0000     1.1090    -2.4000   1349.0051      -971.79728       25465.458      -18165.281    
   80.0000     1.2260    -2.4000   1471.1750      -1059.7347       22458.799      -16020.247    
   80.0000     1.3550    -2.4000   1599.3942      -1151.9997       19800.213      -14123.579    
   80.0000     1.4970    -2.4000   1732.1933      -1247.5253       17452.554      -12448.782    
   80.0000     1.6550    -2.4000   1869.1437      -1345.9895       15358.594      -10955.005    
   80.0000     1.8290    -2.4000   2006.1555      -1444.4336       13511.544      -9637.4086    
   80.0000     2.0210    -2.4000   2140.3362      -1540.7566       11878.890      -8472.7894    
   80.0000     2.2340    -2.4000   2267.8758      -1632.0681       10429.070      -7438.6299    
   80.0000     2.4690    -2.4000   2382.6189      -1714.2959       9149.6059      -6526.0228    
   80.0000     2.7290    -2.4000   2479.4769      -1783.3769       8017.8109      -5718.7787    
   80.0000     3.0160    -2.4000   2552.0325      -1834.8010       7019.4595      -5006.7487    
   80.0000     3.3330    -2.4000   2594.6377      -1864.5003       6138.6036      -4378.5502    
   80.0000     3.6830    -2.4000   2602.7645      -1869.2228       5362.0568      -3824.7787    
   80.0000     4.0710    -2.4000   2574.6603      -1847.7281       4675.2955      -3335.0653    
   80.0000     4.4990    -2.4000   2510.9940      -1800.5560       4071.4222      -2904.4896    
   80.0000     4.9720    -2.4000   2416.4396      -1731.1756       3539.6923      -2525.3895    
   80.0000     5.4950    -2.4000   2298.6415      -1645.1907       3071.6203      -2191.7031    
   80.0000     6.0730    -2.4000   2166.8155      -1549.2845       2660.1009      -1898.3596    
   80.0000     6.7110    -2.4000   2029.1436      -1449.4910       2299.0379      -1641.0148    
   80.0000     7.4170    -2.4000   1891.1611      -1349.8290       1981.7060      -1414.8838    
   80.0000     8.1970    -2.4000   1754.2507      -1251.2998       1703.5404      -1216.6684    
   80.0000     9.0590    -2.4000   1617.6722      -1153.3425       1459.8979      -1043.0744    
   80.0000    10.0100    -2.4000   1480.4291      -1055.1838       1247.0398      -891.43193    
   80.0000    11.0600    -2.4000   1344.7327      -958.44430       1061.1101      -758.98758    
   80.0000    12.2300    -2.4000   1203.5017      -857.81018       897.56856      -642.50071    
   80.0000    13.5100    -2.4000   1068.7355      -762.00795       756.52599      -542.04242    
   80.0000    14.9400    -2.4000   936.78200      -668.34129       632.54404      -453.73213    
   80.0000    16.5100    -2.4000   813.73002      -581.10941       525.66943      -377.63094    
   80.0000    18.2400    -2.4000   698.32750      -499.48469       433.47688      -311.89470    
   80.0000    20.1600    -2.4000   591.55298      -423.81026       353.51663      -254.87989    
   80.0000    22.2800    -2.4000   493.69265      -354.57296       284.85575      -205.87778    
   80.0000    24.6300    -2.4000   405.02393      -291.81871       225.96847      -163.79339    
   80.0000    27.2200    -2.4000   325.76102      -235.65392       176.06040      -128.04680    
   80.0000    30.0800    -2.4000   255.96688      -186.09026       133.98714      -97.837190    
   80.0000    33.2400    -2.4000   196.12729      -143.43397       98.852074      -72.516459    
   80.0000    36.7400    -2.4000   146.02250      -107.52369       69.791440      -51.469625    
   80.0000    40.6000    -2.4000   105.21389      -78.008762       46.265348      -34.312839    
   80.0000    44.8700    -2.4000   71.984447      -53.842154       27.554227      -20.548807    
   80.0000    49.5900    -2.4000   45.037319      -33.991116       13.099150      -9.7934514    
   80.0000    54.8100    -2.4000   24.150827      -18.443842       2.3508280      -1.6814243    
   80.0000    60.5700    -2.4000   9.4411803      -7.3373746      -5.1349032       4.0958024    
   80.0000    66.9400    -2.4000  -.46027941      0.32803669      -9.9770407       7.9446113    
   80.0000    73.9800    -2.4000  -7.1347096       5.6691650      -12.700866       10.219652    
   80.0000    81.7600    -2.4000  -10.570186       8.5062124      -13.780392       11.237887    
   80.0000    89.3600    -2.4000  -11.899547       9.7466469      -13.697418       11.317104    
   80.0000    90.3600    -2.4000  -11.977916       9.8305927      -13.626668       11.277973    
   80.0000    91.2000    -2.4000  -12.014137       9.8737415      -13.559715       11.238480    
   80.0000    92.0000    -2.4000  -12.110272       9.9783646      -13.491328       11.196909    
   80.0000    99.8600    -2.4000  -6.6767648       5.5191072      -12.615511       10.604879    
   80.0000   110.4000    -2.4000  -10.831444       9.2005272      -11.134114       9.5104970    
   80.0000   120.0000    -2.4000  -9.5834062       8.2556935      -9.7234619       8.4170991    
   80.0000   130.0000    -2.4000  -8.2177109       7.1738997      -8.3127002       7.2875844    
   80.0000   140.0000    -2.4000  -6.9476680       6.1390371      -7.0498473       6.2518761    
   80.0000   150.0000    -2.4000  -5.9872597       5.3504276      -5.9517873       5.3333766    
   80.0000   160.0000    -2.4000   0.0000000       0.0000000      -5.0064313       4.5287364    
   80.0000   170.0000    -2.4000   0.0000000       0.0000000      -4.1950639       3.8274792    
   80.0000   180.0000    -2.4000   0.0000000       0.0000000      -3.5135817       3.2308686    
   80.0000   190.0000    -2.4000   0.0000000       0.0000000      -2.9422747       2.7248238    
   80.0000   200.0000    -2.4000   0.0000000       0.0000000      -2.4626591       2.2954741    
   80.0000   210.0000    -2.4000   0.0000000       0.0000000      -2.0585062       1.9301998    
   80.0000   220.0000    -2.4000   0.0000000       0.0000000      -1.7205532       1.6220621    
   80.0000   230.0000    -2.4000   0.0000000       0.0000000      -1.4387216       1.3631353    
   80.0000   240.0000    -2.4000   0.0000000       0.0000000      -1.2032527       1.1452651    
   80.0000   250.0000    -2.4000   0.0000000       0.0000000      -1.0061465      0.96167331    
   80.0000   260.0000    -2.4000   0.0000000       0.0000000      -.84039291      0.80636200    
   80.0000   270.0000    -2.4000   0.0000000       0.0000000      -.70182138      0.67578792    
   80.0000   280.0000    -2.4000   0.0000000       0.0000000      -.58596002      0.56608443    
   80.0000   290.0000    -2.4000   0.0000000       0.0000000      -.48913824      0.47396572    
   80.0000   300.0000    -2.4000   0.0000000       0.0000000      -.40805245      0.39650337    
   80.0000   310.0000    -2.4000   0.0000000       0.0000000      -.34014913      0.33136538    
   80.0000   320.0000    -2.4000   0.0000000       0.0000000      -.28309890      0.27644356    
   80.0000   330.0000    -2.4000   0.0000000       0.0000000      -.23531158      0.23028005    
   80.0000   340.0000    -2.4000   0.0000000       0.0000000      -.19537305      0.19157732    
   80.0000   350.0000    -2.4000   0.0000000       0.0000000      -.16200640      0.15915640    
   80.0000   360.0000    -2.4000   0.0000000       0.0000000      -.13416188      0.13202330    
   80.0000   370.0000    -2.4000   0.0000000       0.0000000      -.11086215      0.10926905    
   80.0000   380.0000    -2.4000   0.0000000       0.0000000      -.91438888E-01  0.90255176E-01
   80.0000   400.0000    -2.4000   0.0000000       0.0000000      -.61711543E-01  0.61065664E-01
   80.0000   450.0000    -2.4000   0.0000000       0.0000000      -.21878361E-01  0.21750886E-01
   80.0000   500.0000    -2.4000   0.0000000       0.0000000      -.69165789E-02  0.68961741E-02
   80.0000     0.0911    -1.2000   103.89830      -33.813564       496216.54      -151488.40    
   80.0000     0.1006    -1.2000   114.77361      -37.352849       442428.81      -135055.82    
   80.0000     0.1112    -1.2000   126.85110      -41.282038       394132.14      -120301.80    
   80.0000     0.1229    -1.2000   140.17513      -45.619546       351078.76      -107150.45    
   80.0000     0.1358    -1.2000   154.86613      -50.400540       312733.53      -95438.122    
   80.0000     0.1501    -1.2000   171.14208      -55.697000       278406.12      -84953.781    
   80.0000     0.1659    -1.2000   189.10907      -61.543804       247791.05      -75603.976    
   80.0000     0.1834    -1.2000   208.99518      -68.015063       220430.42      -67248.721    
   80.0000     0.2027    -1.2000   230.90517      -75.144752       196087.19      -59815.503    
   80.0000     0.2240    -1.2000   255.05049      -82.999012       174409.54      -53196.767    
   80.0000     0.2475    -1.2000   281.64678      -91.655786       155109.63      -47304.518    
   80.0000     0.2736    -1.2000   311.14511      -101.25472       137822.26      -42027.155    
   80.0000     0.3023    -1.2000   343.50862      -111.78289       122494.58      -37348.454    
   80.0000     0.3341    -1.2000   379.26132      -123.41430       108800.38      -33168.757    
   80.0000     0.3693    -1.2000   418.71007      -136.24708       96586.137      -29441.128    
   80.0000     0.4081    -1.2000   462.01730      -150.33337       85739.004      -26131.053    
   80.0000     0.4510    -1.2000   509.65118      -165.82008       76076.535      -23182.790    
   80.0000     0.4985    -1.2000   562.06495      -182.86905       67461.713      -20554.472    
   80.0000     0.5509    -1.2000   619.48210      -201.53855       59811.256      -18220.638    
   80.0000     0.6088    -1.2000   682.34681      -221.96868       53006.556      -16145.043    
   80.0000     0.6729    -1.2000   751.15109      -244.32598       46945.339      -14296.444    
   80.0000     0.7436    -1.2000   826.01655      -268.64325       41567.901      -12656.587    
   80.0000     0.8218    -1.2000   907.44254      -295.08045       36784.568      -11198.103    
   80.0000     0.9083    -1.2000   995.63074      -323.69802       32531.662      -9901.5261    
   80.0000     1.0040    -1.2000   1090.8068      -354.56003       28751.632      -8749.2762    
   80.0000     1.1090    -1.2000   1192.0525      -387.36513       25418.727      -7733.4713    
   80.0000     1.2260    -1.2000   1300.6568      -422.50718       22435.696      -6824.4525    
   80.0000     1.3550    -1.2000   1414.7571      -459.37994       19796.655      -6020.3743    
   80.0000     1.4970    -1.2000   1533.2049      -497.60692       17464.921      -5310.0465    
   80.0000     1.6550    -1.2000   1655.8724      -537.06038       15383.997      -4676.2451    
   80.0000     1.8290    -1.2000   1779.0516      -576.57364       13547.332      -4116.9438    
   80.0000     2.0210    -1.2000   1900.3564      -615.32966       11922.839      -3622.3526    
   80.0000     2.2340    -1.2000   2016.7110      -652.24307       10479.321      -3182.9521    
   80.0000     2.4690    -1.2000   2122.7259      -685.56509       9204.5263      -2795.0227    
   80.0000     2.7290    -1.2000   2214.0419      -713.84069       8076.0750      -2451.6714    
   80.0000     3.0160    -1.2000   2285.1179      -735.23839       7079.9010      -2148.6617    
   80.0000     3.3330    -1.2000   2331.0073      -748.13936       6200.2708      -1881.1796    
   80.0000     3.6830    -1.2000   2347.6119      -751.23772       5424.1532      -1645.2439    
   80.0000     4.0710    -1.2000   2333.2778      -744.02302       4737.1657      -1436.4678    
   80.0000     4.4990    -1.2000   2288.0388      -726.64827       4132.5205      -1252.7841    
   80.0000     4.9720    -1.2000   2215.5236      -700.41831       3599.5903      -1090.9442    
   80.0000     5.4950    -1.2000   2121.8061      -667.48335       3129.9645      -948.38919    
   80.0000     6.0730    -1.2000   2014.3021      -630.43709       2716.5993      -822.97502    
   80.0000     6.7110    -1.2000   1899.8610      -591.65208       2353.4937      -712.85931    
   80.0000     7.4170    -1.2000   1782.6265      -552.55697       2033.9761      -616.00616    
   80.0000     8.1970    -1.2000   1664.2427      -513.69274       1753.4999      -531.03890    
   80.0000     9.0590    -1.2000   1544.0787      -474.82760       1507.4698      -456.55220    
   80.0000    10.0100    -1.2000   1421.5093      -435.67749       1292.1837      -391.41578    
   80.0000    11.0600    -1.2000   1296.5656      -396.18388       1103.8081      -334.45772    
   80.0000    12.2300    -1.2000   1169.6159      -356.43882       937.80325      -284.29745    
   80.0000    13.5100    -1.2000   1045.0963      -317.76998       794.33512      -240.97807    
   80.0000    14.9400    -1.2000   922.56590      -280.01090       667.92948      -202.83412    
   80.0000    16.5100    -1.2000   806.13791      -244.38875       558.74583      -169.90671    
   80.0000    18.2400    -1.2000   696.66599      -211.07094       464.18756      -141.40293    
   80.0000    20.1600    -1.2000   594.27184      -180.16753       382.04054      -116.53101    
   80.0000    22.2800    -1.2000   500.16815      -151.81931       311.08294      -95.255100    
   80.0000    24.6300    -1.2000   413.65103      -125.95116       250.04207      -76.841510    
   80.0000    27.2200    -1.2000   335.99316      -102.73917       198.05233      -61.134768    
   80.0000    30.0800    -1.2000   267.11350      -82.156656       153.96738      -47.781047    
   80.0000    33.2400    -1.2000   207.55214      -64.324755       116.89476      -36.509195    
   80.0000    36.7400    -1.2000   157.25514      -49.192691       85.972057      -27.046760    
   80.0000    40.6000    -1.2000   115.82260      -36.609224       60.672852      -19.242729    
   80.0000    44.8700    -1.2000   81.899964      -26.174321       40.274710      -12.875902    
   80.0000    49.5900    -1.2000   54.128189      -17.516052       24.227194      -7.7880837    
   80.0000    54.8100    -1.2000   32.303869      -10.621207       11.990869      -3.8238205    
   80.0000    60.5700    -1.2000   16.510400      -5.5323906       3.1336365      -.85703467    
   80.0000    66.9400    -1.2000   5.5897493      -1.8656233      -2.9656290       1.2776024    
   80.0000    73.9800    -1.2000  -1.9844133      0.83976988      -6.8678422       2.7238078    
   80.0000    81.7600    -1.2000  -6.5123625       2.5544988      -9.0391436       3.6084684    
   80.0000    89.3600    -1.2000  -8.4534148       3.3673608      -9.8387219       4.0118059    
   80.0000    90.3600    -1.2000  -8.6096937       3.4406654      -9.8677039       4.0385766    
   80.0000    91.2000    -1.2000  -8.7277625       3.4976789      -9.8835210       4.0577770    
   80.0000    92.0000    -1.2000  -8.8318456       3.5492806      -9.9072988       4.0725311    
   80.0000    99.8600    -1.2000  -4.9464210       1.9620057      -9.7059834       4.1169393    
   80.0000   110.4000    -1.2000  -8.9502379       3.8680483      -8.9941917       3.9658812    
   80.0000   120.0000    -1.2000  -8.2102411       3.6812900      -8.1504423       3.7195601    
   80.0000   130.0000    -1.2000  -7.2560607       3.3762216      -7.1987081       3.4074425    
   80.0000   140.0000    -1.2000  -6.3502497       3.0631661      -6.3073400       3.0904743    
   80.0000   150.0000    -1.2000  -5.4943925       2.7408367      -5.5105385       2.7882465    
   80.0000   160.0000    -1.2000   0.0000000       0.0000000      -4.8036095       2.5053284    
   80.0000   170.0000    -1.2000   0.0000000       0.0000000      -4.1714480       2.2423458    
   80.0000   180.0000    -1.2000   0.0000000       0.0000000      -3.6326038       2.0076021    
   80.0000   190.0000    -1.2000   0.0000000       0.0000000      -3.1726335       1.7988984    
   80.0000   200.0000    -1.2000   0.0000000       0.0000000      -2.7770626       1.6127664    
   80.0000   210.0000    -1.2000   0.0000000       0.0000000      -2.4310357       1.4453533    
   80.0000   220.0000    -1.2000   0.0000000       0.0000000      -2.1338926       1.2970960    
   80.0000   230.0000    -1.2000   0.0000000       0.0000000      -1.8815696       1.1676797    
   80.0000   240.0000    -1.2000   0.0000000       0.0000000      -1.6618904       1.0504447    
   80.0000   250.0000    -1.2000   0.0000000       0.0000000      -1.4728507      0.94755860    
   80.0000   260.0000    -1.2000   0.0000000       0.0000000      -1.3065333      0.85520249    
   80.0000   270.0000    -1.2000   0.0000000       0.0000000      -1.1614287      0.77292856    
   80.0000   280.0000    -1.2000   0.0000000       0.0000000      -1.0356134      0.69986478    
   80.0000   290.0000    -1.2000   0.0000000       0.0000000      -.92616746      0.63489808    
   80.0000   300.0000    -1.2000   0.0000000       0.0000000      -.83043894      0.57685041    
   80.0000   310.0000    -1.2000   0.0000000       0.0000000      -.74617441      0.52480015    
   80.0000   320.0000    -1.2000   0.0000000       0.0000000      -.67127382      0.47780989    
   80.0000   330.0000    -1.2000   0.0000000       0.0000000      -.60476351      0.43542305    
   80.0000   340.0000    -1.2000   0.0000000       0.0000000      -.54608294      0.39742580    
   80.0000   350.0000    -1.2000   0.0000000       0.0000000      -.49401580      0.36327132    
   80.0000   360.0000    -1.2000   0.0000000       0.0000000      -.44777172      0.33251492    
   80.0000   370.0000    -1.2000   0.0000000       0.0000000      -.40651471      0.30472688    
   80.0000   380.0000    -1.2000   0.0000000       0.0000000      -.36962785      0.27955677    
   80.0000   400.0000    -1.2000   0.0000000       0.0000000      -.30658038      0.23574531    
   80.0000   450.0000    -1.2000   0.0000000       0.0000000      -.19651331      0.15656172    
   80.0000   500.0000    -1.2000   0.0000000       0.0000000      -.12926506      0.10599785    
   80.0000     0.0911     0.0000   97.642457       0.0000000       495037.60       0.0000000    
   80.0000     0.1006     0.0000   107.86305       0.0000000       441435.34       0.0000000    
   80.0000     0.1112     0.0000   119.21431       0.0000000       393300.38       0.0000000    
   80.0000     0.1229     0.0000   131.73553       0.0000000       350386.74       0.0000000    
   80.0000     0.1358     0.0000   145.54278       0.0000000       312161.92       0.0000000    
   80.0000     0.1501     0.0000   160.83958       0.0000000       277938.58       0.0000000    
   80.0000     0.1659     0.0000   177.72554       0.0000000       247412.92      -.10224663E-10
   80.0000     0.1834     0.0000   196.41635       0.0000000       220129.04      -.92490269E-11
   80.0000     0.2027     0.0000   217.00907       0.0000000       195851.22      -.83683837E-11
   80.0000     0.2240     0.0000   239.70355       0.0000000       174229.19      -.75726393E-11
   80.0000     0.2475     0.0000   264.70188       0.0000000       154976.39      0.68536201E-11
   80.0000     0.2736     0.0000   292.43004       0.0000000       137728.98      0.30999099E-11
   80.0000     0.3023     0.0000   322.85241       0.0000000       122434.70      -.28056076E-11
   80.0000     0.3341     0.0000   356.46220       0.0000000       108768.46       0.0000000    
   80.0000     0.3693     0.0000   393.55036       0.0000000       96577.434      -.22966009E-11
   80.0000     0.4081     0.0000   434.26779       0.0000000       85749.334       0.0000000    
   80.0000     0.4510     0.0000   479.05866       0.0000000       76102.362      0.18805633E-11
   80.0000     0.4985     0.0000   528.34937       0.0000000       67500.014       0.0000000    
   80.0000     0.5509     0.0000   582.35577       0.0000000       59859.396      0.15395408E-11
   80.0000     0.6088     0.0000   641.49682       0.0000000       53062.320       0.0000000    
   80.0000     0.6729     0.0000   706.24020       0.0000000       47006.843       0.0000000    
   80.0000     0.7436     0.0000   776.70833       0.0000000       41633.556       0.0000000    
   80.0000     0.8218     0.0000   853.38058       0.0000000       36853.015       0.0000000    
   80.0000     0.9083     0.0000   936.48875       0.0000000       32601.735       0.0000000    
   80.0000     1.0040     0.0000   1026.1649       0.0000000       28822.441      0.84474682E-12
   80.0000     1.1090     0.0000   1121.6628       0.0000000       25489.488      0.76476424E-12
   80.0000     1.2260     0.0000   1224.1597       0.0000000       22505.795      0.69177875E-12
   80.0000     1.3550     0.0000   1332.0417       0.0000000       19865.521       0.0000000    
   80.0000     1.4970     0.0000   1444.2186       0.0000000       17532.191       0.0000000    
   80.0000     1.6550     0.0000   1560.4939       0.0000000       15449.322      0.51245203E-12
   80.0000     1.8290     0.0000   1677.6861       0.0000000       13610.485       0.0000000    
   80.0000     2.0210     0.0000   1793.3451       0.0000000       11983.637       0.0000000    
   80.0000     2.2340     0.0000   1904.9061       0.0000000       10537.599      0.37962628E-12
   80.0000     2.4690     0.0000   2007.2994       0.0000000       9260.2685      0.17174440E-12
   80.0000     2.7290     0.0000   2096.5042       0.0000000       8129.1759       0.0000000    
   80.0000     3.0160     0.0000   2167.3836       0.0000000       7130.3708       0.0000000    
   80.0000     3.3330     0.0000   2215.2777       0.0000000       6248.1177       0.0000000    
   80.0000     3.6830     0.0000   2236.4608       0.0000000       5469.4100       0.0000000    
   80.0000     4.0710     0.0000   2228.6989       0.0000000       4779.8773      0.10414725E-12
   80.0000     4.4990     0.0000   2192.5779       0.0000000       4172.7556       0.0000000    
   80.0000     4.9720     0.0000   2130.6921       0.0000000       3637.3919       0.0000000    
   80.0000     5.4950     0.0000   2048.4829       0.0000000       3165.4345       0.0000000    
   80.0000     6.0730     0.0000   1952.4494       0.0000000       2749.8381       0.0000000    
   80.0000     6.7110     0.0000   1848.8313       0.0000000       2384.5659       0.0000000    
   80.0000     7.4170     0.0000   1741.2982       0.0000000       2062.9892      -.57137419E-13
   80.0000     8.1970     0.0000   1631.1247       0.0000000       1780.5275      0.25846447E-13
   80.0000     9.0590     0.0000   1518.6003       0.0000000       1532.6097       0.0000000    
   80.0000    10.0100     0.0000   1402.4935       0.0000000       1315.5198       0.0000000    
   80.0000    11.0600     0.0000   1283.2319       0.0000000       1125.4251      0.19143290E-13
   80.0000    12.2300     0.0000   1161.2594       0.0000000       957.76944       0.0000000    
   80.0000    13.5100     0.0000   1040.9058       0.0000000       812.74815       0.0000000    
   80.0000    14.9400     0.0000   921.82062       0.0000000       684.85235       0.0000000    
   80.0000    16.5100     0.0000   808.07408       0.0000000       574.24466       0.0000000    
   80.0000    18.2400     0.0000   700.61218       0.0000000       478.35995      -.28948514E-14
   80.0000    20.1600     0.0000   599.51934       0.0000000       394.85911       0.0000000    
   80.0000    22.2800     0.0000   506.24925       0.0000000       322.78034       0.0000000    
   80.0000    24.6300     0.0000   420.45759       0.0000000       260.58996      0.53431591E-15
   80.0000    27.2200     0.0000   342.86533       0.0000000       207.51055       0.0000000    
   80.0000    30.0800     0.0000   273.84484       0.0000000       162.40160       0.0000000    
   80.0000    33.2400     0.0000   213.91264       0.0000000       124.34817      0.15753713E-14
   80.0000    36.7400     0.0000   163.04386       0.0000000       92.534325       0.0000000    
   80.0000    40.6000     0.0000   121.00852       0.0000000       66.379010      -.25659130E-14
   80.0000    44.8700     0.0000   86.435043       0.0000000       45.188366       0.0000000    
   80.0000    49.5900     0.0000   58.033040       0.0000000       28.407381      -.20855890E-14
   80.0000    54.8100     0.0000   35.577200       0.0000000       15.513142      0.18785335E-14
   80.0000    60.5700     0.0000   19.207784       0.0000000       6.0650687      -.16912528E-14
   80.0000    66.9400     0.0000   7.7472635       0.0000000      -.55865698       0.0000000    
   80.0000    73.9800     0.0000  -.28526775       0.0000000      -4.9149177       0.0000000    
   80.0000    81.7600     0.0000  -5.1734478       0.0000000      -7.4728234       0.0000000    
   80.0000    89.3600     0.0000  -7.4007756       0.0000000      -8.5632680       0.0000000    
   80.0000    90.3600     0.0000  -7.5884122       0.0000000      -8.6256906      0.11033801E-14
   80.0000    91.2000     0.0000  -7.7306250       0.0000000      -8.6684367       0.0000000    
   80.0000    92.0000     0.0000  -7.8570851       0.0000000      -8.7017316      -.10821199E-14
   80.0000    99.8600     0.0000  -4.5014146       0.0000000      -8.7282856      0.99003609E-15
   80.0000   110.4000     0.0000  -8.3450642       0.0000000      -8.2295448      0.88743863E-15
   80.0000   120.0000     0.0000  -7.7223085       0.0000000      -7.5289066      -.80997593E-15
   80.0000   130.0000     0.0000  -6.8605200       0.0000000      -6.6897352       0.0000000    
   80.0000   140.0000     0.0000  -6.0221974       0.0000000      -5.8833277       0.0000000    
   80.0000   150.0000     0.0000  -5.2179398       0.0000000      -5.1524178      0.31665849E-15
   80.0000   160.0000     0.0000   0.0000000       0.0000000      -4.4976846       0.0000000    
   80.0000   170.0000     0.0000   0.0000000       0.0000000      -3.9070358      -.27561438E-15
   80.0000   180.0000     0.0000   0.0000000       0.0000000      -3.4015461       0.0000000    
   80.0000   190.0000     0.0000   0.0000000       0.0000000      -2.9691935       0.0000000    
   80.0000   200.0000     0.0000   0.0000000       0.0000000      -2.5970231       0.0000000    
   80.0000   210.0000     0.0000   0.0000000       0.0000000      -2.2715263       0.0000000    
   80.0000   220.0000     0.0000   0.0000000       0.0000000      -1.9908311      -.10340636E-15
   80.0000   230.0000     0.0000   0.0000000       0.0000000      -1.7517915       0.0000000    
   80.0000   240.0000     0.0000   0.0000000       0.0000000      -1.5464919      0.93831968E-16
   80.0000   250.0000     0.0000   0.0000000       0.0000000      -1.3688265       0.0000000    
   80.0000   260.0000     0.0000   0.0000000       0.0000000      -1.2127774      0.85803883E-16
   80.0000   270.0000     0.0000   0.0000000       0.0000000      -1.0768630      0.82259428E-16
   80.0000   280.0000     0.0000   0.0000000       0.0000000      -.95937627      0.34554624E-16
   80.0000   290.0000     0.0000   0.0000000       0.0000000      -.85732340      0.37971557E-16
   80.0000   300.0000     0.0000   0.0000000       0.0000000      -.76819430      0.36559083E-16
   80.0000   310.0000     0.0000   0.0000000       0.0000000      -.68986376      0.35242877E-16
   80.0000   320.0000     0.0000   0.0000000       0.0000000      -.62026029       0.0000000    
   80.0000   330.0000     0.0000   0.0000000       0.0000000      -.55845958      -.30809187E-16
   80.0000   340.0000     0.0000   0.0000000       0.0000000      -.50414913      -.19865149E-17
   80.0000   350.0000     0.0000   0.0000000       0.0000000      -.45657563       0.0000000    
   80.0000   360.0000     0.0000   0.0000000       0.0000000      -.41386813      0.31680066E-16
   80.0000   370.0000     0.0000   0.0000000       0.0000000      -.37617367       0.0000000    
   80.0000   380.0000     0.0000   0.0000000       0.0000000      -.34251342       0.0000000    
   80.0000   400.0000     0.0000   0.0000000       0.0000000      -.28484739       0.0000000    
   80.0000   450.0000     0.0000   0.0000000       0.0000000      -.18483866      0.10891939E-16
   80.0000   500.0000     0.0000   0.0000000       0.0000000      -.12394281      -.32277558E-18
   80.0000     0.0911     1.2000   103.89830       33.813564       496216.54       151488.40    
   80.0000     0.1006     1.2000   114.77361       37.352849       442428.81       135055.82    
   80.0000     0.1112     1.2000   126.85110       41.282038       394132.14       120301.80    
   80.0000     0.1229     1.2000   140.17513       45.619546       351078.76       107150.45    
   80.0000     0.1358     1.2000   154.86613       50.400540       312733.53       95438.122    
   80.0000     0.1501     1.2000   171.14208       55.697000       278406.12       84953.781    
   80.0000     0.1659     1.2000   189.10907       61.543804       247791.05       75603.976    
   80.0000     0.1834     1.2000   208.99518       68.015063       220430.42       67248.721    
   80.0000     0.2027     1.2000   230.90517       75.144752       196087.19       59815.503    
   80.0000     0.2240     1.2000   255.05049       82.999012       174409.54       53196.767    
   80.0000     0.2475     1.2000   281.64678       91.655786       155109.63       47304.518    
   80.0000     0.2736     1.2000   311.14511       101.25472       137822.26       42027.155    
   80.0000     0.3023     1.2000   343.50862       111.78289       122494.58       37348.454    
   80.0000     0.3341     1.2000   379.26132       123.41430       108800.38       33168.757    
   80.0000     0.3693     1.2000   418.71007       136.24708       96586.137       29441.128    
   80.0000     0.4081     1.2000   462.01730       150.33337       85739.004       26131.053    
   80.0000     0.4510     1.2000   509.65118       165.82008       76076.535       23182.790    
   80.0000     0.4985     1.2000   562.06495       182.86905       67461.713       20554.472    
   80.0000     0.5509     1.2000   619.48210       201.53855       59811.256       18220.638    
   80.0000     0.6088     1.2000   682.34681       221.96868       53006.556       16145.043    
   80.0000     0.6729     1.2000   751.15109       244.32598       46945.339       14296.444    
   80.0000     0.7436     1.2000   826.01655       268.64325       41567.901       12656.587    
   80.0000     0.8218     1.2000   907.44254       295.08045       36784.568       11198.103    
   80.0000     0.9083     1.2000   995.63074       323.69802       32531.662       9901.5261    
   80.0000     1.0040     1.2000   1090.8068       354.56003       28751.632       8749.2762    
   80.0000     1.1090     1.2000   1192.0525       387.36513       25418.727       7733.4713    
   80.0000     1.2260     1.2000   1300.6568       422.50718       22435.696       6824.4525    
   80.0000     1.3550     1.2000   1414.7571       459.37994       19796.655       6020.3743    
   80.0000     1.4970     1.2000   1533.2049       497.60692       17464.921       5310.0465    
   80.0000     1.6550     1.2000   1655.8724       537.06038       15383.997       4676.2451    
   80.0000     1.8290     1.2000   1779.0516       576.57364       13547.332       4116.9438    
   80.0000     2.0210     1.2000   1900.3564       615.32966       11922.839       3622.3526    
   80.0000     2.2340     1.2000   2016.7110       652.24307       10479.321       3182.9521    
   80.0000     2.4690     1.2000   2122.7259       685.56509       9204.5263       2795.0227    
   80.0000     2.7290     1.2000   2214.0419       713.84069       8076.0750       2451.6714    
   80.0000     3.0160     1.2000   2285.1179       735.23839       7079.9010       2148.6617    
   80.0000     3.3330     1.2000   2331.0073       748.13936       6200.2708       1881.1796    
   80.0000     3.6830     1.2000   2347.6119       751.23772       5424.1532       1645.2439    
   80.0000     4.0710     1.2000   2333.2778       744.02302       4737.1657       1436.4678    
   80.0000     4.4990     1.2000   2288.0388       726.64827       4132.5205       1252.7841    
   80.0000     4.9720     1.2000   2215.5236       700.41831       3599.5903       1090.9442    
   80.0000     5.4950     1.2000   2121.8061       667.48335       3129.9645       948.38919    
   80.0000     6.0730     1.2000   2014.3021       630.43709       2716.5993       822.97502    
   80.0000     6.7110     1.2000   1899.8610       591.65208       2353.4937       712.85931    
   80.0000     7.4170     1.2000   1782.6265       552.55697       2033.9761       616.00616    
   80.0000     8.1970     1.2000   1664.2427       513.69274       1753.4999       531.03890    
   80.0000     9.0590     1.2000   1544.0787       474.82760       1507.4698       456.55220    
   80.0000    10.0100     1.2000   1421.5093       435.67749       1292.1837       391.41578    
   80.0000    11.0600     1.2000   1296.5656       396.18388       1103.8081       334.45772    
   80.0000    12.2300     1.2000   1169.6159       356.43882       937.80325       284.29745    
   80.0000    13.5100     1.2000   1045.0963       317.76998       794.33512       240.97807    
   80.0000    14.9400     1.2000   922.56590       280.01090       667.92948       202.83412    
   80.0000    16.5100     1.2000   806.13791       244.38875       558.74583       169.90671    
   80.0000    18.2400     1.2000   696.66599       211.07094       464.18756       141.40293    
   80.0000    20.1600     1.2000   594.27184       180.16753       382.04054       116.53101    
   80.0000    22.2800     1.2000   500.16815       151.81931       311.08294       95.255100    
   80.0000    24.6300     1.2000   413.65103       125.95116       250.04207       76.841510    
   80.0000    27.2200     1.2000   335.99316       102.73917       198.05233       61.134768    
   80.0000    30.0800     1.2000   267.11350       82.156656       153.96738       47.781047    
   80.0000    33.2400     1.2000   207.55214       64.324755       116.89476       36.509195    
   80.0000    36.7400     1.2000   157.25514       49.192691       85.972057       27.046760    
   80.0000    40.6000     1.2000   115.82260       36.609224       60.672852       19.242729    
   80.0000    44.8700     1.2000   81.899964       26.174321       40.274710       12.875902    
   80.0000    49.5900     1.2000   54.128189       17.516052       24.227194       7.7880837    
   80.0000    54.8100     1.2000   32.303869       10.621207       11.990869       3.8238205    
   80.0000    60.5700     1.2000   16.510400       5.5323906       3.1336365      0.85703467    
   80.0000    66.9400     1.2000   5.5897493       1.8656233      -2.9656290      -1.2776024    
   80.0000    73.9800     1.2000  -1.9844133      -.83976988      -6.8678422      -2.7238078    
   80.0000    81.7600     1.2000  -6.5123625      -2.5544988      -9.0391436      -3.6084684    
   80.0000    89.3600     1.2000  -8.4534148      -3.3673608      -9.8387219      -4.0118059    
   80.0000    90.3600     1.2000  -8.6096937      -3.4406654      -9.8677039      -4.0385766    
   80.0000    91.2000     1.2000  -8.7277625      -3.4976789      -9.8835210      -4.0577770    
   80.0000    92.0000     1.2000  -8.8318456      -3.5492806      -9.9072988      -4.0725311    
   80.0000    99.8600     1.2000  -4.9464210      -1.9620057      -9.7059834      -4.1169393    
   80.0000   110.4000     1.2000  -8.9502379      -3.8680483      -8.9941917      -3.9658812    
   80.0000   120.0000     1.2000  -8.2102411      -3.6812900      -8.1504423      -3.7195601    
   80.0000   130.0000     1.2000  -7.2560607      -3.3762216      -7.1987081      -3.4074425    
   80.0000   140.0000     1.2000  -6.3502497      -3.0631661      -6.3073400      -3.0904743    
   80.0000   150.0000     1.2000  -5.4943925      -2.7408367      -5.5105385      -2.7882465    
   80.0000   160.0000     1.2000   0.0000000       0.0000000      -4.8036095      -2.5053284    
   80.0000   170.0000     1.2000   0.0000000       0.0000000      -4.1714480      -2.2423458    
   80.0000   180.0000     1.2000   0.0000000       0.0000000      -3.6326038      -2.0076021    
   80.0000   190.0000     1.2000   0.0000000       0.0000000      -3.1726335      -1.7988984    
   80.0000   200.0000     1.2000   0.0000000       0.0000000      -2.7770626      -1.6127664    
   80.0000   210.0000     1.2000   0.0000000       0.0000000      -2.4310357      -1.4453533    
   80.0000   220.0000     1.2000   0.0000000       0.0000000      -2.1338926      -1.2970960    
   80.0000   230.0000     1.2000   0.0000000       0.0000000      -1.8815696      -1.1676797    
   80.0000   240.0000     1.2000   0.0000000       0.0000000      -1.6618904      -1.0504447    
   80.0000   250.0000     1.2000   0.0000000       0.0000000      -1.4728507      -.94755860    
   80.0000   260.0000     1.2000   0.0000000       0.0000000      -1.3065333      -.85520249    
   80.0000   270.0000     1.2000   0.0000000       0.0000000      -1.1614287      -.77292856    
   80.0000   280.0000     1.2000   0.0000000       0.0000000      -1.0356134      -.69986478    
   80.0000   290.0000     1.2000   0.0000000       0.0000000      -.92616746      -.63489808    
   80.0000   300.0000     1.2000   0.0000000       0.0000000      -.83043894      -.57685041    
   80.0000   310.0000     1.2000   0.0000000       0.0000000      -.74617441      -.52480015    
   80.0000   320.0000     1.2000   0.0000000       0.0000000      -.67127382      -.47780989    
   80.0000   330.0000     1.2000   0.0000000       0.0000000      -.60476351      -.43542305    
   80.0000   340.0000     1.2000   0.0000000       0.0000000      -.54608294      -.39742580    
   80.0000   350.0000     1.2000   0.0000000       0.0000000      -.49401580      -.36327132    
   80.0000   360.0000     1.2000   0.0000000       0.0000000      -.44777172      -.33251492    
   80.0000   370.0000     1.2000   0.0000000       0.0000000      -.40651471      -.30472688    
   80.0000   380.0000     1.2000   0.0000000       0.0000000      -.36962785      -.27955677    
   80.0000   400.0000     1.2000   0.0000000       0.0000000      -.30658038      -.23574531    
   80.0000   450.0000     1.2000   0.0000000       0.0000000      -.19651331      -.15656172    
   80.0000   500.0000     1.2000   0.0000000       0.0000000      -.12926506      -.10599785    
   80.0000     0.0911     2.4000   117.81590       84.898014       503230.67       359103.74    
   80.0000     0.1006     2.4000   130.14832       93.784851       448545.22       320077.09    
   80.0000     0.1112     2.4000   143.83812       103.64954       399453.97       285043.05    
   80.0000     0.1229     2.4000   158.95522       114.54309       355702.81       253820.24    
   80.0000     0.1358     2.4000   175.60840       126.54326       316745.74       226018.94    
   80.0000     0.1501     2.4000   194.06266       139.84079       281879.47       201137.20    
   80.0000     0.1659     2.4000   214.43091       154.51789       250791.94       178952.31    
   80.0000     0.1834     2.4000   236.98103       170.76722       223016.56       159131.24    
   80.0000     0.2027     2.4000   261.82331       188.66845       198311.18       141501.14    
   80.0000     0.2240     2.4000   289.18720       208.38595       176317.31       125806.17    
   80.0000     0.2475     2.4000   319.35603       230.12461       156741.62       111836.97    
   80.0000     0.2736     2.4000   352.78677       254.21643       139212.52       99328.353    
   80.0000     0.3023     2.4000   389.46897       280.64493       123675.36       88241.288    
   80.0000     0.3341     2.4000   429.98482       309.83858       109798.48       78339.077    
   80.0000     0.3693     2.4000   474.69778       342.05596       97425.414       69510.063    
   80.0000     0.4081     2.4000   523.77249       377.41596       86441.008       61672.043    
   80.0000     0.4510     2.4000   577.71800       416.28156       76659.724       54692.612    
   80.0000     0.4985     2.4000   637.12102       459.08289       67942.169       48472.285    
   80.0000     0.5509     2.4000   702.13138       505.91796       60203.409       42950.446    
   80.0000     0.6088     2.4000   773.28551       557.17885       53322.874       38041.048    
   80.0000     0.6729     2.4000   851.12923       613.25543       47196.595       33669.894    
   80.0000     0.7436     2.4000   935.81650       674.25788       41763.743       29793.569    
   80.0000     0.8218     2.4000   1027.8595       740.55242       36933.214       26347.058    
   80.0000     0.9083     2.4000   1127.4751       812.29397       32640.291       23284.177    
   80.0000     1.0040     2.4000   1234.9048       889.65125       28826.492       20563.189    
   80.0000     1.1090     2.4000   1349.0051       971.79728       25465.458       18165.281    
   80.0000     1.2260     2.4000   1471.1750       1059.7347       22458.799       16020.247    
   80.0000     1.3550     2.4000   1599.3942       1151.9997       19800.213       14123.579    
   80.0000     1.4970     2.4000   1732.1933       1247.5253       17452.554       12448.782    
   80.0000     1.6550     2.4000   1869.1437       1345.9895       15358.594       10955.005    
   80.0000     1.8290     2.4000   2006.1555       1444.4336       13511.544       9637.4086    
   80.0000     2.0210     2.4000   2140.3362       1540.7566       11878.890       8472.7894    
   80.0000     2.2340     2.4000   2267.8758       1632.0681       10429.070       7438.6299    
   80.0000     2.4690     2.4000   2382.6189       1714.2959       9149.6059       6526.0228    
   80.0000     2.7290     2.4000   2479.4769       1783.3769       8017.8109       5718.7787    
   80.0000     3.0160     2.4000   2552.0325       1834.8010       7019.4595       5006.7487    
   80.0000     3.3330     2.4000   2594.6377       1864.5003       6138.6036       4378.5502    
   80.0000     3.6830     2.4000   2602.7645       1869.2228       5362.0568       3824.7787    
   80.0000     4.0710     2.4000   2574.6603       1847.7281       4675.2955       3335.0653    
   80.0000     4.4990     2.4000   2510.9940       1800.5560       4071.4222       2904.4896    
   80.0000     4.9720     2.4000   2416.4396       1731.1756       3539.6923       2525.3895    
   80.0000     5.4950     2.4000   2298.6415       1645.1907       3071.6203       2191.7031    
   80.0000     6.0730     2.4000   2166.8155       1549.2845       2660.1009       1898.3596    
   80.0000     6.7110     2.4000   2029.1436       1449.4910       2299.0379       1641.0148    
   80.0000     7.4170     2.4000   1891.1611       1349.8290       1981.7060       1414.8838    
   80.0000     8.1970     2.4000   1754.2507       1251.2998       1703.5404       1216.6684    
   80.0000     9.0590     2.4000   1617.6722       1153.3425       1459.8979       1043.0744    
   80.0000    10.0100     2.4000   1480.4291       1055.1838       1247.0398       891.43193    
   80.0000    11.0600     2.4000   1344.7327       958.44430       1061.1101       758.98758    
   80.0000    12.2300     2.4000   1203.5017       857.81018       897.56856       642.50071    
   80.0000    13.5100     2.4000   1068.7355       762.00795       756.52599       542.04242    
   80.0000    14.9400     2.4000   936.78200       668.34129       632.54404       453.73213    
   80.0000    16.5100     2.4000   813.73002       581.10941       525.66943       377.63094    
   80.0000    18.2400     2.4000   698.32750       499.48469       433.47688       311.89470    
   80.0000    20.1600     2.4000   591.55298       423.81026       353.51663       254.87989    
   80.0000    22.2800     2.4000   493.69265       354.57296       284.85575       205.87778    
   80.0000    24.6300     2.4000   405.02393       291.81871       225.96847       163.79339    
   80.0000    27.2200     2.4000   325.76102       235.65392       176.06040       128.04680    
   80.0000    30.0800     2.4000   255.96688       186.09026       133.98714       97.837190    
   80.0000    33.2400     2.4000   196.12729       143.43397       98.852074       72.516459    
   80.0000    36.7400     2.4000   146.02250       107.52369       69.791440       51.469625    
   80.0000    40.6000     2.4000   105.21389       78.008762       46.265348       34.312839    
   80.0000    44.8700     2.4000   71.984447       53.842154       27.554227       20.548807    
   80.0000    49.5900     2.4000   45.037319       33.991116       13.099150       9.7934514    
   80.0000    54.8100     2.4000   24.150827       18.443842       2.3508280       1.6814243    
   80.0000    60.5700     2.4000   9.4411803       7.3373746      -5.1349032      -4.0958024    
   80.0000    66.9400     2.4000  -.46027941      -.32803669      -9.9770407      -7.9446113    
   80.0000    73.9800     2.4000  -7.1347096      -5.6691650      -12.700866      -10.219652    
   80.0000    81.7600     2.4000  -10.570186      -8.5062124      -13.780392      -11.237887    
   80.0000    89.3600     2.4000  -11.899547      -9.7466469      -13.697418      -11.317104    
   80.0000    90.3600     2.4000  -11.977916      -9.8305927      -13.626668      -11.277973    
   80.0000    91.2000     2.4000  -12.014137      -9.8737415      -13.559715      -11.238480    
   80.0000    92.0000     2.4000  -12.110272      -9.9783646      -13.491328      -11.196909    
   80.0000    99.8600     2.4000  -6.6767648      -5.5191072      -12.615511      -10.604879    
   80.0000   110.4000     2.4000  -10.831444      -9.2005272      -11.134114      -9.5104970    
   80.0000   120.0000     2.4000  -9.5834062      -8.2556935      -9.7234619      -8.4170991    
   80.0000   130.0000     2.4000  -8.2177109      -7.1738997      -8.3127002      -7.2875844    
   80.0000   140.0000     2.4000  -6.9476680      -6.1390371      -7.0498473      -6.2518761    
   80.0000   150.0000     2.4000  -5.9872597      -5.3504276      -5.9517873      -5.3333766    
   80.0000   160.0000     2.4000   0.0000000       0.0000000      -5.0064313      -4.5287364    
   80.0000   170.0000     2.4000   0.0000000       0.0000000      -4.1950639      -3.8274792    
   80.0000   180.0000     2.4000   0.0000000       0.0000000      -3.5135817      -3.2308686    
   80.0000   190.0000     2.4000   0.0000000       0.0000000      -2.9422747      -2.7248238    
   80.0000   200.0000     2.4000   0.0000000       0.0000000      -2.4626591      -2.2954741    
   80.0000   210.0000     2.4000   0.0000000       0.0000000      -2.0585062      -1.9301998    
   80.0000   220.0000     2.4000   0.0000000       0.0000000      -1.7205532      -1.6220621    
   80.0000   230.0000     2.4000   0.0000000       0.0000000      -1.4387216      -1.3631353    
   80.0000   240.0000     2.4000   0.0000000       0.0000000      -1.2032527      -1.1452651    
   80.0000   250.0000     2.4000   0.0000000       0.0000000      -1.0061465      -.96167331    
   80.0000   260.0000     2.4000   0.0000000       0.0000000      -.84039291      -.80636200    
   80.0000   270.0000     2.4000   0.0000000       0.0000000      -.70182138      -.67578792    
   80.0000   280.0000     2.4000   0.0000000       0.0000000      -.58596002      -.56608443    
   80.0000   290.0000     2.4000   0.0000000       0.0000000      -.48913824      -.47396572    
   80.0000   300.0000     2.4000   0.0000000       0.0000000      -.40805245      -.39650337    
   80.0000   310.0000     2.4000   0.0000000       0.0000000      -.34014913      -.33136538    
   80.0000   320.0000     2.4000   0.0000000       0.0000000      -.28309890      -.27644356    
   80.0000   330.0000     2.4000   0.0000000       0.0000000      -.23531158      -.23028005    
   80.0000   340.0000     2.4000   0.0000000       0.0000000      -.19537305      -.19157732    
   80.0000   350.0000     2.4000   0.0000000       0.0000000      -.16200640      -.15915640    
   80.0000   360.0000     2.4000   0.0000000       0.0000000      -.13416188      -.13202330    
   80.0000   370.0000     2.4000   0.0000000       0.0000000      -.11086215      -.10926905    
   80.0000   380.0000     2.4000   0.0000000       0.0000000      -.91438888E-01  -.90255176E-01
   80.0000   400.0000     2.4000   0.0000000       0.0000000      -.61711543E-01  -.61065664E-01
   80.0000   450.0000     2.4000   0.0000000       0.0000000      -.21878361E-01  -.21750886E-01
   80.0000   500.0000     2.4000   0.0000000       0.0000000      -.69165789E-02  -.68961741E-02
   80.0000     0.0911     2.9600   120.75122       104.78401       466786.94       402767.52    
   80.0000     0.1006     2.9600   133.38474       115.77810       415941.16       358892.27    
   80.0000     0.1112     2.9600   147.42496       127.96494       370306.85       319514.28    
   80.0000     0.1229     2.9600   162.91425       141.40961       329645.82       284427.99    
   80.0000     0.1358     2.9600   179.98168       156.22408       293448.71       253193.79    
   80.0000     0.1501     2.9600   198.89453       172.64032       261060.33       225246.32    
   80.0000     0.1659     2.9600   219.77178       190.76191       232189.29       200334.08    
   80.0000     0.1834     2.9600   242.81308       210.81763       206400.80       178081.87    
   80.0000     0.2027     2.9600   268.32432       232.90482       183468.71       158294.52    
   80.0000     0.2240     2.9600   296.38507       257.26107       163058.99       140683.79    
   80.0000     0.2475     2.9600   327.29232       284.08803       144898.32       125013.79    
   80.0000     0.2736     2.9600   361.55176       313.82445       128640.96       110986.18    
   80.0000     0.3023     2.9600   399.13405       346.44485       114235.28       98556.394    
   80.0000     0.3341     2.9600   440.65142       382.48050       101372.88       87458.311    
   80.0000     0.3693     2.9600   486.45086       422.23253       89907.976       77566.122    
   80.0000     0.4081     2.9600   536.69804       465.84462       79733.115       68787.095    
   80.0000     0.4510     2.9600   591.98949       513.83389       70675.749       60972.337    
   80.0000     0.4985     2.9600   652.80880       566.62028       62606.189       54009.938    
   80.0000     0.5509     2.9600   719.37233       624.39097       55445.247       47831.559    
   80.0000     0.6088     2.9600   792.21141       687.60652       49080.820       42340.465    
   80.0000     0.6729     2.9600   871.89112       756.75677       43416.257       37453.257    
   80.0000     0.7436     2.9600   958.51233       831.92829       38394.870       33121.015    
   80.0000     0.8218     2.9600   1052.5934       913.56973       33932.037       29270.720    
   80.0000     0.9083     2.9600   1154.4744       1001.9739       29967.597       25850.459    
   80.0000     1.0040     2.9600   1264.1681       1097.1503       26447.195       22813.329    
   80.0000     1.1090     2.9600   1380.6044       1198.1671       23346.163       20138.040    
   80.0000     1.2260     2.9600   1505.1453       1306.2019       20573.434       17746.021    
   80.0000     1.3550     2.9600   1635.6773       1419.4142       18122.929       15632.019    
   80.0000     1.4970     2.9600   1770.6178       1536.4299       15960.136       13766.256    
   80.0000     1.6550     2.9600   1909.3771       1656.7232       14032.130       12103.068    
   80.0000     1.8290     2.9600   2047.9867       1776.8421       12332.436       10636.865    
   80.0000     2.0210     2.9600   2182.9280       1893.7236       10830.926       9341.6505    
   80.0000     2.2340     2.9600   2310.4379       2004.0875       9498.3922       8192.2258    
   80.0000     2.4690     2.9600   2424.0503       2102.2811       8323.1997       7178.5496    
   80.0000     2.7290     2.9600   2518.4023       2183.7263       7284.3479       6282.5026    
   80.0000     3.0160     2.9600   2586.8473       2242.5604       6368.6375       5492.6956    
   80.0000     3.3330     2.9600   2623.4074       2273.6226       5561.2999       4796.3861    
   80.0000     3.6830     2.9600   2624.1123       2273.4740       4850.1286       4183.0422    
   80.0000     4.0710     2.9600   2586.4234       2239.9336       4221.7084       3641.0899    
   80.0000     4.4990     2.9600   2511.9431       2174.4341       3669.6159       3164.9860    
   80.0000     4.9720     2.9600   2405.8003       2081.4816       3183.9391       2746.1784    
   80.0000     5.4950     2.9600   2276.3913       1968.4257       2756.8189       2377.8864    
   80.0000     6.0730     2.9600   2133.5770       1843.9005       2381.7180       2054.4691    
   80.0000     6.7110     2.9600   1986.3848       1715.7860       2052.9513       1771.0209    
   80.0000     7.4170     2.9600   1840.4774       1589.0299       1764.3489       1522.2182    
   80.0000     8.1970     2.9600   1697.5130       1465.0686       1511.6978       1304.4231    
   80.0000     9.0590     2.9600   1556.5653       1343.0753       1290.6932       1113.9265    
   80.0000    10.0100     2.9600   1416.3715       1221.9179       1097.9005       947.75741    
   80.0000    11.0600     2.9600   1276.6403       1101.3063       929.76865       802.85271    
   80.0000    12.2300     2.9600   1137.3207       981.17038       782.15069       675.63394    
   80.0000    13.5100     2.9600   1003.1604       865.58330       655.09406       566.13787    
   80.0000    14.9400     2.9600   873.45008       753.91220       543.66332       470.10478    
   80.0000    16.5100     2.9600   752.23684       649.61748       447.90939       387.57393    
   80.0000    18.2400     2.9600   640.11818       553.19944       365.47491       316.50920    
   80.0000    20.1600     2.9600   537.06790       464.60496       294.27552       255.10893    
   80.0000    22.2800     2.9600   443.10100       383.92298       233.41201       202.59448    
   80.0000    24.6300     2.9600   358.76099       311.27313       181.47205       157.74060    
   80.0000    27.2200     2.9600   283.90143       246.83577       137.75348       119.94020    
   80.0000    30.0800     2.9600   218.66768       190.60454       101.21910       88.299450    
   80.0000    33.2400     2.9600   162.03190       141.62590       71.029371       62.092158    
   80.0000    36.7400     2.9600   117.72701       103.29380       46.441649       40.683528    
   80.0000    40.6000     2.9600   81.192147       71.513122       26.930135       23.623585    
   80.0000    44.8700     2.9600   51.941178       45.916398       11.850836       10.365536    
   80.0000    49.5900     2.9600   28.986628       25.745723      0.67602756      0.47154539    
   80.0000    54.8100     2.9600   11.557809       10.304086      -7.0796056      -6.4660102    
   80.0000    60.5700     2.9600  -.29249050E-01  -.43387727E-01  -11.995459      -10.925605    
   80.0000    66.9400     2.9600  -7.0667536      -6.4250739      -14.616138      -13.366302    
   80.0000    73.9800     2.9600  -11.250295      -10.306419      -15.429132      -14.192735    
   80.0000    81.7600     2.9600  -12.787052      -11.802554      -14.892279      -13.793739    
   80.0000    89.3600     2.9600  -12.505308      -11.622398      -13.608625      -12.688694    
   80.0000    90.3600     2.9600  -12.407493      -11.541912      -13.413088      -12.516942    
   80.0000    91.2000     2.9600  -12.320254      -11.469421      -13.246094      -12.369772    
   80.0000    92.0000     2.9600  -12.232532      -11.395962      -13.084757      -12.227230    
   80.0000    99.8600     2.9600  -6.5232218      -6.0938439      -11.441496      -10.759982    
   80.0000   110.4000     2.9600  -9.1690733      -8.6736554      -9.2783049      -8.7946257    
   80.0000   120.0000     2.9600  -7.4767328      -7.1212337      -7.4966406      -7.1520434    
   80.0000   130.0000     2.9600  -6.0606420      -5.8095701      -5.9125179      -5.6750498    
   80.0000   140.0000     2.9600  -4.5762527      -4.4114998      -4.6135252      -4.4523487    
   80.0000   150.0000     2.9600  -3.5072080      -3.3979401      -3.5656752      -3.4578252    
   80.0000   160.0000     2.9600   0.0000000       0.0000000      -2.7290682      -2.6579138    
   80.0000   170.0000     2.9600   0.0000000       0.0000000      -2.0740574      -2.0276305    
   80.0000   180.0000     2.9600   0.0000000       0.0000000      -1.5657802      -1.5358284    
   80.0000   190.0000     2.9600   0.0000000       0.0000000      -1.1731551      -1.1541172    
   80.0000   200.0000     2.9600   0.0000000       0.0000000      -.87132696      -.85939081    
   80.0000   210.0000     2.9600   0.0000000       0.0000000      -.64192769      -.63455155    
   80.0000   220.0000     2.9600   0.0000000       0.0000000      -.46888196      -.46439100    
   80.0000   230.0000     2.9600   0.0000000       0.0000000      -.33914905      -.33646582    
   80.0000   240.0000     2.9600   0.0000000       0.0000000      -.24255566      -.24098480    
   80.0000   250.0000     2.9600   0.0000000       0.0000000      -.17114799      -.17025007    
   80.0000   260.0000     2.9600   0.0000000       0.0000000      -.11902939      -.11852914    
   80.0000   270.0000     2.9600   0.0000000       0.0000000      -.81439922E-01  -.81169391E-01
   80.0000   280.0000     2.9600   0.0000000       0.0000000      -.54659618E-01  -.54518246E-01
   80.0000   290.0000     2.9600   0.0000000       0.0000000      -.35860921E-01  -.35789966E-01
   80.0000   300.0000     2.9600   0.0000000       0.0000000      -.22893808E-01  -.22859834E-01
   80.0000   310.0000     2.9600   0.0000000       0.0000000      -.14133269E-01  -.14117948E-01
   80.0000   320.0000     2.9600   0.0000000       0.0000000      -.83828913E-02  -.83764337E-02
   80.0000   330.0000     2.9600   0.0000000       0.0000000      -.47271758E-02  -.47246804E-02
   80.0000   340.0000     2.9600   0.0000000       0.0000000      -.24983667E-02  -.24975039E-02
   80.0000   350.0000     2.9600   0.0000000       0.0000000      -.12107846E-02  -.12105271E-02
   80.0000   360.0000     2.9600   0.0000000       0.0000000      -.51978494E-03  -.51972223E-03
   80.0000   370.0000     2.9600   0.0000000       0.0000000      -.18625588E-03  -.18624459E-03
   80.0000   380.0000     2.9600   0.0000000       0.0000000      -.49510244E-04  -.49509016E-04
   80.0000   400.0000     2.9600   0.0000000       0.0000000      -.19273406E-06  -.19273400E-06
   80.0000   450.0000     2.9600   0.0000000       0.0000000       0.0000000       0.0000000    
   80.0000   500.0000     2.9600   0.0000000       0.0000000       0.0000000       0.0000000    
   80.0000     0.0911     3.2000   114.67099       104.52531       415465.72       377046.39    
   80.0000     0.1006     3.2000   126.66863       115.46145       370140.86       335910.96    
   80.0000     0.1112     3.2000   140.00134       127.61447       329467.36       298997.13    
   80.0000     0.1229     3.2000   154.71066       141.02192       293231.81       266111.16    
   80.0000     0.1358     3.2000   170.92095       155.79841       260979.16       236840.05    
   80.0000     0.1501     3.2000   188.87551       172.16422       232124.66       210653.08    
   80.0000     0.1659     3.2000   208.70306       190.23741       206407.82       187313.80    
   80.0000     0.1834     3.2000   230.64399       210.23689       183440.51       166469.98    
   80.0000     0.2027     3.2000   254.80804       232.26282       163020.58       147938.09    
   80.0000     0.2240     3.2000   281.45243       256.54943       144849.86       131447.55    
   80.0000     0.2475     3.2000   355.85137       283.30002       128684.35       116776.87    
   80.0000     0.2736     3.2000   343.33127       312.95300       114215.72       103646.25    
   80.0000     0.3023     3.2000   379.00886       345.47258       101397.49       92013.465    
   80.0000     0.3341     3.2000   418.43160       381.40629       89954.723       81629.008    
   80.0000     0.3693     3.2000   461.89124       421.01947       79757.288       72374.763    
   80.0000     0.4081     3.2000   509.63395       464.53594       70709.182       64163.595    
   80.0000     0.4510     3.2000   562.09941       512.35674       62656.570       56855.890    
   80.0000     0.4985     3.2000   619.82756       564.97372       55483.799       50346.684    
   80.0000     0.5509     3.2000   683.00412       622.55614       49120.152       44571.791    
   80.0000     0.6088     3.2000   752.11074       685.54152       43465.698       39440.518    
   80.0000     0.6729     3.2000   827.71587       754.44861       38434.296       34874.686    
   80.0000     0.7436     3.2000   909.83833       829.29375       33975.333       30828.359    
   80.0000     0.8218     3.2000   999.13635       910.67484       30013.428       27233.125    
   80.0000     0.9083     3.2000   1095.6764       998.65219       26494.956       24040.314    
   80.0000     1.0040     3.2000   1199.5925       1093.3449       23371.482       21205.971    
   80.0000     1.1090     3.2000   1309.8945       1193.8521       20620.918       18710.046    
   80.0000     1.2260     3.2000   1427.7632       1301.2422       18162.325       16479.086    
   80.0000     1.3550     3.2000   1551.1933       1413.6863       15990.175       14508.074    
   80.0000     1.4970     3.2000   1678.5711       1529.7099       14073.690       12769.075    
   80.0000     1.6550     3.2000   1809.5891       1649.0233       12365.859       11219.429    
   80.0000     1.8290     3.2000   1939.9836       1767.7371       10860.824       9853.8167    
   80.0000     2.0210     3.2000   2066.6420       1883.0055       9531.7893       8647.9193    
   80.0000     2.2340     3.2000   2185.6635       1991.2627       8352.7961       7578.1825    
   80.0000     2.4690     3.2000   2291.3263       2087.2863       7313.4537       6635.1727    
   80.0000     2.7290     3.2000   2378.0503       2165.9816       6395.0860       5801.9417    
   80.0000     3.0160     3.2000   2439.3812       2221.4620       5585.9650       5067.8481    
   80.0000     3.3330     3.2000   2470.3134       2249.1607       4872.9589       4420.9762    
   80.0000     3.6830     3.2000   2466.1544       2244.8128       4245.1912       3851.4478    
   80.0000     4.0710     3.2000   2425.1997       2206.8776       3690.7637       3348.4731    
   80.0000     4.4990     3.2000   2349.0736       2136.8720       3203.9594       2906.8614    
   80.0000     4.9720     3.2000   2242.8089       2039.4158       2775.9690       2518.6181    
   80.0000     5.4950     3.2000   2114.7878       1922.2063       2399.8247       2177.4199    
   80.0000     6.0730     3.2000   1974.6717       1794.0972       2069.6977       1877.9774    
   80.0000     6.7110     3.2000   1831.2277       1663.1169       1780.5858       1615.7493    
   80.0000     7.4170     3.2000   1690.1380       1534.4655       1526.9833       1385.7396    
   80.0000     8.1970     3.2000   1552.8146       1409.4255       1305.1532       1184.5572    
   80.0000     9.0590     3.2000   1418.3277       1287.1296       1111.3028       1008.7587    
   80.0000    10.0100     3.2000   1285.5143       1166.4907       942.37178       855.56563    
   80.0000    11.0600     3.2000   1153.7384       1046.8662       795.22047       722.12804    
   80.0000    12.2300     3.2000   1023.1155       928.42389       666.18949       605.12447    
   80.0000    13.5100     3.2000   897.98867       815.00839       555.29698       504.56811    
   80.0000    14.9400     3.2000   777.60588       705.94693       458.20944       416.52612    
   80.0000    16.5100     3.2000   665.55375       604.46975       374.94966       341.01587    
   80.0000    18.2400     3.2000   562.71514       511.36748       303.44700       276.15652    
   80.0000    20.1600     3.2000   468.57493       426.14956       241.87357       220.28827    
   80.0000    22.2800     3.2000   383.28542       348.92863       189.42605       172.67682    
   80.0000    24.6300     3.2000   306.93451       279.74011       144.89351       132.22433    
   80.0000    27.2200     3.2000   239.69359       218.82835       107.62316       98.335364    
   80.0000    30.0800     3.2000   181.55869       166.07394       76.715499       70.194020    
   80.0000    33.2400     3.2000   132.73306       121.69453       51.449078       47.143998    
   80.0000    36.7400     3.2000   93.001738       85.496969       31.137147       28.566604    
   80.0000    40.6000     3.2000   61.709808       56.898111       15.323649       14.056734    
   80.0000    44.8700     3.2000   37.280353       34.482804       3.4142072       3.0802208    
   80.0000    49.5900     3.2000   18.246809       16.934421      -5.0647771      -4.7851539    
   80.0000    54.8100     3.2000   4.2895024       3.9936900      -10.609033      -9.9720525    
   80.0000    60.5700     3.2000  -4.4406176      -4.1613620      -13.664286      -12.875418    
   80.0000    66.9400     3.2000  -9.2191133      -8.6864318      -14.776386      -13.978543    
   80.0000    73.9800     3.2000  -11.572808      -10.970233      -14.440368      -13.726523    
   80.0000    81.7600     3.2000  -11.810769      -11.260810      -13.102835      -12.520638    
   80.0000    89.3600     3.2000  -10.792175      -10.342177      -11.392219      -10.939011    
   80.0000    90.3600     3.2000  -10.623804      -10.188396      -11.153528      -10.716638    
   80.0000    91.2000     3.2000  -10.478899      -10.055004      -10.953113      -10.529620    
   80.0000    92.0000     3.2000  -10.340905      -9.9277906      -10.762582      -10.351573    
   80.0000    99.8600     3.2000  -5.2401414      -5.0431995      -8.9420213      -8.6400098    
   80.0000   110.4000     3.2000  -6.7876001      -6.5878395      -6.7697215      -6.5777257    
   80.0000   120.0000     3.2000  -5.3200558      -5.0471467      -5.1326611      -5.0096301    
   80.0000   130.0000     3.2000  -3.7938620      -3.7156139      -3.7663450      -3.6912660    
   80.0000   140.0000     3.2000  -2.7187216      -2.6726329      -2.7172753      -2.6726572    
   80.0000   150.0000     3.2000  -1.9129220      -1.8865019      -1.9298596      -1.9040160    
   80.0000   160.0000     3.2000   0.0000000       0.0000000      -1.3483957      -1.3338022    
   80.0000   170.0000     3.2000   0.0000000       0.0000000      -.92472998      -.91675591    
   80.0000   180.0000     3.2000   0.0000000       0.0000000      -.62297333      -.61875146    
   80.0000   190.0000     3.2000   0.0000000       0.0000000      -.41125094      -.40909514    
   80.0000   200.0000     3.2000   0.0000000       0.0000000      -.26507641      -.26402111    
   80.0000   210.0000     3.2000   0.0000000       0.0000000      -.16601525      -.16552395    
   80.0000   220.0000     3.2000   0.0000000       0.0000000      -.10056934      -.10035361    
   80.0000   230.0000     3.2000   0.0000000       0.0000000      -.58524879E-01  -.58436626E-01
   80.0000   240.0000     3.2000   0.0000000       0.0000000      -.32368801E-01  -.32335811E-01
   80.0000   250.0000     3.2000   0.0000000       0.0000000      -.16761919E-01  -.16750915E-01
   80.0000   260.0000     3.2000   0.0000000       0.0000000      -.79504221E-02  -.79472551E-02
   80.0000   270.0000     3.2000   0.0000000       0.0000000      -.33344545E-02  -.33337165E-02
   80.0000   280.0000     3.2000   0.0000000       0.0000000      -.11638875E-02  -.11637613E-02
   80.0000   290.0000     3.2000   0.0000000       0.0000000      -.29922376E-03  -.29921085E-03
   80.0000   300.0000     3.2000   0.0000000       0.0000000      -.41772016E-04  -.41771557E-04
   80.0000   310.0000     3.2000   0.0000000       0.0000000      -.86832526E-06  -.86832493E-06
   80.0000   320.0000     3.2000   0.0000000       0.0000000       0.0000000       0.0000000    
   80.0000   330.0000     3.2000   0.0000000       0.0000000       0.0000000       0.0000000    
   80.0000   340.0000     3.2000   0.0000000       0.0000000       0.0000000       0.0000000    
   80.0000   350.0000     3.2000   0.0000000       0.0000000       0.0000000       0.0000000    
   80.0000   360.0000     3.2000   0.0000000       0.0000000       0.0000000       0.0000000    
   80.0000   370.0000     3.2000   0.0000000       0.0000000       0.0000000       0.0000000    
   80.0000   380.0000     3.2000   0.0000000       0.0000000       0.0000000       0.0000000    
   80.0000   400.0000     3.2000   0.0000000       0.0000000       0.0000000       0.0000000    
   80.0000   450.0000     3.2000   0.0000000       0.0000000       0.0000000       0.0000000    
   80.0000   500.0000     3.2000   0.0000000       0.0000000       0.0000000       0.0000000    
   80.0000     0.0911     3.9000   47.120829       46.383716       124786.75       122762.89    
   80.0000     0.1006     3.9000   52.052670       51.238189       111073.02       109271.58    
   80.0000     0.1112     3.9000   57.529157       56.628980       98774.959       97172.970    
   80.0000     0.1229     3.9000   63.572605       62.577861       87826.390       86401.973    
   80.0000     0.1358     3.9000   70.230944       69.132010       78088.235       76821.758    
   80.0000     0.1501     3.9000   77.606017       76.391680       69382.521       68257.240    
   80.0000     0.1659     3.9000   85.755064       84.413203       61629.376       60629.841    
   80.0000     0.1834     3.9000   94.768078       93.285175       54710.602       53823.281    
   80.0000     0.2027     3.9000   104.69822       103.05992       48564.186       47776.553    
   80.0000     0.2240     3.9000   115.63869       113.82918       43099.345       42400.344    
   80.0000     0.2475     3.9000   127.68880       125.69069       38241.743       37621.527    
   80.0000     0.2736     3.9000   141.04612       138.83897       33897.902       33348.138    
   80.0000     0.3023     3.9000   155.69966       153.26314       30053.081       29565.676    
   80.0000     0.3341     3.9000   171.88069       169.19089       26624.080       26192.290    
   80.0000     0.3693     3.9000   189.72382       186.75471       23571.260       23188.983    
   80.0000     0.4081     3.9000   209.30320       206.02756       20865.264       20526.876    
   80.0000     0.4510     3.9000   230.82128       227.20871       18459.514       18160.145    
   80.0000     0.4985     3.9000   254.47945       250.49639       16318.951       16054.300    
   80.0000     0.5509     3.9000   280.36389       275.97541       14421.994       14188.111    
   80.0000     0.6088     3.9000   308.66668       303.83479       12738.410       12531.834    
   80.0000     0.6729     3.9000   339.59028       334.27379       11242.151       11059.844    
   80.0000     0.7436     3.9000   373.16745       367.32458       9917.7954       9756.9693    
   80.0000     0.8218     3.9000   409.59563       403.18143       8742.6070       8600.8428    
   80.0000     0.9083     3.9000   448.93517       441.90365       7700.3681       7575.5096    
   80.0000     1.0040     3.9000   491.19082       483.49573       6776.4422       6666.5707    
   80.0000     1.1090     3.9000   535.90802       527.51014       5964.0179       5867.3247    
   80.0000     1.2260     3.9000   583.57583       574.42792       5238.9408       5154.0099    
   80.0000     1.3550     3.9000   633.26359       623.33275       4599.3587       4524.8036    
   80.0000     1.4970     3.9000   684.28752       673.55121       4035.9980       3970.5827    
   80.0000     1.6550     3.9000   736.32602       724.76615       3534.8427       3477.5586    
   80.0000     1.8290     3.9000   787.63156       775.25698       3093.9989       3043.8676    
   80.0000     2.0210     3.9000   836.74425       823.58597       2705.4440       2661.6178    
   80.0000     2.2340     3.9000   881.96708       868.08199       2361.4386       2323.1951    
   80.0000     2.4690     3.9000   920.77704       906.26088       2058.8107       2025.4790    
   80.0000     2.7290     3.9000   950.76272       935.74847       1791.9937       1762.9932    
   80.0000     3.0160     3.9000   969.23613       953.89863       1557.4516       1532.2588    
   80.0000     3.3330     3.9000   973.93848       958.48814       1351.2656       1329.4209    
   80.0000     3.6830     3.9000   963.22838       947.90230       1170.1928       1151.2889    
   80.0000     4.0710     3.9000   936.49981       921.54638       1010.7053       994.39217    
   80.0000     4.4990     3.9000   894.87005       880.52341       871.06813       857.02388    
   80.0000     4.9720     3.9000   840.98018       827.43709       748.66992       736.61490    
   80.0000     5.4950     3.9000   778.82099       766.22035       641.44471       631.13264    
   80.0000     6.0730     3.9000   713.01115       701.42404       547.67899       538.89169    
   80.0000     6.7110     3.9000   647.69891       637.13429       465.86718       458.41038    
   80.0000     7.4170     3.9000   585.21353       575.64484       394.40446       388.10983    
   80.0000     8.1970     3.9000   526.36442       517.75084       332.18411       326.90119    
   80.0000     9.0590     3.9000   470.54596       461.87871       278.08779       273.68485    
   80.0000    10.0100     3.9000   416.96407       410.16418       231.22081       227.57946    
   80.0000    11.0600     3.9000   365.26666       359.33523       190.67060       187.68749    
   80.0000    12.2300     3.9000   315.34586       310.25678       155.39538       152.98382    
   80.0000    13.5100     3.9000   268.73892       264.43795       125.36525       123.43869    
   80.0000    14.9400     3.9000   225.07014       221.50770       99.372578       97.864143    
   80.0000    16.5100     3.9000   185.58569       182.68950       77.407107       76.249744    
   80.0000    18.2400     3.9000   150.36209       147.98577       58.870145       58.006251    
   80.0000    20.1600     3.9000   118.90699       117.12518       43.277387       42.657084    
   80.0000    22.2800     3.9000   91.629569       90.295462       30.389528       29.966764    
   80.0000    24.6300     3.9000   67.931463       66.978114       19.875589       19.608843    
   80.0000    27.2200     3.9000   48.018611       47.375162       11.532741       11.384855    
   80.0000    30.0800     3.9000   31.730806       31.329978       5.1011656       5.0401126    
   80.0000    33.2400     3.9000   19.062424       18.839646      0.35905603      0.35738452    
   80.0000    36.7400     3.9000   9.8200021       9.7174291      -2.9077344      -2.8730055    
   80.0000    40.6000     3.9000   3.5544291       3.5250663      -4.8805162      -4.8285818    
   80.0000    44.8700     3.9000  -.46326536      -.45288597      -5.7902568      -5.7351619    
   80.0000    49.5900     3.9000  -2.9087658      -2.8801812      -5.8643600      -5.8153430    
   80.0000    54.8100     3.9000  -4.0257788      -3.9939362      -5.3322912      -5.2941213    
   80.0000    60.5700     3.9000  -3.9805125      -3.9548902      -4.4223824      -4.3961732    
   80.0000    66.9400     3.9000  -3.2615628      -3.2451103      -3.3469443      -3.3312136    
   80.0000    73.9800     3.9000  -2.3543081      -2.3455065      -2.2886234      -2.2805592    
   80.0000    81.7600     3.9000  -1.4818810      -1.4780555      -1.3851787      -1.3817852    
   80.0000    89.3600     3.9000  -.84790432      -.84645471      -.77943376      -.77816581    
   80.0000    90.3600     3.9000  -.78229121      -.78102875      -.71778602      -.71668390    
   80.0000    91.2000     3.9000  -.73009897      -.72897844      -.66881693      -.66783981    
   80.0000    92.0000     3.9000  -.68298896      -.68199109      -.62451283      -.62364468    
   80.0000    99.8600     3.9000  -.17894280      -.17877873      -.29826036      -.29801508    
   80.0000   110.4000     3.9000  -.94850001E-01  -.94816349E-01  -.86179978E-01  -.86150566E-01
   80.0000   120.0000     3.9000  -.20214647E-01  -.20212247E-01  -.18310271E-01  -.18308191E-01
   80.0000   130.0000     3.9000  -.15130542E-02  -.15130218E-02  -.13616208E-02  -.13615962E-02
   80.0000   140.0000     3.9000  -.48217648E-06  -.48217514E-06  -.47683551E-06  -.47683449E-06
   80.0000   150.0000     3.9000   0.0000000       0.0000000       0.0000000       0.0000000    
   80.0000   160.0000     3.9000   0.0000000       0.0000000       0.0000000       0.0000000    
   80.0000   170.0000     3.9000   0.0000000       0.0000000       0.0000000       0.0000000    
   80.0000   180.0000     3.9000   0.0000000       0.0000000       0.0000000       0.0000000    
   80.0000   190.0000     3.9000   0.0000000       0.0000000       0.0000000       0.0000000    
   80.0000   200.0000     3.9000   0.0000000       0.0000000       0.0000000       0.0000000    
   80.0000   210.0000     3.9000   0.0000000       0.0000000       0.0000000       0.0000000    
   80.0000   220.0000     3.9000   0.0000000       0.0000000       0.0000000       0.0000000    
   80.0000   230.0000     3.9000   0.0000000       0.0000000       0.0000000       0.0000000    
   80.0000   240.0000     3.9000   0.0000000       0.0000000       0.0000000       0.0000000    
   80.0000   250.0000     3.9000   0.0000000       0.0000000       0.0000000       0.0000000    
   80.0000   260.0000     3.9000   0.0000000       0.0000000       0.0000000       0.0000000    
   80.0000   270.0000     3.9000   0.0000000       0.0000000       0.0000000       0.0000000    
   80.0000   280.0000     3.9000   0.0000000       0.0000000       0.0000000       0.0000000    
   80.0000   290.0000     3.9000   0.0000000       0.0000000       0.0000000       0.0000000    
   80.0000   300.0000     3.9000   0.0000000       0.0000000       0.0000000       0.0000000    
   80.0000   310.0000     3.9000   0.0000000       0.0000000       0.0000000       0.0000000    
   80.0000   320.0000     3.9000   0.0000000       0.0000000       0.0000000       0.0000000    
   80.0000   330.0000     3.9000   0.0000000       0.0000000       0.0000000       0.0000000    
   80.0000   340.0000     3.9000   0.0000000       0.0000000       0.0000000       0.0000000    
   80.0000   350.0000     3.9000   0.0000000       0.0000000       0.0000000       0.0000000    
   80.0000   360.0000     3.9000   0.0000000       0.0000000       0.0000000       0.0000000    
   80.0000   370.0000     3.9000   0.0000000       0.0000000       0.0000000       0.0000000    
   80.0000   380.0000     3.9000   0.0000000       0.0000000       0.0000000       0.0000000    
   80.0000   400.0000     3.9000   0.0000000       0.0000000       0.0000000       0.0000000    
   80.0000   450.0000     3.9000   0.0000000       0.0000000       0.0000000       0.0000000    
   80.0000   500.0000     3.9000   0.0000000       0.0000000       0.0000000       0.0000000    
  100.0000     0.0911    -3.9000   9.6693644      -9.6133607       24192.276      -24050.140    
  100.0000     0.1006    -3.9000   10.681408      -10.619543       21533.111      -21406.606    
  100.0000     0.1112    -3.9000   11.805310      -11.736936       19148.493      -19036.003    
  100.0000     0.1229    -3.9000   13.045300      -12.969743       17025.582      -16925.569    
  100.0000     0.1358    -3.9000   14.411683      -14.328212       15137.403      -15048.488    
  100.0000     0.1501    -3.9000   15.926289      -15.834045       13449.442      -13370.446    
  100.0000     0.1659    -3.9000   17.597868      -17.495942       11946.205      -11876.043    
  100.0000     0.1834    -3.9000   19.447606      -19.334966       10604.769      -10542.490    
  100.0000     0.2027    -3.9000   21.485590      -21.361145       9413.1062      -9357.8290    
  100.0000     0.2240    -3.9000   23.731175      -23.593721       8353.6091      -8304.5573    
  100.0000     0.2475    -3.9000   26.204600      -26.052819       7411.8618      -7368.3432    
  100.0000     0.2736    -3.9000   28.945980      -28.778318       6569.7373      -6531.1663    
  100.0000     0.3023    -3.9000   31.954567      -31.769476       5824.3738      -5790.1818    
  100.0000     0.3341    -3.9000   35.276699      -35.072361       5159.6387      -5129.3517    
  100.0000     0.3693    -3.9000   38.940424      -38.714858       4567.8440      -4541.0334    
  100.0000     0.4081    -3.9000   42.961077      -42.712215       4043.2959      -4019.5665    
  100.0000     0.4510    -3.9000   47.380771      -47.106297       3576.9627      -3555.9723    
  100.0000     0.4985    -3.9000   52.241220      -51.938575       3162.0457      -3143.4923    
  100.0000     0.5509    -3.9000   57.558778      -57.225310       2794.3595      -2777.9654    
  100.0000     0.6088    -3.9000   63.377789      -63.010582       2468.0417      -2453.5640    
  100.0000     0.6729    -3.9000   69.736834      -69.332753       2178.0417      -2165.2669    
  100.0000     0.7436    -3.9000   76.644832      -76.200680       1921.3683      -1910.1006    
  100.0000     0.8218    -3.9000   84.143710      -83.656042       1693.6134      -1683.6830    
  100.0000     0.9083    -3.9000   92.247534      -91.712821       1491.6324      -1482.8878    
  100.0000     1.0040    -3.9000   100.96025      -100.37493       1312.5872      -1304.8938    
  100.0000     1.1090    -3.9000   110.19262      -109.55363       1155.1565      -1148.3872    
  100.0000     1.2260    -3.9000   120.04454      -119.34823       1014.6583      -1008.7138    
  100.0000     1.3550    -3.9000   130.33403      -129.57779       890.73251      -885.51541    
  100.0000     1.4970    -3.9000   140.92384      -140.10583       781.58115      -777.00470    
  100.0000     1.6550    -3.9000   151.75594      -150.87461       684.48755      -680.48096    
  100.0000     1.8290    -3.9000   162.47613      -161.53198       599.08375      -595.57838    
  100.0000     2.0210    -3.9000   172.79187      -171.78702       523.81463      -520.75099    
  100.0000     2.2340    -3.9000   182.37460      -181.31307       457.18007      -454.50746    
  100.0000     2.4690    -3.9000   190.66396      -189.55294       398.56482      -396.23618    
  100.0000     2.7290    -3.9000   197.20455      -196.05386       346.88990      -344.86451    
  100.0000     3.0160    -3.9000   201.41595      -200.23874       301.46972      -299.71085    
  100.0000     3.3330    -3.9000   202.81218      -201.62445       261.54466      -260.02009    
  100.0000     3.6830    -3.9000   201.01679      -199.83678       226.48615      -225.16731    
  100.0000     4.0710    -3.9000   195.86225      -194.70928       195.61029      -194.47264    
  100.0000     4.4990    -3.9000   187.49113      -186.38391       168.58067      -167.60165    
  100.0000     4.9720    -3.9000   176.49097      -175.44508       144.89196      -144.05196    
  100.0000     5.4950    -3.9000   163.57155      -162.59876       124.14346      -123.42523    
  100.0000     6.0730    -3.9000   149.72778      -148.83439       106.00081      -105.38905    
  100.0000     6.7110    -3.9000   135.85556      -135.04289       90.173570      -89.654682    
  100.0000     7.4170    -3.9000   122.55754      -121.82347       76.351343      -75.913551    
  100.0000     8.1970    -3.9000   110.03138      -109.37254       64.318155      -63.950933    
  100.0000     9.0590    -3.9000   98.207235      -97.620409       53.857064      -53.551149    
  100.0000    10.0100    -3.9000   86.923913      -86.406502       44.795768      -44.542906    
  100.0000    11.0600    -3.9000   76.089442      -75.639059       36.956481      -36.749446    
  100.0000    12.2300    -3.9000   65.662906      -65.277219       30.137348      -29.970085    
  100.0000    13.5100    -3.9000   55.954278      -55.628867       24.331265      -24.197744    
  100.0000    14.9400    -3.9000   46.879775      -46.610631       19.305954      -19.201491    
  100.0000    16.5100    -3.9000   38.691984      -38.473402       15.055499      -14.975428    
  100.0000    18.2400    -3.9000   31.398424      -31.224599       11.468419      -11.408716    
  100.0000    20.1600    -3.9000   24.891315      -24.756955       8.4459862      -8.4031806    
  100.0000    22.2800    -3.9000   19.212934      -19.112442       5.9435053      -5.9144077    
  100.0000    24.6300    -3.9000   14.283873      -14.212062       3.8964538      -3.8782519    
  100.0000    27.2200    -3.9000   10.114092      -10.065742       2.2675400      -2.2576636    
  100.0000    30.0800    -3.9000   6.6847902      -6.6548992       1.0072981      -1.0034804    
  100.0000    33.2400    -3.9000   4.0135596      -3.9971817      0.73330046E-01  -.73634878E-01
  100.0000    36.7400    -3.9000   2.0686822      -2.0613735      -.57295576      0.57017760    
  100.0000    40.6000    -3.9000  0.75904406      -.75714797      -.96782088      0.96390121    
  100.0000    44.8700    -3.9000  -.84357536E-01  0.83364626E-01  -1.1502068       1.1461524    
  100.0000    49.5900    -3.9000  -.60551897      0.60323347      -1.1629812       1.1594444    
  100.0000    54.8100    -3.9000  -.84555372      0.84310750      -1.0508739       1.0481878    
  100.0000    60.5700    -3.9000  -.83097498      0.82908102      -.85981006      0.85803182    
  100.0000    66.9400    -3.9000  -.66630265      0.66515392      -.63454175      0.63353332    
  100.0000    73.9800    -3.9000  -.45968436      0.45912550      -.41502349      0.41455179    
  100.0000    81.7600    -3.9000  -.26831971      0.26811046      -.23252403      0.23235305    
  100.0000    89.3600    -3.9000  -.13676157      0.13669769      -.11576341      0.11571242    
  100.0000    90.3600    -3.9000  -.12365722      0.12360374      -.10440252      0.10435987    
  100.0000    91.2000    -3.9000  -.11336059      0.11331460      -.95508543E-01  0.95471969E-01
  100.0000    92.0000    -3.9000  -.10416295      0.10412344      -.87556879E-01  0.87525408E-01
  100.0000    99.8600    -3.9000  -.39847714E-01  0.39840243E-01  -.32862853E-01  0.32857038E-01
  100.0000   110.4000    -3.9000  -.60912817E-02  0.60909876E-02  -.50131077E-02  0.50128767E-02
  100.0000   120.0000    -3.9000  -.25133273E-03  0.25133124E-03  -.20312502E-03  0.20312419E-03
  100.0000   130.0000    -3.9000   0.0000000       0.0000000       0.0000000       0.0000000    
  100.0000   140.0000    -3.9000   0.0000000       0.0000000       0.0000000       0.0000000    
  100.0000   150.0000    -3.9000   0.0000000       0.0000000       0.0000000       0.0000000    
  100.0000   160.0000    -3.9000   0.0000000       0.0000000       0.0000000       0.0000000    
  100.0000   170.0000    -3.9000   0.0000000       0.0000000       0.0000000       0.0000000    
  100.0000   180.0000    -3.9000   0.0000000       0.0000000       0.0000000       0.0000000    
  100.0000   190.0000    -3.9000   0.0000000       0.0000000       0.0000000       0.0000000    
  100.0000   200.0000    -3.9000   0.0000000       0.0000000       0.0000000       0.0000000    
  100.0000   210.0000    -3.9000   0.0000000       0.0000000       0.0000000       0.0000000    
  100.0000   220.0000    -3.9000   0.0000000       0.0000000       0.0000000       0.0000000    
  100.0000   230.0000    -3.9000   0.0000000       0.0000000       0.0000000       0.0000000    
  100.0000   240.0000    -3.9000   0.0000000       0.0000000       0.0000000       0.0000000    
  100.0000   250.0000    -3.9000   0.0000000       0.0000000       0.0000000       0.0000000    
  100.0000   260.0000    -3.9000   0.0000000       0.0000000       0.0000000       0.0000000    
  100.0000   270.0000    -3.9000   0.0000000       0.0000000       0.0000000       0.0000000    
  100.0000   280.0000    -3.9000   0.0000000       0.0000000       0.0000000       0.0000000    
  100.0000   290.0000    -3.9000   0.0000000       0.0000000       0.0000000       0.0000000    
  100.0000   300.0000    -3.9000   0.0000000       0.0000000       0.0000000       0.0000000    
  100.0000   310.0000    -3.9000   0.0000000       0.0000000       0.0000000       0.0000000    
  100.0000   320.0000    -3.9000   0.0000000       0.0000000       0.0000000       0.0000000    
  100.0000   330.0000    -3.9000   0.0000000       0.0000000       0.0000000       0.0000000    
  100.0000   340.0000    -3.9000   0.0000000       0.0000000       0.0000000       0.0000000    
  100.0000   350.0000    -3.9000   0.0000000       0.0000000       0.0000000       0.0000000    
  100.0000   360.0000    -3.9000   0.0000000       0.0000000       0.0000000       0.0000000    
  100.0000   370.0000    -3.9000   0.0000000       0.0000000       0.0000000       0.0000000    
  100.0000   380.0000    -3.9000   0.0000000       0.0000000       0.0000000       0.0000000    
  100.0000   400.0000    -3.9000   0.0000000       0.0000000       0.0000000       0.0000000    
  100.0000   450.0000    -3.9000   0.0000000       0.0000000       0.0000000       0.0000000    
  100.0000   500.0000    -3.9000   0.0000000       0.0000000       0.0000000       0.0000000    
  100.0000     0.0911    -3.2000   48.719032      -45.897542       186731.24      -175491.47    
  100.0000     0.1006    -3.2000   53.816164      -50.699482       166395.71      -156379.73    
  100.0000     0.1112    -3.2000   59.481645      -56.036836       148144.11      -139226.52    
  100.0000     0.1229    -3.2000   65.731047      -61.924300       131881.24      -123942.39    
  100.0000     0.1358    -3.2000   72.618030      -68.412423       117403.45      -110335.92    
  100.0000     0.1501    -3.2000   80.249150      -75.601568       104448.75      -98160.892    
  100.0000     0.1659    -3.2000   88.673768      -83.538252       92900.645      -87307.821    
  100.0000     0.1834    -3.2000   97.997524      -92.321994       82585.283      -77613.313    
  100.0000     0.2027    -3.2000   108.26581      -101.99556       73412.250      -68992.395    
  100.0000     0.2240    -3.2000   119.59101      -112.66477       65247.986      -61319.539    
  100.0000     0.2475    -3.2000   132.06335      -124.41467       57983.190      -54492.024    
  100.0000     0.2736    -3.2000   145.89023      -137.44062       51479.600      -48379.907    
  100.0000     0.3023    -3.2000   161.06137      -151.73291       45716.599      -42963.809    
  100.0000     0.3341    -3.2000   177.82194      -167.52251       40570.841      -38127.809    
  100.0000     0.3693    -3.2000   196.31245      -184.94176       35984.036      -33817.122    
  100.0000     0.4081    -3.2000   216.60152      -204.05529       31913.219      -29991.370    
  100.0000     0.4510    -3.2000   238.93416      -225.09378       28289.384      -26585.698    
  100.0000     0.4985    -3.2000   263.49454      -248.23071       25060.666      -23551.363    
  100.0000     0.5509    -3.2000   290.39660      -273.57347       22195.402      -20858.605    
  100.0000     0.6088    -3.2000   319.84211      -301.31181       19648.757      -18465.290    
  100.0000     0.6729    -3.2000   352.06620      -331.66690       17382.075      -16335.087    
  100.0000     0.7436    -3.2000   387.11224      -364.68026       15372.689      -14446.693    
  100.0000     0.8218    -3.2000   425.20182      -400.55951       13586.752      -12768.298    
  100.0000     0.9083    -3.2000   466.48204      -439.44298       12000.202      -11277.288    
  100.0000     1.0040    -3.2000   510.96029      -481.33726       10591.300      -9953.2332    
  100.0000     1.1090    -3.2000   558.25671      -525.88411       9350.1858      -8786.8652    
  100.0000     1.2260    -3.2000   608.88883      -573.56955       8240.4227      -7743.9415    
  100.0000     1.3550    -3.2000   662.07694      -623.65907       7259.5871      -6822.1840    
  100.0000     1.4970    -3.2000   717.21774      -675.58225       6393.8754      -6008.6195    
  100.0000     1.6550    -3.2000   774.07332      -729.11340       5622.1105      -5283.3465    
  100.0000     1.8290    -3.2000   831.10155      -782.79780       4941.7085      -4643.9357    
  100.0000     2.0210    -3.2000   886.91458      -835.32610       4340.6157      -4079.0593    
  100.0000     2.2340    -3.2000   940.04677      -885.31449       3807.1462      -3577.7350    
  100.0000     2.4690    -3.2000   987.90345      -930.31614       3336.6473      -3135.5900    
  100.0000     2.7290    -3.2000   1028.3246      -968.29419       2920.7170      -2744.7282    
  100.0000     3.0160    -3.2000   1058.5165      -996.61526       2554.0751      -2400.1869    
  100.0000     3.3330    -3.2000   1076.1389      -1013.0737       2230.8128      -2096.4134    
  100.0000     3.6830    -3.2000   1079.2576      -1015.8495       1946.0456      -1828.8170    
  100.0000     4.0710    -3.2000   1066.6816      -1003.8251       1694.4051      -1592.3527    
  100.0000     4.4990    -3.2000   1038.6376      -977.22250       1473.3219      -1384.6055    
  100.0000     4.9720    -3.2000   997.34410      -938.14422       1278.8274      -1201.8458    
  100.0000     5.4950    -3.2000   945.63296      -889.27085       1107.7805      -1041.1217    
  100.0000     6.0730    -3.2000   887.61230      -834.48768       957.56198      -899.97143    
  100.0000     6.7110    -3.2000   827.20446      -777.50117       825.89471      -776.25480    
  100.0000     7.4170    -3.2000   766.79057      -720.56110       710.31161      -667.65345    
  100.0000     8.1970    -3.2000   707.58264      -664.80886       609.12350      -572.57960    
  100.0000     9.0590    -3.2000   649.33556      -610.00836       520.60671      -489.41318    
  100.0000    10.0100    -3.2000   591.55917      -555.68966       443.38427      -416.85993    
  100.0000    11.0600    -3.2000   535.10118      -502.64726       376.03346      -353.58254    
  100.0000    12.2300    -3.2000   476.82221      -447.90474       316.88947      -298.01683    
  100.0000    13.5100    -3.2000   421.68319      -396.13866       265.96000      -250.16718    
  100.0000    14.9400    -3.2000   368.35368      -346.08789       221.29735      -208.20638    
  100.0000    16.5100    -3.2000   318.48932      -299.30081       182.88870      -172.11972    
  100.0000    18.2400    -3.2000   272.31246      -255.98553       149.78880      -141.01833    
  100.0000    20.1600    -3.2000   229.68453      -216.00285       121.16301      -114.11780    
  100.0000    22.2800    -3.2000   190.79951      -179.53032       96.644207      -91.072193    
  100.0000    24.6300    -3.2000   155.64007      -146.54922       75.673065      -71.355300    
  100.0000    27.2200    -3.2000   124.22682      -117.07226       57.953925      -54.688631    
  100.0000    30.0800    -3.2000   96.640921      -91.173093       43.077277      -40.687307    
  100.0000    33.2400    -3.2000   73.089174      -69.044692       30.709940      -29.036767    
  100.0000    36.7400    -3.2000   53.572947      -50.688055       20.553748      -19.457876    
  100.0000    40.6000    -3.2000   37.846246      -35.872552       12.407163      -11.762101    
  100.0000    44.8700    -3.2000   25.131165      -23.869359       6.0194289      -5.7151501    
  100.0000    49.5900    -3.2000   14.794982      -14.087801       1.1964217      -1.1358252    
  100.0000    54.8100    -3.2000   6.8036817      -6.5034234      -2.2534332       2.1541338    
  100.0000    60.5700    -3.2000   1.3472546      -1.3055768      -4.5126156       4.3214786    
  100.0000    66.9400    -3.2000  -2.1168116       2.0158755      -5.7700728       5.5410813    
  100.0000    73.9800    -3.2000  -4.2274695       4.0589163      -6.2037620       5.9769764    
  100.0000    81.7600    -3.2000  -5.1226270       4.9414725      -6.0350925       5.8351118    
  100.0000    89.3600    -3.2000  -5.1355752       4.9728371      -5.5216359       5.3565940    
  100.0000    90.3600    -3.2000  -5.1032480       4.9439274      -5.4394913       5.2791267    
  100.0000    91.2000    -3.2000  -5.0720015       4.9156141      -5.3694873       5.2130405    
  100.0000    92.0000    -3.2000  -5.0403400       4.8867847      -5.3009979       5.1482662    
  100.0000    99.8600    -3.2000  -4.5912316       4.4674652      -4.5884115       4.4708004    
  100.0000   110.4000    -3.2000  -3.7139044       3.6295187      -3.6235824       3.5448587    
  100.0000   120.0000    -3.2000  -2.9567264       2.8996952      -2.8317208       2.7792554    
  100.0000   130.0000    -3.2000  -2.2469871       2.2108029      -2.1376730       2.1045529    
  100.0000   140.0000    -3.2000  -1.6564698       1.6344717      -1.5783007       1.5581044    
  100.0000   150.0000    -3.2000  -1.1929760       1.1800241      -1.1412749       1.1293015    
  100.0000   160.0000    -3.2000  -.84099895      0.83363543      -.80784324      0.80099438    
  100.0000   170.0000    -3.2000  -.57790229      0.57387595      -.56046549      0.55668071    
  100.0000   180.0000    -3.2000  -.39009529      0.38796740      -.38051633      0.37850151    
  100.0000   190.0000    -3.2000  -1.0841231       1.0796836      -.25210737      0.25107914    
  100.0000   200.0000    -3.2000   0.0000000       0.0000000      -.16233988      0.16184012    
  100.0000   210.0000    -3.2000   0.0000000       0.0000000      -.10121600      0.10098646    
  100.0000   220.0000    -3.2000   0.0000000       0.0000000      -.60745565E-01  0.60647023E-01
  100.0000   230.0000    -3.2000   0.0000000       0.0000000      -.34787684E-01  0.34748686E-01
  100.0000   240.0000    -3.2000   0.0000000       0.0000000      -.18775172E-01  0.18761235E-01
  100.0000   250.0000    -3.2000   0.0000000       0.0000000      -.93680835E-02  0.93637325E-02
  100.0000   260.0000    -3.2000   0.0000000       0.0000000      -.42023427E-02  0.42012097E-02
  100.0000   270.0000    -3.2000   0.0000000       0.0000000      -.16168596E-02  0.16166322E-02
  100.0000   280.0000    -3.2000   0.0000000       0.0000000      -.48823806E-03  0.48820767E-03
  100.0000   290.0000    -3.2000   0.0000000       0.0000000      -.94900048E-04  0.94898122E-04
  100.0000   300.0000    -3.2000   0.0000000       0.0000000      -.63944029E-05  0.63943885E-05
  100.0000   310.0000    -3.2000   0.0000000       0.0000000       0.0000000       0.0000000    
  100.0000   320.0000    -3.2000   0.0000000       0.0000000       0.0000000       0.0000000    
  100.0000   330.0000    -3.2000   0.0000000       0.0000000       0.0000000       0.0000000    
  100.0000   340.0000    -3.2000   0.0000000       0.0000000       0.0000000       0.0000000    
  100.0000   350.0000    -3.2000   0.0000000       0.0000000       0.0000000       0.0000000    
  100.0000   360.0000    -3.2000   0.0000000       0.0000000       0.0000000       0.0000000    
  100.0000   370.0000    -3.2000   0.0000000       0.0000000       0.0000000       0.0000000    
  100.0000   380.0000    -3.2000   0.0000000       0.0000000       0.0000000       0.0000000    
  100.0000   400.0000    -3.2000   0.0000000       0.0000000       0.0000000       0.0000000    
  100.0000   450.0000    -3.2000   0.0000000       0.0000000       0.0000000       0.0000000    
  100.0000   500.0000    -3.2000   0.0000000       0.0000000       0.0000000       0.0000000    
  100.0000     0.0911    -2.9600   55.388928      -50.285248       230512.56      -208503.00    
  100.0000     0.1006    -2.9600   61.186425      -55.548533       205453.29      -185835.79    
  100.0000     0.1112    -2.9600   67.623149      -61.392160       182958.35      -165488.17    
  100.0000     0.1229    -2.9600   74.730125      -67.844255       162911.13      -147354.68    
  100.0000     0.1358    -2.9600   82.560378      -74.952985       145061.29      -131208.84    
  100.0000     0.1501    -2.9600   91.236933      -82.830032       129086.46      -116759.06    
  100.0000     0.1659    -2.9600   100.81332      -91.523983       114843.54      -103875.88    
  100.0000     0.1834    -2.9600   111.41651      -101.15007       102118.62      -92365.830    
  100.0000     0.2027    -2.9600   123.09640      -111.75363       90800.679      -82128.454    
  100.0000     0.2240    -2.9600   135.96455      -123.43596       80725.369      -73015.102    
  100.0000     0.2475    -2.9600   150.15077      -136.31485       71758.228      -64904.142    
  100.0000     0.2736    -2.9600   165.87272      -150.58822       63728.962      -57641.533    
  100.0000     0.3023    -2.9600   183.12468      -166.24981       56612.461      -51204.560    
  100.0000     0.3341    -2.9600   202.18077      -183.54962       50256.737      -45455.741    
  100.0000     0.3693    -2.9600   223.21394      -202.64402       44590.074      -40330.203    
  100.0000     0.4081    -2.9600   246.29940      -223.60146       39559.665      -35780.181    
  100.0000     0.4510    -2.9600   271.68387      -246.64579       35080.489      -31728.767    
  100.0000     0.4985    -2.9600   299.63920      -272.02369       31088.661      -28118.176    
  100.0000     0.5509    -2.9600   330.23881      -299.80155       27545.246      -24913.186    
  100.0000     0.6088    -2.9600   363.74527      -330.21766       24394.992      -22063.820    
  100.0000     0.6729    -2.9600   400.41269      -363.50278       21590.258      -19526.986    
  100.0000     0.7436    -2.9600   440.31963      -399.72719       19103.159      -17277.458    
  100.0000     0.8218    -2.9600   483.71726      -439.11916       16891.953      -15277.482    
  100.0000     0.9083    -2.9600   530.71193      -481.77423       14926.988      -13500.233    
  100.0000     1.0040    -2.9600   581.42379      -527.80083       13181.464      -11921.472    
  100.0000     1.1090    -2.9600   635.37096      -576.75601       11643.289      -10530.259    
  100.0000     1.2260    -2.9600   693.17714      -629.24009       10267.413      -9285.8480    
  100.0000     1.3550    -2.9600   753.95367      -684.36603       9050.9287      -8185.6061    
  100.0000     1.4970    -2.9600   817.01376      -741.57729       7976.8121      -7214.1359    
  100.0000     1.6550    -2.9600   882.20953      -800.71582       7018.8729      -6347.7482    
  100.0000     1.8290    -2.9600   947.63990      -860.05317       6173.9808      -5583.6107    
  100.0000     2.0210    -2.9600   1011.9866      -918.38834       5427.2449      -4908.2544    
  100.0000     2.2340    -2.9600   1073.4924      -974.12202       4764.2140      -4308.6085    
  100.0000     2.4690    -2.9600   1129.2692      -1024.6283       4179.1672      -3779.4980    
  100.0000     2.7290    -2.9600   1176.9154      -1067.7231       3661.7155      -3311.5261    
  100.0000     3.0160    -2.9600   1213.3483      -1100.6042       3205.3437      -2898.7995    
  100.0000     3.3330    -2.9600   1235.8093      -1120.7695       2802.7472      -2534.7114    
  100.0000     3.6830    -2.9600   1241.9829      -1126.1167       2447.8890      -2213.8011    
  100.0000     4.0710    -2.9600   1230.8263      -1115.7048       2134.1214      -1930.0559    
  100.0000     4.4990    -2.9600   1202.2257      -1089.4447       1858.2795      -1680.6133    
  100.0000     4.9720    -2.9600   1158.6099      -1049.5601       1615.4483      -1461.0274    
  100.0000     5.4950    -2.9600   1103.0127      -998.81904       1401.7397      -1267.7814    
  100.0000     6.0730    -2.9600   1039.8998      -941.31492       1213.9127      -1097.9440    
  100.0000     6.7110    -2.9600   973.55502      -880.93989       1049.1510      -948.96760    
  100.0000     7.4170    -2.9600   906.53584      -820.03237       904.39174      -818.08178    
  100.0000     8.1970    -2.9600   840.52976      -760.12352       777.54184      -703.39320    
  100.0000     9.0590    -2.9600   774.89945      -700.63037       666.46541      -602.96974    
  100.0000    10.0100    -2.9600   709.29396      -641.21308       569.45580      -515.26740    
  100.0000    11.0600    -2.9600   643.51981      -581.72726       484.74373      -438.68559    
  100.0000    12.2300    -2.9600   577.60004      -522.11368       410.25628      -371.34932    
  100.0000    13.5100    -2.9600   513.70337      -464.37921       346.03120      -313.29146    
  100.0000    14.9400    -2.9600   451.51101      -408.21504       289.58438      -262.26499    
  100.0000    16.5100    -2.9600   393.01908      -355.41776       240.94893      -218.29909    
  100.0000    18.2400    -2.9600   338.44326      -306.17327       198.94964      -180.33088    
  100.0000    20.1600    -2.9600   287.90713      -260.59132       162.51084      -147.38370    
  100.0000    22.2800    -2.9600   241.49635      -218.73207       131.19564      -119.06356    
  100.0000    24.6300    -2.9600   199.16275      -180.54942       104.29606      -94.728591    
  100.0000    27.2200    -2.9600   161.14966      -146.25934       81.445962      -74.046387    
  100.0000    30.0800    -2.9600   127.51601      -115.89412       62.120061      -56.541470    
  100.0000    33.2400    -2.9600   98.488197      -89.665225       45.907812      -41.842043    
  100.0000    36.7400    -2.9600   73.629973      -67.169831       32.432236      -29.606955    
  100.0000    40.6000    -2.9600   54.094740      -49.462817       21.446412      -19.612876    
  100.0000    44.8700    -2.9600   37.640691      -34.507189       12.639900      -11.579901    
  100.0000    49.5900    -2.9600   24.009000      -22.078526       5.7792991      -5.2996446    
  100.0000    54.8100    -2.9600   13.224102      -12.211764      0.63347000      -.56683104    
  100.0000    60.5700    -2.9600   5.4943191      -5.1077677      -2.9949862       2.7928397    
  100.0000    66.9400    -2.9600  0.20061401      -.20496545      -5.3411508       4.9871161    
  100.0000    73.9800    -2.9600  -3.3877337       3.1538089      -6.6313043       6.2144720    
  100.0000    81.7600    -2.9600  -5.3653205       5.0306210      -7.0767787       6.6630390    
  100.0000    89.3600    -2.9600  -6.0258710       5.6802001      -6.9286740       6.5534671    
  100.0000    90.3600    -2.9600  -6.0586332       5.7150087      -6.8808723       6.5122157    
  100.0000    91.2000    -2.9600  -6.0792143       5.7376926      -6.8372792       6.4742410    
  100.0000    92.0000    -2.9600  -6.0944626       5.7552192      -6.7925451       6.4349609    
  100.0000    99.8600    -2.9600  -5.9947087       5.6907284      -6.2329595       5.9317280    
  100.0000   110.4000    -2.9600  -5.3104734       5.0735002      -5.3040660       5.0772395    
  100.0000   120.0000    -2.9600  -4.5511886       4.3710346      -4.4490861       4.2798326    
  100.0000   130.0000    -2.9600  -3.7476486       3.6172904      -3.6301686       3.5085286    
  100.0000   140.0000    -2.9600  -3.0092002       2.9177353      -2.9110666       2.8256032    
  100.0000   150.0000    -2.9600  -2.3740875       2.3113224      -2.2990081       2.2402392    
  100.0000   160.0000    -2.9600  -1.8475926       1.8053508      -1.7962712       1.7564774    
  100.0000   170.0000    -2.9600  -1.4161360       1.3882514      -1.3898655       1.3633037    
  100.0000   180.0000    -2.9600  -1.0792909       1.0611079      -1.0647386       1.0473302    
  100.0000   190.0000    -2.9600  -3.1833531       3.1393103      -.80714336      0.79590177    
  100.0000   200.0000    -2.9600   0.0000000       0.0000000      -.60596718      0.59883665    
  100.0000   210.0000    -2.9600   0.0000000       0.0000000      -.45066005      0.44619998    
  100.0000   220.0000    -2.9600   0.0000000       0.0000000      -.33166268      0.32892912    
  100.0000   230.0000    -2.9600   0.0000000       0.0000000      -.24127946      0.23963766    
  100.0000   240.0000    -2.9600   0.0000000       0.0000000      -.17319611      0.17223251    
  100.0000   250.0000    -2.9600   0.0000000       0.0000000      -.12252625      0.12197514    
  100.0000   260.0000    -2.9600   0.0000000       0.0000000      -.85325750E-01  0.85019279E-01
  100.0000   270.0000    -2.9600   0.0000000       0.0000000      -.58352261E-01  0.58187254E-01
  100.0000   280.0000    -2.9600   0.0000000       0.0000000      -.39065525E-01  0.38979943E-01
  100.0000   290.0000    -2.9600   0.0000000       0.0000000      -.25503418E-01  0.25460980E-01
  100.0000   300.0000    -2.9600   0.0000000       0.0000000      -.16154310E-01  0.16134314E-01
  100.0000   310.0000    -2.9600   0.0000000       0.0000000      -.98627721E-02  0.98539438E-02
  100.0000   320.0000    -2.9600   0.0000000       0.0000000      -.57593328E-02  0.57557290E-02
  100.0000   330.0000    -2.9600   0.0000000       0.0000000      -.31802081E-02  0.31788645E-02
  100.0000   340.0000    -2.9600   0.0000000       0.0000000      -.16310682E-02  0.16306277E-02
  100.0000   350.0000    -2.9600   0.0000000       0.0000000      -.75677779E-03  0.75665587E-03
  100.0000   360.0000    -2.9600   0.0000000       0.0000000      -.30423538E-03  0.30420882E-03
  100.0000   370.0000    -2.9600   0.0000000       0.0000000      -.97912030E-04  0.97908051E-04
  100.0000   380.0000    -2.9600   0.0000000       0.0000000      -.21325787E-04  0.21325482E-04
  100.0000   400.0000    -2.9600   0.0000000       0.0000000      -.91747301E-08  0.91747259E-08
  100.0000   450.0000    -2.9600   0.0000000       0.0000000       0.0000000       0.0000000    
  100.0000   500.0000    -2.9600   0.0000000       0.0000000       0.0000000       0.0000000    
  100.0000     0.0911    -2.4000   57.586195      -45.097935       272488.42      -212233.70    
  100.0000     0.1006    -2.4000   63.613762      -49.818338       242947.39      -189224.18    
  100.0000     0.1112    -2.4000   70.308593      -55.061295       216422.52      -168564.02    
  100.0000     0.1229    -2.4000   77.693158      -60.844410       192777.65      -150147.14    
  100.0000     0.1358    -2.4000   85.836502      -67.221927       171718.80      -133744.57    
  100.0000     0.1501    -2.4000   94.858057      -74.286647       152866.80      -119060.95    
  100.0000     0.1659    -2.4000   104.81719      -82.086072       136053.82      -105965.55    
  100.0000     0.1834    -2.4000   115.84046      -90.718696       121028.34      -94262.456    
  100.0000     0.2027    -2.4000   127.98516      -100.22951       107660.13      -83850.229    
  100.0000     0.2240    -2.4000   141.37127      -110.71249       95755.958      -74578.342    
  100.0000     0.2475    -2.4000   156.11416      -122.25794       85157.704      -66323.644    
  100.0000     0.2736    -2.4000   172.46839      -135.06555       75664.780      -58929.890    
  100.0000     0.3023    -2.4000   190.41102      -149.11614       67248.135      -52374.449    
  100.0000     0.3341    -2.4000   210.23460      -164.64001       59728.611      -46517.774    
  100.0000     0.3693    -2.4000   232.11000      -181.77048       53021.881      -41294.180    
  100.0000     0.4081    -2.4000   256.12561      -200.51228       47065.948      -36655.375    
  100.0000     0.4510    -2.4000   282.54779      -221.26712       41760.612      -32523.312    
  100.0000     0.4985    -2.4000   311.62087      -244.03295       37030.617      -28839.376    
  100.0000     0.5509    -2.4000   343.47932      -268.98002       32830.213      -25567.929    
  100.0000     0.6088    -2.4000   378.36653      -296.29624       29094.267      -22658.238    
  100.0000     0.6729    -2.4000   416.56178      -326.20248       25766.601      -20066.549    
  100.0000     0.7436    -2.4000   458.13566      -358.75226       22814.435      -17767.327    
  100.0000     0.8218    -2.4000   503.37279      -394.16878       20188.503      -15722.199    
  100.0000     0.9083    -2.4000   552.41168      -432.55879       17853.840      -13903.932    
  100.0000     1.0040    -2.4000   605.33322      -473.98468       15778.841      -12287.908    
  100.0000     1.1090    -2.4000   661.70184      -518.10863       13949.356      -10863.105    
  100.0000     1.2260    -2.4000   722.18951      -565.44020       12312.004      -9587.9477    
  100.0000     1.3550    -2.4000   785.87067      -615.26708       10863.500      -8459.8754    
  100.0000     1.4970    -2.4000   852.09567      -667.07236       9583.7527      -7463.2402    
  100.0000     1.6550    -2.4000   920.74014      -720.75408       8441.7131      -6573.8591    
  100.0000     1.8290    -2.4000   989.92046      -774.83352       7433.7913      -5788.9352    
  100.0000     2.0210    -2.4000   1058.1815      -828.16551       6542.3631      -5094.7416    
  100.0000     2.2340    -2.4000   1123.9714      -879.52713       5750.2998      -4477.9381    
  100.0000     2.4690    -2.4000   1184.2631      -926.54200       5050.8808      -3933.2896    
  100.0000     2.7290    -2.4000   1236.6195      -967.29626       4431.7935      -3451.2065    
  100.0000     3.0160    -2.4000   1277.9228      -999.34288       3885.3418      -3025.6946    
  100.0000     3.3330    -2.4000   1305.3143      -1020.4418       3402.8722      -2650.0140    
  100.0000     3.6830    -2.4000   1316.4501      -1028.7609       2977.2348      -2318.5960    
  100.0000     4.0710    -2.4000   1309.8923      -1023.1820       2600.5330      -2025.2908    
  100.0000     4.4990    -2.4000   1285.8990      -1003.9254       2269.0394      -1767.1945    
  100.0000     4.9720    -2.4000   1246.0089      -972.22454       1976.9150      -1539.7601    
  100.0000     5.4950    -2.4000   1193.5829      -930.74172       1719.5447      -1339.3927    
  100.0000     6.0730    -2.4000   1132.8948      -882.85989       1493.0829      -1163.0972    
  100.0000     6.7110    -2.4000   1067.9915      -831.77850       1294.1883      -1008.2708    
  100.0000     7.4170    -2.4000   1001.5695      -779.62727       1119.2095      -872.06989    
  100.0000     8.1970    -2.4000   934.73402      -727.27904       965.66739      -752.56290    
  100.0000     9.0590    -2.4000   867.74757      -674.92854       831.01679      -647.76735    
  100.0000    10.0100    -2.4000   799.75771      -621.89766       713.22918      -556.10270    
  100.0000    11.0600    -2.4000   730.78614      -568.18845       610.19345      -475.92699    
  100.0000    12.2300    -2.4000   660.93722      -513.86841       519.42151      -405.29077    
  100.0000    13.5100    -2.4000   592.54621      -460.74387       440.98589      -344.26274    
  100.0000    14.9400    -2.4000   525.33884      -408.59770       371.88380      -290.49800    
  100.0000    16.5100    -2.4000   461.36533      -359.00416       312.18231      -244.04849    
  100.0000    18.2400    -2.4000   401.49267      -312.63301       260.45758      -203.80213    
  100.0000    20.1600    -2.4000   345.25313      -269.09887       215.43378      -168.76334    
  100.0000    22.2800    -2.4000   293.34209      -228.94288       176.56609      -138.50675    
  100.0000    24.6300    -2.4000   245.42739      -191.87790       143.00202      -112.36522    
  100.0000    27.2200    -2.4000   202.00369      -158.27916       114.30512      -89.997398    
  100.0000    30.0800    -2.4000   163.22633      -128.25319       89.840550      -70.907719    
  100.0000    33.2400    -2.4000   129.32713      -101.96349       69.109097      -54.701553    
  100.0000    36.7400    -2.4000   100.31766      -79.403928       51.650137      -41.021471    
  100.0000    40.6000    -2.4000   76.103523      -60.511743       37.168287      -29.637352    
  100.0000    44.8700    -2.4000   55.738069      -44.540059       25.281084      -20.251421    
  100.0000    49.5900    -2.4000   38.537924      -30.980528       15.713770      -12.653169    
  100.0000    54.8100    -2.4000   24.561702      -19.904363       8.1982833      -6.6361972    
  100.0000    60.5700    -2.4000   14.070319      -11.526054       2.4975726      -2.0255979    
  100.0000    66.9400    -2.4000   6.3388713      -5.2660037      -1.6331561       1.3617792    
  100.0000    73.9800    -2.4000  0.61422909      -.55262478      -4.4036450       3.6787891    
  100.0000    81.7600    -2.4000  -3.1650267       2.6223075      -6.0793032       5.1235001    
  100.0000    89.3600    -2.4000  -5.0655503       4.2586376      -6.8275148       5.8073089    
  100.0000    90.3600    -2.4000  -5.2375124       4.4106267      -6.8789413       5.8579209    
  100.0000    91.2000    -2.4000  -5.3709890       4.5292143      -6.9168078       5.8962507    
  100.0000    92.0000    -2.4000  -5.4889578       4.6343785      -6.9463551       5.9270463    
  100.0000    99.8600    -2.4000  -6.2711861       5.3586103      -7.0036215       6.0329249    
  100.0000   110.4000    -2.4000  -6.3641514       5.5139733      -6.6277732       5.7775398    
  100.0000   120.0000    -2.4000  -6.0224919       5.2768207      -6.0629637       5.3396108    
  100.0000   130.0000    -2.4000  -5.4421432       4.8198289      -5.4038685       4.8070845    
  100.0000   140.0000    -2.4000  -4.8088414       4.3003832      -4.7433582       4.2589536    
  100.0000   150.0000    -2.4000  -4.1766073       3.7697108      -4.1160677       3.7275553    
  100.0000   160.0000    -2.4000  -3.5976497       3.2748027      -3.5404918       3.2317765    
  100.0000   170.0000    -2.4000  -3.0600204       2.8067047      -3.0314688       2.7875001    
  100.0000   180.0000    -2.4000  -2.5959960       2.3978697      -2.5869792       2.3948646    
  100.0000   190.0000    -2.4000  -7.9208587       7.3813740      -2.2010738       2.0503093    
  100.0000   200.0000    -2.4000   0.0000000       0.0000000      -1.8664074       1.7485799    
  100.0000   210.0000    -2.4000   0.0000000       0.0000000      -1.5797899       1.4878674    
  100.0000   220.0000    -2.4000   0.0000000       0.0000000      -1.3358950       1.2643443    
  100.0000   230.0000    -2.4000   0.0000000       0.0000000      -1.1287282       1.0730895    
  100.0000   240.0000    -2.4000   0.0000000       0.0000000      -.95261006      0.90943511    
  100.0000   250.0000    -2.4000   0.0000000       0.0000000      -.80266625      0.76923840    
  100.0000   260.0000    -2.4000   0.0000000       0.0000000      -.67544944      0.64962535    
  100.0000   270.0000    -2.4000   0.0000000       0.0000000      -.56796573      0.54805098    
  100.0000   280.0000    -2.4000   0.0000000       0.0000000      -.47729951      0.46196689    
  100.0000   290.0000    -2.4000   0.0000000       0.0000000      -.40072567      0.38894385    
  100.0000   300.0000    -2.4000   0.0000000       0.0000000      -.33606788      0.32703948    
  100.0000   310.0000    -2.4000   0.0000000       0.0000000      -.28144230      0.27453544    
  100.0000   320.0000    -2.4000   0.0000000       0.0000000      -.23518894      0.22993338    
  100.0000   330.0000    -2.4000   0.0000000       0.0000000      -.19631140      0.19231460    
  100.0000   340.0000    -2.4000   0.0000000       0.0000000      -.16359303      0.16057001    
  100.0000   350.0000    -2.4000   0.0000000       0.0000000      -.13615547      0.13387255    
  100.0000   360.0000    -2.4000   0.0000000       0.0000000      -.11309321      0.11137539    
  100.0000   370.0000    -2.4000   0.0000000       0.0000000      -.93727043E-01  0.92444023E-01
  100.0000   380.0000    -2.4000   0.0000000       0.0000000      -.77513869E-01  0.76556203E-01
  100.0000   400.0000    -2.4000   0.0000000       0.0000000      -.52536317E-01  0.52011905E-01
  100.0000   450.0000    -2.4000   0.0000000       0.0000000      -.18775637E-01  0.18671410E-01
  100.0000   500.0000    -2.4000   0.0000000       0.0000000      -.59500703E-02  0.59334126E-02
  100.0000     0.0911    -1.2000   50.278777      -18.709642       268113.81      -96642.344    
  100.0000     0.1006    -1.2000   55.541593      -20.668159       239120.68      -86189.171    
  100.0000     0.1112    -1.2000   61.386840      -22.843252       213081.62      -76801.265    
  100.0000     0.1229    -1.2000   67.836297      -25.243167       189864.16      -68430.831    
  100.0000     0.1358    -1.2000   74.943351      -27.887844       169180.82      -60974.186    
  100.0000     0.1501    -1.2000   82.822414      -30.819605       150660.22      -54297.406    
  100.0000     0.1659    -1.2000   91.519226      -34.055737       134138.44      -48341.360    
  100.0000     0.1834    -1.2000   101.14487      -37.636068       119369.19      -43017.233    
  100.0000     0.2027    -1.2000   111.75041      -41.583677       106225.28      -38279.149    
  100.0000     0.2240    -1.2000   123.43947      -45.933009       94517.469      -34058.864    
  100.0000     0.2475    -1.2000   136.31779      -50.724738       84090.965      -30300.555    
  100.0000     0.2736    -1.2000   150.59457      -56.036811       74749.034      -26933.286    
  100.0000     0.3023    -1.2000   166.27000      -61.868695       66463.663      -23946.941    
  100.0000     0.3341    -1.2000   183.58733      -68.311304       59059.028      -21278.129    
  100.0000     0.3693    -1.2000   202.69761      -75.418327       52452.563      -18897.073    
  100.0000     0.4081    -1.2000   223.68130      -83.226965       46583.650      -16781.912    
  100.0000     0.4510    -1.2000   246.76900      -91.814936       41353.970      -14897.196    
  100.0000     0.4985    -1.2000   272.18613      -101.26848       36689.713      -13216.312    
  100.0000     0.5509    -1.2000   300.02553      -111.62321       32546.114      -11723.116    
  100.0000     0.6088    -1.2000   330.54194      -122.96923       28859.244      -10394.560    
  100.0000     0.6729    -1.2000   363.95877      -135.39307       25573.958      -9210.7617    
  100.0000     0.7436    -1.2000   400.34634      -148.91374       22658.163      -8160.1474    
  100.0000     0.8218    -1.2000   439.96538      -163.64124       20063.453      -7225.2669    
  100.0000     0.9083    -1.2000   482.94149      -179.60634       17755.507      -6393.7463    
  100.0000     1.0040    -1.2000   529.37265      -196.84089       15703.290      -5654.3972    
  100.0000     1.1090    -1.2000   578.83640      -215.20885       13893.014      -5002.2445    
  100.0000     1.2260    -1.2000   632.04454      -234.94205       12272.035      -4418.3174    
  100.0000     1.3550    -1.2000   688.14989      -255.73565       10837.261      -3901.4962    
  100.0000     1.4970    -1.2000   746.62222      -277.38376       9568.9526      -3444.6650    
  100.0000     1.6550    -1.2000   807.41488      -299.86077       8436.4766      -3036.7850    
  100.0000     1.8290    -1.2000   868.92146      -322.56111       7436.4014      -2676.6159    
  100.0000     2.0210    -1.2000   929.96410      -345.02238       6551.3662      -2357.9002    
  100.0000     2.2340    -1.2000   989.15922      -366.75760       5764.4752      -2074.5499    
  100.0000     2.4690    -1.2000   1044.0973      -386.81560       5069.1531      -1824.1929    
  100.0000     2.7290    -1.2000   1092.6260      -404.40016       4453.2576      -1602.4545    
  100.0000     3.0160    -1.2000   1132.0702      -418.50582       3909.2206      -1406.6061    
  100.0000     3.3330    -1.2000   1159.9873      -428.22080       3428.5100      -1233.5731    
  100.0000     3.6830    -1.2000   1174.2933      -432.76913       3004.0790      -1080.8157    
  100.0000     4.0710    -1.2000   1173.7215      -431.69828       2628.1229      -945.52217    
  100.0000     4.4990    -1.2000   1158.0802      -424.97285       2296.9863      -826.37423    
  100.0000     4.9720    -1.2000   1128.8154      -413.16666       2004.8988      -721.29283    
  100.0000     5.4950    -1.2000   1088.3440      -397.24738       1747.3018      -628.63545    
  100.0000     6.0730    -1.2000   1039.9916      -378.51044       1520.4001      -547.03377    
  100.0000     6.7110    -1.2000   987.19408      -358.28460       1320.8924      -475.29895    
  100.0000     7.4170    -1.2000   932.02444      -337.37426       1145.1511      -412.13410    
  100.0000     8.1970    -1.2000   875.69484      -316.18424       990.75917      -356.63935    
  100.0000     9.0590    -1.2000   817.67686      -294.68125       855.17230      -307.92390    
  100.0000    10.0100    -1.2000   758.14623      -272.73774       736.39050      -265.25876    
  100.0000    11.0600    -1.2000   696.98283      -250.34903       632.32606      -227.88989    
  100.0000    12.2300    -1.2000   634.25913      -227.52137       540.48214      -194.92060    
  100.0000    13.5100    -1.2000   572.24112      -205.06935       460.96778      -166.39426    
  100.0000    14.9400    -1.2000   510.67624      -182.88755       390.77805      -141.20900    
  100.0000    16.5100    -1.2000   451.54426      -161.67160       329.99994      -119.41085    
  100.0000    18.2400    -1.2000   395.39415      -141.62121       277.21080      -100.48266    
  100.0000    20.1600    -1.2000   342.73149      -122.85469       231.13219      -83.961898    
  100.0000    22.2800    -1.2000   293.42828      -105.38585       191.23026      -69.653984    
  100.0000    24.6300    -1.2000   247.66180      -89.214008       156.65035      -57.248550    
  100.0000    27.2200    -1.2000   205.93169      -74.452465       126.95935      -46.587507    
  100.0000    30.0800    -1.2000   168.31907      -61.175131       101.52560      -37.441882    
  100.0000    33.2400    -1.2000   135.12964      -49.444044       79.846760      -29.628099    
  100.0000    36.7400    -1.2000   106.50101      -39.286938       61.461308      -22.978096    
  100.0000    40.6000    -1.2000   82.310251      -30.646549       46.068887      -17.382723    
  100.0000    44.8700    -1.2000   61.423508      -23.262033       33.301556      -12.707620    
  100.0000    49.5900    -1.2000   44.389937      -16.925628       22.876163      -8.8516321    
  100.0000    54.8100    -1.2000   30.043279      -11.675495       14.523915      -5.7207192    
  100.0000    60.5700    -1.2000   19.023626      -7.5893307       8.0182038      -3.2367442    
  100.0000    66.9400    -1.2000   10.722724      -4.4230538       3.1182159      -1.3168869    
  100.0000    73.9800    -1.2000   4.4018446      -1.9154241      -.36459464      0.10431523    
  100.0000    81.7600    -1.2000  0.49389113E-01  -.12903880      -2.7180726       1.1136431    
  100.0000    89.3600    -1.2000  -2.4122123      0.93398899      -4.0385736       1.7200243    
  100.0000    90.3600    -1.2000  -2.6492241       1.0408187      -4.1601423       1.7793137    
  100.0000    91.2000    -1.2000  -2.8118955       1.1142434      -4.2543662       1.8253480    
  100.0000    92.0000    -1.2000  -2.9816955       1.1923555      -4.3381474       1.8674323    
  100.0000    99.8600    -1.2000  -4.2100876       1.7885733      -4.8825898       2.1636993    
  100.0000   110.4000    -1.2000  -4.8363875       2.1617401      -5.0444562       2.3204859    
  100.0000   120.0000    -1.2000  -4.8970033       2.2720434      -4.8735838       2.3184673    
  100.0000   130.0000    -1.2000  -4.6734125       2.2461629      -4.5584279       2.2389445    
  100.0000   140.0000    -1.2000  -4.3143884       2.1440977      -4.1818506       2.1165213    
  100.0000   150.0000    -1.2000  -3.8900478       1.9943491      -3.7825232       1.9706506    
  100.0000   160.0000    -1.2000  -3.4782401       1.8368989      -3.3849065       1.8150579    
  100.0000   170.0000    -1.2000  -3.0902097       1.6780715      -3.0209601       1.6636030    
  100.0000   180.0000    -1.2000  -2.7376089       1.5261195      -2.6926302       1.5199296    
  100.0000   190.0000    -1.2000  -8.3031194       4.7591790      -2.3975365       1.3851936    
  100.0000   200.0000    -1.2000   0.0000000       0.0000000      -2.1294147       1.2586974    
  100.0000   210.0000    -1.2000   0.0000000       0.0000000      -1.8916500       1.1428275    
  100.0000   220.0000    -1.2000   0.0000000       0.0000000      -1.6839474       1.0380229    
  100.0000   230.0000    -1.2000   0.0000000       0.0000000      -1.5021020      0.94328482    
  100.0000   240.0000    -1.2000   0.0000000       0.0000000      -1.3420236      0.85781247    
  100.0000   250.0000    -1.2000   0.0000000       0.0000000      -1.1995397      0.77980319    
  100.0000   260.0000    -1.2000   0.0000000       0.0000000      -1.0725022      0.70896979    
  100.0000   270.0000    -1.2000   0.0000000       0.0000000      -.96133303      0.64542692    
  100.0000   280.0000    -1.2000   0.0000000       0.0000000      -.86371325      0.58831934    
  100.0000   290.0000    -1.2000   0.0000000       0.0000000      -.77773862      0.53689949    
  100.0000   300.0000    -1.2000   0.0000000       0.0000000      -.70160499      0.49046324    
  100.0000   310.0000    -1.2000   0.0000000       0.0000000      -.63382730      0.44837304    
  100.0000   320.0000    -1.2000   0.0000000       0.0000000      -.57270646      0.40990996    
  100.0000   330.0000    -1.2000   0.0000000       0.0000000      -.51854860      0.37521208    
  100.0000   340.0000    -1.2000   0.0000000       0.0000000      -.47030407      0.34387550    
  100.0000   350.0000    -1.2000   0.0000000       0.0000000      -.42727827      0.31554760    
  100.0000   360.0000    -1.2000   0.0000000       0.0000000      -.38877850      0.28986234    
  100.0000   370.0000    -1.2000   0.0000000       0.0000000      -.35422281      0.26651004    
  100.0000   380.0000    -1.2000   0.0000000       0.0000000      -.32314760      0.24523808    
  100.0000   400.0000    -1.2000   0.0000000       0.0000000      -.26957091      0.20789399    
  100.0000   450.0000    -1.2000   0.0000000       0.0000000      -.17499316      0.13971257    
  100.0000   500.0000    -1.2000   0.0000000       0.0000000      -.11618448      0.95418020E-01
  100.0000     0.0911     0.0000   47.110501       0.0000000       265595.46       0.0000000    
  100.0000     0.1006     0.0000   52.041933       0.0000000       236901.40      0.81504104E-11
  100.0000     0.1112     0.0000   57.519491       0.0000000       211128.67      0.73734826E-11
  100.0000     0.1229     0.0000   63.562858       0.0000000       188146.64      -.66715318E-11
  100.0000     0.1358     0.0000   70.221783       0.0000000       167671.15       0.0000000    
  100.0000     0.1501     0.0000   77.605315       0.0000000       149334.95       0.0000000    
  100.0000     0.1659     0.0000   85.754172       0.0000000       132976.08      0.49423217E-11
  100.0000     0.1834     0.0000   94.773552       0.0000000       118350.99      0.44707260E-11
  100.0000     0.2027     0.0000   104.71178       0.0000000       105334.05      -.40450473E-11
  100.0000     0.2240     0.0000   115.66631       0.0000000       93738.122      -.36604064E-11
  100.0000     0.2475     0.0000   127.73594       0.0000000       83410.132      0.33128524E-11
  100.0000     0.2736     0.0000   141.11413       0.0000000       74155.435      0.29968234E-11
  100.0000     0.3023     0.0000   155.80249       0.0000000       65946.488      -.27123083E-11
  100.0000     0.3341     0.0000   172.03576       0.0000000       58609.287       0.0000000    
  100.0000     0.3693     0.0000   189.94714       0.0000000       52062.185       0.0000000    
  100.0000     0.4081     0.0000   209.61631       0.0000000       46245.275      -.20091407E-11
  100.0000     0.4510     0.0000   231.26175       0.0000000       41061.260      0.18180268E-11
  100.0000     0.4985     0.0000   255.09435       0.0000000       36437.111      -.82239702E-12
  100.0000     0.5509     0.0000   281.19619       0.0000000       32328.571       0.0000000    
  100.0000     0.6088     0.0000   309.80667       0.0000000       28672.373      -.67339774E-12
  100.0000     0.6729     0.0000   341.16420       0.0000000       25413.935       0.0000000    
  100.0000     0.7436     0.0000   375.30712       0.0000000       22521.525       0.0000000    
  100.0000     0.8218     0.0000   412.49131       0.0000000       19947.215      0.49886056E-12
  100.0000     0.9083     0.0000   452.84796       0.0000000       17657.036       0.0000000    
  100.0000     1.0040     0.0000   496.47235       0.0000000       15620.271       0.0000000    
  100.0000     1.1090     0.0000   542.96978       0.0000000       13823.307       0.0000000    
  100.0000     1.2260     0.0000   593.01771       0.0000000       12213.952      0.33438914E-12
  100.0000     1.3550     0.0000   645.86752       0.0000000       10789.194      0.30255356E-12
  100.0000     1.4970     0.0000   701.00370       0.0000000       9529.4857      0.27385360E-12
  100.0000     1.6550     0.0000   758.42186       0.0000000       8404.4593       0.0000000    
  100.0000     1.8290     0.0000   816.65114       0.0000000       7410.7481       0.0000000    
  100.0000     2.0210     0.0000   874.61868       0.0000000       6531.1469       0.0000000    
  100.0000     2.2340     0.0000   931.04436       0.0000000       5748.9037      -.18350512E-12
  100.0000     2.4690     0.0000   983.74365       0.0000000       5057.5191       0.0000000    
  100.0000     2.7290     0.0000   1030.7060       0.0000000       4444.9532       0.0000000    
  100.0000     3.0160     0.0000   1069.4798       0.0000000       3903.7114      -.13592106E-12
  100.0000     3.3330     0.0000   1097.7712       0.0000000       3425.3357       0.0000000    
  100.0000     3.6830     0.0000   1113.6273       0.0000000       3002.8410      -.55650869E-13
  100.0000     4.0710     0.0000   1115.8295       0.0000000       2628.4817       0.0000000    
  100.0000     4.4990     0.0000   1104.0484       0.0000000       2298.6443       0.0000000    
  100.0000     4.9720     0.0000   1079.5507       0.0000000       2007.6017       0.0000000    
  100.0000     5.4950     0.0000   1044.3973       0.0000000       1750.8319      0.37295147E-13
  100.0000     6.0730     0.0000   1001.5671       0.0000000       1524.5692       0.0000000    
  100.0000     6.7110     0.0000   954.06049       0.0000000       1325.5419      0.30534090E-13
  100.0000     7.4170     0.0000   903.79031       0.0000000       1150.1582       0.0000000    
  100.0000     8.1970     0.0000   851.72433       0.0000000       995.99355      -.24994594E-13
  100.0000     9.0590     0.0000   797.65932       0.0000000       860.53975       0.0000000    
  100.0000    10.0100     0.0000   741.80846       0.0000000       741.81028      -.20462617E-13
  100.0000    11.0600     0.0000   683.84983       0.0000000       637.72501       0.0000000    
  100.0000    12.2300     0.0000   624.04136       0.0000000       545.80817       0.0000000    
  100.0000    13.5100     0.0000   564.56780       0.0000000       466.18235      0.75761353E-14
  100.0000    14.9400     0.0000   505.23042       0.0000000       395.82588       0.0000000    
  100.0000    16.5100     0.0000   447.95671       0.0000000       334.85545      -.61954346E-14
  100.0000    18.2400     0.0000   393.57627       0.0000000       281.86842       0.0000000    
  100.0000    20.1600     0.0000   341.87470       0.0000000       235.55741       0.0000000    
  100.0000    22.2800     0.0000   293.52152       0.0000000       195.40649      -.11459054E-14
  100.0000    24.6300     0.0000   248.54144       0.0000000       160.56461      0.10357696E-14
  100.0000    27.2200     0.0000   207.25840       0.0000000       130.60655      0.46817118E-15
  100.0000    30.0800     0.0000   169.96267       0.0000000       104.89748      0.31738735E-15
  100.0000    33.2400     0.0000   136.98011       0.0000000       82.943027       0.0000000    
  100.0000    36.7400     0.0000   108.39209       0.0000000       64.284561       0.0000000    
  100.0000    40.6000     0.0000   84.154901       0.0000000       48.620805       0.0000000    
  100.0000    44.8700     0.0000   63.565474       0.0000000       35.584119       0.0000000    
  100.0000    49.5900     0.0000   46.017673       0.0000000       24.899631       0.0000000    
  100.0000    54.8100     0.0000   31.510792       0.0000000       16.298391       0.0000000    
  100.0000    60.5700     0.0000   20.298830       0.0000000       9.5555622       0.0000000    
  100.0000    66.9400     0.0000   11.808927       0.0000000       4.4367930       0.0000000    
  100.0000    73.9800     0.0000   5.3241356       0.0000000      0.75278684      0.13418097E-14
  100.0000    81.7600     0.0000  0.81468722       0.0000000      -1.7831553      0.60378583E-15
  100.0000    89.3600     0.0000  -1.7569153       0.0000000      -3.2453911      0.54948116E-15
  100.0000    90.3600     0.0000  -2.0071787       0.0000000      -3.3839688       0.0000000    
  100.0000    91.2000     0.0000  -2.2052821       0.0000000      -3.4919460       0.0000000    
  100.0000    92.0000     0.0000  -2.3858790       0.0000000      -3.5881958      0.53271680E-15
  100.0000    99.8600     0.0000  -3.7036914       0.0000000      -4.2452417       0.0000000    
  100.0000   110.4000     0.0000  -4.4262910       0.0000000      -4.5263932      -.43821016E-15
  100.0000   120.0000     0.0000  -4.5531760       0.0000000      -4.4372584       0.0000000    
  100.0000   130.0000     0.0000  -4.3831917       0.0000000      -4.1897482       0.0000000    
  100.0000   140.0000     0.0000  -4.0654840       0.0000000      -3.8668280       0.0000000    
  100.0000   150.0000     0.0000  -3.6748915       0.0000000      -3.5109949      -.31412302E-15
  100.0000   160.0000     0.0000  -3.3007171       0.0000000      -3.1482741      0.29267238E-15
  100.0000   170.0000     0.0000  -2.9216089       0.0000000      -2.8125575       0.0000000    
  100.0000   180.0000     0.0000  -2.5875873       0.0000000      -2.5079337      0.12855460E-15
  100.0000   190.0000     0.0000  -7.7858091       0.0000000      -2.2330684       0.0000000    
  100.0000   200.0000     0.0000   0.0000000       0.0000000      -1.9830188       0.0000000    
  100.0000   210.0000     0.0000   0.0000000       0.0000000      -1.7595384       0.0000000    
  100.0000   220.0000     0.0000   0.0000000       0.0000000      -1.5648886      -.10297564E-15
  100.0000   230.0000     0.0000   0.0000000       0.0000000      -1.3944382       0.0000000    
  100.0000   240.0000     0.0000   0.0000000       0.0000000      -1.2444978      -.93499125E-16
  100.0000   250.0000     0.0000   0.0000000       0.0000000      -1.1112621      0.89353922E-16
  100.0000   260.0000     0.0000   0.0000000       0.0000000      -.99255257      0.42771063E-16
  100.0000   270.0000     0.0000   0.0000000       0.0000000      -.88886690      -.41012960E-16
  100.0000   280.0000     0.0000   0.0000000       0.0000000      -.79804857      0.39386465E-16
  100.0000   290.0000     0.0000   0.0000000       0.0000000      -.71813574       0.0000000    
  100.0000   300.0000     0.0000   0.0000000       0.0000000      -.64747913       0.0000000    
  100.0000   310.0000     0.0000   0.0000000       0.0000000      -.58465434      -.35166336E-16
  100.0000   320.0000     0.0000   0.0000000       0.0000000      -.52790212      -.33944213E-16
  100.0000   330.0000     0.0000   0.0000000       0.0000000      -.47775665      0.20500020E-17
  100.0000   340.0000     0.0000   0.0000000       0.0000000      -.43335835      0.29743798E-16
  100.0000   350.0000     0.0000   0.0000000       0.0000000      -.39392264      -.19198761E-17
  100.0000   360.0000     0.0000   0.0000000       0.0000000      -.35876325      0.14884193E-16
  100.0000   370.0000     0.0000   0.0000000       0.0000000      -.32728925      0.14436441E-16
  100.0000   380.0000     0.0000   0.0000000       0.0000000      -.29900335      0.14013550E-16
  100.0000   400.0000     0.0000   0.0000000       0.0000000      -.25006393      -.82716610E-18
  100.0000   450.0000     0.0000   0.0000000       0.0000000      -.16442835       0.0000000    
  100.0000   500.0000     0.0000   0.0000000       0.0000000      -.11128909      0.48376225E-17
  100.0000     0.0911     1.2000   50.278777       18.709642       268113.81       96642.344    
  100.0000     0.1006     1.2000   55.541593       20.668159       239120.68       86189.171    
  100.0000     0.1112     1.2000   61.386840       22.843252       213081.62       76801.265    
  100.0000     0.1229     1.2000   67.836297       25.243167       189864.16       68430.831    
  100.0000     0.1358     1.2000   74.943351       27.887844       169180.82       60974.186    
  100.0000     0.1501     1.2000   82.822414       30.819605       150660.22       54297.406    
  100.0000     0.1659     1.2000   91.519226       34.055737       134138.44       48341.360    
  100.0000     0.1834     1.2000   101.14487       37.636068       119369.19       43017.233    
  100.0000     0.2027     1.2000   111.75041       41.583677       106225.28       38279.149    
  100.0000     0.2240     1.2000   123.43947       45.933009       94517.469       34058.864    
  100.0000     0.2475     1.2000   136.31779       50.724738       84090.965       30300.555    
  100.0000     0.2736     1.2000   150.59457       56.036811       74749.034       26933.286    
  100.0000     0.3023     1.2000   166.27000       61.868695       66463.663       23946.941    
  100.0000     0.3341     1.2000   183.58733       68.311304       59059.028       21278.129    
  100.0000     0.3693     1.2000   202.69761       75.418327       52452.563       18897.073    
  100.0000     0.4081     1.2000   223.68130       83.226965       46583.650       16781.912    
  100.0000     0.4510     1.2000   246.76900       91.814936       41353.970       14897.196    
  100.0000     0.4985     1.2000   272.18613       101.26848       36689.713       13216.312    
  100.0000     0.5509     1.2000   300.02553       111.62321       32546.114       11723.116    
  100.0000     0.6088     1.2000   330.54194       122.96923       28859.244       10394.560    
  100.0000     0.6729     1.2000   363.95877       135.39307       25573.958       9210.7617    
  100.0000     0.7436     1.2000   400.34634       148.91374       22658.163       8160.1474    
  100.0000     0.8218     1.2000   439.96538       163.64124       20063.453       7225.2669    
  100.0000     0.9083     1.2000   482.94149       179.60634       17755.507       6393.7463    
  100.0000     1.0040     1.2000   529.37265       196.84089       15703.290       5654.3972    
  100.0000     1.1090     1.2000   578.83640       215.20885       13893.014       5002.2445    
  100.0000     1.2260     1.2000   632.04454       234.94205       12272.035       4418.3174    
  100.0000     1.3550     1.2000   688.14989       255.73565       10837.261       3901.4962    
  100.0000     1.4970     1.2000   746.62222       277.38376       9568.9526       3444.6650    
  100.0000     1.6550     1.2000   807.41488       299.86077       8436.4766       3036.7850    
  100.0000     1.8290     1.2000   868.92146       322.56111       7436.4014       2676.6159    
  100.0000     2.0210     1.2000   929.96410       345.02238       6551.3662       2357.9002    
  100.0000     2.2340     1.2000   989.15922       366.75760       5764.4752       2074.5499    
  100.0000     2.4690     1.2000   1044.0973       386.81560       5069.1531       1824.1929    
  100.0000     2.7290     1.2000   1092.6260       404.40016       4453.2576       1602.4545    
  100.0000     3.0160     1.2000   1132.0702       418.50582       3909.2206       1406.6061    
  100.0000     3.3330     1.2000   1159.9873       428.22080       3428.5100       1233.5731    
  100.0000     3.6830     1.2000   1174.2933       432.76913       3004.0790       1080.8157    
  100.0000     4.0710     1.2000   1173.7215       431.69828       2628.1229       945.52217    
  100.0000     4.4990     1.2000   1158.0802       424.97285       2296.9863       826.37423    
  100.0000     4.9720     1.2000   1128.8154       413.16666       2004.8988       721.29283    
  100.0000     5.4950     1.2000   1088.3440       397.24738       1747.3018       628.63545    
  100.0000     6.0730     1.2000   1039.9916       378.51044       1520.4001       547.03377    
  100.0000     6.7110     1.2000   987.19408       358.28460       1320.8924       475.29895    
  100.0000     7.4170     1.2000   932.02444       337.37426       1145.1511       412.13410    
  100.0000     8.1970     1.2000   875.69484       316.18424       990.75917       356.63935    
  100.0000     9.0590     1.2000   817.67686       294.68125       855.17230       307.92390    
  100.0000    10.0100     1.2000   758.14623       272.73774       736.39050       265.25876    
  100.0000    11.0600     1.2000   696.98283       250.34903       632.32606       227.88989    
  100.0000    12.2300     1.2000   634.25913       227.52137       540.48214       194.92060    
  100.0000    13.5100     1.2000   572.24112       205.06935       460.96778       166.39426    
  100.0000    14.9400     1.2000   510.67624       182.88755       390.77805       141.20900    
  100.0000    16.5100     1.2000   451.54426       161.67160       329.99994       119.41085    
  100.0000    18.2400     1.2000   395.39415       141.62121       277.21080       100.48266    
  100.0000    20.1600     1.2000   342.73149       122.85469       231.13219       83.961898    
  100.0000    22.2800     1.2000   293.42828       105.38585       191.23026       69.653984    
  100.0000    24.6300     1.2000   247.66180       89.214008       156.65035       57.248550    
  100.0000    27.2200     1.2000   205.93169       74.452465       126.95935       46.587507    
  100.0000    30.0800     1.2000   168.31907       61.175131       101.52560       37.441882    
  100.0000    33.2400     1.2000   135.12964       49.444044       79.846760       29.628099    
  100.0000    36.7400     1.2000   106.50101       39.286938       61.461308       22.978096    
  100.0000    40.6000     1.2000   82.310251       30.646549       46.068887       17.382723    
  100.0000    44.8700     1.2000   61.423508       23.262033       33.301556       12.707620    
  100.0000    49.5900     1.2000   44.389937       16.925628       22.876163       8.8516321    
  100.0000    54.8100     1.2000   30.043279       11.675495       14.523915       5.7207192    
  100.0000    60.5700     1.2000   19.023626       7.5893307       8.0182038       3.2367442    
  100.0000    66.9400     1.2000   10.722724       4.4230538       3.1182159       1.3168869    
  100.0000    73.9800     1.2000   4.4018446       1.9154241      -.36459464      -.10431523    
  100.0000    81.7600     1.2000  0.49389113E-01  0.12903880      -2.7180726      -1.1136431    
  100.0000    89.3600     1.2000  -2.4122123      -.93398899      -4.0385736      -1.7200243    
  100.0000    90.3600     1.2000  -2.6492241      -1.0408187      -4.1601423      -1.7793137    
  100.0000    91.2000     1.2000  -2.8118955      -1.1142434      -4.2543662      -1.8253480    
  100.0000    92.0000     1.2000  -2.9816955      -1.1923555      -4.3381474      -1.8674323    
  100.0000    99.8600     1.2000  -4.2100876      -1.7885733      -4.8825898      -2.1636993    
  100.0000   110.4000     1.2000  -4.8363875      -2.1617401      -5.0444562      -2.3204859    
  100.0000   120.0000     1.2000  -4.8970033      -2.2720434      -4.8735838      -2.3184673    
  100.0000   130.0000     1.2000  -4.6734125      -2.2461629      -4.5584279      -2.2389445    
  100.0000   140.0000     1.2000  -4.3143884      -2.1440977      -4.1818506      -2.1165213    
  100.0000   150.0000     1.2000  -3.8900478      -1.9943491      -3.7825232      -1.9706506    
  100.0000   160.0000     1.2000  -3.4782401      -1.8368989      -3.3849065      -1.8150579    
  100.0000   170.0000     1.2000  -3.0902097      -1.6780715      -3.0209601      -1.6636030    
  100.0000   180.0000     1.2000  -2.7376089      -1.5261195      -2.6926302      -1.5199296    
  100.0000   190.0000     1.2000  -8.3031194      -4.7591790      -2.3975365      -1.3851936    
  100.0000   200.0000     1.2000   0.0000000       0.0000000      -2.1294147      -1.2586974    
  100.0000   210.0000     1.2000   0.0000000       0.0000000      -1.8916500      -1.1428275    
  100.0000   220.0000     1.2000   0.0000000       0.0000000      -1.6839474      -1.0380229    
  100.0000   230.0000     1.2000   0.0000000       0.0000000      -1.5021020      -.94328482    
  100.0000   240.0000     1.2000   0.0000000       0.0000000      -1.3420236      -.85781247    
  100.0000   250.0000     1.2000   0.0000000       0.0000000      -1.1995397      -.77980319    
  100.0000   260.0000     1.2000   0.0000000       0.0000000      -1.0725022      -.70896979    
  100.0000   270.0000     1.2000   0.0000000       0.0000000      -.96133303      -.64542692    
  100.0000   280.0000     1.2000   0.0000000       0.0000000      -.86371325      -.58831934    
  100.0000   290.0000     1.2000   0.0000000       0.0000000      -.77773862      -.53689949    
  100.0000   300.0000     1.2000   0.0000000       0.0000000      -.70160499      -.49046324    
  100.0000   310.0000     1.2000   0.0000000       0.0000000      -.63382730      -.44837304    
  100.0000   320.0000     1.2000   0.0000000       0.0000000      -.57270646      -.40990996    
  100.0000   330.0000     1.2000   0.0000000       0.0000000      -.51854860      -.37521208    
  100.0000   340.0000     1.2000   0.0000000       0.0000000      -.47030407      -.34387550    
  100.0000   350.0000     1.2000   0.0000000       0.0000000      -.42727827      -.31554760    
  100.0000   360.0000     1.2000   0.0000000       0.0000000      -.38877850      -.28986234    
  100.0000   370.0000     1.2000   0.0000000       0.0000000      -.35422281      -.26651004    
  100.0000   380.0000     1.2000   0.0000000       0.0000000      -.32314760      -.24523808    
  100.0000   400.0000     1.2000   0.0000000       0.0000000      -.26957091      -.20789399    
  100.0000   450.0000     1.2000   0.0000000       0.0000000      -.17499316      -.13971257    
  100.0000   500.0000     1.2000   0.0000000       0.0000000      -.11618448      -.95418020E-01
  100.0000     0.0911     2.4000   57.586195       45.097935       272488.42       212233.70    
  100.0000     0.1006     2.4000   63.613762       49.818338       242947.39       189224.18    
  100.0000     0.1112     2.4000   70.308593       55.061295       216422.52       168564.02    
  100.0000     0.1229     2.4000   77.693158       60.844410       192777.65       150147.14    
  100.0000     0.1358     2.4000   85.836502       67.221927       171718.80       133744.57    
  100.0000     0.1501     2.4000   94.858057       74.286647       152866.80       119060.95    
  100.0000     0.1659     2.4000   104.81719       82.086072       136053.82       105965.55    
  100.0000     0.1834     2.4000   115.84046       90.718696       121028.34       94262.456    
  100.0000     0.2027     2.4000   127.98516       100.22951       107660.13       83850.229    
  100.0000     0.2240     2.4000   141.37127       110.71249       95755.958       74578.342    
  100.0000     0.2475     2.4000   156.11416       122.25794       85157.704       66323.644    
  100.0000     0.2736     2.4000   172.46839       135.06555       75664.780       58929.890    
  100.0000     0.3023     2.4000   190.41102       149.11614       67248.135       52374.449    
  100.0000     0.3341     2.4000   210.23460       164.64001       59728.611       46517.774    
  100.0000     0.3693     2.4000   232.11000       181.77048       53021.881       41294.180    
  100.0000     0.4081     2.4000   256.12561       200.51228       47065.948       36655.375    
  100.0000     0.4510     2.4000   282.54779       221.26712       41760.612       32523.312    
  100.0000     0.4985     2.4000   311.62087       244.03295       37030.617       28839.376    
  100.0000     0.5509     2.4000   343.47932       268.98002       32830.213       25567.929    
  100.0000     0.6088     2.4000   378.36653       296.29624       29094.267       22658.238    
  100.0000     0.6729     2.4000   416.56178       326.20248       25766.601       20066.549    
  100.0000     0.7436     2.4000   458.13566       358.75226       22814.435       17767.327    
  100.0000     0.8218     2.4000   503.37279       394.16878       20188.503       15722.199    
  100.0000     0.9083     2.4000   552.41168       432.55879       17853.840       13903.932    
  100.0000     1.0040     2.4000   605.33322       473.98468       15778.841       12287.908    
  100.0000     1.1090     2.4000   661.70184       518.10863       13949.356       10863.105    
  100.0000     1.2260     2.4000   722.18951       565.44020       12312.004       9587.9477    
  100.0000     1.3550     2.4000   785.87067       615.26708       10863.500       8459.8754    
  100.0000     1.4970     2.4000   852.09567       667.07236       9583.7527       7463.2402    
  100.0000     1.6550     2.4000   920.74014       720.75408       8441.7131       6573.8591    
  100.0000     1.8290     2.4000   989.92046       774.83352       7433.7913       5788.9352    
  100.0000     2.0210     2.4000   1058.1815       828.16551       6542.3631       5094.7416    
  100.0000     2.2340     2.4000   1123.9714       879.52713       5750.2998       4477.9381    
  100.0000     2.4690     2.4000   1184.2631       926.54200       5050.8808       3933.2896    
  100.0000     2.7290     2.4000   1236.6195       967.29626       4431.7935       3451.2065    
  100.0000     3.0160     2.4000   1277.9228       999.34288       3885.3418       3025.6946    
  100.0000     3.3330     2.4000   1305.3143       1020.4418       3402.8722       2650.0140    
  100.0000     3.6830     2.4000   1316.4501       1028.7609       2977.2348       2318.5960    
  100.0000     4.0710     2.4000   1309.8923       1023.1820       2600.5330       2025.2908    
  100.0000     4.4990     2.4000   1285.8990       1003.9254       2269.0394       1767.1945    
  100.0000     4.9720     2.4000   1246.0089       972.22454       1976.9150       1539.7601    
  100.0000     5.4950     2.4000   1193.5829       930.74172       1719.5447       1339.3927    
  100.0000     6.0730     2.4000   1132.8948       882.85989       1493.0829       1163.0972    
  100.0000     6.7110     2.4000   1067.9915       831.77850       1294.1883       1008.2708    
  100.0000     7.4170     2.4000   1001.5695       779.62727       1119.2095       872.06989    
  100.0000     8.1970     2.4000   934.73402       727.27904       965.66739       752.56290    
  100.0000     9.0590     2.4000   867.74757       674.92854       831.01679       647.76735    
  100.0000    10.0100     2.4000   799.75771       621.89766       713.22918       556.10270    
  100.0000    11.0600     2.4000   730.78614       568.18845       610.19345       475.92699    
  100.0000    12.2300     2.4000   660.93722       513.86841       519.42151       405.29077    
  100.0000    13.5100     2.4000   592.54621       460.74387       440.98589       344.26274    
  100.0000    14.9400     2.4000   525.33884       408.59770       371.88380       290.49800    
  100.0000    16.5100     2.4000   461.36533       359.00416       312.18231       244.04849    
  100.0000    18.2400     2.4000   401.49267       312.63301       260.45758       203.80213    
  100.0000    20.1600     2.4000   345.25313       269.09887       215.43378       168.76334    
  100.0000    22.2800     2.4000   293.34209       228.94288       176.56609       138.50675    
  100.0000    24.6300     2.4000   245.42739       191.87790       143.00202       112.36522    
  100.0000    27.2200     2.4000   202.00369       158.27916       114.30512       89.997398    
  100.0000    30.0800     2.4000   163.22633       128.25319       89.840550       70.907719    
  100.0000    33.2400     2.4000   129.32713       101.96349       69.109097       54.701553    
  100.0000    36.7400     2.4000   100.31766       79.403928       51.650137       41.021471    
  100.0000    40.6000     2.4000   76.103523       60.511743       37.168287       29.637352    
  100.0000    44.8700     2.4000   55.738069       44.540059       25.281084       20.251421    
  100.0000    49.5900     2.4000   38.537924       30.980528       15.713770       12.653169    
  100.0000    54.8100     2.4000   24.561702       19.904363       8.1982833       6.6361972    
  100.0000    60.5700     2.4000   14.070319       11.526054       2.4975726       2.0255979    
  100.0000    66.9400     2.4000   6.3388713       5.2660037      -1.6331561      -1.3617792    
  100.0000    73.9800     2.4000  0.61422909      0.55262478      -4.4036450      -3.6787891    
  100.0000    81.7600     2.4000  -3.1650267      -2.6223075      -6.0793032      -5.1235001    
  100.0000    89.3600     2.4000  -5.0655503      -4.2586376      -6.8275148      -5.8073089    
  100.0000    90.3600     2.4000  -5.2375124      -4.4106267      -6.8789413      -5.8579209    
  100.0000    91.2000     2.4000  -5.3709890      -4.5292143      -6.9168078      -5.8962507    
  100.0000    92.0000     2.4000  -5.4889578      -4.6343785      -6.9463551      -5.9270463    
  100.0000    99.8600     2.4000  -6.2711861      -5.3586103      -7.0036215      -6.0329249    
  100.0000   110.4000     2.4000  -6.3641514      -5.5139733      -6.6277732      -5.7775398    
  100.0000   120.0000     2.4000  -6.0224919      -5.2768207      -6.0629637      -5.3396108    
  100.0000   130.0000     2.4000  -5.4421432      -4.8198289      -5.4038685      -4.8070845    
  100.0000   140.0000     2.4000  -4.8088414      -4.3003832      -4.7433582      -4.2589536    
  100.0000   150.0000     2.4000  -4.1766073      -3.7697108      -4.1160677      -3.7275553    
  100.0000   160.0000     2.4000  -3.5976497      -3.2748027      -3.5404918      -3.2317765    
  100.0000   170.0000     2.4000  -3.0600204      -2.8067047      -3.0314688      -2.7875001    
  100.0000   180.0000     2.4000  -2.5959960      -2.3978697      -2.5869792      -2.3948646    
  100.0000   190.0000     2.4000  -7.9208587      -7.3813740      -2.2010738      -2.0503093    
  100.0000   200.0000     2.4000   0.0000000       0.0000000      -1.8664074      -1.7485799    
  100.0000   210.0000     2.4000   0.0000000       0.0000000      -1.5797899      -1.4878674    
  100.0000   220.0000     2.4000   0.0000000       0.0000000      -1.3358950      -1.2643443    
  100.0000   230.0000     2.4000   0.0000000       0.0000000      -1.1287282      -1.0730895    
  100.0000   240.0000     2.4000   0.0000000       0.0000000      -.95261006      -.90943511    
  100.0000   250.0000     2.4000   0.0000000       0.0000000      -.80266625      -.76923840    
  100.0000   260.0000     2.4000   0.0000000       0.0000000      -.67544944      -.64962535    
  100.0000   270.0000     2.4000   0.0000000       0.0000000      -.56796573      -.54805098    
  100.0000   280.0000     2.4000   0.0000000       0.0000000      -.47729951      -.46196689    
  100.0000   290.0000     2.4000   0.0000000       0.0000000      -.40072567      -.38894385    
  100.0000   300.0000     2.4000   0.0000000       0.0000000      -.33606788      -.32703948    
  100.0000   310.0000     2.4000   0.0000000       0.0000000      -.28144230      -.27453544    
  100.0000   320.0000     2.4000   0.0000000       0.0000000      -.23518894      -.22993338    
  100.0000   330.0000     2.4000   0.0000000       0.0000000      -.19631140      -.19231460    
  100.0000   340.0000     2.4000   0.0000000       0.0000000      -.16359303      -.16057001    
  100.0000   350.0000     2.4000   0.0000000       0.0000000      -.13615547      -.13387255    
  100.0000   360.0000     2.4000   0.0000000       0.0000000      -.11309321      -.11137539    
  100.0000   370.0000     2.4000   0.0000000       0.0000000      -.93727043E-01  -.92444023E-01
  100.0000   380.0000     2.4000   0.0000000       0.0000000      -.77513869E-01  -.76556203E-01
  100.0000   400.0000     2.4000   0.0000000       0.0000000      -.52536317E-01  -.52011905E-01
  100.0000   450.0000     2.4000   0.0000000       0.0000000      -.18775637E-01  -.18671410E-01
  100.0000   500.0000     2.4000   0.0000000       0.0000000      -.59500703E-02  -.59334126E-02
  100.0000     0.0911     2.9600   55.388928       50.285248       230512.56       208503.00    
  100.0000     0.1006     2.9600   61.186425       55.548533       205453.29       185835.79    
  100.0000     0.1112     2.9600   67.623149       61.392160       182958.35       165488.17    
  100.0000     0.1229     2.9600   74.730125       67.844255       162911.13       147354.68    
  100.0000     0.1358     2.9600   82.560378       74.952985       145061.29       131208.84    
  100.0000     0.1501     2.9600   91.236933       82.830032       129086.46       116759.06    
  100.0000     0.1659     2.9600   100.81332       91.523983       114843.54       103875.88    
  100.0000     0.1834     2.9600   111.41651       101.15007       102118.62       92365.830    
  100.0000     0.2027     2.9600   123.09640       111.75363       90800.679       82128.454    
  100.0000     0.2240     2.9600   135.96455       123.43596       80725.369       73015.102    
  100.0000     0.2475     2.9600   150.15077       136.31485       71758.228       64904.142    
  100.0000     0.2736     2.9600   165.87272       150.58822       63728.962       57641.533    
  100.0000     0.3023     2.9600   183.12468       166.24981       56612.461       51204.560    
  100.0000     0.3341     2.9600   202.18077       183.54962       50256.737       45455.741    
  100.0000     0.3693     2.9600   223.21394       202.64402       44590.074       40330.203    
  100.0000     0.4081     2.9600   246.29940       223.60146       39559.665       35780.181    
  100.0000     0.4510     2.9600   271.68387       246.64579       35080.489       31728.767    
  100.0000     0.4985     2.9600   299.63920       272.02369       31088.661       28118.176    
  100.0000     0.5509     2.9600   330.23881       299.80155       27545.246       24913.186    
  100.0000     0.6088     2.9600   363.74527       330.21766       24394.992       22063.820    
  100.0000     0.6729     2.9600   400.41269       363.50278       21590.258       19526.986    
  100.0000     0.7436     2.9600   440.31963       399.72719       19103.159       17277.458    
  100.0000     0.8218     2.9600   483.71726       439.11916       16891.953       15277.482    
  100.0000     0.9083     2.9600   530.71193       481.77423       14926.988       13500.233    
  100.0000     1.0040     2.9600   581.42379       527.80083       13181.464       11921.472    
  100.0000     1.1090     2.9600   635.37096       576.75601       11643.289       10530.259    
  100.0000     1.2260     2.9600   693.17714       629.24009       10267.413       9285.8480    
  100.0000     1.3550     2.9600   753.95367       684.36603       9050.9287       8185.6061    
  100.0000     1.4970     2.9600   817.01376       741.57729       7976.8121       7214.1359    
  100.0000     1.6550     2.9600   882.20953       800.71582       7018.8729       6347.7482    
  100.0000     1.8290     2.9600   947.63990       860.05317       6173.9808       5583.6107    
  100.0000     2.0210     2.9600   1011.9866       918.38834       5427.2449       4908.2544    
  100.0000     2.2340     2.9600   1073.4924       974.12202       4764.2140       4308.6085    
  100.0000     2.4690     2.9600   1129.2692       1024.6283       4179.1672       3779.4980    
  100.0000     2.7290     2.9600   1176.9154       1067.7231       3661.7155       3311.5261    
  100.0000     3.0160     2.9600   1213.3483       1100.6042       3205.3437       2898.7995    
  100.0000     3.3330     2.9600   1235.8093       1120.7695       2802.7472       2534.7114    
  100.0000     3.6830     2.9600   1241.9829       1126.1167       2447.8890       2213.8011    
  100.0000     4.0710     2.9600   1230.8263       1115.7048       2134.1214       1930.0559    
  100.0000     4.4990     2.9600   1202.2257       1089.4447       1858.2795       1680.6133    
  100.0000     4.9720     2.9600   1158.6099       1049.5601       1615.4483       1461.0274    
  100.0000     5.4950     2.9600   1103.0127       998.81904       1401.7397       1267.7814    
  100.0000     6.0730     2.9600   1039.8998       941.31492       1213.9127       1097.9440    
  100.0000     6.7110     2.9600   973.55502       880.93989       1049.1510       948.96760    
  100.0000     7.4170     2.9600   906.53584       820.03237       904.39174       818.08178    
  100.0000     8.1970     2.9600   840.52976       760.12352       777.54184       703.39320    
  100.0000     9.0590     2.9600   774.89945       700.63037       666.46541       602.96974    
  100.0000    10.0100     2.9600   709.29396       641.21308       569.45580       515.26740    
  100.0000    11.0600     2.9600   643.51981       581.72726       484.74373       438.68559    
  100.0000    12.2300     2.9600   577.60004       522.11368       410.25628       371.34932    
  100.0000    13.5100     2.9600   513.70337       464.37921       346.03120       313.29146    
  100.0000    14.9400     2.9600   451.51101       408.21504       289.58438       262.26499    
  100.0000    16.5100     2.9600   393.01908       355.41776       240.94893       218.29909    
  100.0000    18.2400     2.9600   338.44326       306.17327       198.94964       180.33088    
  100.0000    20.1600     2.9600   287.90713       260.59132       162.51084       147.38370    
  100.0000    22.2800     2.9600   241.49635       218.73207       131.19564       119.06356    
  100.0000    24.6300     2.9600   199.16275       180.54942       104.29606       94.728591    
  100.0000    27.2200     2.9600   161.14966       146.25934       81.445962       74.046387    
  100.0000    30.0800     2.9600   127.51601       115.89412       62.120061       56.541470    
  100.0000    33.2400     2.9600   98.488197       89.665225       45.907812       41.842043    
  100.0000    36.7400     2.9600   73.629973       67.169831       32.432236       29.606955    
  100.0000    40.6000     2.9600   54.094740       49.462817       21.446412       19.612876    
  100.0000    44.8700     2.9600   37.640691       34.507189       12.639900       11.579901    
  100.0000    49.5900     2.9600   24.009000       22.078526       5.7792991       5.2996446    
  100.0000    54.8100     2.9600   13.224102       12.211764      0.63347000      0.56683104    
  100.0000    60.5700     2.9600   5.4943191       5.1077677      -2.9949862      -2.7928397    
  100.0000    66.9400     2.9600  0.20061401      0.20496545      -5.3411508      -4.9871161    
  100.0000    73.9800     2.9600  -3.3877337      -3.1538089      -6.6313043      -6.2144720    
  100.0000    81.7600     2.9600  -5.3653205      -5.0306210      -7.0767787      -6.6630390    
  100.0000    89.3600     2.9600  -6.0258710      -5.6802001      -6.9286740      -6.5534671    
  100.0000    90.3600     2.9600  -6.0586332      -5.7150087      -6.8808723      -6.5122157    
  100.0000    91.2000     2.9600  -6.0792143      -5.7376926      -6.8372792      -6.4742410    
  100.0000    92.0000     2.9600  -6.0944626      -5.7552192      -6.7925451      -6.4349609    
  100.0000    99.8600     2.9600  -5.9947087      -5.6907284      -6.2329595      -5.9317280    
  100.0000   110.4000     2.9600  -5.3104734      -5.0735002      -5.3040660      -5.0772395    
  100.0000   120.0000     2.9600  -4.5511886      -4.3710346      -4.4490861      -4.2798326    
  100.0000   130.0000     2.9600  -3.7476486      -3.6172904      -3.6301686      -3.5085286    
  100.0000   140.0000     2.9600  -3.0092002      -2.9177353      -2.9110666      -2.8256032    
  100.0000   150.0000     2.9600  -2.3740875      -2.3113224      -2.2990081      -2.2402392    
  100.0000   160.0000     2.9600  -1.8475926      -1.8053508      -1.7962712      -1.7564774    
  100.0000   170.0000     2.9600  -1.4161360      -1.3882514      -1.3898655      -1.3633037    
  100.0000   180.0000     2.9600  -1.0792909      -1.0611079      -1.0647386      -1.0473302    
  100.0000   190.0000     2.9600  -3.1833531      -3.1393103      -.80714336      -.79590177    
  100.0000   200.0000     2.9600   0.0000000       0.0000000      -.60596718      -.59883665    
  100.0000   210.0000     2.9600   0.0000000       0.0000000      -.45066005      -.44619998    
  100.0000   220.0000     2.9600   0.0000000       0.0000000      -.33166268      -.32892912    
  100.0000   230.0000     2.9600   0.0000000       0.0000000      -.24127946      -.23963766    
  100.0000   240.0000     2.9600   0.0000000       0.0000000      -.17319611      -.17223251    
  100.0000   250.0000     2.9600   0.0000000       0.0000000      -.12252625      -.12197514    
  100.0000   260.0000     2.9600   0.0000000       0.0000000      -.85325750E-01  -.85019279E-01
  100.0000   270.0000     2.9600   0.0000000       0.0000000      -.58352261E-01  -.58187254E-01
  100.0000   280.0000     2.9600   0.0000000       0.0000000      -.39065525E-01  -.38979943E-01
  100.0000   290.0000     2.9600   0.0000000       0.0000000      -.25503418E-01  -.25460980E-01
  100.0000   300.0000     2.9600   0.0000000       0.0000000      -.16154310E-01  -.16134314E-01
  100.0000   310.0000     2.9600   0.0000000       0.0000000      -.98627721E-02  -.98539438E-02
  100.0000   320.0000     2.9600   0.0000000       0.0000000      -.57593328E-02  -.57557290E-02
  100.0000   330.0000     2.9600   0.0000000       0.0000000      -.31802081E-02  -.31788645E-02
  100.0000   340.0000     2.9600   0.0000000       0.0000000      -.16310682E-02  -.16306277E-02
  100.0000   350.0000     2.9600   0.0000000       0.0000000      -.75677779E-03  -.75665587E-03
  100.0000   360.0000     2.9600   0.0000000       0.0000000      -.30423538E-03  -.30420882E-03
  100.0000   370.0000     2.9600   0.0000000       0.0000000      -.97912030E-04  -.97908051E-04
  100.0000   380.0000     2.9600   0.0000000       0.0000000      -.21325787E-04  -.21325482E-04
  100.0000   400.0000     2.9600   0.0000000       0.0000000      -.91747301E-08  -.91747259E-08
  100.0000   450.0000     2.9600   0.0000000       0.0000000       0.0000000       0.0000000    
  100.0000   500.0000     2.9600   0.0000000       0.0000000       0.0000000       0.0000000    
  100.0000     0.0911     3.2000   48.719032       45.897542       186731.24       175491.47    
  100.0000     0.1006     3.2000   53.816164       50.699482       166395.71       156379.73    
  100.0000     0.1112     3.2000   59.481645       56.036836       148144.11       139226.52    
  100.0000     0.1229     3.2000   65.731047       61.924300       131881.24       123942.39    
  100.0000     0.1358     3.2000   72.618030       68.412423       117403.45       110335.92    
  100.0000     0.1501     3.2000   80.249150       75.601568       104448.75       98160.892    
  100.0000     0.1659     3.2000   88.673768       83.538252       92900.645       87307.821    
  100.0000     0.1834     3.2000   97.997524       92.321994       82585.283       77613.313    
  100.0000     0.2027     3.2000   108.26581       101.99556       73412.250       68992.395    
  100.0000     0.2240     3.2000   119.59101       112.66477       65247.986       61319.539    
  100.0000     0.2475     3.2000   132.06335       124.41467       57983.190       54492.024    
  100.0000     0.2736     3.2000   145.89023       137.44062       51479.600       48379.907    
  100.0000     0.3023     3.2000   161.06137       151.73291       45716.599       42963.809    
  100.0000     0.3341     3.2000   177.82194       167.52251       40570.841       38127.809    
  100.0000     0.3693     3.2000   196.31245       184.94176       35984.036       33817.122    
  100.0000     0.4081     3.2000   216.60152       204.05529       31913.219       29991.370    
  100.0000     0.4510     3.2000   238.93416       225.09378       28289.384       26585.698    
  100.0000     0.4985     3.2000   263.49454       248.23071       25060.666       23551.363    
  100.0000     0.5509     3.2000   290.39660       273.57347       22195.402       20858.605    
  100.0000     0.6088     3.2000   319.84211       301.31181       19648.757       18465.290    
  100.0000     0.6729     3.2000   352.06620       331.66690       17382.075       16335.087    
  100.0000     0.7436     3.2000   387.11224       364.68026       15372.689       14446.693    
  100.0000     0.8218     3.2000   425.20182       400.55951       13586.752       12768.298    
  100.0000     0.9083     3.2000   466.48204       439.44298       12000.202       11277.288    
  100.0000     1.0040     3.2000   510.96029       481.33726       10591.300       9953.2332    
  100.0000     1.1090     3.2000   558.25671       525.88411       9350.1858       8786.8652    
  100.0000     1.2260     3.2000   608.88883       573.56955       8240.4227       7743.9415    
  100.0000     1.3550     3.2000   662.07694       623.65907       7259.5871       6822.1840    
  100.0000     1.4970     3.2000   717.21774       675.58225       6393.8754       6008.6195    
  100.0000     1.6550     3.2000   774.07332       729.11340       5622.1105       5283.3465    
  100.0000     1.8290     3.2000   831.10155       782.79780       4941.7085       4643.9357    
  100.0000     2.0210     3.2000   886.91458       835.32610       4340.6157       4079.0593    
  100.0000     2.2340     3.2000   940.04677       885.31449       3807.1462       3577.7350    
  100.0000     2.4690     3.2000   987.90345       930.31614       3336.6473       3135.5900    
  100.0000     2.7290     3.2000   1028.3246       968.29419       2920.7170       2744.7282    
  100.0000     3.0160     3.2000   1058.5165       996.61526       2554.0751       2400.1869    
  100.0000     3.3330     3.2000   1076.1389       1013.0737       2230.8128       2096.4134    
  100.0000     3.6830     3.2000   1079.2576       1015.8495       1946.0456       1828.8170    
  100.0000     4.0710     3.2000   1066.6816       1003.8251       1694.4051       1592.3527    
  100.0000     4.4990     3.2000   1038.6376       977.22250       1473.3219       1384.6055    
  100.0000     4.9720     3.2000   997.34410       938.14422       1278.8274       1201.8458    
  100.0000     5.4950     3.2000   945.63296       889.27085       1107.7805       1041.1217    
  100.0000     6.0730     3.2000   887.61230       834.48768       957.56198       899.97143    
  100.0000     6.7110     3.2000   827.20446       777.50117       825.89471       776.25480    
  100.0000     7.4170     3.2000   766.79057       720.56110       710.31161       667.65345    
  100.0000     8.1970     3.2000   707.58264       664.80886       609.12350       572.57960    
  100.0000     9.0590     3.2000   649.33556       610.00836       520.60671       489.41318    
  100.0000    10.0100     3.2000   591.55917       555.68966       443.38427       416.85993    
  100.0000    11.0600     3.2000   535.10118       502.64726       376.03346       353.58254    
  100.0000    12.2300     3.2000   476.82221       447.90474       316.88947       298.01683    
  100.0000    13.5100     3.2000   421.68319       396.13866       265.96000       250.16718    
  100.0000    14.9400     3.2000   368.35368       346.08789       221.29735       208.20638    
  100.0000    16.5100     3.2000   318.48932       299.30081       182.88870       172.11972    
  100.0000    18.2400     3.2000   272.31246       255.98553       149.78880       141.01833    
  100.0000    20.1600     3.2000   229.68453       216.00285       121.16301       114.11780    
  100.0000    22.2800     3.2000   190.79951       179.53032       96.644207       91.072193    
  100.0000    24.6300     3.2000   155.64007       146.54922       75.673065       71.355300    
  100.0000    27.2200     3.2000   124.22682       117.07226       57.953925       54.688631    
  100.0000    30.0800     3.2000   96.640921       91.173093       43.077277       40.687307    
  100.0000    33.2400     3.2000   73.089174       69.044692       30.709940       29.036767    
  100.0000    36.7400     3.2000   53.572947       50.688055       20.553748       19.457876    
  100.0000    40.6000     3.2000   37.846246       35.872552       12.407163       11.762101    
  100.0000    44.8700     3.2000   25.131165       23.869359       6.0194289       5.7151501    
  100.0000    49.5900     3.2000   14.794982       14.087801       1.1964217       1.1358252    
  100.0000    54.8100     3.2000   6.8036817       6.5034234      -2.2534332      -2.1541338    
  100.0000    60.5700     3.2000   1.3472546       1.3055768      -4.5126156      -4.3214786    
  100.0000    66.9400     3.2000  -2.1168116      -2.0158755      -5.7700728      -5.5410813    
  100.0000    73.9800     3.2000  -4.2274695      -4.0589163      -6.2037620      -5.9769764    
  100.0000    81.7600     3.2000  -5.1226270      -4.9414725      -6.0350925      -5.8351118    
  100.0000    89.3600     3.2000  -5.1355752      -4.9728371      -5.5216359      -5.3565940    
  100.0000    90.3600     3.2000  -5.1032480      -4.9439274      -5.4394913      -5.2791267    
  100.0000    91.2000     3.2000  -5.0720015      -4.9156141      -5.3694873      -5.2130405    
  100.0000    92.0000     3.2000  -5.0403400      -4.8867847      -5.3009979      -5.1482662    
  100.0000    99.8600     3.2000  -4.5912316      -4.4674652      -4.5884115      -4.4708004    
  100.0000   110.4000     3.2000  -3.7139044      -3.6295187      -3.6235824      -3.5448587    
  100.0000   120.0000     3.2000  -2.9567264      -2.8996952      -2.8317208      -2.7792554    
  100.0000   130.0000     3.2000  -2.2469871      -2.2108029      -2.1376730      -2.1045529    
  100.0000   140.0000     3.2000  -1.6564698      -1.6344717      -1.5783007      -1.5581044    
  100.0000   150.0000     3.2000  -1.1929760      -1.1800241      -1.1412749      -1.1293015    
  100.0000   160.0000     3.2000  -.84099895      -.83363543      -.80784324      -.80099438    
  100.0000   170.0000     3.2000  -.57790229      -.57387595      -.56046549      -.55668071    
  100.0000   180.0000     3.2000  -.39009529      -.38796740      -.38051633      -.37850151    
  100.0000   190.0000     3.2000  -1.0841231      -1.0796836      -.25210737      -.25107914    
  100.0000   200.0000     3.2000   0.0000000       0.0000000      -.16233988      -.16184012    
  100.0000   210.0000     3.2000   0.0000000       0.0000000      -.10121600      -.10098646    
  100.0000   220.0000     3.2000   0.0000000       0.0000000      -.60745565E-01  -.60647023E-01
  100.0000   230.0000     3.2000   0.0000000       0.0000000      -.34787684E-01  -.34748686E-01
  100.0000   240.0000     3.2000   0.0000000       0.0000000      -.18775172E-01  -.18761235E-01
  100.0000   250.0000     3.2000   0.0000000       0.0000000      -.93680835E-02  -.93637325E-02
  100.0000   260.0000     3.2000   0.0000000       0.0000000      -.42023427E-02  -.42012097E-02
  100.0000   270.0000     3.2000   0.0000000       0.0000000      -.16168596E-02  -.16166322E-02
  100.0000   280.0000     3.2000   0.0000000       0.0000000      -.48823806E-03  -.48820767E-03
  100.0000   290.0000     3.2000   0.0000000       0.0000000      -.94900048E-04  -.94898122E-04
  100.0000   300.0000     3.2000   0.0000000       0.0000000      -.63944029E-05  -.63943885E-05
  100.0000   310.0000     3.2000   0.0000000       0.0000000       0.0000000       0.0000000    
  100.0000   320.0000     3.2000   0.0000000       0.0000000       0.0000000       0.0000000    
  100.0000   330.0000     3.2000   0.0000000       0.0000000       0.0000000       0.0000000    
  100.0000   340.0000     3.2000   0.0000000       0.0000000       0.0000000       0.0000000    
  100.0000   350.0000     3.2000   0.0000000       0.0000000       0.0000000       0.0000000    
  100.0000   360.0000     3.2000   0.0000000       0.0000000       0.0000000       0.0000000    
  100.0000   370.0000     3.2000   0.0000000       0.0000000       0.0000000       0.0000000    
  100.0000   380.0000     3.2000   0.0000000       0.0000000       0.0000000       0.0000000    
  100.0000   400.0000     3.2000   0.0000000       0.0000000       0.0000000       0.0000000    
  100.0000   450.0000     3.2000   0.0000000       0.0000000       0.0000000       0.0000000    
  100.0000   500.0000     3.2000   0.0000000       0.0000000       0.0000000       0.0000000    
  100.0000     0.0911     3.9000   9.6693644       9.6133607       24192.276       24050.140    
  100.0000     0.1006     3.9000   10.681408       10.619543       21533.111       21406.606    
  100.0000     0.1112     3.9000   11.805310       11.736936       19148.493       19036.003    
  100.0000     0.1229     3.9000   13.045300       12.969743       17025.582       16925.569    
  100.0000     0.1358     3.9000   14.411683       14.328212       15137.403       15048.488    
  100.0000     0.1501     3.9000   15.926289       15.834045       13449.442       13370.446    
  100.0000     0.1659     3.9000   17.597868       17.495942       11946.205       11876.043    
  100.0000     0.1834     3.9000   19.447606       19.334966       10604.769       10542.490    
  100.0000     0.2027     3.9000   21.485590       21.361145       9413.1062       9357.8290    
  100.0000     0.2240     3.9000   23.731175       23.593721       8353.6091       8304.5573    
  100.0000     0.2475     3.9000   26.204600       26.052819       7411.8618       7368.3432    
  100.0000     0.2736     3.9000   28.945980       28.778318       6569.7373       6531.1663    
  100.0000     0.3023     3.9000   31.954567       31.769476       5824.3738       5790.1818    
  100.0000     0.3341     3.9000   35.276699       35.072361       5159.6387       5129.3517    
  100.0000     0.3693     3.9000   38.940424       38.714858       4567.8440       4541.0334    
  100.0000     0.4081     3.9000   42.961077       42.712215       4043.2959       4019.5665    
  100.0000     0.4510     3.9000   47.380771       47.106297       3576.9627       3555.9723    
  100.0000     0.4985     3.9000   52.241220       51.938575       3162.0457       3143.4923    
  100.0000     0.5509     3.9000   57.558778       57.225310       2794.3595       2777.9654    
  100.0000     0.6088     3.9000   63.377789       63.010582       2468.0417       2453.5640    
  100.0000     0.6729     3.9000   69.736834       69.332753       2178.0417       2165.2669    
  100.0000     0.7436     3.9000   76.644832       76.200680       1921.3683       1910.1006    
  100.0000     0.8218     3.9000   84.143710       83.656042       1693.6134       1683.6830    
  100.0000     0.9083     3.9000   92.247534       91.712821       1491.6324       1482.8878    
  100.0000     1.0040     3.9000   100.96025       100.37493       1312.5872       1304.8938    
  100.0000     1.1090     3.9000   110.19262       109.55363       1155.1565       1148.3872    
  100.0000     1.2260     3.9000   120.04454       119.34823       1014.6583       1008.7138    
  100.0000     1.3550     3.9000   130.33403       129.57779       890.73251       885.51541    
  100.0000     1.4970     3.9000   140.92384       140.10583       781.58115       777.00470    
  100.0000     1.6550     3.9000   151.75594       150.87461       684.48755       680.48096    
  100.0000     1.8290     3.9000   162.47613       161.53198       599.08375       595.57838    
  100.0000     2.0210     3.9000   172.79187       171.78702       523.81463       520.75099    
  100.0000     2.2340     3.9000   182.37460       181.31307       457.18007       454.50746    
  100.0000     2.4690     3.9000   190.66396       189.55294       398.56482       396.23618    
  100.0000     2.7290     3.9000   197.20455       196.05386       346.88990       344.86451    
  100.0000     3.0160     3.9000   201.41595       200.23874       301.46972       299.71085    
  100.0000     3.3330     3.9000   202.81218       201.62445       261.54466       260.02009    
  100.0000     3.6830     3.9000   201.01679       199.83678       226.48615       225.16731    
  100.0000     4.0710     3.9000   195.86225       194.70928       195.61029       194.47264    
  100.0000     4.4990     3.9000   187.49113       186.38391       168.58067       167.60165    
  100.0000     4.9720     3.9000   176.49097       175.44508       144.89196       144.05196    
  100.0000     5.4950     3.9000   163.57155       162.59876       124.14346       123.42523    
  100.0000     6.0730     3.9000   149.72778       148.83439       106.00081       105.38905    
  100.0000     6.7110     3.9000   135.85556       135.04289       90.173570       89.654682    
  100.0000     7.4170     3.9000   122.55754       121.82347       76.351343       75.913551    
  100.0000     8.1970     3.9000   110.03138       109.37254       64.318155       63.950933    
  100.0000     9.0590     3.9000   98.207235       97.620409       53.857064       53.551149    
  100.0000    10.0100     3.9000   86.923913       86.406502       44.795768       44.542906    
  100.0000    11.0600     3.9000   76.089442       75.639059       36.956481       36.749446    
  100.0000    12.2300     3.9000   65.662906       65.277219       30.137348       29.970085    
  100.0000    13.5100     3.9000   55.954278       55.628867       24.331265       24.197744    
  100.0000    14.9400     3.9000   46.879775       46.610631       19.305954       19.201491    
  100.0000    16.5100     3.9000   38.691984       38.473402       15.055499       14.975428    
  100.0000    18.2400     3.9000   31.398424       31.224599       11.468419       11.408716    
  100.0000    20.1600     3.9000   24.891315       24.756955       8.4459862       8.4031806    
  100.0000    22.2800     3.9000   19.212934       19.112442       5.9435053       5.9144077    
  100.0000    24.6300     3.9000   14.283873       14.212062       3.8964538       3.8782519    
  100.0000    27.2200     3.9000   10.114092       10.065742       2.2675400       2.2576636    
  100.0000    30.0800     3.9000   6.6847902       6.6548992       1.0072981       1.0034804    
  100.0000    33.2400     3.9000   4.0135596       3.9971817      0.73330046E-01  0.73634878E-01
  100.0000    36.7400     3.9000   2.0686822       2.0613735      -.57295576      -.57017760    
  100.0000    40.6000     3.9000  0.75904406      0.75714797      -.96782088      -.96390121    
  100.0000    44.8700     3.9000  -.84357536E-01  -.83364626E-01  -1.1502068      -1.1461524    
  100.0000    49.5900     3.9000  -.60551897      -.60323347      -1.1629812      -1.1594444    
  100.0000    54.8100     3.9000  -.84555372      -.84310750      -1.0508739      -1.0481878    
  100.0000    60.5700     3.9000  -.83097498      -.82908102      -.85981006      -.85803182    
  100.0000    66.9400     3.9000  -.66630265      -.66515392      -.63454175      -.63353332    
  100.0000    73.9800     3.9000  -.45968436      -.45912550      -.41502349      -.41455179    
  100.0000    81.7600     3.9000  -.26831971      -.26811046      -.23252403      -.23235305    
  100.0000    89.3600     3.9000  -.13676157      -.13669769      -.11576341      -.11571242    
  100.0000    90.3600     3.9000  -.12365722      -.12360374      -.10440252      -.10435987    
  100.0000    91.2000     3.9000  -.11336059      -.11331460      -.95508543E-01  -.95471969E-01
  100.0000    92.0000     3.9000  -.10416295      -.10412344      -.87556879E-01  -.87525408E-01
  100.0000    99.8600     3.9000  -.39847714E-01  -.39840243E-01  -.32862853E-01  -.32857038E-01
  100.0000   110.4000     3.9000  -.60912817E-02  -.60909876E-02  -.50131077E-02  -.50128767E-02
  100.0000   120.0000     3.9000  -.25133273E-03  -.25133124E-03  -.20312502E-03  -.20312419E-03
  100.0000   130.0000     3.9000   0.0000000       0.0000000       0.0000000       0.0000000    
  100.0000   140.0000     3.9000   0.0000000       0.0000000       0.0000000       0.0000000    
  100.0000   150.0000     3.9000   0.0000000       0.0000000       0.0000000       0.0000000    
  100.0000   160.0000     3.9000   0.0000000       0.0000000       0.0000000       0.0000000    
  100.0000   170.0000     3.9000   0.0000000       0.0000000       0.0000000       0.0000000    
  100.0000   180.0000     3.9000   0.0000000       0.0000000       0.0000000       0.0000000    
  100.0000   190.0000     3.9000   0.0000000       0.0000000       0.0000000       0.0000000    
  100.0000   200.0000     3.9000   0.0000000       0.0000000       0.0000000       0.0000000    
  100.0000   210.0000     3.9000   0.0000000       0.0000000       0.0000000       0.0000000    
  100.0000   220.0000     3.9000   0.0000000       0.0000000       0.0000000       0.0000000    
  100.0000   230.0000     3.9000   0.0000000       0.0000000       0.0000000       0.0000000    
  100.0000   240.0000     3.9000   0.0000000       0.0000000       0.0000000       0.0000000    
  100.0000   250.0000     3.9000   0.0000000       0.0000000       0.0000000       0.0000000    
  100.0000   260.0000     3.9000   0.0000000       0.0000000       0.0000000       0.0000000    
  100.0000   270.0000     3.9000   0.0000000       0.0000000       0.0000000       0.0000000    
  100.0000   280.0000     3.9000   0.0000000       0.0000000       0.0000000       0.0000000    
  100.0000   290.0000     3.9000   0.0000000       0.0000000       0.0000000       0.0000000    
  100.0000   300.0000     3.9000   0.0000000       0.0000000       0.0000000       0.0000000    
  100.0000   310.0000     3.9000   0.0000000       0.0000000       0.0000000       0.0000000    
  100.0000   320.0000     3.9000   0.0000000       0.0000000       0.0000000       0.0000000    
  100.0000   330.0000     3.9000   0.0000000       0.0000000       0.0000000       0.0000000    
  100.0000   340.0000     3.9000   0.0000000       0.0000000       0.0000000       0.0000000    
  100.0000   350.0000     3.9000   0.0000000       0.0000000       0.0000000       0.0000000    
  100.0000   360.0000     3.9000   0.0000000       0.0000000       0.0000000       0.0000000    
  100.0000   370.0000     3.9000   0.0000000       0.0000000       0.0000000       0.0000000    
  100.0000   380.0000     3.9000   0.0000000       0.0000000       0.0000000       0.0000000    
  100.0000   400.0000     3.9000   0.0000000       0.0000000       0.0000000       0.0000000    
  100.0000   450.0000     3.9000   0.0000000       0.0000000       0.0000000       0.0000000    
  100.0000   500.0000     3.9000   0.0000000       0.0000000       0.0000000       0.0000000    
  120.0000     0.0911    -3.9000   1.4694785      -1.4671363       3194.8094      -3189.7202    
  120.0000     0.1006    -3.9000   1.6232731      -1.6206858       2842.9446      -2838.4162    
  120.0000     0.1112    -3.9000   1.7940841      -1.7912244       2527.4657      -2523.4401    
  120.0000     0.1229    -3.9000   1.9825375      -1.9793774       2246.6629      -2243.0848    
  120.0000     0.1358    -3.9000   2.1901250      -2.1866341       1996.9571      -1993.7768    
  120.0000     0.1501    -3.9000   2.4203678      -2.4165099       1773.7739      -1770.9493    
  120.0000     0.1659    -3.9000   2.6743656      -2.6701028       1575.0560      -1572.5480    
  120.0000     0.1834    -3.9000   2.9555363      -2.9508253       1397.7649      -1395.5393    
  120.0000     0.2027    -3.9000   3.2652434      -3.2600389       1240.3031      -1238.3283    
  120.0000     0.2240    -3.9000   3.6065754      -3.6008266       1100.3369      -1098.5851    
  120.0000     0.2475    -3.9000   3.9824850      -3.9761369       975.95519      -974.40158    
  120.0000     0.2736    -3.9000   4.3987511      -4.3917395       864.75814      -863.38166    
  120.0000     0.3023    -3.9000   4.8563768      -4.8486356       766.36238      -765.14262    
  120.0000     0.3341    -3.9000   5.3612306      -5.3526846       678.63307      -677.55305    
  120.0000     0.3693    -3.9000   5.9182235      -5.9087895       600.55114      -599.59548    
  120.0000     0.4081    -3.9000   6.5293374      -6.5189291       531.36102      -530.51555    
  120.0000     0.4510    -3.9000   7.2012185      -7.1897387       469.86738      -469.11984    
  120.0000     0.4985    -3.9000   7.9401268      -7.9274687       415.17016      -414.50972    
  120.0000     0.5509    -3.9000   8.7483151      -8.7343681       366.71427      -366.13097    
  120.0000     0.6088    -3.9000   9.6332100      -9.6178516       323.72399      -323.20915    
  120.0000     0.6729    -3.9000   10.600109      -10.583208       285.53115      -285.07712    
  120.0000     0.7436    -3.9000   11.650650      -11.632072       251.73918      -251.33894    
  120.0000     0.8218    -3.9000   12.791182      -12.770784       221.76531      -221.41278    
  120.0000     0.9083    -3.9000   16.617881      -16.591219       195.19347      -194.88324    
  120.0000     1.0040    -3.9000   15.349854      -15.325371       171.64828      -171.37553    
  120.0000     1.1090    -3.9000   16.754127      -16.727399       150.95396      -150.71415    
  120.0000     1.2260    -3.9000   18.254615      -18.225489       132.49336      -132.28293    
  120.0000     1.3550    -3.9000   19.821528      -19.789893       116.21760      -116.03307    
  120.0000     1.4970    -3.9000   21.435362      -21.401142       101.88895      -101.72723    
  120.0000     1.6550    -3.9000   23.086631      -23.049762       89.149443      -89.007989    
  120.0000     1.8290    -3.9000   24.722214      -24.682716       77.949531      -77.825899    
  120.0000     2.0210    -3.9000   26.296277      -26.254243       68.084037      -67.976103    
  120.0000     2.2340    -3.9000   27.760006      -27.715602       59.355254      -59.261208    
  120.0000     2.4690    -3.9000   29.025126      -28.978662       51.681580      -51.599743    
  120.0000     2.7290    -3.9000   30.022930      -29.974822       44.920802      -44.849721    
  120.0000     3.0160    -3.9000   30.664093      -30.614900       38.982337      -38.920706    
  120.0000     3.3330    -3.9000   30.868612      -30.819020       33.766046      -33.712714    
  120.0000     3.6830    -3.9000   30.577878      -30.528671       29.189028      -29.142978    
  120.0000     4.0710    -3.9000   29.760295      -29.712309       25.161330      -25.121688    
  120.0000     4.4990    -3.9000   28.441793      -28.395830       21.638413      -21.604376    
  120.0000     4.9720    -3.9000   26.691757      -26.648519       18.553798      -18.524670    
  120.0000     5.4950    -3.9000   24.636924      -24.596920       15.854752      -15.829918    
  120.0000     6.0730    -3.9000   22.429235      -22.392743       13.497314      -13.476230    
  120.0000     6.7110    -3.9000   20.216006      -20.183075       11.443147      -11.425331    
  120.0000     7.4170    -3.9000   18.100940      -18.071457       9.6514479      -9.6364814    
  120.0000     8.1970    -3.9000   16.123384      -16.097168       8.0940365      -8.0815448    
  120.0000     9.0590    -3.9000   14.267684      -14.244569       6.7424725      -6.7321272    
  120.0000    10.0100    -3.9000   12.537348      -12.517148       5.5739064      -5.5654142    
  120.0000    11.0600    -3.9000   10.885188      -10.867782       4.5651365      -4.5582404    
  120.0000    12.2300    -3.9000   9.3107988      -9.2960569       3.6899008      -3.6843852    
  120.0000    13.5100    -3.9000   7.8580417      -7.8457532       2.9470784      -2.9427293    
  120.0000    14.9400    -3.9000   6.5156430      -6.5056139       2.3065152      -2.3031654    
  120.0000    16.5100    -3.9000   5.3116314      -5.3036150       1.7673944      -1.7648778    
  120.0000    18.2400    -3.9000   4.2583970      -4.2521261       1.3151153      -1.3132878    
  120.0000    20.1600    -3.9000   3.3248751      -3.3201260      0.93706263      -.93579913    
  120.0000    22.2800    -3.9000   2.5185170      -2.5150542      0.62720248      -.62638899    
  120.0000    24.6300    -3.9000   1.8240414      -1.8216511      0.37730250      -.37683913    
  120.0000    27.2200    -3.9000   1.2401812      -1.2386533      0.18222220      -.18201837    
  120.0000    30.0800    -3.9000  0.76575865      -.76489098      0.35597181E-01  -.35574421E-01
  120.0000    33.2400    -3.9000  0.40628109      -.40587607      -.67866020E-01  0.67777455E-01
  120.0000    36.7400    -3.9000  0.16053862      -.16041774      -.13389619      0.13375126    
  120.0000    40.6000    -3.9000  0.11303614E-01  -.11326531E-01  -.16750924      0.16734948    
  120.0000    44.8700    -3.9000  -.73957130E-01  0.73873886E-01  -.17421685      0.17407401    
  120.0000    49.5900    -3.9000  -.12222664      0.12212777      -.16049392      0.16038281    
  120.0000    54.8100    -3.9000  -.13516834      0.13508411      -.13274779      0.13267408    
  120.0000    60.5700    -3.9000  -.11210827      0.11205602      -.98127398E-01  0.98085817E-01
  120.0000    66.9400    -3.9000  -.75654879E-01  0.75630507E-01  -.63299972E-01  0.63281178E-01
  120.0000    73.9800    -3.9000  -.43467913E-01  0.43459283E-01  -.33994888E-01  0.33988621E-01
  120.0000    81.7600    -3.9000  -.18020138E-01  0.18018284E-01  -.13798790E-01  0.13797485E-01
  120.0000    89.3600    -3.9000  -.54491575E-02  0.54489286E-02  -.40969137E-02  0.40967534E-02
  120.0000    90.3600    -3.9000  -.45115568E-02  0.45113914E-02  -.33670561E-02  0.33669415E-02
  120.0000    91.2000    -3.9000  -.38200028E-02  0.38198710E-02  -.28290629E-02  0.28289782E-02
  120.0000    92.0000    -3.9000  -.32347767E-02  0.32346799E-02  -.23787325E-02  0.23786696E-02
  120.0000    99.8600    -3.9000  -.31779772E-03  0.31779602E-03  -.22217884E-03  0.22217789E-03
  120.0000   110.4000    -3.9000   0.0000000       0.0000000       0.0000000       0.0000000    
  120.0000   120.0000    -3.9000   0.0000000       0.0000000       0.0000000       0.0000000    
  120.0000   130.0000    -3.9000   0.0000000       0.0000000       0.0000000       0.0000000    
  120.0000   140.0000    -3.9000   0.0000000       0.0000000       0.0000000       0.0000000    
  120.0000   150.0000    -3.9000   0.0000000       0.0000000       0.0000000       0.0000000    
  120.0000   160.0000    -3.9000   0.0000000       0.0000000       0.0000000       0.0000000    
  120.0000   170.0000    -3.9000   0.0000000       0.0000000       0.0000000       0.0000000    
  120.0000   180.0000    -3.9000   0.0000000       0.0000000       0.0000000       0.0000000    
  120.0000   190.0000    -3.9000   0.0000000       0.0000000       0.0000000       0.0000000    
  120.0000   200.0000    -3.9000   0.0000000       0.0000000       0.0000000       0.0000000    
  120.0000   210.0000    -3.9000   0.0000000       0.0000000       0.0000000       0.0000000    
  120.0000   220.0000    -3.9000   0.0000000       0.0000000       0.0000000       0.0000000    
  120.0000   230.0000    -3.9000   0.0000000       0.0000000       0.0000000       0.0000000    
  120.0000   240.0000    -3.9000   0.0000000       0.0000000       0.0000000       0.0000000    
  120.0000   250.0000    -3.9000   0.0000000       0.0000000       0.0000000       0.0000000    
  120.0000   260.0000    -3.9000   0.0000000       0.0000000       0.0000000       0.0000000    
  120.0000   270.0000    -3.9000   0.0000000       0.0000000       0.0000000       0.0000000    
  120.0000   280.0000    -3.9000   0.0000000       0.0000000       0.0000000       0.0000000    
  120.0000   290.0000    -3.9000   0.0000000       0.0000000       0.0000000       0.0000000    
  120.0000   300.0000    -3.9000   0.0000000       0.0000000       0.0000000       0.0000000    
  120.0000   310.0000    -3.9000   0.0000000       0.0000000       0.0000000       0.0000000    
  120.0000   320.0000    -3.9000   0.0000000       0.0000000       0.0000000       0.0000000    
  120.0000   330.0000    -3.9000   0.0000000       0.0000000       0.0000000       0.0000000    
  120.0000   340.0000    -3.9000   0.0000000       0.0000000       0.0000000       0.0000000    
  120.0000   350.0000    -3.9000   0.0000000       0.0000000       0.0000000       0.0000000    
  120.0000   360.0000    -3.9000   0.0000000       0.0000000       0.0000000       0.0000000    
  120.0000   370.0000    -3.9000   0.0000000       0.0000000       0.0000000       0.0000000    
  120.0000   380.0000    -3.9000   0.0000000       0.0000000       0.0000000       0.0000000    
  120.0000   400.0000    -3.9000   0.0000000       0.0000000       0.0000000       0.0000000    
  120.0000   450.0000    -3.9000   0.0000000       0.0000000       0.0000000       0.0000000    
  120.0000   500.0000    -3.9000   0.0000000       0.0000000       0.0000000       0.0000000    
  120.0000     0.0911    -3.2000   22.038673      -21.192004       86969.848      -83528.044    
  120.0000     0.1006    -3.2000   24.345331      -23.410046       77509.164      -74441.786    
  120.0000     0.1112    -3.2000   26.906724      -25.873032       69017.104      -66285.815    
  120.0000     0.1229    -3.2000   29.734590      -28.592255       61449.553      -59017.761    
  120.0000     0.1358    -3.2000   32.848436      -31.586480       54711.909      -52546.769    
  120.0000     0.1501    -3.2000   36.302565      -34.907897       48682.401      -46755.886    
  120.0000     0.1659    -3.2000   40.113508      -38.572855       43306.942      -41593.166    
  120.0000     0.1834    -3.2000   44.332575      -42.629388       38504.731      -36981.006    
  120.0000     0.2027    -3.2000   48.980002      -47.098257       34233.796      -32879.094    
  120.0000     0.2240    -3.2000   54.101348      -52.022821       30432.059      -29227.812    
  120.0000     0.2475    -3.2000   59.746250      -57.450841       27048.725      -25978.373    
  120.0000     0.2736    -3.2000   66.000501      -63.464760       24019.490      -23069.020    
  120.0000     0.3023    -3.2000   72.869031      -70.069356       21334.834      -20490.608    
  120.0000     0.3341    -3.2000   80.454530      -77.363346       18937.375      -18188.026    
  120.0000     0.3693    -3.2000   88.825628      -85.412728       16800.021      -16135.256    
  120.0000     0.4081    -3.2000   98.014183      -94.248117       14902.818      -14313.132    
  120.0000     0.4510    -3.2000   108.12033      -103.96580       13213.665      -12690.825    
  120.0000     0.4985    -3.2000   119.25017      -114.66776       11708.441      -11245.167    
  120.0000     0.5509    -3.2000   131.43110      -126.38031       10372.433      -9962.0294    
  120.0000     0.6088    -3.2000   144.78102      -139.21683       9184.7832      -8821.3782    
  120.0000     0.6729    -3.2000   159.39027      -153.26408       8127.5063      -7805.9405    
  120.0000     0.7436    -3.2000   175.28903      -168.55108       7190.0683      -6905.5991    
  120.0000     0.8218    -3.2000   192.58762      -185.18379       6356.7150      -6105.2234    
  120.0000     0.9083    -3.2000   211.33074      -203.20510       5616.2513      -5394.0614    
  120.0000     1.0040    -3.2000   231.56511      -222.65978       4958.5616      -4762.3977    
  120.0000     1.1090    -3.2000   253.09778      -243.36208       4379.0722      -4205.8398    
  120.0000     1.2260    -3.2000   276.19406      -265.56696       3860.7963      -3708.0731    
  120.0000     1.3550    -3.2000   300.49477      -288.92861       3402.6251      -3268.0326    
  120.0000     1.4970    -3.2000   325.74833      -313.20486       2998.1336      -2879.5477    
  120.0000     1.6550    -3.2000   351.89216      -338.33495       2637.4472      -2533.1345    
  120.0000     1.8290    -3.2000   378.18887      -363.60935       2319.3765      -2227.6509    
  120.0000     2.0210    -3.2000   404.08975      -388.49953       2038.3050      -1957.7023    
  120.0000     2.2340    -3.2000   428.95343      -412.38847       1788.7841      -1718.0560    
  120.0000     2.4690    -3.2000   451.58198      -434.12312       1568.6521      -1506.6358    
  120.0000     2.7290    -3.2000   471.03674      -452.80023       1373.9918      -1319.6795    
  120.0000     3.0160    -3.2000   486.08438      -467.23353       1202.3446      -1154.8257    
  120.0000     3.3330    -3.2000   495.55966      -476.30219       1050.9560      -1009.4292    
  120.0000     3.6830    -3.2000   498.53998      -479.11975       917.54936      -881.30306    
  120.0000     4.0710    -3.2000   494.42788      -475.11276       799.61943      -768.04143    
  120.0000     4.4990    -3.2000   483.29913      -464.35678       695.97115      -668.49645    
  120.0000     4.9720    -3.2000   465.77051      -447.44827       604.75218      -580.88908    
  120.0000     5.4950    -3.2000   443.26075      -425.75557       524.49700      -503.81178    
  120.0000     6.0730    -3.2000   417.49369      -400.94084       453.98387      -436.09115    
  120.0000     6.7110    -3.2000   390.25000      -374.71982       392.15102      -376.70740    
  120.0000     7.4170    -3.2000   362.75226      -348.27019       337.84410      -324.55181    
  120.0000     8.1970    -3.2000   335.61821      -322.18605       290.27547      -278.86788    
  120.0000     9.0590    -3.2000   308.83759      -296.45598       248.63972      -238.88202    
  120.0000    10.0100    -3.2000   282.23148      -270.90544       212.29348      -203.97621    
  120.0000    11.0600    -3.2000   255.70764      -245.44316       180.57103      -173.51115    
  120.0000    12.2300    -3.2000   229.20587      -220.00928       152.69141      -146.73664    
  120.0000    13.5100    -3.2000   203.62860      -195.46863       128.66654      -123.66399    
  120.0000    14.9400    -3.2000   178.79448      -171.64618       107.56347      -103.39707    
  120.0000    16.5100    -3.2000   155.52431      -149.32696       89.392560      -85.945722    
  120.0000    18.2400    -3.2000   133.92794      -128.61636       73.708768      -70.882379    
  120.0000    20.1600    -3.2000   113.85304      -109.36598       60.115452      -57.825922    
  120.0000    22.2800    -3.2000   95.503169      -91.770238       48.439721      -46.610150    
  120.0000    24.6300    -3.2000   78.741352      -75.695845       38.417140      -36.980900    
  120.0000    27.2200    -3.2000   63.601629      -61.173946       29.908933      -28.804827    
  120.0000    30.0800    -3.2000   50.175792      -48.292302       22.726200      -21.900399    
  120.0000    33.2400    -3.2000   38.607651      -37.188304       16.696950      -16.101945    
  120.0000    36.7400    -3.2000   28.984379      -27.945848       11.689219      -11.282903    
  120.0000    40.6000    -3.2000   21.223575      -20.486246       7.6063984      -7.3503153    
  120.0000    44.8700    -3.2000   14.835202      -14.338913       4.3439488      -4.2043580    
  120.0000    49.5900    -3.2000   9.3797367      -9.0813433       1.8095280      -1.7561155    
  120.0000    54.8100    -3.2000   4.9820972      -4.8359190      -.82109781E-01  0.75216031E-01
  120.0000    60.5700    -3.2000   2.0090314      -1.9601057      -1.4079820       1.3628472    
  120.0000    66.9400    -3.2000  0.19007239E-01  -.28314973E-01  -2.2462082       2.1810831    
  120.0000    73.9800    -3.2000  -1.4955486       1.4492220      -2.6748721       2.6041469    
  120.0000    81.7600    -3.2000  -2.1624448       2.1053723      -2.7726353       2.7060243    
  120.0000    89.3600    -3.2000  -2.3432803       2.2882499      -2.6425223       2.5851905    
  120.0000    90.3600    -3.2000  -2.3638840       2.3092547      -2.6152988       2.5593222    
  120.0000    91.2000    -3.2000  -2.3805756       2.3262960      -2.5909679       2.5361450    
  120.0000    92.0000    -3.2000  -2.3939620       2.3400799      -2.5668510       2.5131271    
  120.0000    99.8600    -3.2000  -2.3270895       2.2808174      -2.2907498       2.2477647    
  120.0000   110.4000    -3.2000  -1.9330453       1.9004925      -1.8728079       1.8429100    
  120.0000   120.0000    -3.2000  -1.6260502       1.6028092      -1.5028757       1.4823707    
  120.0000   130.0000    -3.2000  -1.2441754       1.2292878      -1.1598877       1.1465977    
  120.0000   140.0000    -3.2000  -.95508877      0.94563082      -.87055752      0.86227379    
  120.0000   150.0000    -3.2000  -.68956255      0.68397952      -.63769141      0.63272464    
  120.0000   160.0000    -3.2000  -.49761153      0.49437089      -.45637584      0.45350750    
  120.0000   170.0000    -3.2000  -.34353273      0.34175855      -.31883725      0.31724601    
  120.0000   180.0000    -3.2000  -.23336337      0.23242381      -.21699778      0.21615319    
  120.0000   190.0000    -3.2000  -.15292114      0.15245186      -.14339625      0.14296970    
  120.0000   200.0000    -3.2000  -.96850755E-01  0.96628696E-01  -.91749256E-01  0.91545375E-01
  120.0000   210.0000    -3.2000  -.59592741E-01  0.59493672E-01  -.56540243E-01  0.56449073E-01
  120.0000   220.0000    -3.2000  -.34757265E-01  0.34716720E-01  -.33298413E-01  0.33260706E-01
  120.0000   230.0000    -3.2000  -.19226172E-01  0.19211080E-01  -.18535141E-01  0.18520994E-01
  120.0000   240.0000    -3.2000   0.0000000       0.0000000      -.95884358E-02  0.95837536E-02
  120.0000   250.0000    -3.2000   0.0000000       0.0000000      -.44977886E-02  0.44964769E-02
  120.0000   260.0000    -3.2000   0.0000000       0.0000000      -.18384226E-02  0.18381318E-02
  120.0000   270.0000    -3.2000   0.0000000       0.0000000      -.60856051E-03  0.60851529E-03
  120.0000   280.0000    -3.2000   0.0000000       0.0000000      -.13984341E-03  0.13983961E-03
  120.0000   290.0000    -3.2000   0.0000000       0.0000000      -.14593852E-04  0.14593777E-04
  120.0000   300.0000    -3.2000   0.0000000       0.0000000      -.54547903E-07  0.54547929E-07
  120.0000   310.0000    -3.2000   0.0000000       0.0000000       0.0000000       0.0000000    
  120.0000   320.0000    -3.2000   0.0000000       0.0000000       0.0000000       0.0000000    
  120.0000   330.0000    -3.2000   0.0000000       0.0000000       0.0000000       0.0000000    
  120.0000   340.0000    -3.2000   0.0000000       0.0000000       0.0000000       0.0000000    
  120.0000   350.0000    -3.2000   0.0000000       0.0000000       0.0000000       0.0000000    
  120.0000   360.0000    -3.2000   0.0000000       0.0000000       0.0000000       0.0000000    
  120.0000   370.0000    -3.2000   0.0000000       0.0000000       0.0000000       0.0000000    
  120.0000   380.0000    -3.2000   0.0000000       0.0000000       0.0000000       0.0000000    
  120.0000   400.0000    -3.2000   0.0000000       0.0000000       0.0000000       0.0000000    
  120.0000   450.0000    -3.2000   0.0000000       0.0000000       0.0000000       0.0000000    
  120.0000   500.0000    -3.2000   0.0000000       0.0000000       0.0000000       0.0000000    
  120.0000     0.0911    -2.9600   27.624754      -25.802957       120549.09      -112355.14    
  120.0000     0.1006    -2.9600   30.516062      -28.503585       107461.99      -100157.51    
  120.0000     0.1112    -2.9600   33.727696      -31.503414       95712.593      -89206.692    
  120.0000     0.1229    -2.9600   37.270542      -34.812611       85240.311      -79446.185    
  120.0000     0.1358    -2.9600   41.174752      -38.459701       75914.647      -70754.369    
  120.0000     0.1501    -2.9600   45.504616      -42.503639       67567.429      -62974.500    
  120.0000     0.1659    -2.9600   50.281817      -46.965773       60124.115      -56037.103    
  120.0000     0.1834    -2.9600   55.570790      -51.905923       53473.137      -49838.191    
  120.0000     0.2027    -2.9600   61.396703      -57.347591       47556.653      -44323.853    
  120.0000     0.2240    -2.9600   67.819233      -63.346519       42288.944      -39414.196    
  120.0000     0.2475    -2.9600   74.891883      -69.952680       37599.876      -35043.853    
  120.0000     0.2736    -2.9600   82.734826      -77.278304       33400.549      -31129.965    
  120.0000     0.3023    -2.9600   91.346413      -85.321844       29677.969      -27660.421    
  120.0000     0.3341    -2.9600   100.85729      -94.205321       26352.765      -24561.245    
  120.0000     0.3693    -2.9600   111.35418      -104.00965       23387.530      -21797.571    
  120.0000     0.4081    -2.9600   122.87658      -114.77195       20754.743      -19343.749    
  120.0000     0.4510    -2.9600   135.55098      -126.61421       18410.006      -17158.399    
  120.0000     0.4985    -2.9600   149.50808      -139.64617       16319.968      -15210.438    
  120.0000     0.5509    -2.9600   164.79935      -153.92823       14464.329      -13480.942    
  120.0000     0.6088    -2.9600   181.54368      -169.56727       12814.233      -11943.018    
  120.0000     0.6729    -2.9600   199.87772      -186.69083       11344.796      -10573.475    
  120.0000     0.7436    -2.9600   219.83901      -205.33385       10041.476      -9358.7568    
  120.0000     0.8218    -2.9600   241.56264      -225.62235       8882.4605      -8278.5348    
  120.0000     0.9083    -2.9600   265.11234      -247.61568       7852.2614      -7318.3731    
  120.0000     1.0040    -2.9600   290.54247      -271.36427       6936.8803      -6465.2251    
  120.0000     1.1090    -2.9600   317.63747      -296.66647       6130.0251      -5713.2260    
  120.0000     1.2260    -2.9600   346.72130      -323.82440       5408.1085      -5040.3921    
  120.0000     1.3550    -2.9600   377.35561      -352.42806       4769.6431      -4445.3368    
  120.0000     1.4970    -2.9600   409.23745      -382.19378       4205.7338      -3919.7696    
  120.0000     1.6550    -2.9600   442.30590      -413.06358       3702.6642      -3450.9068    
  120.0000     1.8290    -2.9600   475.65329      -444.18880       3258.8217      -3037.2449    
  120.0000     2.0210    -2.9600   508.60280      -474.93582       2866.4140      -2671.5216    
  120.0000     2.2340    -2.9600   540.41877      -504.61590       2517.8740      -2346.6840    
  120.0000     2.4690    -2.9600   569.57709      -531.80414       2210.2189      -2059.9521    
  120.0000     2.7290    -2.9600   594.94988      -555.44558       1938.0088      -1806.2559    
  120.0000     3.0160    -2.9600   615.00752      -574.11051       1697.8377      -1582.4207    
  120.0000     3.3330    -2.9600   628.30071      -586.44474       1485.8814      -1384.8825    
  120.0000     3.6830    -2.9600   633.63176      -591.33054       1298.9799      -1210.6959    
  120.0000     4.0710    -2.9600   630.35012      -588.16180       1133.6483      -1056.6130    
  120.0000     4.4990    -2.9600   618.35651      -576.85272       988.23435      -921.09376    
  120.0000     4.9720    -2.9600   598.40806      -558.11120       860.16132      -801.73670    
  120.0000     5.4950    -2.9600   572.13410      -533.46959       747.39153      -696.64269    
  120.0000     6.0730    -2.9600   541.60987      -504.88026       648.22685      -604.22884    
  120.0000     6.7110    -2.9600   508.96321      -474.33029       561.19141      -523.11961    
  120.0000     7.4170    -2.9600   475.73465      -443.26494       484.67618      -451.81537    
  120.0000     8.1970    -2.9600   442.43867      -412.16660       417.58603      -389.29537    
  120.0000     9.0590    -2.9600   409.31335      -381.25451       358.79847      -334.51336    
  120.0000    10.0100    -2.9600   376.09454      -350.27834       307.41814      -286.63473    
  120.0000    11.0600    -2.9600   342.67167      -319.13057       262.51509      -244.79267    
  120.0000    12.2300    -2.9600   309.03611      -287.80001       222.99443      -207.96665    
  120.0000    13.5100    -2.9600   276.31747      -257.33660       188.88313      -176.18151    
  120.0000    14.9400    -2.9600   244.46196      -227.68869       158.86545      -148.21092    
  120.0000    16.5100    -2.9600   214.11287      -199.45033       132.96399      -124.07562    
  120.0000    18.2400    -2.9600   185.83207      -173.14453       110.55314      -103.19245    
  120.0000    20.1600    -2.9600   159.44665      -148.60699       91.073346      -85.039367    
  120.0000    22.2800    -2.9600   135.17659      -126.03994       74.283236      -69.391207    
  120.0000    24.6300    -2.9600   112.76030      -105.19598       59.808673      -55.898901    
  120.0000    27.2200    -2.9600   92.411291      -86.271743       47.454942      -44.380641    
  120.0000    30.0800    -2.9600   74.213886      -69.343719       36.943690      -34.576566    
  120.0000    33.2400    -2.9600   58.374349      -54.602253       28.056683      -26.283380    
  120.0000    36.7400    -2.9600   44.988894      -42.136239       20.587878      -19.307715    
  120.0000    40.6000    -2.9600   33.982262      -31.874965       14.415306      -13.537062    
  120.0000    44.8700    -2.9600   24.763948      -23.268136       9.3721424      -8.8153325    
  120.0000    49.5900    -2.9600   16.767831      -15.787798       5.3382521      -5.0312720    
  120.0000    54.8100    -2.9600   10.181564      -9.6139169       2.2022356      -2.0818489    
  120.0000    60.5700    -2.9600   5.5030946      -5.2166583      -.13597124      0.12553301    
  120.0000    66.9400    -2.9600   2.1465819      -2.0515685      -1.7816877       1.6872903    
  120.0000    73.9800    -2.9600  -.56402476      0.52281275      -2.8293400       2.6892864    
  120.0000    81.7600    -2.9600  -2.0509490       1.9449324      -3.3689141       3.2139698    
  120.0000    89.3600    -2.9600  -2.7410604       2.6134177      -3.5139394       3.3636262    
  120.0000    90.3600    -2.9600  -2.8214067       2.6917631      -3.5134215       3.3645878    
  120.0000    91.2000    -2.9600  -2.8902986       2.7589917      -3.5102405       3.3627616    
  120.0000    92.0000    -2.9600  -2.9495733       2.8169825      -3.5049369       3.3588399    
  120.0000    99.8600    -2.9600  -3.1985600       3.0680258      -3.3576655       3.2286388    
  120.0000   110.4000    -2.9600  -2.9565710       2.8497477      -2.9973234       2.8945138    
  120.0000   120.0000    -2.9600  -2.7210258       2.6335717      -2.6003947       2.5205615    
  120.0000   130.0000    -2.9600  -2.2709818       2.2064231      -2.1792477       2.1199637    
  120.0000   140.0000    -2.9600  -1.9194335       1.8715722      -1.7888266       1.7459161    
  120.0000   150.0000    -2.9600  -1.5312439       1.4978660      -1.4442820       1.4139817    
  120.0000   160.0000    -2.9600  -1.2308734       1.2075936      -1.1498039       1.1287914    
  120.0000   170.0000    -2.9600  -.95661772      0.94098914      -.90352576      0.88925592    
  120.0000   180.0000    -2.9600  -.74087507      0.73049843      -.70051796      0.69102483    
  120.0000   190.0000    -2.9600  -.56448189      0.55774174      -.53717932      0.53096678    
  120.0000   200.0000    -2.9600  -.42405200      0.41977319      -.40737324      0.40337951    
  120.0000   210.0000    -2.9600  -.31712703      0.31444073      -.30539106      0.30287689    
  120.0000   220.0000    -2.9600  -.23276755      0.23112801      -.22611756      0.22456786    
  120.0000   230.0000    -2.9600  -.16888001      0.16790072      -.16512378      0.16419060    
  120.0000   240.0000    -2.9600   0.0000000       0.0000000      -.11879765      0.11825019    
  120.0000   250.0000    -2.9600   0.0000000       0.0000000      -.84144501E-01  0.83831915E-01
  120.0000   260.0000    -2.9600   0.0000000       0.0000000      -.58548565E-01  0.58375737E-01
  120.0000   270.0000    -2.9600   0.0000000       0.0000000      -.39917697E-01  0.39825430E-01
  120.0000   280.0000    -2.9600   0.0000000       0.0000000      -.26569854E-01  0.26522650E-01
  120.0000   290.0000    -2.9600   0.0000000       0.0000000      -.17192870E-01  0.17169880E-01
  120.0000   300.0000    -2.9600   0.0000000       0.0000000      -.10752372E-01  0.10741801E-01
  120.0000   310.0000    -2.9600   0.0000000       0.0000000      -.64549768E-02  0.64504511E-02
  120.0000   320.0000    -2.9600   0.0000000       0.0000000      -.36836432E-02  0.36818672E-02
  120.0000   330.0000    -2.9600   0.0000000       0.0000000      -.19691357E-02  0.19685123E-02
  120.0000   340.0000    -2.9600   0.0000000       0.0000000      -.96501506E-03  0.96482619E-03
  120.0000   350.0000    -2.9600   0.0000000       0.0000000      -.41893884E-03  0.41889216E-03
  120.0000   360.0000    -2.9600   0.0000000       0.0000000      -.15183795E-03  0.15182942E-03
  120.0000   370.0000    -2.9600   0.0000000       0.0000000      -.40876164E-04  0.40875223E-04
  120.0000   380.0000    -2.9600   0.0000000       0.0000000      -.61559922E-05  0.61559569E-05
  120.0000   400.0000    -2.9600   0.0000000       0.0000000       0.0000000       0.0000000    
  120.0000   450.0000    -2.9600   0.0000000       0.0000000       0.0000000       0.0000000    
  120.0000   500.0000    -2.9600   0.0000000       0.0000000       0.0000000       0.0000000    
  120.0000     0.0911    -2.4000   31.538077      -26.123485       161066.37      -132973.98    
  120.0000     0.1006    -2.4000   34.839109      -28.857749       143634.88      -118582.68    
  120.0000     0.1112    -2.4000   38.505943      -31.895036       127980.64      -105658.68    
  120.0000     0.1229    -2.4000   42.551589      -35.246089       114023.80      -94136.036    
  120.0000     0.1358    -2.4000   47.007738      -38.937185       101591.30      -83871.893    
  120.0000     0.1501    -2.4000   51.951747      -43.032346       90459.724      -74681.783    
  120.0000     0.1659    -2.4000   57.406593      -47.550638       80530.354      -66484.210    
  120.0000     0.1834    -2.4000   63.445613      -52.552886       71655.005      -59156.831    
  120.0000     0.2027    -2.4000   70.097933      -58.062953       63757.092      -52636.419    
  120.0000     0.2240    -2.4000   77.431943      -64.137738       56722.755      -46828.968    
  120.0000     0.2475    -2.4000   85.510119      -70.828891       50458.852      -41657.584    
  120.0000     0.2736    -2.4000   94.463047      -78.244606       44847.075      -37024.590    
  120.0000     0.3023    -2.4000   104.29997      -86.392432       39870.487      -32916.002    
  120.0000     0.3341    -2.4000   115.16327      -95.390358       35423.374      -29244.546    
  120.0000     0.3693    -2.4000   127.13987      -105.31039       31456.058      -25969.204    
  120.0000     0.4081    -2.4000   140.31932      -116.22655       27932.048      -23059.853    
  120.0000     0.4510    -2.4000   154.80782      -128.22685       24792.229      -20467.684    
  120.0000     0.4985    -2.4000   170.75724      -141.43698       21992.214      -18156.055    
  120.0000     0.5509    -2.4000   188.22233      -155.90229       19505.063      -16102.722    
  120.0000     0.6088    -2.4000   207.38723      -171.77501       17292.340      -14275.955    
  120.0000     0.6729    -2.4000   228.35585      -189.14117       15320.894      -12648.381    
  120.0000     0.7436    -2.4000   251.17510      -208.03953       13571.413      -11204.059    
  120.0000     0.8218    -2.4000   276.07931      -228.66360       12014.804      -9918.9703    
  120.0000     0.9083    -2.4000   303.07836      -251.02145       10630.434      -8776.0793    
  120.0000     1.0040    -2.4000   332.24591      -275.17351       9399.6482      -7759.9845    
  120.0000     1.1090    -2.4000   363.34341      -300.91827       8314.1358      -6863.8253    
  120.0000     1.2260    -2.4000   396.79411      -328.61551       7342.2960      -6061.5126    
  120.0000     1.3550    -2.4000   432.08564      -357.82979       6482.2437      -5351.4898    
  120.0000     1.4970    -2.4000   468.90051      -388.30025       5722.1155      -4723.9626    
  120.0000     1.6550    -2.4000   507.19064      -419.98506       5043.5251      -4163.7517    
  120.0000     1.8290    -2.4000   546.00240      -452.09282       4444.3913      -3669.1389    
  120.0000     2.0210    -2.4000   584.52604      -483.95038       3914.2888      -3231.5170    
  120.0000     2.2340    -2.4000   621.97273      -514.90157       3443.0761      -2842.5137    
  120.0000     2.4690    -2.4000   656.74585      -543.62088       3026.7961      -2498.8618    
  120.0000     2.7290    -2.4000   687.52184      -569.00983       2658.1593      -2194.5436    
  120.0000     3.0160    -2.4000   712.61905      -589.67332       2332.6187      -1925.8048    
  120.0000     3.3330    -2.4000   730.49089      -604.25585       2045.0524      -1688.4170    
  120.0000     3.6830    -2.4000   739.55157      -611.66463       1791.2291      -1478.8871    
  120.0000     4.0710    -2.4000   739.14741      -611.14142       1566.4673      -1293.3500    
  120.0000     4.4990    -2.4000   729.06140      -602.58768       1368.5685      -1129.9906    
  120.0000     4.9720    -2.4000   710.07589      -586.66109       1194.0708      -985.95105    
  120.0000     5.4950    -2.4000   683.73762      -564.65655       1040.2392      -858.97314    
  120.0000     6.0730    -2.4000   652.24122      -538.40661       904.79513      -747.17565    
  120.0000     6.7110    -2.4000   617.85666      -509.80796       785.75828      -648.92385    
  120.0000     7.4170    -2.4000   582.09160      -480.11006       680.96082      -562.42790    
  120.0000     8.1970    -2.4000   545.77876      -450.01327       588.93303      -486.47425    
  120.0000     9.0590    -2.4000   508.81837      -419.42580       508.16341      -419.81493    
  120.0000    10.0100    -2.4000   471.34290      -388.45952       437.44788      -361.45567    
  120.0000    11.0600    -2.4000   433.01373      -356.82573       375.53155      -310.36028    
  120.0000    12.2300    -2.4000   393.92064      -324.60149       320.92523      -265.29927    
  120.0000    13.5100    -2.4000   355.46420      -292.91737       273.68691      -226.31971    
  120.0000    14.9400    -2.4000   317.55236      -261.71046       232.01806      -191.93758    
  120.0000    16.5100    -2.4000   281.07289      -231.70531       195.95887      -162.18375    
  120.0000    18.2400    -2.4000   246.66476      -203.42110       164.65924      -136.35673    
  120.0000    20.1600    -2.4000   214.19510      -176.74869       137.35359      -113.82390    
  120.0000    22.2800    -2.4000   184.04019      -151.98518       113.71609      -94.315575    
  120.0000    24.6300    -2.4000   155.93914      -128.91525       93.233374      -77.407015    
  120.0000    27.2200    -2.4000   130.23455      -107.81278       75.642982      -62.880788    
  120.0000    30.0800    -2.4000   106.94186      -88.684341       60.559326      -50.417635    
  120.0000    33.2400    -2.4000   86.372253      -71.780342       47.682156      -39.768960    
  120.0000    36.7400    -2.4000   68.645093      -57.190719       36.730400      -30.701335    
  120.0000    40.6000    -2.4000   53.733592      -44.895118       27.531170      -23.072223    
  120.0000    44.8700    -2.4000   40.975604      -34.347031       19.859519      -16.694899    
  120.0000    49.5900    -2.4000   29.746829      -25.033124       13.550898      -11.433558    
  120.0000    54.8100    -2.4000   20.284132      -17.160443       8.4470696      -7.1587490    
  120.0000    60.5700    -2.4000   13.193123      -11.239457       4.4212980      -3.7676677    
  120.0000    66.9400    -2.4000   7.7490063      -6.6591942       1.3386823      -1.1511720    
  120.0000    73.9800    -2.4000   3.1507076      -2.7415211      -.91755178      0.78524558    
  120.0000    81.7600    -2.4000  0.16688770      -.17732582      -2.4619600       2.1287652    
  120.0000    89.3600    -2.4000  -1.5795624       1.3438974      -3.3183708       2.8913724    
  120.0000    90.3600    -2.4000  -1.7841286       1.5234929      -3.3960618       2.9618638    
  120.0000    91.2000    -2.4000  -1.9602601       1.6792992      -3.4569566       3.0174197    
  120.0000    92.0000    -2.4000  -2.1173695       1.8181477      -3.5091751       3.0652297    
  120.0000    99.8600    -2.4000  -3.1489847       2.7431693      -3.8460852       3.3834603    
  120.0000   110.4000    -2.4000  -3.5527917       3.1323271      -3.9236221       3.4837169    
  120.0000   120.0000    -2.4000  -3.7469176       3.3354866      -3.7752843       3.3789141    
  120.0000   130.0000    -2.4000  -3.4932260       3.1363074      -3.5024461       3.1594800    
  120.0000   140.0000    -2.4000  -3.2919034       2.9806442      -3.1689050       2.8800710    
  120.0000   150.0000    -2.4000  -2.9147647       2.6587441      -2.8228279       2.5835360    
  120.0000   160.0000    -2.4000  -2.6070922       2.3950139      -2.4880107       2.2921311    
  120.0000   170.0000    -2.4000  -2.2602170       2.0898314      -2.1751639       2.0163086    
  120.0000   180.0000    -2.4000  -1.9639327       1.8268626      -1.8892406       1.7613088    
  120.0000   190.0000    -2.4000  -1.6845219       1.5758642      -1.6307001       1.5284791    
  120.0000   200.0000    -2.4000  -1.4761423       1.3882519      -1.4021097       1.3207511    
  120.0000   210.0000    -2.4000  -1.2313273       1.1635175      -1.2023317       1.1378628    
  120.0000   220.0000    -2.4000  -1.0436188      0.99060769      -1.0286427      0.97769525    
  120.0000   230.0000    -2.4000  -.88515460      0.84370626      -.87796016      0.83784696    
  120.0000   240.0000    -2.4000   0.0000000       0.0000000      -.74743564      0.71595028    
  120.0000   250.0000    -2.4000   0.0000000       0.0000000      -.63481968      0.61020182    
  120.0000   260.0000    -2.4000   0.0000000       0.0000000      -.53839438      0.51918502    
  120.0000   270.0000    -2.4000   0.0000000       0.0000000      -.45601604      0.44107383    
  120.0000   280.0000    -2.4000   0.0000000       0.0000000      -.38571563      0.37411174    
  120.0000   290.0000    -2.4000   0.0000000       0.0000000      -.32573165      0.31675917    
  120.0000   300.0000    -2.4000   0.0000000       0.0000000      -.27461867      0.26769024    
  120.0000   310.0000    -2.4000   0.0000000       0.0000000      -.23094499      0.22562596    
  120.0000   320.0000    -2.4000   0.0000000       0.0000000      -.19390693      0.18982967    
  120.0000   330.0000    -2.4000   0.0000000       0.0000000      -.16251919      0.15940710    
  120.0000   340.0000    -2.4000   0.0000000       0.0000000      -.13599049      0.13362447    
  120.0000   350.0000    -2.4000   0.0000000       0.0000000      -.11358039      0.11178423    
  120.0000   360.0000    -2.4000   0.0000000       0.0000000      -.94622759E-01  0.93270676E-01
  120.0000   370.0000    -2.4000   0.0000000       0.0000000      -.78660082E-01  0.77644520E-01
  120.0000   380.0000    -2.4000   0.0000000       0.0000000      -.65215094E-01  0.64454241E-01
  120.0000   400.0000    -2.4000   0.0000000       0.0000000      -.44386257E-01  0.43968336E-01
  120.0000   450.0000    -2.4000   0.0000000       0.0000000      -.15979508E-01  0.15895961E-01
  120.0000   500.0000    -2.4000   0.0000000       0.0000000      -.50685935E-02  0.50552944E-02
  120.0000     0.0911    -1.2000   27.584687      -11.437860       161042.74      -66113.345    
  120.0000     0.1006    -1.2000   30.471974      -12.635050       143660.53      -58977.698    
  120.0000     0.1112    -1.2000   33.679501      -13.965022       128046.64      -52567.943    
  120.0000     0.1229    -1.2000   37.218039      -15.432220       114122.18      -46851.702    
  120.0000     0.1358    -1.2000   41.116939      -17.048893       101715.25      -41758.414    
  120.0000     0.1501    -1.2000   45.439612      -18.841734       90603.551      -37196.822    
  120.0000     0.1659    -1.2000   50.212325      -20.820109       80689.140      -33126.724    
  120.0000     0.1834    -1.2000   55.494732      -23.010405       71824.615      -29487.612    
  120.0000     0.2027    -1.2000   61.313648      -25.423280       63934.002      -26248.300    
  120.0000     0.2240    -1.2000   67.730094      -28.083510       56904.033      -23362.292    
  120.0000     0.2475    -1.2000   74.797398      -31.013760       50642.067      -20791.559    
  120.0000     0.2736    -1.2000   82.632749      -34.262430       45030.221      -18487.708    
  120.0000     0.3023    -1.2000   91.238282      -37.828736       40051.921      -16443.939    
  120.0000     0.3341    -1.2000   100.74421      -41.771486       35601.763      -14616.981    
  120.0000     0.3693    -1.2000   111.23846      -46.122242       31630.330      -12986.549    
  120.0000     0.4081    -1.2000   122.76090      -50.899107       28101.383      -11537.767    
  120.0000     0.4510    -1.2000   135.44441      -56.157205       24955.987      -10246.441    
  120.0000     0.4985    -1.2000   149.40963      -61.946304       22149.914      -9094.4166    
  120.0000     0.5509    -1.2000   164.71022      -68.288653       19656.385      -8070.6998    
  120.0000     0.6088    -1.2000   181.48693      -75.244277       17437.072      -7159.5572    
  120.0000     0.6729    -1.2000   199.87248      -82.862064       15458.910      -6347.4144    
  120.0000     0.7436    -1.2000   219.90607      -91.164013       13702.693      -5626.3881    
  120.0000     0.8218    -1.2000   241.73069      -100.20682       12139.377      -4984.5546    
  120.0000     0.9083    -1.2000   265.43413      -110.02663       10748.383      -4413.4663    
  120.0000     1.0040    -1.2000   291.06442      -120.64243       9511.0993      -3905.4825    
  120.0000     1.1090    -1.2000   318.41758      -131.96869       8419.3011      -3457.2275    
  120.0000     1.2260    -1.2000   347.88205      -144.16506       7441.3176      -3055.6988    
  120.0000     1.3550    -1.2000   379.03530      -157.05485       6575.3520      -2700.1595    
  120.0000     1.4970    -1.2000   411.59985      -170.52225       5809.5613      -2385.7477    
  120.0000     1.6550    -1.2000   445.57483      -184.56242       5125.5098      -2104.8946    
  120.0000     1.8290    -1.2000   480.13206      -198.83030       4521.1805      -1856.7728    
  120.0000     2.0210    -1.2000   514.62157      -213.05283       3986.1370      -1637.0975    
  120.0000     2.2340    -1.2000   548.37967      -226.95764       3510.2110      -1441.6933    
  120.0000     2.4690    -1.2000   580.06767      -239.96363       3089.4738      -1268.9497    
  120.0000     2.7290    -1.2000   609.06069      -251.82505       2716.6169      -1115.8651    
  120.0000     3.0160    -1.2000   632.44740      -261.33808       2387.0973      -980.57439    
  120.0000     3.3330    -1.2000   650.28439      -268.51046       2095.7827      -860.97056    
  120.0000     3.6830    -1.2000   660.87858      -272.67049       1838.4352      -755.31380    
  120.0000     4.0710    -1.2000   663.51970      -273.45277       1610.3518      -661.67332    
  120.0000     4.4990    -1.2000   657.92002      -270.82568       1409.3420      -579.14984    
  120.0000     4.9720    -1.2000   644.50757      -264.95542       1231.9287      -506.31575    
  120.0000     5.4950    -1.2000   624.68617      -256.44111       1075.3660      -442.04375    
  120.0000     6.0730    -1.2000   600.04281      -245.96401       937.36720      -385.39496    
  120.0000     6.7110    -1.2000   572.41949      -234.30705       815.94665      -335.55409    
  120.0000     7.4170    -1.2000   543.04665      -221.99268       708.92078      -291.62458    
  120.0000     8.1970    -1.2000   512.59474      -209.30480       614.81473      -253.00079    
  120.0000     9.0590    -1.2000   481.10223      -196.25819       532.10997      -219.05917    
  120.0000    10.0100    -1.2000   448.37643      -182.76689       459.59169      -189.30082    
  120.0000    11.0600    -1.2000   414.64791      -168.91791       395.99697      -163.20663    
  120.0000    12.2300    -1.2000   380.33400      -154.88728       339.81506      -140.15638    
  120.0000    13.5100    -1.2000   344.31881      -140.46098       291.12465      -120.18178    
  120.0000    14.9400    -1.2000   310.25581      -126.32837       248.08493      -102.52686    
  120.0000    16.5100    -1.2000   276.71736      -112.71924       210.76198      -87.218108    
  120.0000    18.2400    -1.2000   244.68405      -99.751705       178.28843      -73.898440    
  120.0000    20.1600    -1.2000   214.20329      -87.439899       149.81164      -62.250819    
  120.0000    22.2800    -1.2000   185.58213      -75.901651       125.15650      -52.131871    
  120.0000    24.6300    -1.2000   158.78108      -65.134919       103.77481      -43.328402    
  120.0000    27.2200    -1.2000   133.98696      -55.150119       85.288844      -35.734652    
  120.0000    30.0800    -1.2000   111.38468      -46.056387       69.365550      -29.188278    
  120.0000    33.2400    -1.2000   91.220610      -37.939576       55.696570      -23.560086    
  120.0000    36.7400    -1.2000   73.657626      -30.848183       43.999240      -18.732189    
  120.0000    40.6000    -1.2000   58.692232      -24.773904       34.096118      -14.630228    
  120.0000    44.8700    -1.2000   45.754065      -19.486980       25.754045      -11.158893    
  120.0000    49.5900    -1.2000   34.339508      -14.794400       18.807575      -8.2501400    
  120.0000    54.8100    -1.2000   24.602279      -10.771303       13.096363      -5.8356434    
  120.0000    60.5700    -1.2000   17.111689      -7.6547012       8.4917341      -3.8646475    
  120.0000    66.9400    -1.2000   11.219296      -5.1493263       4.8546292      -2.2827508    
  120.0000    73.9800    -1.2000   6.1992381      -2.9516585       2.0692617      -1.0438021    
  120.0000    81.7600    -1.2000   2.7444465      -1.4085963      0.25122765E-01  -.10632883    
  120.0000    89.3600    -1.2000  0.57574998      -.41127183      -1.2429754      0.50376503    
  120.0000    90.3600    -1.2000  0.32038240      -.29067925      -1.3701287      0.56706166    
  120.0000    91.2000    -1.2000  0.10946081      -.19043441      -1.4715881      0.61823018    
  120.0000    92.0000    -1.2000  -.76471880E-01  -.10200298      -1.5622444      0.66363425    
  120.0000    99.8600    -1.2000  -1.4673888      0.58382474      -2.2471167       1.0217425    
  120.0000   110.4000    -1.2000  -2.3036219       1.0373282      -2.7222898       1.2987808    
  120.0000   120.0000    -1.2000  -2.8074171       1.3358031      -2.8771771       1.4185716    
  120.0000   130.0000    -1.2000  -2.8422656       1.4039527      -2.8669537       1.4566667    
  120.0000   140.0000    -1.2000  -2.8650730       1.4658331      -2.7444964       1.4361175    
  120.0000   150.0000    -1.2000  -2.6740964       1.4092946      -2.5715606       1.3832049    
  120.0000   160.0000    -1.2000  -2.5164607       1.3640680      -2.3797160       1.3126330    
  120.0000   170.0000    -1.2000  -2.2878139       1.2685112      -2.1837162       1.2331366    
  120.0000   180.0000    -1.2000  -2.0843428       1.1870442      -1.9909699       1.1495993    
  120.0000   190.0000    -1.2000  -1.8789993       1.0961770      -1.8027017       1.0642920    
  120.0000   200.0000    -1.2000  -1.6848559       1.0039297      -1.6285664      0.98197149    
  120.0000   210.0000    -1.2000  -1.5158948      0.92182717      -1.4707216      0.90428080    
  120.0000   220.0000    -1.2000  -1.3571348      0.84140309      -1.3281872      0.83163265    
  120.0000   230.0000    -1.2000  -1.2169162      0.76841174      -1.1996228      0.76413764    
  120.0000   240.0000    -1.2000   0.0000000       0.0000000      -1.0826511      0.70106865    
  120.0000   250.0000    -1.2000   0.0000000       0.0000000      -.97584272      0.64244409    
  120.0000   260.0000    -1.2000   0.0000000       0.0000000      -.88095562      0.58898771    
  120.0000   270.0000    -1.2000   0.0000000       0.0000000      -.79655825      0.54027976    
  120.0000   280.0000    -1.2000   0.0000000       0.0000000      -.72135967      0.49586861    
  120.0000   290.0000    -1.2000   0.0000000       0.0000000      -.65414542      0.45530773    
  120.0000   300.0000    -1.2000   0.0000000       0.0000000      -.59377271      0.41821062    
  120.0000   310.0000    -1.2000   0.0000000       0.0000000      -.53894914      0.38402626    
  120.0000   320.0000    -1.2000   0.0000000       0.0000000      -.48976314      0.35282780    
  120.0000   330.0000    -1.2000   0.0000000       0.0000000      -.44574130      0.32447957    
  120.0000   340.0000    -1.2000   0.0000000       0.0000000      -.40619884      0.29867525    
  120.0000   350.0000    -1.2000   0.0000000       0.0000000      -.37066140      0.27516066    
  120.0000   360.0000    -1.2000   0.0000000       0.0000000      -.33862037      0.25369245    
  120.0000   370.0000    -1.2000   0.0000000       0.0000000      -.30968854      0.23404830    
  120.0000   380.0000    -1.2000   0.0000000       0.0000000      -.28347822      0.21603140    
  120.0000   400.0000    -1.2000   0.0000000       0.0000000      -.23792784      0.18414959    
  120.0000   450.0000    -1.2000   0.0000000       0.0000000      -.15651637      0.12528782    
  120.0000   500.0000    -1.2000   0.0000000       0.0000000      -.10493275      0.86342822E-01
  120.0000     0.0911     0.0000   25.839538       0.0000000       158446.85       0.0000000    
  120.0000     0.1006     0.0000   28.544199       0.0000000       141358.36       0.0000000    
  120.0000     0.1112     0.0000   31.548860       0.0000000       126007.17       0.0000000    
  120.0000     0.1229     0.0000   34.863617       0.0000000       112315.94       0.0000000    
  120.0000     0.1358     0.0000   38.515865       0.0000000       100115.87      -.29391351E-11
  120.0000     0.1501     0.0000   42.565252       0.0000000       89188.565       0.0000000    
  120.0000     0.1659     0.0000   47.036331       0.0000000       79437.876      -.24058742E-11
  120.0000     0.1834     0.0000   51.984876       0.0000000       70718.996       0.0000000    
  120.0000     0.2027     0.0000   57.436097       0.0000000       62957.351      0.19690898E-11
  120.0000     0.2240     0.0000   63.447199       0.0000000       56041.664      -.17818503E-11
  120.0000     0.2475     0.0000   70.068321       0.0000000       49880.930      0.16126645E-11
  120.0000     0.2736     0.0000   77.408756       0.0000000       44359.283       0.0000000    
  120.0000     0.3023     0.0000   85.469440       0.0000000       39460.522      0.13203255E-11
  120.0000     0.3341     0.0000   94.377476       0.0000000       35081.025       0.0000000    
  120.0000     0.3693     0.0000   104.21134       0.0000000       31172.248       0.0000000    
  120.0000     0.4081     0.0000   115.00856       0.0000000       27698.605       0.0000000    
  120.0000     0.4510     0.0000   126.89480       0.0000000       24602.161      -.88499816E-12
  120.0000     0.4985     0.0000   139.98363       0.0000000       21839.446       0.0000000    
  120.0000     0.5509     0.0000   154.32484       0.0000000       19384.157      0.72451256E-12
  120.0000     0.6088     0.0000   170.05329       0.0000000       17198.615       0.0000000    
  120.0000     0.6729     0.0000   187.29236       0.0000000       15250.309       0.0000000    
  120.0000     0.7436     0.0000   206.08118       0.0000000       13520.375       0.0000000    
  120.0000     0.8218     0.0000   226.55530       0.0000000       11980.249       0.0000000    
  120.0000     0.9083     0.0000   248.79970       0.0000000       10609.698       0.0000000    
  120.0000     1.0040     0.0000   272.86277       0.0000000       9390.4227       0.0000000    
  120.0000     1.1090     0.0000   298.55695       0.0000000       8314.3553      -.35990271E-12
  120.0000     1.2260     0.0000   326.25278       0.0000000       7350.3136       0.0000000    
  120.0000     1.3550     0.0000   355.56086       0.0000000       6496.5558       0.0000000    
  120.0000     1.4970     0.0000   386.23250       0.0000000       5741.4344      0.13330998E-12
  120.0000     1.6550     0.0000   418.27468       0.0000000       5066.7963      0.12058280E-12
  120.0000     1.8290     0.0000   450.92632       0.0000000       4470.6753       0.0000000    
  120.0000     2.0210     0.0000   483.59495       0.0000000       3942.7996       0.0000000    
  120.0000     2.2340     0.0000   515.70479       0.0000000       3473.1588       0.0000000    
  120.0000     2.4690     0.0000   545.94032       0.0000000       3057.8910       0.0000000    
  120.0000     2.7290     0.0000   573.80199       0.0000000       2689.8021       0.0000000    
  120.0000     3.0160     0.0000   596.61205       0.0000000       2364.4232      -.66166500E-13
  120.0000     3.3330     0.0000   614.33083       0.0000000       2076.7015       0.0000000    
  120.0000     3.6830     0.0000   625.48560       0.0000000       1822.4653       0.0000000    
  120.0000     4.0710     0.0000   629.24141       0.0000000       1597.0775      -.49017605E-13
  120.0000     4.4990     0.0000   625.41584       0.0000000       1398.3926      -.44353632E-13
  120.0000     4.9720     0.0000   614.30069       0.0000000       1222.9807       0.0000000    
  120.0000     5.4950     0.0000   597.13503       0.0000000       1068.1373       0.0000000    
  120.0000     6.0730     0.0000   575.31898       0.0000000       931.61060      -.16427658E-13
  120.0000     6.7110     0.0000   550.47812       0.0000000       811.44388      0.29730617E-13
  120.0000     7.4170     0.0000   523.75130       0.0000000       705.48483       0.0000000    
  120.0000     8.1970     0.0000   495.72680       0.0000000       612.28082       0.0000000    
  120.0000     9.0590     0.0000   466.45614       0.0000000       530.33264      0.11010332E-13
  120.0000    10.0100     0.0000   435.77946       0.0000000       458.44807       0.0000000    
  120.0000    11.0600     0.0000   403.95005       0.0000000       395.37942       0.0000000    
  120.0000    12.2300     0.0000   370.81948       0.0000000       339.63266      0.81528239E-14
  120.0000    13.5100     0.0000   337.41368       0.0000000       291.29353      -.73791799E-14
  120.0000    14.9400     0.0000   304.37142       0.0000000       248.53843      -.66715282E-14
  120.0000    16.5100     0.0000   272.08646       0.0000000       211.43801       0.0000000    
  120.0000    18.2400     0.0000   241.13094       0.0000000       179.13420      -.27307807E-14
  120.0000    20.1600     0.0000   211.56062       0.0000000       150.85474      0.24698152E-14
  120.0000    22.2800     0.0000   183.67117       0.0000000       126.27939       0.0000000    
  120.0000    24.6300     0.0000   157.53047       0.0000000       104.89103      0.20196182E-14
  120.0000    27.2200     0.0000   133.25942       0.0000000       86.430835      -.91313788E-15
  120.0000    30.0800     0.0000   111.07680       0.0000000       70.511326      0.41283786E-15
  120.0000    33.2400     0.0000   91.217697       0.0000000       56.827054      0.93310375E-16
  120.0000    36.7400     0.0000   73.860200       0.0000000       45.096885       0.0000000    
  120.0000    40.6000     0.0000   59.025719       0.0000000       35.146000       0.0000000    
  120.0000    44.8700     0.0000   46.185257       0.0000000       26.745469       0.0000000    
  120.0000    49.5900     0.0000   34.828778       0.0000000       19.730652       0.0000000    
  120.0000    54.8100     0.0000   25.125422       0.0000000       13.949005      0.44897598E-15
  120.0000    60.5700     0.0000   17.599819       0.0000000       9.2684870       0.0000000    
  120.0000    66.9400     0.0000   11.673883       0.0000000       5.5522578       0.0000000    
  120.0000    73.9800     0.0000   6.6417768       0.0000000       2.6889652       0.0000000    
  120.0000    81.7600     0.0000   3.1340603       0.0000000      0.56778663       0.0000000    
  120.0000    89.3600     0.0000  0.91725794       0.0000000      -.76234916      -.54105230E-15
  120.0000    90.3600     0.0000  0.65700721       0.0000000      -.89722405      -.53476497E-15
  120.0000    91.2000     0.0000  0.44360506       0.0000000      -1.0048999      -.52958973E-15
  120.0000    92.0000     0.0000  0.24786066       0.0000000      -1.1017535      -.52474845E-15
  120.0000    99.8600     0.0000  -1.1628015       0.0000000      -1.8403883       0.0000000    
  120.0000   110.4000     0.0000  -2.0467243       0.0000000      -2.3753509      0.43272389E-15
  120.0000   120.0000     0.0000  -2.5741133       0.0000000      -2.5749845       0.0000000    
  120.0000   130.0000     0.0000  -2.6413522       0.0000000      -2.6040314       0.0000000    
  120.0000   140.0000     0.0000  -2.6840636       0.0000000      -2.5133322       0.0000000    
  120.0000   150.0000     0.0000  -2.5123184       0.0000000      -2.3670571      0.15571359E-15
  120.0000   160.0000     0.0000  -2.3659383       0.0000000      -2.1972470       0.0000000    
  120.0000   170.0000     0.0000  -2.1535963       0.0000000      -2.0202562      -.13592558E-15
  120.0000   180.0000     0.0000  -1.9614972       0.0000000      -1.8439838       0.0000000    
  120.0000   190.0000     0.0000  -1.7675936       0.0000000      -1.6708239       0.0000000    
  120.0000   200.0000     0.0000  -1.5827083       0.0000000      -1.5085119      0.11380181E-15
  120.0000   210.0000     0.0000  -1.4223453       0.0000000      -1.3617313       0.0000000    
  120.0000   220.0000     0.0000  -1.2715202       0.0000000      -1.2290830       0.0000000    
  120.0000   230.0000     0.0000  -1.1383788       0.0000000      -1.1091937       0.0000000    
  120.0000   240.0000     0.0000   0.0000000       0.0000000      -1.0003286      0.46559287E-16
  120.0000   250.0000     0.0000   0.0000000       0.0000000      -.90086672       0.0000000    
  120.0000   260.0000     0.0000   0.0000000       0.0000000      -.81264940      -.42620127E-16
  120.0000   270.0000     0.0000   0.0000000       0.0000000      -.73430780      0.40877810E-16
  120.0000   280.0000     0.0000   0.0000000       0.0000000      -.66464613       0.0000000    
  120.0000   290.0000     0.0000   0.0000000       0.0000000      -.60241011       0.0000000    
  120.0000   300.0000     0.0000   0.0000000       0.0000000      -.54657509       0.0000000    
  120.0000   310.0000     0.0000   0.0000000       0.0000000      -.49579813      0.35076670E-16
  120.0000   320.0000     0.0000   0.0000000       0.0000000      -.45029499       0.0000000    
  120.0000   330.0000     0.0000   0.0000000       0.0000000      -.40975585      0.20453607E-17
  120.0000   340.0000     0.0000   0.0000000       0.0000000      -.37355573      -.17808124E-16
  120.0000   350.0000     0.0000   0.0000000       0.0000000      -.34115254       0.0000000    
  120.0000   360.0000     0.0000   0.0000000       0.0000000      -.31202528       0.0000000    
  120.0000   370.0000     0.0000   0.0000000       0.0000000      -.28575032      0.14410243E-16
  120.0000   380.0000     0.0000   0.0000000       0.0000000      -.26194977      0.14863751E-16
  120.0000   400.0000     0.0000   0.0000000       0.0000000      -.22039954      0.13214050E-16
  120.0000   450.0000     0.0000   0.0000000       0.0000000      -.14697017      -.54336685E-17
  120.0000   500.0000     0.0000   0.0000000       0.0000000      -.10045303      0.51549905E-17
  120.0000     0.0911     1.2000   27.584687       11.437860       161042.74       66113.345    
  120.0000     0.1006     1.2000   30.471974       12.635050       143660.53       58977.698    
  120.0000     0.1112     1.2000   33.679501       13.965022       128046.64       52567.943    
  120.0000     0.1229     1.2000   37.218039       15.432220       114122.18       46851.702    
  120.0000     0.1358     1.2000   41.116939       17.048893       101715.25       41758.414    
  120.0000     0.1501     1.2000   45.439612       18.841734       90603.551       37196.822    
  120.0000     0.1659     1.2000   50.212325       20.820109       80689.140       33126.724    
  120.0000     0.1834     1.2000   55.494732       23.010405       71824.615       29487.612    
  120.0000     0.2027     1.2000   61.313648       25.423280       63934.002       26248.300    
  120.0000     0.2240     1.2000   67.730094       28.083510       56904.033       23362.292    
  120.0000     0.2475     1.2000   74.797398       31.013760       50642.067       20791.559    
  120.0000     0.2736     1.2000   82.632749       34.262430       45030.221       18487.708    
  120.0000     0.3023     1.2000   91.238282       37.828736       40051.921       16443.939    
  120.0000     0.3341     1.2000   100.74421       41.771486       35601.763       14616.981    
  120.0000     0.3693     1.2000   111.23846       46.122242       31630.330       12986.549    
  120.0000     0.4081     1.2000   122.76090       50.899107       28101.383       11537.767    
  120.0000     0.4510     1.2000   135.44441       56.157205       24955.987       10246.441    
  120.0000     0.4985     1.2000   149.40963       61.946304       22149.914       9094.4166    
  120.0000     0.5509     1.2000   164.71022       68.288653       19656.385       8070.6998    
  120.0000     0.6088     1.2000   181.48693       75.244277       17437.072       7159.5572    
  120.0000     0.6729     1.2000   199.87248       82.862064       15458.910       6347.4144    
  120.0000     0.7436     1.2000   219.90607       91.164013       13702.693       5626.3881    
  120.0000     0.8218     1.2000   241.73069       100.20682       12139.377       4984.5546    
  120.0000     0.9083     1.2000   265.43413       110.02663       10748.383       4413.4663    
  120.0000     1.0040     1.2000   291.06442       120.64243       9511.0993       3905.4825    
  120.0000     1.1090     1.2000   318.41758       131.96869       8419.3011       3457.2275    
  120.0000     1.2260     1.2000   347.88205       144.16506       7441.3176       3055.6988    
  120.0000     1.3550     1.2000   379.03530       157.05485       6575.3520       2700.1595    
  120.0000     1.4970     1.2000   411.59985       170.52225       5809.5613       2385.7477    
  120.0000     1.6550     1.2000   445.57483       184.56242       5125.5098       2104.8946    
  120.0000     1.8290     1.2000   480.13206       198.83030       4521.1805       1856.7728    
  120.0000     2.0210     1.2000   514.62157       213.05283       3986.1370       1637.0975    
  120.0000     2.2340     1.2000   548.37967       226.95764       3510.2110       1441.6933    
  120.0000     2.4690     1.2000   580.06767       239.96363       3089.4738       1268.9497    
  120.0000     2.7290     1.2000   609.06069       251.82505       2716.6169       1115.8651    
  120.0000     3.0160     1.2000   632.44740       261.33808       2387.0973       980.57439    
  120.0000     3.3330     1.2000   650.28439       268.51046       2095.7827       860.97056    
  120.0000     3.6830     1.2000   660.87858       272.67049       1838.4352       755.31380    
  120.0000     4.0710     1.2000   663.51970       273.45277       1610.3518       661.67332    
  120.0000     4.4990     1.2000   657.92002       270.82568       1409.3420       579.14984    
  120.0000     4.9720     1.2000   644.50757       264.95542       1231.9287       506.31575    
  120.0000     5.4950     1.2000   624.68617       256.44111       1075.3660       442.04375    
  120.0000     6.0730     1.2000   600.04281       245.96401       937.36720       385.39496    
  120.0000     6.7110     1.2000   572.41949       234.30705       815.94665       335.55409    
  120.0000     7.4170     1.2000   543.04665       221.99268       708.92078       291.62458    
  120.0000     8.1970     1.2000   512.59474       209.30480       614.81473       253.00079    
  120.0000     9.0590     1.2000   481.10223       196.25819       532.10997       219.05917    
  120.0000    10.0100     1.2000   448.37643       182.76689       459.59169       189.30082    
  120.0000    11.0600     1.2000   414.64791       168.91791       395.99697       163.20663    
  120.0000    12.2300     1.2000   380.33400       154.88728       339.81506       140.15638    
  120.0000    13.5100     1.2000   344.31881       140.46098       291.12465       120.18178    
  120.0000    14.9400     1.2000   310.25581       126.32837       248.08493       102.52686    
  120.0000    16.5100     1.2000   276.71736       112.71924       210.76198       87.218108    
  120.0000    18.2400     1.2000   244.68405       99.751705       178.28843       73.898440    
  120.0000    20.1600     1.2000   214.20329       87.439899       149.81164       62.250819    
  120.0000    22.2800     1.2000   185.58213       75.901651       125.15650       52.131871    
  120.0000    24.6300     1.2000   158.78108       65.134919       103.77481       43.328402    
  120.0000    27.2200     1.2000   133.98696       55.150119       85.288844       35.734652    
  120.0000    30.0800     1.2000   111.38468       46.056387       69.365550       29.188278    
  120.0000    33.2400     1.2000   91.220610       37.939576       55.696570       23.560086    
  120.0000    36.7400     1.2000   73.657626       30.848183       43.999240       18.732189    
  120.0000    40.6000     1.2000   58.692232       24.773904       34.096118       14.630228    
  120.0000    44.8700     1.2000   45.754065       19.486980       25.754045       11.158893    
  120.0000    49.5900     1.2000   34.339508       14.794400       18.807575       8.2501400    
  120.0000    54.8100     1.2000   24.602279       10.771303       13.096363       5.8356434    
  120.0000    60.5700     1.2000   17.111689       7.6547012       8.4917341       3.8646475    
  120.0000    66.9400     1.2000   11.219296       5.1493263       4.8546292       2.2827508    
  120.0000    73.9800     1.2000   6.1992381       2.9516585       2.0692617       1.0438021    
  120.0000    81.7600     1.2000   2.7444465       1.4085963      0.25122765E-01  0.10632883    
  120.0000    89.3600     1.2000  0.57574998      0.41127183      -1.2429754      -.50376503    
  120.0000    90.3600     1.2000  0.32038240      0.29067925      -1.3701287      -.56706166    
  120.0000    91.2000     1.2000  0.10946081      0.19043441      -1.4715881      -.61823018    
  120.0000    92.0000     1.2000  -.76471880E-01  0.10200298      -1.5622444      -.66363425    
  120.0000    99.8600     1.2000  -1.4673888      -.58382474      -2.2471167      -1.0217425    
  120.0000   110.4000     1.2000  -2.3036219      -1.0373282      -2.7222898      -1.2987808    
  120.0000   120.0000     1.2000  -2.8074171      -1.3358031      -2.8771771      -1.4185716    
  120.0000   130.0000     1.2000  -2.8422656      -1.4039527      -2.8669537      -1.4566667    
  120.0000   140.0000     1.2000  -2.8650730      -1.4658331      -2.7444964      -1.4361175    
  120.0000   150.0000     1.2000  -2.6740964      -1.4092946      -2.5715606      -1.3832049    
  120.0000   160.0000     1.2000  -2.5164607      -1.3640680      -2.3797160      -1.3126330    
  120.0000   170.0000     1.2000  -2.2878139      -1.2685112      -2.1837162      -1.2331366    
  120.0000   180.0000     1.2000  -2.0843428      -1.1870442      -1.9909699      -1.1495993    
  120.0000   190.0000     1.2000  -1.8789993      -1.0961770      -1.8027017      -1.0642920    
  120.0000   200.0000     1.2000  -1.6848559      -1.0039297      -1.6285664      -.98197149    
  120.0000   210.0000     1.2000  -1.5158948      -.92182717      -1.4707216      -.90428080    
  120.0000   220.0000     1.2000  -1.3571348      -.84140309      -1.3281872      -.83163265    
  120.0000   230.0000     1.2000  -1.2169162      -.76841174      -1.1996228      -.76413764    
  120.0000   240.0000     1.2000   0.0000000       0.0000000      -1.0826511      -.70106865    
  120.0000   250.0000     1.2000   0.0000000       0.0000000      -.97584272      -.64244409    
  120.0000   260.0000     1.2000   0.0000000       0.0000000      -.88095562      -.58898771    
  120.0000   270.0000     1.2000   0.0000000       0.0000000      -.79655825      -.54027976    
  120.0000   280.0000     1.2000   0.0000000       0.0000000      -.72135967      -.49586861    
  120.0000   290.0000     1.2000   0.0000000       0.0000000      -.65414542      -.45530773    
  120.0000   300.0000     1.2000   0.0000000       0.0000000      -.59377271      -.41821062    
  120.0000   310.0000     1.2000   0.0000000       0.0000000      -.53894914      -.38402626    
  120.0000   320.0000     1.2000   0.0000000       0.0000000      -.48976314      -.35282780    
  120.0000   330.0000     1.2000   0.0000000       0.0000000      -.44574130      -.32447957    
  120.0000   340.0000     1.2000   0.0000000       0.0000000      -.40619884      -.29867525    
  120.0000   350.0000     1.2000   0.0000000       0.0000000      -.37066140      -.27516066    
  120.0000   360.0000     1.2000   0.0000000       0.0000000      -.33862037      -.25369245    
  120.0000   370.0000     1.2000   0.0000000       0.0000000      -.30968854      -.23404830    
  120.0000   380.0000     1.2000   0.0000000       0.0000000      -.28347822      -.21603140    
  120.0000   400.0000     1.2000   0.0000000       0.0000000      -.23792784      -.18414959    
  120.0000   450.0000     1.2000   0.0000000       0.0000000      -.15651637      -.12528782    
  120.0000   500.0000     1.2000   0.0000000       0.0000000      -.10493275      -.86342822E-01
  120.0000     0.0911     2.4000   31.538077       26.123485       161066.37       132973.98    
  120.0000     0.1006     2.4000   34.839109       28.857749       143634.88       118582.68    
  120.0000     0.1112     2.4000   38.505943       31.895036       127980.64       105658.68    
  120.0000     0.1229     2.4000   42.551589       35.246089       114023.80       94136.036    
  120.0000     0.1358     2.4000   47.007738       38.937185       101591.30       83871.893    
  120.0000     0.1501     2.4000   51.951747       43.032346       90459.724       74681.783    
  120.0000     0.1659     2.4000   57.406593       47.550638       80530.354       66484.210    
  120.0000     0.1834     2.4000   63.445613       52.552886       71655.005       59156.831    
  120.0000     0.2027     2.4000   70.097933       58.062953       63757.092       52636.419    
  120.0000     0.2240     2.4000   77.431943       64.137738       56722.755       46828.968    
  120.0000     0.2475     2.4000   85.510119       70.828891       50458.852       41657.584    
  120.0000     0.2736     2.4000   94.463047       78.244606       44847.075       37024.590    
  120.0000     0.3023     2.4000   104.29997       86.392432       39870.487       32916.002    
  120.0000     0.3341     2.4000   115.16327       95.390358       35423.374       29244.546    
  120.0000     0.3693     2.4000   127.13987       105.31039       31456.058       25969.204    
  120.0000     0.4081     2.4000   140.31932       116.22655       27932.048       23059.853    
  120.0000     0.4510     2.4000   154.80782       128.22685       24792.229       20467.684    
  120.0000     0.4985     2.4000   170.75724       141.43698       21992.214       18156.055    
  120.0000     0.5509     2.4000   188.22233       155.90229       19505.063       16102.722    
  120.0000     0.6088     2.4000   207.38723       171.77501       17292.340       14275.955    
  120.0000     0.6729     2.4000   228.35585       189.14117       15320.894       12648.381    
  120.0000     0.7436     2.4000   251.17510       208.03953       13571.413       11204.059    
  120.0000     0.8218     2.4000   276.07931       228.66360       12014.804       9918.9703    
  120.0000     0.9083     2.4000   303.07836       251.02145       10630.434       8776.0793    
  120.0000     1.0040     2.4000   332.24591       275.17351       9399.6482       7759.9845    
  120.0000     1.1090     2.4000   363.34341       300.91827       8314.1358       6863.8253    
  120.0000     1.2260     2.4000   396.79411       328.61551       7342.2960       6061.5126    
  120.0000     1.3550     2.4000   432.08564       357.82979       6482.2437       5351.4898    
  120.0000     1.4970     2.4000   468.90051       388.30025       5722.1155       4723.9626    
  120.0000     1.6550     2.4000   507.19064       419.98506       5043.5251       4163.7517    
  120.0000     1.8290     2.4000   546.00240       452.09282       4444.3913       3669.1389    
  120.0000     2.0210     2.4000   584.52604       483.95038       3914.2888       3231.5170    
  120.0000     2.2340     2.4000   621.97273       514.90157       3443.0761       2842.5137    
  120.0000     2.4690     2.4000   656.74585       543.62088       3026.7961       2498.8618    
  120.0000     2.7290     2.4000   687.52184       569.00983       2658.1593       2194.5436    
  120.0000     3.0160     2.4000   712.61905       589.67332       2332.6187       1925.8048    
  120.0000     3.3330     2.4000   730.49089       604.25585       2045.0524       1688.4170    
  120.0000     3.6830     2.4000   739.55157       611.66463       1791.2291       1478.8871    
  120.0000     4.0710     2.4000   739.14741       611.14142       1566.4673       1293.3500    
  120.0000     4.4990     2.4000   729.06140       602.58768       1368.5685       1129.9906    
  120.0000     4.9720     2.4000   710.07589       586.66109       1194.0708       985.95105    
  120.0000     5.4950     2.4000   683.73762       564.65655       1040.2392       858.97314    
  120.0000     6.0730     2.4000   652.24122       538.40661       904.79513       747.17565    
  120.0000     6.7110     2.4000   617.85666       509.80796       785.75828       648.92385    
  120.0000     7.4170     2.4000   582.09160       480.11006       680.96082       562.42790    
  120.0000     8.1970     2.4000   545.77876       450.01327       588.93303       486.47425    
  120.0000     9.0590     2.4000   508.81837       419.42580       508.16341       419.81493    
  120.0000    10.0100     2.4000   471.34290       388.45952       437.44788       361.45567    
  120.0000    11.0600     2.4000   433.01373       356.82573       375.53155       310.36028    
  120.0000    12.2300     2.4000   393.92064       324.60149       320.92523       265.29927    
  120.0000    13.5100     2.4000   355.46420       292.91737       273.68691       226.31971    
  120.0000    14.9400     2.4000   317.55236       261.71046       232.01806       191.93758    
  120.0000    16.5100     2.4000   281.07289       231.70531       195.95887       162.18375    
  120.0000    18.2400     2.4000   246.66476       203.42110       164.65924       136.35673    
  120.0000    20.1600     2.4000   214.19510       176.74869       137.35359       113.82390    
  120.0000    22.2800     2.4000   184.04019       151.98518       113.71609       94.315575    
  120.0000    24.6300     2.4000   155.93914       128.91525       93.233374       77.407015    
  120.0000    27.2200     2.4000   130.23455       107.81278       75.642982       62.880788    
  120.0000    30.0800     2.4000   106.94186       88.684341       60.559326       50.417635    
  120.0000    33.2400     2.4000   86.372253       71.780342       47.682156       39.768960    
  120.0000    36.7400     2.4000   68.645093       57.190719       36.730400       30.701335    
  120.0000    40.6000     2.4000   53.733592       44.895118       27.531170       23.072223    
  120.0000    44.8700     2.4000   40.975604       34.347031       19.859519       16.694899    
  120.0000    49.5900     2.4000   29.746829       25.033124       13.550898       11.433558    
  120.0000    54.8100     2.4000   20.284132       17.160443       8.4470696       7.1587490    
  120.0000    60.5700     2.4000   13.193123       11.239457       4.4212980       3.7676677    
  120.0000    66.9400     2.4000   7.7490063       6.6591942       1.3386823       1.1511720    
  120.0000    73.9800     2.4000   3.1507076       2.7415211      -.91755178      -.78524558    
  120.0000    81.7600     2.4000  0.16688770      0.17732582      -2.4619600      -2.1287652    
  120.0000    89.3600     2.4000  -1.5795624      -1.3438974      -3.3183708      -2.8913724    
  120.0000    90.3600     2.4000  -1.7841286      -1.5234929      -3.3960618      -2.9618638    
  120.0000    91.2000     2.4000  -1.9602601      -1.6792992      -3.4569566      -3.0174197    
  120.0000    92.0000     2.4000  -2.1173695      -1.8181477      -3.5091751      -3.0652297    
  120.0000    99.8600     2.4000  -3.1489847      -2.7431693      -3.8460852      -3.3834603    
  120.0000   110.4000     2.4000  -3.5527917      -3.1323271      -3.9236221      -3.4837169    
  120.0000   120.0000     2.4000  -3.7469176      -3.3354866      -3.7752843      -3.3789141    
  120.0000   130.0000     2.4000  -3.4932260      -3.1363074      -3.5024461      -3.1594800    
  120.0000   140.0000     2.4000  -3.2919034      -2.9806442      -3.1689050      -2.8800710    
  120.0000   150.0000     2.4000  -2.9147647      -2.6587441      -2.8228279      -2.5835360    
  120.0000   160.0000     2.4000  -2.6070922      -2.3950139      -2.4880107      -2.2921311    
  120.0000   170.0000     2.4000  -2.2602170      -2.0898314      -2.1751639      -2.0163086    
  120.0000   180.0000     2.4000  -1.9639327      -1.8268626      -1.8892406      -1.7613088    
  120.0000   190.0000     2.4000  -1.6845219      -1.5758642      -1.6307001      -1.5284791    
  120.0000   200.0000     2.4000  -1.4761423      -1.3882519      -1.4021097      -1.3207511    
  120.0000   210.0000     2.4000  -1.2313273      -1.1635175      -1.2023317      -1.1378628    
  120.0000   220.0000     2.4000  -1.0436188      -.99060769      -1.0286427      -.97769525    
  120.0000   230.0000     2.4000  -.88515460      -.84370626      -.87796016      -.83784696    
  120.0000   240.0000     2.4000   0.0000000       0.0000000      -.74743564      -.71595028    
  120.0000   250.0000     2.4000   0.0000000       0.0000000      -.63481968      -.61020182    
  120.0000   260.0000     2.4000   0.0000000       0.0000000      -.53839438      -.51918502    
  120.0000   270.0000     2.4000   0.0000000       0.0000000      -.45601604      -.44107383    
  120.0000   280.0000     2.4000   0.0000000       0.0000000      -.38571563      -.37411174    
  120.0000   290.0000     2.4000   0.0000000       0.0000000      -.32573165      -.31675917    
  120.0000   300.0000     2.4000   0.0000000       0.0000000      -.27461867      -.26769024    
  120.0000   310.0000     2.4000   0.0000000       0.0000000      -.23094499      -.22562596    
  120.0000   320.0000     2.4000   0.0000000       0.0000000      -.19390693      -.18982967    
  120.0000   330.0000     2.4000   0.0000000       0.0000000      -.16251919      -.15940710    
  120.0000   340.0000     2.4000   0.0000000       0.0000000      -.13599049      -.13362447    
  120.0000   350.0000     2.4000   0.0000000       0.0000000      -.11358039      -.11178423    
  120.0000   360.0000     2.4000   0.0000000       0.0000000      -.94622759E-01  -.93270676E-01
  120.0000   370.0000     2.4000   0.0000000       0.0000000      -.78660082E-01  -.77644520E-01
  120.0000   380.0000     2.4000   0.0000000       0.0000000      -.65215094E-01  -.64454241E-01
  120.0000   400.0000     2.4000   0.0000000       0.0000000      -.44386257E-01  -.43968336E-01
  120.0000   450.0000     2.4000   0.0000000       0.0000000      -.15979508E-01  -.15895961E-01
  120.0000   500.0000     2.4000   0.0000000       0.0000000      -.50685935E-02  -.50552944E-02
  120.0000     0.0911     2.9600   27.624754       25.802957       120549.09       112355.14    
  120.0000     0.1006     2.9600   30.516062       28.503585       107461.99       100157.51    
  120.0000     0.1112     2.9600   33.727696       31.503414       95712.593       89206.692    
  120.0000     0.1229     2.9600   37.270542       34.812611       85240.311       79446.185    
  120.0000     0.1358     2.9600   41.174752       38.459701       75914.647       70754.369    
  120.0000     0.1501     2.9600   45.504616       42.503639       67567.429       62974.500    
  120.0000     0.1659     2.9600   50.281817       46.965773       60124.115       56037.103    
  120.0000     0.1834     2.9600   55.570790       51.905923       53473.137       49838.191    
  120.0000     0.2027     2.9600   61.396703       57.347591       47556.653       44323.853    
  120.0000     0.2240     2.9600   67.819233       63.346519       42288.944       39414.196    
  120.0000     0.2475     2.9600   74.891883       69.952680       37599.876       35043.853    
  120.0000     0.2736     2.9600   82.734826       77.278304       33400.549       31129.965    
  120.0000     0.3023     2.9600   91.346413       85.321844       29677.969       27660.421    
  120.0000     0.3341     2.9600   100.85729       94.205321       26352.765       24561.245    
  120.0000     0.3693     2.9600   111.35418       104.00965       23387.530       21797.571    
  120.0000     0.4081     2.9600   122.87658       114.77195       20754.743       19343.749    
  120.0000     0.4510     2.9600   135.55098       126.61421       18410.006       17158.399    
  120.0000     0.4985     2.9600   149.50808       139.64617       16319.968       15210.438    
  120.0000     0.5509     2.9600   164.79935       153.92823       14464.329       13480.942    
  120.0000     0.6088     2.9600   181.54368       169.56727       12814.233       11943.018    
  120.0000     0.6729     2.9600   199.87772       186.69083       11344.796       10573.475    
  120.0000     0.7436     2.9600   219.83901       205.33385       10041.476       9358.7568    
  120.0000     0.8218     2.9600   241.56264       225.62235       8882.4605       8278.5348    
  120.0000     0.9083     2.9600   265.11234       247.61568       7852.2614       7318.3731    
  120.0000     1.0040     2.9600   290.54247       271.36427       6936.8803       6465.2251    
  120.0000     1.1090     2.9600   317.63747       296.66647       6130.0251       5713.2260    
  120.0000     1.2260     2.9600   346.72130       323.82440       5408.1085       5040.3921    
  120.0000     1.3550     2.9600   377.35561       352.42806       4769.6431       4445.3368    
  120.0000     1.4970     2.9600   409.23745       382.19378       4205.7338       3919.7696    
  120.0000     1.6550     2.9600   442.30590       413.06358       3702.6642       3450.9068    
  120.0000     1.8290     2.9600   475.65329       444.18880       3258.8217       3037.2449    
  120.0000     2.0210     2.9600   508.60280       474.93582       2866.4140       2671.5216    
  120.0000     2.2340     2.9600   540.41877       504.61590       2517.8740       2346.6840    
  120.0000     2.4690     2.9600   569.57709       531.80414       2210.2189       2059.9521    
  120.0000     2.7290     2.9600   594.94988       555.44558       1938.0088       1806.2559    
  120.0000     3.0160     2.9600   615.00752       574.11051       1697.8377       1582.4207    
  120.0000     3.3330     2.9600   628.30071       586.44474       1485.8814       1384.8825    
  120.0000     3.6830     2.9600   633.63176       591.33054       1298.9799       1210.6959    
  120.0000     4.0710     2.9600   630.35012       588.16180       1133.6483       1056.6130    
  120.0000     4.4990     2.9600   618.35651       576.85272       988.23435       921.09376    
  120.0000     4.9720     2.9600   598.40806       558.11120       860.16132       801.73670    
  120.0000     5.4950     2.9600   572.13410       533.46959       747.39153       696.64269    
  120.0000     6.0730     2.9600   541.60987       504.88026       648.22685       604.22884    
  120.0000     6.7110     2.9600   508.96321       474.33029       561.19141       523.11961    
  120.0000     7.4170     2.9600   475.73465       443.26494       484.67618       451.81537    
  120.0000     8.1970     2.9600   442.43867       412.16660       417.58603       389.29537    
  120.0000     9.0590     2.9600   409.31335       381.25451       358.79847       334.51336    
  120.0000    10.0100     2.9600   376.09454       350.27834       307.41814       286.63473    
  120.0000    11.0600     2.9600   342.67167       319.13057       262.51509       244.79267    
  120.0000    12.2300     2.9600   309.03611       287.80001       222.99443       207.96665    
  120.0000    13.5100     2.9600   276.31747       257.33660       188.88313       176.18151    
  120.0000    14.9400     2.9600   244.46196       227.68869       158.86545       148.21092    
  120.0000    16.5100     2.9600   214.11287       199.45033       132.96399       124.07562    
  120.0000    18.2400     2.9600   185.83207       173.14453       110.55314       103.19245    
  120.0000    20.1600     2.9600   159.44665       148.60699       91.073346       85.039367    
  120.0000    22.2800     2.9600   135.17659       126.03994       74.283236       69.391207    
  120.0000    24.6300     2.9600   112.76030       105.19598       59.808673       55.898901    
  120.0000    27.2200     2.9600   92.411291       86.271743       47.454942       44.380641    
  120.0000    30.0800     2.9600   74.213886       69.343719       36.943690       34.576566    
  120.0000    33.2400     2.9600   58.374349       54.602253       28.056683       26.283380    
  120.0000    36.7400     2.9600   44.988894       42.136239       20.587878       19.307715    
  120.0000    40.6000     2.9600   33.982262       31.874965       14.415306       13.537062    
  120.0000    44.8700     2.9600   24.763948       23.268136       9.3721424       8.8153325    
  120.0000    49.5900     2.9600   16.767831       15.787798       5.3382521       5.0312720    
  120.0000    54.8100     2.9600   10.181564       9.6139169       2.2022356       2.0818489    
  120.0000    60.5700     2.9600   5.5030946       5.2166583      -.13597124      -.12553301    
  120.0000    66.9400     2.9600   2.1465819       2.0515685      -1.7816877      -1.6872903    
  120.0000    73.9800     2.9600  -.56402476      -.52281275      -2.8293400      -2.6892864    
  120.0000    81.7600     2.9600  -2.0509490      -1.9449324      -3.3689141      -3.2139698    
  120.0000    89.3600     2.9600  -2.7410604      -2.6134177      -3.5139394      -3.3636262    
  120.0000    90.3600     2.9600  -2.8214067      -2.6917631      -3.5134215      -3.3645878    
  120.0000    91.2000     2.9600  -2.8902986      -2.7589917      -3.5102405      -3.3627616    
  120.0000    92.0000     2.9600  -2.9495733      -2.8169825      -3.5049369      -3.3588399    
  120.0000    99.8600     2.9600  -3.1985600      -3.0680258      -3.3576655      -3.2286388    
  120.0000   110.4000     2.9600  -2.9565710      -2.8497477      -2.9973234      -2.8945138    
  120.0000   120.0000     2.9600  -2.7210258      -2.6335717      -2.6003947      -2.5205615    
  120.0000   130.0000     2.9600  -2.2709818      -2.2064231      -2.1792477      -2.1199637    
  120.0000   140.0000     2.9600  -1.9194335      -1.8715722      -1.7888266      -1.7459161    
  120.0000   150.0000     2.9600  -1.5312439      -1.4978660      -1.4442820      -1.4139817    
  120.0000   160.0000     2.9600  -1.2308734      -1.2075936      -1.1498039      -1.1287914    
  120.0000   170.0000     2.9600  -.95661772      -.94098914      -.90352576      -.88925592    
  120.0000   180.0000     2.9600  -.74087507      -.73049843      -.70051796      -.69102483    
  120.0000   190.0000     2.9600  -.56448189      -.55774174      -.53717932      -.53096678    
  120.0000   200.0000     2.9600  -.42405200      -.41977319      -.40737324      -.40337951    
  120.0000   210.0000     2.9600  -.31712703      -.31444073      -.30539106      -.30287689    
  120.0000   220.0000     2.9600  -.23276755      -.23112801      -.22611756      -.22456786    
  120.0000   230.0000     2.9600  -.16888001      -.16790072      -.16512378      -.16419060    
  120.0000   240.0000     2.9600   0.0000000       0.0000000      -.11879765      -.11825019    
  120.0000   250.0000     2.9600   0.0000000       0.0000000      -.84144501E-01  -.83831915E-01
  120.0000   260.0000     2.9600   0.0000000       0.0000000      -.58548565E-01  -.58375737E-01
  120.0000   270.0000     2.9600   0.0000000       0.0000000      -.39917697E-01  -.39825430E-01
  120.0000   280.0000     2.9600   0.0000000       0.0000000      -.26569854E-01  -.26522650E-01
  120.0000   290.0000     2.9600   0.0000000       0.0000000      -.17192870E-01  -.17169880E-01
  120.0000   300.0000     2.9600   0.0000000       0.0000000      -.10752372E-01  -.10741801E-01
  120.0000   310.0000     2.9600   0.0000000       0.0000000      -.64549768E-02  -.64504511E-02
  120.0000   320.0000     2.9600   0.0000000       0.0000000      -.36836432E-02  -.36818672E-02
  120.0000   330.0000     2.9600   0.0000000       0.0000000      -.19691357E-02  -.19685123E-02
  120.0000   340.0000     2.9600   0.0000000       0.0000000      -.96501506E-03  -.96482619E-03
  120.0000   350.0000     2.9600   0.0000000       0.0000000      -.41893884E-03  -.41889216E-03
  120.0000   360.0000     2.9600   0.0000000       0.0000000      -.15183795E-03  -.15182942E-03
  120.0000   370.0000     2.9600   0.0000000       0.0000000      -.40876164E-04  -.40875223E-04
  120.0000   380.0000     2.9600   0.0000000       0.0000000      -.61559922E-05  -.61559569E-05
  120.0000   400.0000     2.9600   0.0000000       0.0000000       0.0000000       0.0000000    
  120.0000   450.0000     2.9600   0.0000000       0.0000000       0.0000000       0.0000000    
  120.0000   500.0000     2.9600   0.0000000       0.0000000       0.0000000       0.0000000    
  120.0000     0.0911     3.2000   22.038673       21.192004       86969.848       83528.044    
  120.0000     0.1006     3.2000   24.345331       23.410046       77509.164       74441.786    
  120.0000     0.1112     3.2000   26.906724       25.873032       69017.104       66285.815    
  120.0000     0.1229     3.2000   29.734590       28.592255       61449.553       59017.761    
  120.0000     0.1358     3.2000   32.848436       31.586480       54711.909       52546.769    
  120.0000     0.1501     3.2000   36.302565       34.907897       48682.401       46755.886    
  120.0000     0.1659     3.2000   40.113508       38.572855       43306.942       41593.166    
  120.0000     0.1834     3.2000   44.332575       42.629388       38504.731       36981.006    
  120.0000     0.2027     3.2000   48.980002       47.098257       34233.796       32879.094    
  120.0000     0.2240     3.2000   54.101348       52.022821       30432.059       29227.812    
  120.0000     0.2475     3.2000   59.746250       57.450841       27048.725       25978.373    
  120.0000     0.2736     3.2000   66.000501       63.464760       24019.490       23069.020    
  120.0000     0.3023     3.2000   72.869031       70.069356       21334.834       20490.608    
  120.0000     0.3341     3.2000   80.454530       77.363346       18937.375       18188.026    
  120.0000     0.3693     3.2000   88.825628       85.412728       16800.021       16135.256    
  120.0000     0.4081     3.2000   98.014183       94.248117       14902.818       14313.132    
  120.0000     0.4510     3.2000   108.12033       103.96580       13213.665       12690.825    
  120.0000     0.4985     3.2000   119.25017       114.66776       11708.441       11245.167    
  120.0000     0.5509     3.2000   131.43110       126.38031       10372.433       9962.0294    
  120.0000     0.6088     3.2000   144.78102       139.21683       9184.7832       8821.3782    
  120.0000     0.6729     3.2000   159.39027       153.26408       8127.5063       7805.9405    
  120.0000     0.7436     3.2000   175.28903       168.55108       7190.0683       6905.5991    
  120.0000     0.8218     3.2000   192.58762       185.18379       6356.7150       6105.2234    
  120.0000     0.9083     3.2000   211.33074       203.20510       5616.2513       5394.0614    
  120.0000     1.0040     3.2000   231.56511       222.65978       4958.5616       4762.3977    
  120.0000     1.1090     3.2000   253.09778       243.36208       4379.0722       4205.8398    
  120.0000     1.2260     3.2000   276.19406       265.56696       3860.7963       3708.0731    
  120.0000     1.3550     3.2000   300.49477       288.92861       3402.6251       3268.0326    
  120.0000     1.4970     3.2000   325.74833       313.20486       2998.1336       2879.5477    
  120.0000     1.6550     3.2000   351.89216       338.33495       2637.4472       2533.1345    
  120.0000     1.8290     3.2000   378.18887       363.60935       2319.3765       2227.6509    
  120.0000     2.0210     3.2000   404.08975       388.49953       2038.3050       1957.7023    
  120.0000     2.2340     3.2000   428.95343       412.38847       1788.7841       1718.0560    
  120.0000     2.4690     3.2000   451.58198       434.12312       1568.6521       1506.6358    
  120.0000     2.7290     3.2000   471.03674       452.80023       1373.9918       1319.6795    
  120.0000     3.0160     3.2000   486.08438       467.23353       1202.3446       1154.8257    
  120.0000     3.3330     3.2000   495.55966       476.30219       1050.9560       1009.4292    
  120.0000     3.6830     3.2000   498.53998       479.11975       917.54936       881.30306    
  120.0000     4.0710     3.2000   494.42788       475.11276       799.61943       768.04143    
  120.0000     4.4990     3.2000   483.29913       464.35678       695.97115       668.49645    
  120.0000     4.9720     3.2000   465.77051       447.44827       604.75218       580.88908    
  120.0000     5.4950     3.2000   443.26075       425.75557       524.49700       503.81178    
  120.0000     6.0730     3.2000   417.49369       400.94084       453.98387       436.09115    
  120.0000     6.7110     3.2000   390.25000       374.71982       392.15102       376.70740    
  120.0000     7.4170     3.2000   362.75226       348.27019       337.84410       324.55181    
  120.0000     8.1970     3.2000   335.61821       322.18605       290.27547       278.86788    
  120.0000     9.0590     3.2000   308.83759       296.45598       248.63972       238.88202    
  120.0000    10.0100     3.2000   282.23148       270.90544       212.29348       203.97621    
  120.0000    11.0600     3.2000   255.70764       245.44316       180.57103       173.51115    
  120.0000    12.2300     3.2000   229.20587       220.00928       152.69141       146.73664    
  120.0000    13.5100     3.2000   203.62860       195.46863       128.66654       123.66399    
  120.0000    14.9400     3.2000   178.79448       171.64618       107.56347       103.39707    
  120.0000    16.5100     3.2000   155.52431       149.32696       89.392560       85.945722    
  120.0000    18.2400     3.2000   133.92794       128.61636       73.708768       70.882379    
  120.0000    20.1600     3.2000   113.85304       109.36598       60.115452       57.825922    
  120.0000    22.2800     3.2000   95.503169       91.770238       48.439721       46.610150    
  120.0000    24.6300     3.2000   78.741352       75.695845       38.417140       36.980900    
  120.0000    27.2200     3.2000   63.601629       61.173946       29.908933       28.804827    
  120.0000    30.0800     3.2000   50.175792       48.292302       22.726200       21.900399    
  120.0000    33.2400     3.2000   38.607651       37.188304       16.696950       16.101945    
  120.0000    36.7400     3.2000   28.984379       27.945848       11.689219       11.282903    
  120.0000    40.6000     3.2000   21.223575       20.486246       7.6063984       7.3503153    
  120.0000    44.8700     3.2000   14.835202       14.338913       4.3439488       4.2043580    
  120.0000    49.5900     3.2000   9.3797367       9.0813433       1.8095280       1.7561155    
  120.0000    54.8100     3.2000   4.9820972       4.8359190      -.82109781E-01  -.75216031E-01
  120.0000    60.5700     3.2000   2.0090314       1.9601057      -1.4079820      -1.3628472    
  120.0000    66.9400     3.2000  0.19007239E-01  0.28314973E-01  -2.2462082      -2.1810831    
  120.0000    73.9800     3.2000  -1.4955486      -1.4492220      -2.6748721      -2.6041469    
  120.0000    81.7600     3.2000  -2.1624448      -2.1053723      -2.7726353      -2.7060243    
  120.0000    89.3600     3.2000  -2.3432803      -2.2882499      -2.6425223      -2.5851905    
  120.0000    90.3600     3.2000  -2.3638840      -2.3092547      -2.6152988      -2.5593222    
  120.0000    91.2000     3.2000  -2.3805756      -2.3262960      -2.5909679      -2.5361450    
  120.0000    92.0000     3.2000  -2.3939620      -2.3400799      -2.5668510      -2.5131271    
  120.0000    99.8600     3.2000  -2.3270895      -2.2808174      -2.2907498      -2.2477647    
  120.0000   110.4000     3.2000  -1.9330453      -1.9004925      -1.8728079      -1.8429100    
  120.0000   120.0000     3.2000  -1.6260502      -1.6028092      -1.5028757      -1.4823707    
  120.0000   130.0000     3.2000  -1.2441754      -1.2292878      -1.1598877      -1.1465977    
  120.0000   140.0000     3.2000  -.95508877      -.94563082      -.87055752      -.86227379    
  120.0000   150.0000     3.2000  -.68956255      -.68397952      -.63769141      -.63272464    
  120.0000   160.0000     3.2000  -.49761153      -.49437089      -.45637584      -.45350750    
  120.0000   170.0000     3.2000  -.34353273      -.34175855      -.31883725      -.31724601    
  120.0000   180.0000     3.2000  -.23336337      -.23242381      -.21699778      -.21615319    
  120.0000   190.0000     3.2000  -.15292114      -.15245186      -.14339625      -.14296970    
  120.0000   200.0000     3.2000  -.96850755E-01  -.96628696E-01  -.91749256E-01  -.91545375E-01
  120.0000   210.0000     3.2000  -.59592741E-01  -.59493672E-01  -.56540243E-01  -.56449073E-01
  120.0000   220.0000     3.2000  -.34757265E-01  -.34716720E-01  -.33298413E-01  -.33260706E-01
  120.0000   230.0000     3.2000  -.19226172E-01  -.19211080E-01  -.18535141E-01  -.18520994E-01
  120.0000   240.0000     3.2000   0.0000000       0.0000000      -.95884358E-02  -.95837536E-02
  120.0000   250.0000     3.2000   0.0000000       0.0000000      -.44977886E-02  -.44964769E-02
  120.0000   260.0000     3.2000   0.0000000       0.0000000      -.18384226E-02  -.18381318E-02
  120.0000   270.0000     3.2000   0.0000000       0.0000000      -.60856051E-03  -.60851529E-03
  120.0000   280.0000     3.2000   0.0000000       0.0000000      -.13984341E-03  -.13983961E-03
  120.0000   290.0000     3.2000   0.0000000       0.0000000      -.14593852E-04  -.14593777E-04
  120.0000   300.0000     3.2000   0.0000000       0.0000000      -.54547903E-07  -.54547929E-07
  120.0000   310.0000     3.2000   0.0000000       0.0000000       0.0000000       0.0000000    
  120.0000   320.0000     3.2000   0.0000000       0.0000000       0.0000000       0.0000000    
  120.0000   330.0000     3.2000   0.0000000       0.0000000       0.0000000       0.0000000    
  120.0000   340.0000     3.2000   0.0000000       0.0000000       0.0000000       0.0000000    
  120.0000   350.0000     3.2000   0.0000000       0.0000000       0.0000000       0.0000000    
  120.0000   360.0000     3.2000   0.0000000       0.0000000       0.0000000       0.0000000    
  120.0000   370.0000     3.2000   0.0000000       0.0000000       0.0000000       0.0000000    
  120.0000   380.0000     3.2000   0.0000000       0.0000000       0.0000000       0.0000000    
  120.0000   400.0000     3.2000   0.0000000       0.0000000       0.0000000       0.0000000    
  120.0000   450.0000     3.2000   0.0000000       0.0000000       0.0000000       0.0000000    
  120.0000   500.0000     3.2000   0.0000000       0.0000000       0.0000000       0.0000000    
  120.0000     0.0911     3.9000   1.4694785       1.4671363       3194.8094       3189.7202    
  120.0000     0.1006     3.9000   1.6232731       1.6206858       2842.9446       2838.4162    
  120.0000     0.1112     3.9000   1.7940841       1.7912244       2527.4657       2523.4401    
  120.0000     0.1229     3.9000   1.9825375       1.9793774       2246.6629       2243.0848    
  120.0000     0.1358     3.9000   2.1901250       2.1866341       1996.9571       1993.7768    
  120.0000     0.1501     3.9000   2.4203678       2.4165099       1773.7739       1770.9493    
  120.0000     0.1659     3.9000   2.6743656       2.6701028       1575.0560       1572.5480    
  120.0000     0.1834     3.9000   2.9555363       2.9508253       1397.7649       1395.5393    
  120.0000     0.2027     3.9000   3.2652434       3.2600389       1240.3031       1238.3283    
  120.0000     0.2240     3.9000   3.6065754       3.6008266       1100.3369       1098.5851    
  120.0000     0.2475     3.9000   3.9824850       3.9761369       975.95519       974.40158    
  120.0000     0.2736     3.9000   4.3987511       4.3917395       864.75814       863.38166    
  120.0000     0.3023     3.9000   4.8563768       4.8486356       766.36238       765.14262    
  120.0000     0.3341     3.9000   5.3612306       5.3526846       678.63307       677.55305    
  120.0000     0.3693     3.9000   5.9182235       5.9087895       600.55114       599.59548    
  120.0000     0.4081     3.9000   6.5293374       6.5189291       531.36102       530.51555    
  120.0000     0.4510     3.9000   7.2012185       7.1897387       469.86738       469.11984    
  120.0000     0.4985     3.9000   7.9401268       7.9274687       415.17016       414.50972    
  120.0000     0.5509     3.9000   8.7483151       8.7343681       366.71427       366.13097    
  120.0000     0.6088     3.9000   9.6332100       9.6178516       323.72399       323.20915    
  120.0000     0.6729     3.9000   10.600109       10.583208       285.53115       285.07712    
  120.0000     0.7436     3.9000   11.650650       11.632072       251.73918       251.33894    
  120.0000     0.8218     3.9000   12.791182       12.770784       221.76531       221.41278    
  120.0000     0.9083     3.9000   16.617881       16.591219       195.19347       194.88324    
  120.0000     1.0040     3.9000   15.349854       15.325371       171.64828       171.37553    
  120.0000     1.1090     3.9000   16.754127       16.727399       150.95396       150.71415    
  120.0000     1.2260     3.9000   18.254615       18.225489       132.49336       132.28293    
  120.0000     1.3550     3.9000   19.821528       19.789893       116.21760       116.03307    
  120.0000     1.4970     3.9000   21.435362       21.401142       101.88895       101.72723    
  120.0000     1.6550     3.9000   23.086631       23.049762       89.149443       89.007989    
  120.0000     1.8290     3.9000   24.722214       24.682716       77.949531       77.825899    
  120.0000     2.0210     3.9000   26.296277       26.254243       68.084037       67.976103    
  120.0000     2.2340     3.9000   27.760006       27.715602       59.355254       59.261208    
  120.0000     2.4690     3.9000   29.025126       28.978662       51.681580       51.599743    
  120.0000     2.7290     3.9000   30.022930       29.974822       44.920802       44.849721    
  120.0000     3.0160     3.9000   30.664093       30.614900       38.982337       38.920706    
  120.0000     3.3330     3.9000   30.868612       30.819020       33.766046       33.712714    
  120.0000     3.6830     3.9000   30.577878       30.528671       29.189028       29.142978    
  120.0000     4.0710     3.9000   29.760295       29.712309       25.161330       25.121688    
  120.0000     4.4990     3.9000   28.441793       28.395830       21.638413       21.604376    
  120.0000     4.9720     3.9000   26.691757       26.648519       18.553798       18.524670    
  120.0000     5.4950     3.9000   24.636924       24.596920       15.854752       15.829918    
  120.0000     6.0730     3.9000   22.429235       22.392743       13.497314       13.476230    
  120.0000     6.7110     3.9000   20.216006       20.183075       11.443147       11.425331    
  120.0000     7.4170     3.9000   18.100940       18.071457       9.6514479       9.6364814    
  120.0000     8.1970     3.9000   16.123384       16.097168       8.0940365       8.0815448    
  120.0000     9.0590     3.9000   14.267684       14.244569       6.7424725       6.7321272    
  120.0000    10.0100     3.9000   12.537348       12.517148       5.5739064       5.5654142    
  120.0000    11.0600     3.9000   10.885188       10.867782       4.5651365       4.5582404    
  120.0000    12.2300     3.9000   9.3107988       9.2960569       3.6899008       3.6843852    
  120.0000    13.5100     3.9000   7.8580417       7.8457532       2.9470784       2.9427293    
  120.0000    14.9400     3.9000   6.5156430       6.5056139       2.3065152       2.3031654    
  120.0000    16.5100     3.9000   5.3116314       5.3036150       1.7673944       1.7648778    
  120.0000    18.2400     3.9000   4.2583970       4.2521261       1.3151153       1.3132878    
  120.0000    20.1600     3.9000   3.3248751       3.3201260      0.93706263      0.93579913    
  120.0000    22.2800     3.9000   2.5185170       2.5150542      0.62720248      0.62638899    
  120.0000    24.6300     3.9000   1.8240414       1.8216511      0.37730250      0.37683913    
  120.0000    27.2200     3.9000   1.2401812       1.2386533      0.18222220      0.18201837    
  120.0000    30.0800     3.9000  0.76575865      0.76489098      0.35597181E-01  0.35574421E-01
  120.0000    33.2400     3.9000  0.40628109      0.40587607      -.67866020E-01  -.67777455E-01
  120.0000    36.7400     3.9000  0.16053862      0.16041774      -.13389619      -.13375126    
  120.0000    40.6000     3.9000  0.11303614E-01  0.11326531E-01  -.16750924      -.16734948    
  120.0000    44.8700     3.9000  -.73957130E-01  -.73873886E-01  -.17421685      -.17407401    
  120.0000    49.5900     3.9000  -.12222664      -.12212777      -.16049392      -.16038281    
  120.0000    54.8100     3.9000  -.13516834      -.13508411      -.13274779      -.13267408    
  120.0000    60.5700     3.9000  -.11210827      -.11205602      -.98127398E-01  -.98085817E-01
  120.0000    66.9400     3.9000  -.75654879E-01  -.75630507E-01  -.63299972E-01  -.63281178E-01
  120.0000    73.9800     3.9000  -.43467913E-01  -.43459283E-01  -.33994888E-01  -.33988621E-01
  120.0000    81.7600     3.9000  -.18020138E-01  -.18018284E-01  -.13798790E-01  -.13797485E-01
  120.0000    89.3600     3.9000  -.54491575E-02  -.54489286E-02  -.40969137E-02  -.40967534E-02
  120.0000    90.3600     3.9000  -.45115568E-02  -.45113914E-02  -.33670561E-02  -.33669415E-02
  120.0000    91.2000     3.9000  -.38200028E-02  -.38198710E-02  -.28290629E-02  -.28289782E-02
  120.0000    92.0000     3.9000  -.32347767E-02  -.32346799E-02  -.23787325E-02  -.23786696E-02
  120.0000    99.8600     3.9000  -.31779772E-03  -.31779602E-03  -.22217884E-03  -.22217789E-03
  120.0000   110.4000     3.9000   0.0000000       0.0000000       0.0000000       0.0000000    
  120.0000   120.0000     3.9000   0.0000000       0.0000000       0.0000000       0.0000000    
  120.0000   130.0000     3.9000   0.0000000       0.0000000       0.0000000       0.0000000    
  120.0000   140.0000     3.9000   0.0000000       0.0000000       0.0000000       0.0000000    
  120.0000   150.0000     3.9000   0.0000000       0.0000000       0.0000000       0.0000000    
  120.0000   160.0000     3.9000   0.0000000       0.0000000       0.0000000       0.0000000    
  120.0000   170.0000     3.9000   0.0000000       0.0000000       0.0000000       0.0000000    
  120.0000   180.0000     3.9000   0.0000000       0.0000000       0.0000000       0.0000000    
  120.0000   190.0000     3.9000   0.0000000       0.0000000       0.0000000       0.0000000    
  120.0000   200.0000     3.9000   0.0000000       0.0000000       0.0000000       0.0000000    
  120.0000   210.0000     3.9000   0.0000000       0.0000000       0.0000000       0.0000000    
  120.0000   220.0000     3.9000   0.0000000       0.0000000       0.0000000       0.0000000    
  120.0000   230.0000     3.9000   0.0000000       0.0000000       0.0000000       0.0000000    
  120.0000   240.0000     3.9000   0.0000000       0.0000000       0.0000000       0.0000000    
  120.0000   250.0000     3.9000   0.0000000       0.0000000       0.0000000       0.0000000    
  120.0000   260.0000     3.9000   0.0000000       0.0000000       0.0000000       0.0000000    
  120.0000   270.0000     3.9000   0.0000000       0.0000000       0.0000000       0.0000000    
  120.0000   280.0000     3.9000   0.0000000       0.0000000       0.0000000       0.0000000    
  120.0000   290.0000     3.9000   0.0000000       0.0000000       0.0000000       0.0000000    
  120.0000   300.0000     3.9000   0.0000000       0.0000000       0.0000000       0.0000000    
  120.0000   310.0000     3.9000   0.0000000       0.0000000       0.0000000       0.0000000    
  120.0000   320.0000     3.9000   0.0000000       0.0000000       0.0000000       0.0000000    
  120.0000   330.0000     3.9000   0.0000000       0.0000000       0.0000000       0.0000000    
  120.0000   340.0000     3.9000   0.0000000       0.0000000       0.0000000       0.0000000    
  120.0000   350.0000     3.9000   0.0000000       0.0000000       0.0000000       0.0000000    
  120.0000   360.0000     3.9000   0.0000000       0.0000000       0.0000000       0.0000000    
  120.0000   370.0000     3.9000   0.0000000       0.0000000       0.0000000       0.0000000    
  120.0000   380.0000     3.9000   0.0000000       0.0000000       0.0000000       0.0000000    
  120.0000   400.0000     3.9000   0.0000000       0.0000000       0.0000000       0.0000000    
  120.0000   450.0000     3.9000   0.0000000       0.0000000       0.0000000       0.0000000    
  120.0000   500.0000     3.9000   0.0000000       0.0000000       0.0000000       0.0000000    
