 ecm,  ibeam, lto,iproc,iResScheme,fract_n,fCxFCxF,fCxF,fSud, i_pma           
 8000.         1     3     0     0     0     0     0     0     1              
 ISET,INONPERT,IFLAG_C3,C1,C2,C3,C4,KinCorr,mur,muf                           
 11900  5  2    1.000          1.0                                            
      1.0          1.0    1      1.0          1.0                             
MT,MW,MZ,MH,MA                                                                
 172.000   80.358   91.118                                                    
 125.000    0.000                                                             
  TYPE_V:   ZU                                                                
bmax,g1,g2,g3,Q0in:   0.5000      0.2100      0.6800      -.6000       1.600  
 Mass of V,h1,A1,A2,A3,B1,B2,Nf,norder,n_sud_a,n_sud_b,n_wil_c,i_fsr,R        
  91.118    1.123    1.333                                                    
   2.3027  3.7376 -2.0000  1.9009                                             
 5           2           3           2           1           0           .0000
 Generated by get_yk_new.f 
  Using the PDF_SET = CT14nn.00                                    
  Q,qT,y, Singular(L0,A3), Pert.(L0,A3), R_A1, R_A2, R_A4, R_A0
   60.00        0.9106E-01    -3.900    
  -858595.         825288.        -858686.         805421.    
  0.171389E-05   -0.216598E-07   -0.630922E-05   -0.887316E-07
   60.00        0.1006        -3.900    
  -709954.         682436.        -710109.         664841.    
  0.228703E-05   -0.315934E-07   -0.841758E-05   -0.129394E-06
   60.00        0.1112        -3.900    
  -583744.         561139.        -583947.         545575.    
  0.307032E-05   -0.463798E-07   -0.112984E-04   -0.189901E-06
   60.00        0.1229        -3.900    
  -477600.         459127.        -477801.         445323.    
  0.414148E-05   -0.683941E-07   -0.152371E-04   -0.279953E-06
   60.00        0.1358        -3.900    
  -388618.         373606.        -388786.         361343.    
  0.562112E-05   -0.101349E-06   -0.206553E-04   -0.414709E-06
   60.00        0.1501        -3.900    
  -313839.         301735.        -313979.         290841.    
  0.767106E-05   -0.151367E-06   -0.282157E-04   -0.619143E-06
   60.00        0.1659        -3.900    
  -251422.         241744.        -251542.         232080.    
  0.105650E-04   -0.227828E-06   -0.388447E-04   -0.931513E-06
   60.00        0.1834        -3.900    
  -199388.         191731.        -199491.         183159.    
  0.146964E-04   -0.346353E-06   -0.540215E-04   -0.141548E-05
   60.00        0.2027        -3.900    
  -156360.         150373.        -156426.         142754.    
  0.206674E-04   -0.532200E-06   -0.759514E-04   -0.217390E-05
   60.00        0.2240        -3.900    
  -120888.         116277.        -120961.         109537.    
  0.294610E-04   -0.828720E-06   -0.108239E-03   -0.338321E-05
   60.00        0.2475        -3.900    
  -91783.6         88300.3        -91868.6         82349.3    
  0.427408E-04   -0.131300E-05   -0.156990E-03   -0.535693E-05
   60.00        0.2736        -3.900    
  -67888.0         65329.7        -67981.6         60081.0    
  0.636524E-04   -0.213615E-05   -0.233740E-03   -0.870926E-05
   60.00        0.3023        -3.900    
  -48586.9         46774.7        -48676.0         42135.9    
  0.978895E-04   -0.358671E-05   -0.359371E-03   -0.146121E-04
   60.00        0.3341        -3.900    
  -32987.4         31777.3        -33063.4         27673.9    
  0.158673E-03   -0.634825E-05   -0.582386E-03   -0.258405E-04
   60.00        0.3693        -3.900    
  -20510.1         19780.6        -20572.3         16150.4    
  0.280709E-03   -0.122628E-04   -0.103007E-02   -0.498682E-04
   60.00        0.4081        -3.900    
  -10674.2         10322.7        -10739.6         7125.35    
  0.591478E-03   -0.282030E-04   -0.217004E-02   -0.114570E-03
   60.00        0.4510        -3.900    
  -2993.38         2936.22        -3054.96         109.544    
  0.228620E-02   -0.118972E-03   -0.838647E-02   -0.482737E-03
   60.00        0.4985        -3.900    
   2913.82        -2745.52         2855.99        -5227.88    
 -0.268782E-02    0.152653E-03    0.985864E-02    0.618585E-03
   60.00        0.5509        -3.900    
   7345.51        -7008.95         7280.21        -9183.66    
 -0.115801E-02    0.717548E-04    0.424728E-02    0.290341E-03
   60.00        0.6088        -3.900    
   10582.7        -10124.2         10523.1        -12037.7    
 -0.879261E-03    0.594303E-04    0.322502E-02    0.240080E-03
   60.00        0.6729        -3.900    
   12855.2        -12312.0         12800.0        -13993.1    
 -0.792871E-03    0.584563E-04    0.290856E-02    0.235713E-03
   60.00        0.7436        -3.900    
   14344.3        -13746.7         14294.2        -15222.8    
 -0.777977E-03    0.625421E-04    0.285461E-02    0.251673E-03
   60.00        0.8218        -3.900    
   15213.7        -14585.6         15160.3        -15874.3    
 -0.803101E-03    0.703877E-04    0.294801E-02    0.282595E-03
   60.00        0.9083        -3.900    
   15593.7        -14954.0         15542.8        -16081.1    
 -0.856623E-03    0.818606E-04    0.314700E-02    0.327810E-03
   60.00         1.004        -3.900    
   15592.6        -14955.8         15543.3        -15939.4    
 -0.936192E-03    0.974850E-04    0.344109E-02    0.389246E-03
   60.00         1.109        -3.900    
   15303.0        -14680.2         15254.7        -15537.2    
 -0.104033E-02    0.117967E-03    0.382759E-02    0.469499E-03
   60.00         1.226        -3.900    
   14793.9        -14193.5         14744.0        -14935.7    
 -0.117308E-02    0.144920E-03    0.432133E-02    0.574643E-03
   60.00         1.355        -3.900    
   14129.2        -13557.0         14083.0        -14202.8    
 -0.133608E-02    0.179733E-03    0.492915E-02    0.709715E-03
   60.00         1.497        -3.900    
   13359.8        -12819.8         13315.8        -13379.9    
 -0.153341E-02    0.224574E-03    0.566964E-02    0.882607E-03
   60.00         1.655        -3.900    
   12516.5        -12011.3         12473.8        -12494.8    
 -0.177526E-02    0.282889E-03    0.657496E-02    0.110581E-02
   60.00         1.829        -3.900    
   11638.8        -11169.7         11597.3        -11585.9    
 -0.206470E-02    0.357908E-03    0.766546E-02    0.139050E-02
   60.00         2.021        -3.900    
   10749.7        -10316.8         10709.4        -10675.2    
 -0.241133E-02    0.454508E-03    0.897674E-02    0.175346E-02
   60.00         2.234        -3.900    
   9863.31        -9466.54         9825.92        -9773.68    
 -0.282711E-02    0.579428E-03    0.105563E-01    0.221741E-02
   60.00         2.469        -3.900    
   8999.17        -8637.50         8964.72        -8900.49    
 -0.332210E-02    0.740037E-03    0.124448E-01    0.280585E-02
   60.00         2.729        -3.900    
   8165.50        -7837.62         8133.18        -8062.30    
 -0.391173E-02    0.946951E-03    0.147031E-01    0.355192E-02
   60.00         3.016        -3.900    
   7371.85        -7076.11         7341.95        -7267.38    
 -0.460957E-02    0.121236E-02    0.173849E-01    0.449094E-02
   60.00         3.333        -3.900    
   6622.73        -6357.28         6596.80        -6521.07    
 -0.543159E-02    0.155196E-02    0.205515E-01    0.566570E-02
   60.00         3.683        -3.900    
   5921.48        -5684.37         5899.19        -5824.34    
 -0.639622E-02    0.198568E-02    0.242706E-01    0.712617E-02
   60.00         4.071        -3.900    
   5267.13        -5056.45         5248.63        -5176.17    
 -0.752581E-02    0.254033E-02    0.286206E-01    0.893419E-02
   60.00         4.499        -3.900    
   4663.43        -4477.14         4649.72        -4580.66    
 -0.883161E-02    0.324363E-02    0.336289E-01    0.111381E-01
   60.00         4.972        -3.900    
   4108.53        -3944.65         4099.90        -4035.00    
 -0.103324E-01    0.413491E-02    0.393435E-01    0.138003E-01
   60.00         5.495        -3.900    
   3600.92        -3457.53         3597.74        -3537.46    
 -0.120423E-01    0.526253E-02    0.457843E-01    0.169769E-01
   60.00         6.073        -3.900    
   3139.11        -3014.37         3141.75        -3086.36    
 -0.139705E-01    0.668725E-02    0.529504E-01    0.207140E-01
   60.00         6.711        -3.900    
   2721.39        -2613.52         2730.45        -2680.02    
 -0.161208E-01    0.848670E-02    0.608437E-01    0.250451E-01
   60.00         7.417        -3.900    
   2344.32        -2251.70         2360.22        -2314.73    
 -0.185111E-01    0.107770E-01    0.696011E-01    0.300290E-01
   60.00         8.197        -3.900    
   2006.06        -1927.10         2029.41        -1988.73    
 -0.211672E-01    0.137158E-01    0.796066E-01    0.357474E-01
   60.00         9.059        -3.900    
   1703.88        -1637.13         1734.73        -1698.69    
 -0.241931E-01    0.174517E-01    0.915270E-01    0.424621E-01
   60.00         10.01        -3.900    
   1435.59        -1379.67         1473.97        -1442.31    
 -0.277271E-01    0.221975E-01    0.105406        0.504770E-01
   60.00         11.06        -3.900    
   1198.32        -1151.97         1244.43        -1216.87    
 -0.318422E-01    0.282771E-01    0.121479        0.599614E-01
   60.00         12.23        -3.900    
   987.851        -949.969         1041.57        -1017.84    
 -0.366798E-01    0.360444E-01    0.140202        0.712188E-01
   60.00         13.51        -3.900    
   805.599        -775.030         866.673        -846.421    
 -0.422329E-01    0.457440E-01    0.161520        0.841617E-01
   60.00         14.94        -3.900    
   645.554        -621.376         713.534        -696.472    
 -0.487008E-01    0.579746E-01    0.186035        0.991927E-01
   60.00         16.51        -3.900    
   508.615        -489.867         582.573        -568.363    
 -0.560589E-01    0.730752E-01    0.213616        0.116101    
   60.00         18.24        -3.900    
   392.012        -377.841         470.886        -459.207    
 -0.643912E-01    0.914935E-01    0.244484        0.134914    
   60.00         20.16        -3.900    
   293.215        -282.868         375.763        -366.315    
 -0.737627E-01    0.113748        0.278847        0.155583    
   60.00         22.28        -3.900    
   211.210        -203.969         295.821        -288.308    
 -0.841359E-01    0.140049        0.316582        0.177786    
   60.00         24.63        -3.900    
   144.172        -139.397         229.114        -223.257    
 -0.954622E-01    0.170443        0.357645        0.201203    
   60.00         27.22        -3.900    
   91.0136        -88.1238         174.396        -169.923    
 -0.107537        0.204391        0.401589        0.225231    
   60.00         30.08        -3.900    
   50.1281        -48.6172         130.015        -126.683    
 -0.120151        0.241115        0.448173        0.249367    
   60.00         33.24        -3.900    
   20.0576        -19.4885         94.6130        -92.1959    
 -0.132981        0.279195        0.496877        0.272963    
   60.00         36.74        -3.900    
 -0.709390        0.693551         66.8630        -65.1653    
 -0.145700        0.316986        0.547394        0.295528    
   60.00         40.60        -3.900    
  -13.5612         13.2361         45.7350        -44.5818    
 -0.157825        0.352223        0.598974        0.316421    
   60.00         44.87        -3.900    
  -19.9901         19.5622         30.0708        -29.3179    
 -0.168947        0.383215        0.651132        0.335270    
   60.00         49.59        -3.900    
  -21.7009         21.2912         18.8796        -18.4092    
 -0.178632        0.408406        0.703186        0.351707    
   60.00         54.81        -3.900    
  -20.1946         19.8695         11.2176        -10.9381    
 -0.186575        0.427224        0.754646        0.365615    
   60.00         60.57        -3.900    
  -16.8006         16.5772         6.25062        -6.09385    
 -0.192429        0.439534        0.804481        0.376775    
   60.00         66.94        -3.900    
  -12.6466         12.5123         3.21608        -3.13401    
 -0.196162        0.446223        0.852497        0.385385    
   60.00         73.98        -3.900    
  -8.59583         8.52658         1.50046        -1.46098    
 -0.197680        0.448123        0.897773        0.391439    
   60.00         81.76        -3.900    
  -5.23476         5.20474        0.617841       -0.600800    
 -0.197119        0.446444        0.939850        0.394342    
   60.00         89.36        -3.900    
  -3.01259         3.00068        0.244806       -0.237653    
 -0.194885        0.442631        0.973499        0.393454    
   60.00         90.36        -3.900    
  -2.78668         2.77623        0.215570       -0.209217    
 -0.194512        0.442052        0.977501        0.393160    
   60.00         91.20        -3.900    
  -2.60688         2.59753        0.193525       -0.187781    
 -0.194180        0.441539        0.980754        0.392871    
   60.00         92.00        -3.900    
  -2.44450         2.43610        0.174461       -0.169246    
 -0.193856        0.441056        0.983807        0.392575    
   60.00         99.86        -3.900    
  -1.24054         1.23784        0.595761E-01   -0.576580E-01
 -0.190139        0.435858         1.01030        0.388439    
   60.00         110.4        -3.900    
 -0.425400        0.424952        0.114162E-01   -0.110034E-01
 -0.184126        0.428279         1.03723        0.380443    
   60.00         120.0        -3.900    
 -0.126555        0.126497        0.181331E-02   -0.173876E-02
 -0.177936        0.420877         1.05354        0.371403    
   60.00         130.0        -3.900    
 -0.233287E-01    0.233254E-01    0.141234E-03   -0.134349E-03
 -0.169400        0.412297         1.06171        0.360410    
   60.00         140.0        -3.900    
 -0.153249E-02    0.153246E-02    0.223556E-05   -0.209320E-05
 -0.256911E-01    0.616383E-01    0.163300        0.532861E-01
   60.00         150.0        -3.900    
 -0.516204E-06    0.516202E-06    0.867763E-12   -0.321506E-12
 -0.298628E-12    0.748640E-12    0.161197E-11     0.00000    
   60.00         160.0        -3.900    
   0.00000         0.00000         0.00000         0.00000    
   0.00000         0.00000         0.00000         0.00000    
   60.00         170.0        -3.900    
   0.00000         0.00000         0.00000         0.00000    
   0.00000         0.00000         0.00000         0.00000    
   60.00         180.0        -3.900    
   0.00000         0.00000         0.00000         0.00000    
   0.00000         0.00000         0.00000         0.00000    
   60.00         190.0        -3.900    
   0.00000         0.00000         0.00000         0.00000    
   0.00000         0.00000         0.00000         0.00000    
   60.00         200.0        -3.900    
   0.00000         0.00000         0.00000         0.00000    
   0.00000         0.00000         0.00000         0.00000    
   60.00         210.0        -3.900    
   0.00000         0.00000         0.00000         0.00000    
   0.00000         0.00000         0.00000         0.00000    
   60.00         220.0        -3.900    
   0.00000         0.00000         0.00000         0.00000    
   0.00000         0.00000         0.00000         0.00000    
   60.00         230.0        -3.900    
   0.00000         0.00000         0.00000         0.00000    
   0.00000         0.00000         0.00000         0.00000    
   60.00         240.0        -3.900    
   0.00000         0.00000         0.00000         0.00000    
   0.00000         0.00000         0.00000         0.00000    
   60.00         250.0        -3.900    
   0.00000         0.00000         0.00000         0.00000    
   0.00000         0.00000         0.00000         0.00000    
   60.00         260.0        -3.900    
   0.00000         0.00000         0.00000         0.00000    
   0.00000         0.00000         0.00000         0.00000    
   60.00         270.0        -3.900    
   0.00000         0.00000         0.00000         0.00000    
   0.00000         0.00000         0.00000         0.00000    
   60.00         280.0        -3.900    
   0.00000         0.00000         0.00000         0.00000    
   0.00000         0.00000         0.00000         0.00000    
   60.00         290.0        -3.900    
   0.00000         0.00000         0.00000         0.00000    
   0.00000         0.00000         0.00000         0.00000    
   60.00         300.0        -3.900    
   0.00000         0.00000         0.00000         0.00000    
   0.00000         0.00000         0.00000         0.00000    
   60.00         310.0        -3.900    
   0.00000         0.00000         0.00000         0.00000    
   0.00000         0.00000         0.00000         0.00000    
   60.00         320.0        -3.900    
   0.00000         0.00000         0.00000         0.00000    
   0.00000         0.00000         0.00000         0.00000    
   60.00         330.0        -3.900    
   0.00000         0.00000         0.00000         0.00000    
   0.00000         0.00000         0.00000         0.00000    
   60.00         340.0        -3.900    
   0.00000         0.00000         0.00000         0.00000    
   0.00000         0.00000         0.00000         0.00000    
   60.00         350.0        -3.900    
   0.00000         0.00000         0.00000         0.00000    
   0.00000         0.00000         0.00000         0.00000    
   60.00         360.0        -3.900    
   0.00000         0.00000         0.00000         0.00000    
   0.00000         0.00000         0.00000         0.00000    
   60.00         370.0        -3.900    
   0.00000         0.00000         0.00000         0.00000    
   0.00000         0.00000         0.00000         0.00000    
   60.00         380.0        -3.900    
   0.00000         0.00000         0.00000         0.00000    
   0.00000         0.00000         0.00000         0.00000    
   60.00         400.0        -3.900    
   0.00000         0.00000         0.00000         0.00000    
   0.00000         0.00000         0.00000         0.00000    
   60.00         450.0        -3.900    
   0.00000         0.00000         0.00000         0.00000    
   0.00000         0.00000         0.00000         0.00000    
   60.00         500.0        -3.900    
   0.00000         0.00000         0.00000         0.00000    
   0.00000         0.00000         0.00000         0.00000    
   60.00        0.9106E-01    -3.200    
 -0.191780E+07    0.163501E+07   -0.191824E+07    0.160707E+07
  0.127171E-05   -0.132966E-07   -0.240178E-05   -0.110371E-06
   60.00        0.1006        -3.200    
 -0.160381E+07    0.136734E+07   -0.160423E+07    0.134253E+07
  0.167785E-05   -0.192283E-07   -0.316938E-05   -0.159199E-06
   60.00        0.1112        -3.200    
 -0.133555E+07    0.113865E+07   -0.133588E+07    0.111658E+07
  0.222413E-05   -0.279556E-07   -0.423072E-05   -0.230798E-06
   60.00        0.1229        -3.200    
 -0.110842E+07     945025.       -0.110868E+07     925401.    
  0.295735E-05   -0.407716E-07   -0.559809E-05   -0.335549E-06
   60.00        0.1358        -3.200    
  -916622.         781522.        -916815.         764065.    
  0.394494E-05   -0.596540E-07   -0.745455E-05   -0.489257E-06
   60.00        0.1501        -3.200    
  -754156.         643024.        -754318.         627526.    
  0.528975E-05   -0.877814E-07   -0.100024E-04   -0.717200E-06
   60.00        0.1659        -3.200    
  -617362.         526411.        -617494.         512661.    
  0.713416E-05   -0.129826E-06   -0.134821E-04   -0.105626E-05
   60.00        0.1834        -3.200    
  -502225.         428260.        -502387.         416104.    
  0.966094E-05   -0.193284E-06   -0.182849E-04   -0.156525E-05
   60.00        0.2027        -3.200    
  -406002.         346231.        -406175.         335483.    
  0.131746E-04   -0.289478E-06   -0.249452E-04   -0.233227E-05
   60.00        0.2240        -3.200    
  -325735.         277805.        -325918.         268305.    
  0.180932E-04   -0.436807E-06   -0.342786E-04   -0.349952E-05
   60.00        0.2475        -3.200    
  -259001.         220914.        -259173.         212507.    
  0.250617E-04   -0.664858E-06   -0.475137E-04   -0.529370E-05
   60.00        0.2736        -3.200    
  -203384.         173500.        -203528.         166054.    
  0.351567E-04   -0.102595E-05   -0.667071E-04   -0.811303E-05
   60.00        0.3023        -3.200    
  -157686.         134541.        -157815.         127952.    
  0.499053E-04   -0.160212E-05   -0.947812E-04   -0.125745E-04
   60.00        0.3341        -3.200    
  -120018.         102428.        -120072.         96551.3    
  0.721844E-04   -0.255150E-05   -0.137247E-03   -0.198610E-04
   60.00        0.3693        -3.200    
  -89186.9         76141.9        -89277.6         70984.8    
  0.106805E-03   -0.416010E-05   -0.203264E-03   -0.320886E-04
   60.00        0.4081        -3.200    
  -64209.4         54845.8        -64305.4         50302.9    
  0.163005E-03   -0.699979E-05   -0.310805E-03   -0.534558E-04
   60.00        0.4510        -3.200    
  -44051.5         37658.1        -44140.7         33651.6    
  0.260882E-03   -0.123633E-04   -0.498377E-03   -0.933848E-04
   60.00        0.4985        -3.200    
  -27904.8         23889.6        -28005.8         20373.2    
  0.451625E-03   -0.236392E-04   -0.864443E-03   -0.176413E-03
   60.00        0.5509        -3.200    
  -15150.1         13012.5        -15246.3         9917.37    
  0.910254E-03   -0.526736E-04   -0.174650E-02   -0.387924E-03
   60.00        0.6088        -3.200    
  -5180.64         4509.60        -5264.85         1782.21    
  0.288998E-02   -0.185084E-03   -0.556064E-02   -0.134346E-02
   60.00        0.6729        -3.200    
   2503.02        -2044.82         2423.02        -4441.53    
 -0.687956E-02    0.488289E-03    0.132806E-01    0.348835E-02
   60.00        0.7436        -3.200    
   8284.35        -6977.59         8208.79        -9082.71    
 -0.222208E-02    0.174986E-03    0.430609E-02    0.122855E-02
   60.00        0.8218        -3.200    
   12529.6        -10600.9         12457.7        -12447.1    
 -0.160065E-02    0.140057E-03    0.311560E-02    0.964769E-03
   60.00        0.9083        -3.200    
   15526.1        -13159.8         15453.7        -14773.9    
 -0.140891E-02    0.137208E-03    0.275550E-02    0.925648E-03
   60.00         1.004        -3.200    
   17515.8        -14860.3         17445.8        -16271.3    
 -0.136069E-02    0.147775E-03    0.267877E-02    0.974474E-03
   60.00         1.109        -3.200    
   18694.1        -15869.0         18624.1        -17100.6    
 -0.138723E-02    0.168117E-03    0.274934E-02    0.108159E-02
   60.00         1.226        -3.200    
   19247.5        -16345.0         19178.4        -17417.5    
 -0.146439E-02    0.198643E-03    0.292558E-02    0.124378E-02
   60.00         1.355        -3.200    
   19305.1        -16398.3         19241.0        -17334.1    
 -0.158327E-02    0.240830E-03    0.319231E-02    0.146413E-02
   60.00         1.497        -3.200    
   18987.1        -16131.2         18926.9        -16946.7    
 -0.174092E-02    0.297586E-03    0.354862E-02    0.175232E-02
   60.00         1.655        -3.200    
   18383.7        -15620.8         18326.7        -16329.4    
 -0.194247E-02    0.374034E-03    0.400401E-02    0.212689E-02
   60.00         1.829        -3.200    
   17577.7        -14937.5         17520.3        -15549.8    
 -0.218775E-02    0.475720E-03    0.457473E-02    0.260487E-02
   60.00         2.021        -3.200    
   16631.7        -14134.7         16580.5        -14667.9    
 -0.248119E-02    0.610791E-03    0.527025E-02    0.321056E-02
   60.00         2.234        -3.200    
   15590.7        -13250.9         15543.3        -13712.8    
 -0.283168E-02    0.791732E-03    0.612276E-02    0.398093E-02
   60.00         2.469        -3.200    
   14500.6        -12325.1         14457.7        -12725.7    
 -0.324388E-02    0.103293E-02    0.715618E-02    0.495079E-02
   60.00         2.729        -3.200    
   13390.2        -11381.8         13352.6        -11729.7    
 -0.372639E-02    0.135566E-02    0.840816E-02    0.616987E-02
   60.00         3.016        -3.200    
   12286.5        -10444.1         12254.5        -10746.7    
 -0.428608E-02    0.178670E-02    0.991757E-02    0.769113E-02
   60.00         3.333        -3.200    
   11207.5        -9527.37         11181.2        -9791.08    
 -0.493095E-02    0.236258E-02    0.117333E-01    0.957906E-02
   60.00         3.683        -3.200    
   10167.3        -8643.51         10147.4        -8874.58    
 -0.566679E-02    0.313034E-02    0.139083E-01    0.119028E-01
   60.00         4.071        -3.200    
   9171.82        -7797.71         9159.47        -8001.70    
 -0.650363E-02    0.415545E-02    0.165127E-01    0.147482E-01
   60.00         4.499        -3.200    
   8233.02        -7000.07         8228.77        -7181.86    
 -0.743907E-02    0.551144E-02    0.196001E-01    0.181765E-01
   60.00         4.972        -3.200    
   7353.10        -6252.51         7358.04        -6416.75    
 -0.847425E-02    0.729551E-02    0.232404E-01    0.222565E-01
   60.00         5.495        -3.200    
   6533.91        -5556.59         6549.10        -5707.53    
 -0.960519E-02    0.962059E-02    0.274999E-01    0.270338E-01
   60.00         6.073        -3.200    
   5776.56        -4913.26         5801.75        -5053.61    
 -0.108257E-01    0.126086E-01    0.324433E-01    0.325207E-01
   60.00         6.711        -3.200    
   5081.23        -4322.69         5117.30        -4455.71    
 -0.121245E-01    0.163629E-01    0.381175E-01    0.386666E-01
   60.00         7.417        -3.200    
   4444.69        -3782.10         4492.38        -3910.62    
 -0.135048E-01    0.209499E-01    0.446059E-01    0.453979E-01
   60.00         8.197        -3.200    
   3865.89        -3290.61         3926.11        -3417.35    
 -0.149875E-01    0.262835E-01    0.520163E-01    0.525874E-01
   60.00         9.059        -3.200    
   3341.97        -2845.77         3415.34        -2972.92    
 -0.166205E-01    0.321804E-01    0.606337E-01    0.603977E-01
   60.00         10.01        -3.200    
   2870.68        -2445.65         2957.45        -2574.93    
 -0.184615E-01    0.393314E-01    0.708180E-01    0.693200E-01
   60.00         11.06        -3.200    
   2448.29        -2087.07         2548.24        -2219.56    
 -0.205408E-01    0.478615E-01    0.828293E-01    0.796684E-01
   60.00         12.23        -3.200    
   2068.36        -1764.53         2181.72        -1901.49    
 -0.229056E-01    0.581421E-01    0.970417E-01    0.917262E-01
   60.00         13.51        -3.200    
   1734.43        -1481.02         1860.64        -1623.01    
 -0.255450E-01    0.703127E-01    0.113469        0.105583    
   60.00         14.94        -3.200    
   1436.38        -1227.91         1574.79        -1375.18    
 -0.285455E-01    0.846253E-01    0.132712        0.121709    
   60.00         16.51        -3.200    
   1176.62        -1007.23         1326.07        -1159.59    
 -0.318878E-01    0.101210        0.154716        0.140083    
   60.00         18.24        -3.200    
   950.696        -815.169         1109.77        -972.067    
 -0.356060E-01    0.120086        0.179644        0.160801    
   60.00         20.16        -3.200    
   754.387        -648.126         921.123        -808.466    
 -0.397630E-01    0.141473        0.207875        0.183974    
   60.00         22.28        -3.200    
   586.322        -504.916         758.303        -667.165    
 -0.443658E-01    0.165291        0.239301        0.209385    
   60.00         24.63        -3.200    
   443.576        -383.045         618.221        -545.445    
 -0.494368E-01    0.191255        0.273938        0.236708    
   60.00         27.22        -3.200    
   324.793        -281.363         499.117        -441.787    
 -0.549508E-01    0.218898        0.311376        0.265298    
   60.00         30.08        -3.200    
   227.682        -197.938         398.280        -353.818    
 -0.609141E-01    0.247753        0.351407        0.294572    
   60.00         33.24        -3.200    
   149.726        -130.671         313.565        -279.701    
 -0.672980E-01    0.277318        0.393665        0.323775    
   60.00         36.74        -3.200    
   88.7371        -77.7392         243.001        -217.732    
 -0.740561E-01    0.306895        0.437713        0.352100    
   60.00         40.60        -3.200    
   42.9010        -37.6592         185.183        -166.736    
 -0.810739E-01    0.335623        0.482808        0.378596    
   60.00         44.87        -3.200    
   10.0014        -8.62907         138.323        -125.192    
 -0.882764E-01    0.363045        0.528612        0.402661    
   60.00         49.59        -3.200    
  -11.9508         10.9827         101.051        -91.9561    
 -0.955148E-01    0.388439        0.574555        0.423603    
   60.00         54.81        -3.200    
  -24.9245         22.7716         72.0072        -65.8950    
 -0.102614        0.411281        0.620063        0.440974    
   60.00         60.57        -3.200    
  -30.8713         28.3490         49.9429        -45.9631    
 -0.109392        0.431275        0.664691        0.454546    
   60.00         66.94        -3.200    
  -31.9272         29.5327         33.5885        -31.0861    
 -0.115660        0.448337        0.708164        0.464304    
   60.00         73.98        -3.200    
  -29.7027         27.6974         21.8397        -20.3234    
 -0.121234        0.462353        0.750052        0.470298    
   60.00         81.76        -3.200    
  -25.5054         23.9833         13.6802        -12.7967    
 -0.125938        0.473482        0.790020        0.472739    
   60.00         89.36        -3.200    
  -21.0859         19.9761         8.71635        -8.18852    
 -0.129297        0.481175        0.823834        0.472255    
   60.00         90.36        -3.200    
  -20.5233         19.4611         8.21743        -7.72380    
 -0.129662        0.482010        0.827956        0.472039    
   60.00         91.20        -3.200    
  -20.0562         19.0327         7.82072        -7.35402    
 -0.129959        0.482693        0.831384        0.471847    
   60.00         92.00        -3.200    
  -19.6163         18.6287         7.46105        -7.01863    
 -0.130232        0.483320        0.834607        0.471645    
   60.00         99.86        -3.200    
  -15.5926         14.9073         4.71073        -4.44692    
 -0.132325        0.488226        0.863654        0.468546    
   60.00         110.4        -3.200    
  -11.1434         10.7377         2.55495        -2.42089    
 -0.133836        0.492345        0.896704        0.463498    
   60.00         120.0        -3.200    
  -8.05631         7.81079         1.46586        -1.39250    
 -0.156781        0.494636        0.922426        0.460228    
   60.00         130.0        -3.200    
  -5.66511         5.52267        0.821246       -0.781632    
 -0.133997        0.495817        0.945159        0.457769    
   60.00         140.0        -3.200    
  -3.92466         3.84386        0.458501       -0.436940    
 -0.133120        0.496121        0.964334        0.455852    
   60.00         150.0        -3.200    
  -2.68521         2.64034        0.254209       -0.242421    
 -0.131866        0.496041        0.980897        0.454284    
   60.00         160.0        -3.200    
  -1.81460         1.79023        0.139546       -0.133100    
 -0.130317        0.495550        0.994998        0.452655    
   60.00         170.0        -3.200    
  -1.20912         1.19618        0.755826E-01   -0.720709E-01
 -0.128531        0.494712         1.00687        0.450997    
   60.00         180.0        -3.200    
 -0.792420        0.785749        0.402209E-01   -0.383250E-01
 -0.126607        0.493722         1.01698        0.449458    
   60.00         190.0        -3.200    
 -0.510549        0.507217        0.209306E-01   -0.199218E-01
 -0.124594        0.492611         1.02552        0.448076    
   60.00         200.0        -3.200    
 -0.322328        0.320724        0.105941E-01   -0.100684E-01
 -0.121688        0.491283         1.03244        0.446746    
   60.00         210.0        -3.200    
 -0.198552        0.197813        0.517930E-02   -0.491300E-02
 -0.120361        0.489871         1.03803        0.445522    
   60.00         220.0        -3.200    
 -0.118641        0.118318        0.242490E-02   -0.229486E-02
 -0.118203        0.488280         1.04232        0.444349    
   60.00         230.0        -3.200    
 -0.684121E-01    0.682798E-01    0.107492E-02   -0.101439E-02
 -0.116035        0.486648         1.04555        0.443308    
   60.00         240.0        -3.200    
 -0.377235E-01    0.376734E-01    0.444625E-03   -0.418197E-03
 -0.113814        0.484731         1.04720        0.442156    
   60.00         250.0        -3.200    
 -0.196383E-01    0.196211E-01    0.167954E-03   -0.157334E-03
 -0.110922        0.477989         1.03909        0.436727    
   60.00         260.0        -3.200    
 -0.947642E-02    0.947123E-02    0.562088E-04   -0.523857E-04
 -0.240311E-01    0.478477         1.04283        0.438040    
   60.00         270.0        -3.200    
 -0.411594E-02    0.411463E-02    0.158883E-04   -0.147145E-04
 -0.318251E-01    0.571367         1.24864        0.524260    
   60.00         280.0        -3.200    
 -0.153630E-02    0.153605E-02    0.349764E-05   -0.321230E-05
 -0.434987E-01    0.187946        0.414715        0.172880    
   60.00         290.0        -3.200    
 -0.451184E-03    0.451150E-03    0.514261E-06   -0.466757E-06
 -0.618039E-01    0.275707        0.608617        0.254306    
   60.00         300.0        -3.200    
 -0.856460E-04    0.856439E-04    0.355825E-07   -0.316983E-07
 -0.908549E-01    0.417633        0.922323        0.386374    
   60.00         310.0        -3.200    
 -0.852046E-05    0.852044E-05    0.231441E-09   -0.432187E-10
 -0.424472E-10    0.223370E-09    0.454609E-09     0.00000    
   60.00         320.0        -3.200    
   0.00000         0.00000         0.00000         0.00000    
   0.00000         0.00000         0.00000         0.00000    
   60.00         330.0        -3.200    
   0.00000         0.00000         0.00000         0.00000    
   0.00000         0.00000         0.00000         0.00000    
   60.00         340.0        -3.200    
   0.00000         0.00000         0.00000         0.00000    
   0.00000         0.00000         0.00000         0.00000    
   60.00         350.0        -3.200    
   0.00000         0.00000         0.00000         0.00000    
   0.00000         0.00000         0.00000         0.00000    
   60.00         360.0        -3.200    
   0.00000         0.00000         0.00000         0.00000    
   0.00000         0.00000         0.00000         0.00000    
   60.00         370.0        -3.200    
   0.00000         0.00000         0.00000         0.00000    
   0.00000         0.00000         0.00000         0.00000    
   60.00         380.0        -3.200    
   0.00000         0.00000         0.00000         0.00000    
   0.00000         0.00000         0.00000         0.00000    
   60.00         400.0        -3.200    
   0.00000         0.00000         0.00000         0.00000    
   0.00000         0.00000         0.00000         0.00000    
   60.00         450.0        -3.200    
   0.00000         0.00000         0.00000         0.00000    
   0.00000         0.00000         0.00000         0.00000    
   60.00         500.0        -3.200    
   0.00000         0.00000         0.00000         0.00000    
   0.00000         0.00000         0.00000         0.00000    
   60.00        0.9106E-01    -2.960    
 -0.208832E+07    0.165943E+07   -0.208857E+07    0.163340E+07
  0.990188E-06   -0.283315E-07   -0.216260E-05   -0.141593E-06
   60.00        0.1006        -2.960    
 -0.174978E+07    0.139047E+07   -0.175015E+07    0.136746E+07
  0.130396E-05   -0.408272E-07   -0.284765E-05   -0.203826E-06
   60.00        0.1112        -2.960    
 -0.146022E+07    0.116042E+07   -0.146061E+07    0.114001E+07
  0.172601E-05   -0.591271E-07   -0.376659E-05   -0.294838E-06
   60.00        0.1229        -2.960    
 -0.121476E+07     965405.       -0.121511E+07     947280.    
  0.228835E-05   -0.858665E-07   -0.499660E-05   -0.427615E-06
   60.00        0.1358        -2.960    
 -0.100721E+07     800510.       -0.100749E+07     784388.    
  0.304465E-05   -0.125044E-06   -0.664805E-05   -0.621820E-06
   60.00        0.1501        -2.960    
  -831157.         660634.        -831335.         646276.    
  0.407164E-05   -0.183050E-06   -0.888930E-05   -0.908822E-06
   60.00        0.1659        -2.960    
  -682695.         542678.        -682840.         529935.    
  0.546845E-05   -0.269134E-06   -0.119384E-04   -0.133386E-05
   60.00        0.1834        -2.960    
  -557530.         443230.        -557662.         431936.    
  0.738661E-05   -0.398056E-06   -0.161258E-04   -0.196896E-05
   60.00        0.2027        -2.960    
  -452733.         359963.        -452862.         349957.    
  0.100298E-04   -0.591712E-06   -0.218961E-04   -0.292055E-05
   60.00        0.2240        -2.960    
  -365139.         290364.        -365280.         281523.    
  0.137057E-04   -0.885140E-06   -0.299225E-04   -0.435844E-05
   60.00        0.2475        -2.960    
  -292152.         232367.        -292313.         224565.    
  0.188696E-04   -0.133393E-05   -0.412000E-04   -0.655104E-05
   60.00        0.2736        -2.960    
  -231173.         183911.        -231336.         177023.    
  0.262737E-04   -0.213510E-05   -0.573750E-04   -0.104550E-04
   60.00        0.3023        -2.960    
  -180931.         143985.        -181088.         137898.    
  0.369544E-04   -0.313237E-05   -0.807171E-04   -0.152891E-04
   60.00        0.3341        -2.960    
  -139388.         110969.        -139509.         105572.    
  0.528066E-04   -0.490231E-05   -0.115379E-03   -0.238430E-04
   60.00        0.3693        -2.960    
  -105263.         83847.4        -105362.         79071.7    
  0.769444E-04   -0.782635E-05   -0.168206E-03   -0.379144E-04
   60.00        0.4081        -2.960    
  -77503.0         61782.5        -77595.1         57566.1    
  0.114911E-03   -0.128029E-04   -0.251323E-03   -0.617532E-04
   60.00        0.4510        -2.960    
  -54992.3         43887.7        -55092.3         40179.4    
  0.177905E-03   -0.217195E-04   -0.389382E-03   -0.104258E-03
   60.00        0.4985        -2.960    
  -36858.4         29470.2        -36913.5         26172.6    
  0.291739E-03   -0.390438E-04   -0.639125E-03   -0.186418E-03
   60.00        0.5509        -2.960    
  -22435.9         18001.5        -22530.8         15129.6    
  0.524733E-03   -0.769913E-04   -0.115090E-02   -0.365438E-03
   60.00        0.6088        -2.960    
  -11067.9         8959.73        -11159.9         6435.04    
  0.116217E-02   -0.187002E-03   -0.255268E-02   -0.881827E-03
   60.00        0.6729        -2.960    
  -2213.16         1914.90        -2303.98        -300.790    
  0.617124E-02   -0.108958E-02   -0.135731E-01   -0.510096E-02
   60.00        0.7436        -2.960    
   4541.76        -3461.40         4456.55        -5407.76    
 -0.349375E-02    0.677000E-03    0.770462E-02    0.314418E-02
   60.00        0.8218        -2.960    
   9595.72        -7486.05         9517.87        -9195.98    
 -0.178945E-02    0.380825E-03    0.395727E-02    0.175306E-02
   60.00        0.9083        -2.960    
   13261.0        -10407.2         13187.2        -11905.6    
 -0.141166E-02    0.330057E-03    0.313141E-02    0.150452E-02
   60.00         1.004        -2.960    
   15801.1        -12433.9         15729.0        -13744.1    
 -0.129187E-02    0.332118E-03    0.287676E-02    0.149753E-02
   60.00         1.109        -2.960    
   17426.3        -13733.5         17353.8        -14877.0    
 -0.127548E-02    0.360543E-03    0.285323E-02    0.160636E-02
   60.00         1.226        -2.960    
   18346.0        -14472.3         18272.7        -15467.1    
 -0.131832E-02    0.410375E-03    0.296516E-02    0.180411E-02
   60.00         1.355        -2.960    
   18698.2        -14759.8         18628.2        -15627.1    
 -0.140450E-02    0.481746E-03    0.317927E-02    0.208681E-02
   60.00         1.497        -2.960    
   18614.8        -14700.9         18549.6        -15457.8    
 -0.152831E-02    0.577931E-03    0.348538E-02    0.246296E-02
   60.00         1.655        -2.960    
   18198.3        -14377.1         18137.0        -15035.7    
 -0.169072E-02    0.706049E-03    0.388955E-02    0.295467E-02
   60.00         1.829        -2.960    
   17537.6        -13858.8         17479.8        -14431.5    
 -0.189212E-02    0.873244E-03    0.439685E-02    0.358155E-02
   60.00         2.021        -2.960    
   16703.0        -13202.1         16648.7        -13699.8    
 -0.213624E-02    0.109075E-02    0.502171E-02    0.437505E-02
   60.00         2.234        -2.960    
   15746.1        -12447.8         15696.6        -12880.6    
 -0.242925E-02    0.137463E-02    0.578636E-02    0.537848E-02
   60.00         2.469        -2.960    
   14717.2        -11636.2         14668.8        -12009.7    
 -0.277633E-02    0.174328E-02    0.671252E-02    0.663583E-02
   60.00         2.729        -2.960    
   13649.6        -10793.4         13609.8        -11120.9    
 -0.318295E-02    0.222144E-02    0.782605E-02    0.820130E-02
   60.00         3.016        -2.960    
   12573.9        -9943.92         12539.3        -10229.5    
 -0.365725E-02    0.284137E-02    0.916221E-02    0.101402E-01
   60.00         3.333        -2.960    
   11511.1        -9104.31         11482.5        -9354.48    
 -0.420567E-02    0.364335E-02    0.107566E-01    0.125221E-01
   60.00         3.683        -2.960    
   10477.6        -8287.82         10456.3        -8508.64    
 -0.483434E-02    0.467764E-02    0.126484E-01    0.154200E-01
   60.00         4.071        -2.960    
   9481.66        -7500.90         9468.22        -7697.17    
 -0.555181E-02    0.601265E-02    0.148902E-01    0.189219E-01
   60.00         4.499        -2.960    
   8536.79        -6754.29         8531.88        -6930.61    
 -0.635817E-02    0.771852E-02    0.175148E-01    0.230760E-01
   60.00         4.972        -2.960    
   7646.64        -6050.93         7651.29        -6211.54    
 -0.725517E-02    0.988612E-02    0.205678E-01    0.279303E-01
   60.00         5.495        -2.960    
   6814.19        -5393.19         6829.21        -5541.75    
 -0.824026E-02    0.126151E-01    0.240905E-01    0.334940E-01
   60.00         6.073        -2.960    
   6041.48        -4782.69         6067.71        -4922.55    
 -0.930521E-02    0.160027E-01    0.281202E-01    0.397175E-01
   60.00         6.711        -2.960    
   5329.47        -4220.20         5367.48        -4354.12    
 -0.104376E-01    0.201239E-01    0.327040E-01    0.464878E-01
   60.00         7.417        -2.960    
   4675.47        -3703.61         4726.28        -3834.38    
 -0.116270E-01    0.250132E-01    0.379527E-01    0.536715E-01
   60.00         8.197        -2.960    
   4078.92        -3232.46         4142.72        -3361.98    
 -0.128677E-01    0.305753E-01    0.441121E-01    0.611587E-01
   60.00         9.059        -2.960    
   3537.34        -2804.77         3615.07        -2935.31    
 -0.141829E-01    0.366757E-01    0.515361E-01    0.692332E-01
   60.00         10.01        -2.960    
   3048.78        -2418.98         3140.85        -2552.21    
 -0.156490E-01    0.439459E-01    0.603294E-01    0.782847E-01
   60.00         11.06        -2.960    
   2609.68        -2072.28         2716.31        -2209.49    
 -0.172860E-01    0.524672E-01    0.707505E-01    0.886702E-01
   60.00         12.23        -2.960    
   2213.59        -1759.55         2334.65        -1901.57    
 -0.191387E-01    0.626097E-01    0.831117E-01    0.100721    
   60.00         13.51        -2.960    
   1864.47        -1483.86         1999.41        -1631.19    
 -0.211866E-01    0.744790E-01    0.974863E-01    0.114567    
   60.00         14.94        -2.960    
   1551.93        -1237.00         1700.29        -1389.96    
 -0.234927E-01    0.882584E-01    0.114374        0.130700    
   60.00         16.51        -2.960    
   1278.72        -1021.10         1439.33        -1179.46    
 -0.260379E-01    0.104062        0.133772        0.149182    
   60.00         18.24        -2.960    
   1040.33        -832.575         1211.40        -995.524    
 -0.288595E-01    0.121801        0.155908        0.170204    
   60.00         20.16        -2.960    
   832.420        -667.955         1012.05        -834.481    
 -0.319937E-01    0.141820        0.181079        0.193873    
   60.00         22.28        -2.960    
   653.955        -526.406         839.402        -694.818    
 -0.354539E-01    0.163933        0.209269        0.219998    
   60.00         24.63        -2.960    
   501.652        -405.301         690.092        -573.786    
 -0.392683E-01    0.188056        0.240583        0.248318    
   60.00         27.22        -2.960    
   374.067        -303.516         562.443        -470.004    
 -0.434276E-01    0.213782        0.274719        0.278236    
   60.00         30.08        -2.960    
   268.605        -219.013         453.779        -381.344    
 -0.479397E-01    0.240730        0.311490        0.309023    
   60.00         33.24        -2.960    
   183.043        -150.059         361.778        -305.928    
 -0.528103E-01    0.268601        0.350697        0.339973    
   60.00         36.74        -2.960    
   115.171        -94.9499         284.420        -242.159    
 -0.580301E-01    0.296872        0.392056        0.370213    
   60.00         40.60        -2.960    
   63.2236        -52.3840         220.412        -189.041    
 -0.635092E-01    0.324744        0.434820        0.398612    
   60.00         44.87        -2.960    
   24.9746        -20.6688         167.866        -145.098    
 -0.692311E-01    0.351995        0.478830        0.424505    
   60.00         49.59        -2.960    
  -1.53000         1.62929         125.408        -109.284    
 -0.751016E-01    0.378056        0.523668        0.447164    
   60.00         54.81        -2.960    
  -18.2452         15.9732         91.7502        -80.6263    
 -0.809688E-01    0.402282        0.568627        0.465830    
   60.00         60.57        -2.960    
  -27.4789         24.1351         65.6103        -58.1465    
 -0.867252E-01    0.424615        0.613504        0.480372    
   60.00         66.94        -2.960    
  -31.1228         27.5778         45.7288        -40.8710    
 -0.922346E-01    0.444848        0.658029        0.490682    
   60.00         73.98        -2.960    
  -30.7647         27.5480         31.0197        -27.9558    
 -0.972861E-01    0.462585        0.701458        0.496505    
   60.00         81.76        -2.960    
  -27.8175         25.1887         20.4134        -18.5453    
 -0.101813        0.478261        0.744078        0.498513    
   60.00         89.36        -2.960    
  -24.1195         22.0617         13.6967        -12.5284    
 -0.105240        0.490252        0.780710        0.497110    
   60.00         90.36        -2.960    
  -23.6188         21.6308         13.0049        -11.9054    
 -0.105629        0.491614        0.785174        0.496726    
   60.00         91.20        -2.960    
  -23.1981         21.2679         12.4521        -11.4071    
 -0.105940        0.492726        0.788869        0.496377    
   60.00         92.00        -2.960    
  -22.7979         20.9219         11.9486        -10.9528    
 -0.106227        0.493760        0.792346        0.496023    
   60.00         99.86        -2.960    
  -18.9760         17.5750         7.99841        -7.37419    
 -0.108637        0.502782        0.824509        0.491574    
   60.00         110.4        -2.960    
  -14.4552         13.5351         4.71936        -4.37939    
 -0.110829        0.512238        0.862368        0.485411    
   60.00         120.0        -2.960    
  -11.1258         10.5084         2.94538        -2.74646    
 -0.111951        0.518674        0.892067        0.482132    
   60.00         130.0        -2.960    
  -8.37600         7.97403         1.81472        -1.69912    
 -0.112472        0.523876        0.919293        0.480928    
   60.00         140.0        -2.960    
  -6.25083         5.99202         1.12399        -1.05589    
 -0.112466        0.527916        0.943136        0.481524    
   60.00         150.0        -2.960    
  -4.64137         4.47606        0.698680       -0.658071    
 -0.112037        0.530930        0.963934        0.482906    
   60.00         160.0        -2.960    
  -3.42819         3.32352        0.434969       -0.410508    
 -0.111322        0.533330        0.982425        0.484730    
   60.00         170.0        -2.960    
  -2.51567         2.45008        0.270763       -0.255909    
 -0.110390        0.535238        0.998920        0.486927    
   60.00         180.0        -2.960    
  -1.83782         1.79706        0.168297       -0.159226    
 -0.109271        0.536644         1.01336        0.489276    
   60.00         190.0        -2.960    
  -1.33612         1.31100        0.104271       -0.987091E-01
 -0.108012        0.537626         1.02603        0.491725    
   60.00         200.0        -2.960    
 -0.965595        0.950307        0.642675E-01   -0.608518E-01
 -0.106672        0.538382         1.03735        0.494397    
   60.00         210.0        -2.960    
 -0.692277        0.683115        0.393330E-01   -0.372370E-01
 -0.105289        0.538973         1.04748        0.497266    
   60.00         220.0        -2.960    
 -0.493000        0.487559        0.238659E-01   -0.225837E-01
 -0.103825        0.539181         1.05613        0.500115    
   60.00         230.0        -2.960    
 -0.348191        0.345017        0.143203E-01   -0.135404E-01
 -0.102345        0.539260         1.06381        0.503125    
   60.00         240.0        -2.960    
 -0.243550        0.241732        0.847747E-02   -0.800724E-02
 -0.100854        0.539218         1.07057        0.506250    
   60.00         250.0        -2.960    
 -0.168396        0.167376        0.493894E-02   -0.465873E-02
 -0.993354E-01    0.538893         1.07604        0.509325    
   60.00         260.0        -2.960    
 -0.114837        0.114279        0.282122E-02   -0.265678E-02
 -0.977776E-01    0.538613         1.08104        0.512624    
   60.00         270.0        -2.960    
 -0.771616E-01    0.768640E-01    0.157521E-02   -0.148050E-02
 -0.953626E-01    0.537988         1.08483        0.515764    
   60.00         280.0        -2.960    
 -0.509438E-01    0.507902E-01    0.855295E-03   -0.802067E-03
 -0.941702E-01    0.536892         1.08804        0.518612    
   60.00         290.0        -2.960    
 -0.329409E-01    0.328645E-01    0.449308E-03   -0.420254E-03
 -0.929897E-01    0.532515         1.08314        0.518382    
   60.00         300.0        -2.960    
 -0.207693E-01    0.207330E-01    0.226744E-03   -0.211435E-03
 -0.918670E-01    0.532851         1.09180        0.522858    
   60.00         310.0        -2.960    
 -0.127025E-01    0.126861E-01    0.108945E-03   -0.101232E-03
 -0.109014        0.533678         1.09248        0.527945    
   60.00         320.0        -2.960    
 -0.748158E-02    0.747464E-02    0.492595E-04   -0.455872E-04
 -0.287400E-01    0.631753         1.09044        0.630124    
   60.00         330.0        -2.960    
 -0.420798E-02    0.420527E-02    0.206235E-04   -0.189952E-04
 -0.343106E-01    0.523157         1.07638        0.526172    
   60.00         340.0        -2.960    
 -0.223231E-02    0.223135E-02    0.781907E-05   -0.716103E-05
 -0.412948E-01    0.521343         1.08086        0.528801    
   60.00         350.0        -2.960    
 -0.109528E-02    0.109498E-02    0.259544E-05   -0.236065E-05
 -0.501365E-01    0.297880        0.618091        0.304746    
   60.00         360.0        -2.960    
 -0.482801E-03    0.482723E-03    0.715701E-06   -0.645342E-06
 -0.613306E-01    0.374387        0.776523        0.386329    
   60.00         370.0        -2.960    
 -0.182068E-03    0.182052E-03    0.149913E-06   -0.133659E-06
 -0.751576E-01    0.470739        0.975983        0.489987    
   60.00         380.0        -2.960    
 -0.536226E-04    0.536205E-04    0.200308E-07   -0.175806E-07
 -0.906469E-01    0.581423         1.20517        0.610545    
   60.00         400.0        -2.960    
 -0.108435E-05    0.108435E-05    0.368639E-11   -0.537311E-12
 -0.531437E-12    0.360807E-11    0.729193E-11     0.00000    
   60.00         450.0        -2.960    
   0.00000         0.00000         0.00000         0.00000    
   0.00000         0.00000         0.00000         0.00000    
   60.00         500.0        -2.960    
   0.00000         0.00000         0.00000         0.00000    
   0.00000         0.00000         0.00000         0.00000    
   60.00        0.9106E-01    -2.400    
 -0.225461E+07    0.139798E+07   -0.225488E+07    0.137998E+07
  0.552937E-06   -0.135404E-06   -0.562630E-06   -0.328008E-07
   60.00        0.1006        -2.400    
 -0.189428E+07    0.117463E+07   -0.189442E+07    0.115858E+07
  0.726312E-06   -0.194399E-06   -0.739270E-06   -0.471567E-07
   60.00        0.1112        -2.400    
 -0.158557E+07     983278.       -0.158565E+07     969003.    
  0.958026E-06   -0.280349E-06   -0.974698E-06   -0.681104E-07
   60.00        0.1229        -2.400    
 -0.132341E+07     820782.       -0.132355E+07     808148.    
  0.126681E-05   -0.405187E-06   -0.129041E-05   -0.986061E-07
   60.00        0.1358        -2.400    
 -0.110133E+07     683123.       -0.110172E+07     672059.    
  0.167915E-05   -0.586792E-06   -0.171126E-05   -0.143068E-06
   60.00        0.1501        -2.400    
  -912567.         566111.        -912974.         556328.    
  0.223601E-05   -0.853785E-06   -0.228007E-05   -0.208595E-06
   60.00        0.1659        -2.400    
  -753036.         467219.        -752970.         458292.    
  0.299109E-05   -0.124762E-05   -0.305203E-05   -0.305515E-06
   60.00        0.1834        -2.400    
  -618217.         383642.        -618343.         375841.    
  0.401844E-05   -0.183090E-05   -0.410347E-05   -0.449486E-06
   60.00        0.2027        -2.400    
  -505044.         313481.        -505134.         306548.    
  0.542461E-05   -0.269858E-05   -0.554439E-05   -0.664363E-06
   60.00        0.2240        -2.400    
  -410180.         254667.        -410256.         248520.    
  0.736283E-05   -0.399768E-05   -0.753340E-05   -0.987243E-06
   60.00        0.2475        -2.400    
  -330888.         205505.        -330979.         200074.    
  0.100564E-04   -0.595696E-05   -0.103020E-04   -0.147614E-05
   60.00        0.2736        -2.400    
  -264413.         164286.        -264513.         159496.    
  0.138680E-04   -0.896341E-05   -0.142272E-04   -0.222963E-05
   60.00        0.3023        -2.400    
  -209431.         130190.        -209557.         125967.    
  0.192763E-04   -0.135841E-04   -0.197926E-04   -0.339326E-05
   60.00        0.3341        -2.400    
  -163772.         101873.        -163902.         98150.9    
  0.271367E-04   -0.208480E-04   -0.279414E-04   -0.523213E-05
   60.00        0.3693        -2.400    
  -126083.         78495.2        -126202.         75203.9    
  0.387952E-04   -0.324864E-04   -0.400378E-04   -0.819532E-05
   60.00        0.4081        -2.400    
  -95252.5         59368.9        -95350.5         56456.6    
  0.564822E-04   -0.515152E-04   -0.584487E-04   -0.130704E-04
   60.00        0.4510        -2.400    
  -70090.6         43756.1        -70174.6         41181.6    
  0.843807E-04   -0.837959E-04   -0.875941E-04   -0.213962E-04
   60.00        0.4985        -2.400    
  -49668.2         31081.1        -49749.1         28813.0    
  0.130814E-03   -0.141400E-03   -0.136296E-03   -0.363609E-04
   60.00        0.5509        -2.400    
  -33280.2         20906.9        -33363.3         18913.5    
  0.214206E-03   -0.251858E-03   -0.224142E-03   -0.652740E-04
   60.00        0.6088        -2.400    
  -20223.3         12797.8        -20313.1         11048.7    
  0.386071E-03   -0.493488E-03   -0.406022E-03   -0.129014E-03
   60.00        0.6729        -2.400    
  -9917.18         6394.14        -10008.0         4860.07    
  0.859347E-03   -0.119358E-02   -0.909059E-03   -0.315073E-03
   60.00        0.7436        -2.400    
  -1921.68         1423.08        -2008.70         76.6247    
  0.469038E-02   -0.707293E-02   -0.499550E-02   -0.188720E-02
   60.00        0.8218        -2.400    
   4193.92        -2382.31         4112.02        -3563.45    
 -0.250772E-02    0.410284E-02    0.269206E-02    0.110788E-02
   60.00        0.9083        -2.400    
   8765.85        -5230.38         8690.12        -6266.30    
 -0.129738E-02    0.230124E-02    0.140559E-02    0.629719E-03
   60.00         1.004        -2.400    
   12078.4        -7297.35         12007.2        -8204.81    
 -0.102543E-02    0.197026E-02    0.112284E-02    0.547207E-03
   60.00         1.109        -2.400    
   14355.6        -8721.92         14290.7        -9518.36    
 -0.939025E-03    0.195134E-02    0.104087E-02    0.550921E-03
   60.00         1.226        -2.400    
   15832.5        -9649.99         15767.7        -10344.8    
 -0.926794E-03    0.208189E-02    0.104198E-02    0.598734E-03
   60.00         1.355        -2.400    
   16654.4        -10171.4         16584.3        -10774.4    
 -0.957661E-03    0.232203E-02    0.109433E-02    0.681677E-03
   60.00         1.497        -2.400    
   16965.3        -10375.6         16895.8        -10901.0    
 -0.101931E-02    0.266309E-02    0.118657E-02    0.799921E-03
   60.00         1.655        -2.400    
   16882.2        -10335.1         16814.8        -10792.6    
 -0.110876E-02    0.311782E-02    0.131850E-02    0.961005E-03
   60.00         1.829        -2.400    
   16499.4        -10108.2         16434.5        -10507.0    
 -0.122463E-02    0.369852E-02    0.149200E-02    0.117335E-02
   60.00         2.021        -2.400    
   15896.1        -9744.08         15834.2        -10091.8    
 -0.136816E-02    0.442799E-02    0.171309E-02    0.145091E-02
   60.00         2.234        -2.400    
   15131.8        -9279.68         15073.2        -9582.87    
 -0.154257E-02    0.533844E-02    0.199221E-02    0.181421E-02
   60.00         2.469        -2.400    
   14261.5        -8749.11         14207.3        -9014.18    
 -0.175009E-02    0.645741E-02    0.234005E-02    0.228630E-02
   60.00         2.729        -2.400    
   13324.1        -8176.45         13273.9        -8408.40    
 -0.199520E-02    0.782397E-02    0.277326E-02    0.290137E-02
   60.00         3.016        -2.400    
   12354.3        -7583.21         12307.9        -7786.59    
 -0.228151E-02    0.947192E-02    0.331057E-02    0.370081E-02
   60.00         3.333        -2.400    
   11376.8        -6984.81         11336.0        -7164.73    
 -0.261311E-02    0.114351E-01    0.397596E-02    0.473971E-02
   60.00         3.683        -2.400    
   10411.6        -6393.58         10377.6        -6554.24    
 -0.299401E-02    0.137396E-01    0.479850E-02    0.608867E-02
   60.00         4.071        -2.400    
   9469.75        -5816.42         9443.84        -5961.55    
 -0.342943E-02    0.164090E-01    0.581752E-02    0.784618E-02
   60.00         4.499        -2.400    
   8566.80        -5263.00         8549.12        -5395.36    
 -0.392051E-02    0.194253E-01    0.707099E-02    0.101229E-01
   60.00         4.972        -2.400    
   7708.59        -4736.95         7700.19        -4859.37    
 -0.446917E-02    0.227570E-01    0.860854E-02    0.130704E-01
   60.00         5.495        -2.400    
   6899.82        -4241.21         6901.68        -4356.67    
 -0.507534E-02    0.263447E-01    0.104849E-01    0.168778E-01
   60.00         6.073        -2.400    
   6143.98        -3777.94         6157.01        -3888.54    
 -0.573641E-02    0.301186E-01    0.127569E-01    0.217751E-01
   60.00         6.711        -2.400    
   5443.25        -3348.51         5468.41        -3456.35    
 -0.644762E-02    0.340630E-01    0.154792E-01    0.280351E-01
   60.00         7.417        -2.400    
   4796.03        -2951.95         4834.81        -3059.20    
 -0.720645E-02    0.383821E-01    0.187118E-01    0.360025E-01
   60.00         8.197        -2.400    
   4202.63        -2588.45         4255.23        -2696.41    
 -0.801465E-02    0.438116E-01    0.225045E-01    0.460571E-01
   60.00         9.059        -2.400    
   3661.30        -2256.92         3728.83        -2367.24    
 -0.888969E-02    0.515533E-01    0.269739E-01    0.583191E-01
   60.00         10.01        -2.400    
   3170.71        -1956.54         3253.33        -2070.18    
 -0.986729E-02    0.606231E-01    0.324163E-01    0.724990E-01
   60.00         11.06        -2.400    
   2727.83        -1685.44         2825.72        -1803.18    
 -0.109454E-01    0.710539E-01    0.389894E-01    0.886309E-01
   60.00         12.23        -2.400    
   2326.62        -1439.87         2440.46        -1562.63    
 -0.121437E-01    0.833811E-01    0.469810E-01    0.107045    
   60.00         13.51        -2.400    
   1971.46        -1222.49         2100.88        -1350.56    
 -0.134459E-01    0.973620E-01    0.564684E-01    0.127489    
   60.00         14.94        -2.400    
   1652.10        -1026.99         1796.45        -1160.40    
 -0.148828E-01    0.113489        0.679138E-01    0.150402    
   60.00         16.51        -2.400    
   1371.61        -855.203         1529.86        -993.687    
 -0.164326E-01    0.131634        0.813390E-01    0.175325    
   60.00         18.24        -2.400    
   1125.67        -704.431         1296.38        -847.433    
 -0.180993E-01    0.151724        0.970205E-01    0.202182    
   60.00         20.16        -2.400    
   910.047        -572.043         1091.15        -718.597    
 -0.199001E-01    0.174010        0.115293        0.230995    
   60.00         22.28        -2.400    
   723.602        -457.302         912.671        -606.181    
 -0.218244E-01    0.198130        0.136217        0.261158    
   60.00         24.63        -2.400    
   563.335        -358.356         757.661        -508.109    
 -0.238814E-01    0.223937        0.159985        0.292351    
   60.00         27.22        -2.400    
   428.154        -274.479         624.454        -423.331    
 -0.260633E-01    0.251179        0.186457        0.323831    
   60.00         30.08        -2.400    
   315.937        -204.287         510.190        -350.073    
 -0.283835E-01    0.279368        0.215646        0.354977    
   60.00         33.24        -2.400    
   223.994        -146.256         412.802        -287.018    
 -0.308524E-01    0.307983        0.247373        0.385138    
   60.00         36.74        -2.400    
   150.090        -99.0742         330.226        -232.955    
 -0.334744E-01    0.336608        0.281450        0.413611    
   60.00         40.60        -2.400    
   92.4404        -61.7435         261.065        -187.043    
 -0.362394E-01    0.364556        0.317426        0.439748    
   60.00         44.87        -2.400    
   48.8203        -32.9912         203.518        -148.241    
 -0.391557E-01    0.391580        0.355094        0.463157    
   60.00         49.59        -2.400    
   17.2491        -11.7138         156.334        -115.855    
 -0.421890E-01    0.417167        0.393880        0.483294    
   60.00         54.81        -2.400    
  -4.13252         3.15019         118.120        -89.1129    
 -0.453325E-01    0.441056        0.433513        0.500078    
   60.00         60.57        -2.400    
  -17.1384         12.6433         87.7375        -67.3974    
 -0.485372E-01    0.463006        0.473479        0.513472    
   60.00         66.94        -2.400    
  -24.1518         18.0794         63.9762        -50.0446    
 -0.517239E-01    0.482811        0.513391        0.523416    
   60.00         73.98        -2.400    
  -26.7729         20.4143         45.7334        -36.4234    
 -0.548368E-01    0.500730        0.553141        0.530336    
   60.00         81.76        -2.400    
  -26.2452         20.4393         32.0264        -25.9588    
 -0.577888E-01    0.516665        0.592373        0.534525    
   60.00         89.36        -2.400    
  -24.1698         19.1962         22.9233        -18.8628    
 -0.601968E-01    0.529154        0.626428        0.535992    
   60.00         90.36        -2.400    
  -23.8446         18.9850         21.9559        -18.1001    
 -0.604838E-01    0.530624        0.630639        0.536054    
   60.00         91.20        -2.400    
  -23.5659         18.8018         21.1778        -17.4854    
 -0.607238E-01    0.531836        0.634173        0.536096    
   60.00         92.00        -2.400    
  -23.2963         18.6228         20.4650        -16.9212    
 -0.609419E-01    0.532970        0.637482        0.536123    
   60.00         99.86        -2.400    
  -20.5328         16.7165         14.7143        -12.3273    
 -0.628934E-01    0.543096        0.668238        0.535705    
   60.00         110.4        -2.400    
  -16.8598         14.0300         9.61741        -8.18088    
 -0.649290E-01    0.554019        0.704782        0.533404    
   60.00         120.0        -2.400    
  -13.9034         11.7753         6.62718        -5.70440    
 -0.663052E-01    0.562085        0.734276        0.530141    
   60.00         130.0        -2.400    
  -11.3014         9.72837         4.55570        -3.96322    
 -0.673533E-01    0.569118        0.761908        0.526135    
   60.00         140.0        -2.400    
  -9.13757         7.97954         3.17019        -2.78329    
 -0.680491E-01    0.574837        0.786584        0.521656    
   60.00         150.0        -2.400    
  -7.38053         6.52792         2.22909        -1.97261    
 -0.684819E-01    0.579761        0.808970        0.517273    
   60.00         160.0        -2.400    
  -5.96556         5.33670         1.58157        -1.40927    
 -0.687107E-01    0.584072        0.829525        0.513260    
   60.00         170.0        -2.400    
  -4.82285         4.35843         1.13146        -1.01425    
 -0.687560E-01    0.587697        0.848214        0.509864    
   60.00         180.0        -2.400    
  -3.89867         3.55541        0.815366       -0.734726    
 -0.686456E-01    0.590780        0.865232        0.506750    
   60.00         190.0        -2.400    
  -3.15803         2.90372        0.591186       -0.535140    
 -0.684338E-01    0.593519        0.881030        0.503811    
   60.00         200.0        -2.400    
  -2.56245         2.37363        0.431008       -0.391699    
 -0.681276E-01    0.595885        0.895577        0.500982    
   60.00         210.0        -2.400    
  -2.08150         1.94105        0.315696       -0.287896    
 -0.677544E-01    0.598044        0.909139        0.498325    
   60.00         220.0        -2.400    
  -1.69074         1.58630        0.232213       -0.212397    
 -0.673158E-01    0.599878        0.921620        0.495572    
   60.00         230.0        -2.400    
  -1.37552         1.29773        0.171410       -0.157187    
 -0.668293E-01    0.601455        0.933208        0.492788    
   60.00         240.0        -2.400    
  -1.12061         1.06258        0.126901       -0.116630    
 -0.663056E-01    0.602831        0.943985        0.489959    
   60.00         250.0        -2.400    
 -0.913720        0.870433        0.941857E-01   -0.867256E-01
 -0.779171E-01    0.603967        0.953954        0.487077    
   60.00         260.0        -2.400    
 -0.745357        0.713044        0.700367E-01   -0.645921E-01
 -0.651751E-01    0.605037        0.963313        0.484247    
   60.00         270.0        -2.400    
 -0.607700        0.583619        0.521549E-01   -0.481638E-01
 -0.645910E-01    0.605967        0.972143        0.481460    
   60.00         280.0        -2.400    
 -0.495749        0.477796        0.388834E-01   -0.359457E-01
 -0.639958E-01    0.606736        0.980297        0.478656    
   60.00         290.0        -2.400    
 -0.404579        0.391206        0.290068E-01   -0.268379E-01
 -0.633842E-01    0.607417        0.987880        0.475916    
   60.00         300.0        -2.400    
 -0.330180        0.320224        0.216479E-01   -0.200415E-01
 -0.627694E-01    0.607866         1.13025        0.473121    
   60.00         310.0        -2.400    
 -0.269389        0.261991        0.161531E-01   -0.149609E-01
 -0.617346E-01    0.608279         1.00150        0.470409    
   60.00         320.0        -2.400    
 -0.219647        0.214154        0.120481E-01   -0.111616E-01
 -0.615291E-01    0.608475         1.00744        0.467625    
   60.00         330.0        -2.400    
 -0.178823        0.174762        0.897721E-02   -0.831722E-02
 -0.609055E-01    0.608656         1.01309        0.464939    
   60.00         340.0        -2.400    
 -0.145499        0.142497        0.667972E-02   -0.618800E-02
 -0.602909E-01    0.608795         1.01840        0.462364    
   60.00         350.0        -2.400    
 -0.118257        0.116049        0.496139E-02   -0.459494E-02
 -0.596853E-01    0.608897         1.02340        0.459838    
   60.00         360.0        -2.400    
 -0.960255E-01    0.944025E-01    0.367744E-02   -0.340445E-02
 -0.724021E-01    0.608911         1.02801        0.457335    
   60.00         370.0        -2.400    
 -0.778409E-01    0.766530E-01    0.271915E-02   -0.251587E-02
 -0.584683E-01    0.608793         1.03213        0.454849    
   60.00         380.0        -2.400    
 -0.629866E-01    0.621220E-01    0.200529E-02   -0.185412E-02
 -0.689557E-01    0.608402         1.03560        0.452241    
   60.00         400.0        -2.400    
 -0.409676E-01    0.405130E-01    0.107801E-02   -0.994946E-03
 -0.559851E-01    0.607925         1.04253        0.447514    
   60.00         450.0        -2.400    
 -0.132815E-01    0.131992E-01    0.209621E-03   -0.192166E-03
 -0.528043E-01    0.599056         1.04558        0.431551    
   60.00         500.0        -2.400    
 -0.385915E-02    0.384699E-02    0.336273E-04   -0.305101E-04
 -0.359986E-01    0.598105         1.05404        0.423099    
   60.00        0.9106E-01    -1.200    
 -0.241293E+07     572466.       -0.241337E+07     567679.    
  0.330857E-06   -0.574877E-07    0.194740E-06   -0.176930E-06
   60.00        0.1006        -1.200    
 -0.203303E+07     481744.       -0.203351E+07     477504.    
  0.433318E-06   -0.823955E-07    0.254941E-06   -0.253517E-06
   60.00        0.1112        -1.200    
 -0.170697E+07     403945.       -0.170745E+07     400192.    
  0.569759E-06   -0.118607E-06    0.335044E-06   -0.364816E-06
   60.00        0.1229        -1.200    
 -0.142956E+07     337811.       -0.143029E+07     334559.    
  0.750682E-06   -0.171051E-06    0.441198E-06   -0.525942E-06
   60.00        0.1358        -1.200    
 -0.119409E+07     281725.       -0.119411E+07     278667.    
  0.992072E-06   -0.247346E-06    0.582666E-06   -0.760234E-06
   60.00        0.1501        -1.200    
  -993503.         233996.        -993611.         231306.    
  0.131561E-05   -0.358978E-06    0.772087E-06   -0.110287E-05
   60.00        0.1659        -1.200    
  -823589.         193608.        -823798.         191278.    
  0.175059E-05   -0.522690E-06    0.102644E-05   -0.160506E-05
   60.00        0.1834        -1.200    
  -679635.         159429.        -679842.         157363.    
  0.234021E-05   -0.764659E-06    0.137071E-05   -0.234684E-05
   60.00        0.2027        -1.200    
  -558465.         130694.        -558680.         128870.    
  0.314027E-05   -0.112252E-05    0.183705E-05   -0.344312E-05
   60.00        0.2240        -1.200    
  -456599.         106568.        -456804.         104959.    
  0.423357E-05   -0.165514E-05    0.247295E-05   -0.507356E-05
   60.00        0.2475        -1.200    
  -371180.         86366.2        -371370.         84944.8    
  0.573781E-05   -0.245286E-05    0.334592E-05   -0.751340E-05
   60.00        0.2736        -1.200    
  -299314.         69395.9        -299483.         68136.0    
  0.784104E-05   -0.366635E-05    0.456321E-05   -0.112214E-04
   60.00        0.3023        -1.200    
  -239642.         55328.7        -239794.         54214.4    
  0.107831E-04   -0.551172E-05    0.626065E-05   -0.168545E-04
   60.00        0.3341        -1.200    
  -189873.         43617.9        -190021.         42636.6    
  0.149817E-04   -0.837214E-05    0.867448E-05   -0.255761E-04
   60.00        0.3693        -1.200    
  -148591.         33924.2        -148730.         33060.3    
  0.210683E-04   -0.128716E-04    0.121590E-04   -0.392783E-04
   60.00        0.4081        -1.200    
  -114637.         25969.4        -114766.         25207.3    
  0.300307E-04   -0.200508E-04    0.172653E-04   -0.611112E-04
   60.00        0.4510        -1.200    
  -86751.9         19453.7        -86877.0         18782.3    
  0.436136E-04   -0.318204E-04    0.249619E-04   -0.968510E-04
   60.00        0.4985        -1.200    
  -63956.6         14142.9        -64071.7         13552.2    
  0.649879E-04   -0.518127E-04    0.369985E-04   -0.157462E-03
   60.00        0.5509        -1.200    
  -45510.7         9860.14        -45622.3         9341.02    
  0.100216E-03   -0.872809E-04    0.566997E-04   -0.264804E-03
   60.00        0.6088        -1.200    
  -30668.1         6427.76        -30774.4         5972.22    
  0.163015E-03   -0.155062E-03    0.915543E-04   -0.469563E-03
   60.00        0.6729        -1.200    
  -18812.1         3699.05        -18919.8         3300.02    
  0.290751E-03   -0.302077E-03    0.161884E-03   -0.912835E-03
   60.00        0.7436        -1.200    
  -9478.13         1563.19        -9583.99         1213.37    
  0.628697E-03   -0.713073E-03    0.346488E-03   -0.214975E-02
   60.00        0.8218        -1.200    
  -2205.12        -89.1410        -2308.20        -395.654    
  0.285670E-02   -0.353698E-02    0.155550E-02   -0.106352E-01
   60.00        0.9083        -1.200    
   3365.79        -1343.13         3264.04        -1611.29    
 -0.220840E-02    0.298445E-02   -0.118545E-02    0.894738E-02
   60.00         1.004        -1.200    
   7539.07        -2270.94         7440.08        -2505.41    
 -0.105791E-02    0.156021E-02   -0.558339E-03    0.466203E-02
   60.00         1.109        -1.200    
   10550.8        -2928.88         10449.7        -3133.13    
 -0.820773E-03    0.131994E-02   -0.424654E-03    0.392952E-02
   60.00         1.226        -1.200    
   12662.8        -3378.03         12556.2        -3554.55    
 -0.743711E-03    0.130474E-02   -0.375715E-03    0.386801E-02
   60.00         1.355        -1.200    
   14026.5        -3654.63         13935.6        -3812.26    
 -0.728120E-03    0.139285E-02   -0.357563E-03    0.410975E-02
   60.00         1.497        -1.200    
   14798.2        -3795.53         14705.0        -3932.25    
 -0.748053E-03    0.155936E-02   -0.355161E-03    0.457664E-02
   60.00         1.655        -1.200    
   15109.9        -3831.34         15011.0        -3948.85    
 -0.793081E-03    0.180204E-02   -0.361490E-03    0.525684E-02
   60.00         1.829        -1.200    
   15060.8        -3785.71         14963.9        -3888.27    
 -0.858593E-03    0.212513E-02   -0.372604E-03    0.615683E-02
   60.00         2.021        -1.200    
   14739.3        -3679.21         14643.3        -3768.85    
 -0.944114E-03    0.254429E-02   -0.386004E-03    0.731367E-02
   60.00         2.234        -1.200    
   14213.3        -3527.53         14118.9        -3605.90    
 -0.105055E-02    0.308234E-02   -0.399069E-03    0.878092E-02
   60.00         2.469        -1.200    
   13542.7        -3344.74         13448.7        -3413.61    
 -0.117887E-02    0.376365E-02   -0.408695E-03    0.106117E-01
   60.00         2.729        -1.200    
   12772.2        -3141.11         12681.5        -3202.09    
 -0.133098E-02    0.462205E-02   -0.410839E-03    0.128776E-01
   60.00         3.016        -1.200    
   11940.8        -2925.68         11854.1        -2980.14    
 -0.150863E-02    0.569619E-02    0.134015E-02    0.156529E-01
   60.00         3.333        -1.200    
   11077.7        -2705.09         10995.8        -2754.28    
 -0.171462E-02    0.703367E-02   -0.370715E-03    0.190207E-01
   60.00         3.683        -1.200    
   10206.1        -2484.66         10130.1        -2529.63    
 -0.195046E-02    0.868892E-02   -0.313131E-03    0.230603E-01
   60.00         4.071        -1.200    
   9340.59        -2267.55         9270.83        -2309.23    
 -0.221910E-02    0.107336E-01   -0.216419E-03    0.278630E-01
   60.00         4.499        -1.200    
   8498.97        -2057.86         8436.45        -2097.20    
 -0.252026E-02    0.132281E-01   -0.675706E-04    0.334525E-01
   60.00         4.972        -1.200    
   7689.51        -1857.34         7635.71        -1895.26    
 -0.285422E-02    0.162515E-01    0.149448E-03    0.398406E-01
   60.00         5.495        -1.200    
   6918.88        -1667.41         6875.04        -1704.72    
 -0.321989E-02    0.198868E-01    0.453033E-03    0.469756E-01
   60.00         6.073        -1.200    
   6192.26        -1489.13         6159.09        -1526.48    
 -0.361445E-02    0.242206E-01    0.863158E-03    0.547290E-01
   60.00         6.711        -1.200    
   5513.27        -1323.23         5491.92        -1361.29    
 -0.403408E-02    0.293435E-01    0.140169E-02    0.628957E-01
   60.00         7.417        -1.200    
   4881.62        -1169.50         4872.72        -1208.67    
 -0.447515E-02    0.354024E-01    0.209463E-02    0.713185E-01
   60.00         8.197        -1.200    
   4298.64        -1028.14         4303.59        -1068.95    
 -0.493656E-02    0.425952E-01    0.297621E-02    0.799908E-01
   60.00         9.059        -1.200    
   3763.51        -898.841         3783.60        -941.717    
 -0.543049E-02    0.512139E-01    0.409647E-02    0.893862E-01
   60.00         10.01        -1.200    
   3275.70        -781.377         3311.83        -826.648    
 -0.596970E-02    0.612237E-01    0.551097E-02    0.100173    
   60.00         11.06        -1.200    
   2832.84        -675.094         2885.86        -723.022    
 -0.655776E-02    0.730357E-01    0.727943E-02    0.112534    
   60.00         12.23        -1.200    
   2429.43        -578.589         2499.83        -629.369    
 -0.719623E-02    0.874065E-01    0.949289E-02    0.127287    
   60.00         13.51        -1.200    
   2070.39        -492.961         2158.00        -546.619    
 -0.787008E-02    0.103239        0.121940E-01    0.144587    
   60.00         14.94        -1.200    
   1745.79        -415.771         1850.39        -472.266    
 -0.858895E-02    0.121268        0.155245E-01    0.165728    
   60.00         16.51        -1.200    
   1459.15        -347.785         1579.99        -406.900    
 -0.932862E-02    0.142467        0.195209E-01    0.190577    
   60.00         18.24        -1.200    
   1206.42        -287.970         1342.18        -349.468    
 -0.100798E-01    0.165147        0.242833E-01    0.219558    
   60.00         20.16        -1.200    
   983.599        -235.310         1132.71        -298.762    
 -0.108272E-01    0.191372        0.299320E-01    0.252757    
   60.00         22.28        -1.200    
   789.802        -189.541         949.907        -254.387    
 -0.115494E-01    0.218391        0.365266E-01    0.289505    
   60.00         24.63        -1.200    
   622.172        -149.933         790.569        -215.498    
 -0.122275E-01    0.247860        0.441723E-01    0.328953    
   60.00         27.22        -1.200    
   479.759        -116.222         653.067        -181.738    
 -0.128349E-01    0.279062        0.528864E-01    0.369220    
   60.00         30.08        -1.200    
   360.660        -87.8662         535.071        -152.468    
 -0.133440E-01    0.310499        0.627060E-01    0.408418    
   60.00         33.24        -1.200    
   262.273        -64.2795         434.249        -127.085    
 -0.137369E-01    0.342158        0.736745E-01    0.444613    
   60.00         36.74        -1.200    
   182.448        -44.9508         348.515        -105.097    
 -0.139963E-01    0.373591        0.858479E-01    0.475676    
   60.00         40.60        -1.200    
   119.482        -29.4956         276.606        -86.2341    
 -0.141064E-01    0.403642        0.991784E-01    0.499039    
   60.00         44.87        -1.200    
   71.1590        -17.4181         216.751        -70.0862    
 -0.140633E-01    0.431765        0.113706        0.514361    
   60.00         49.59        -1.200    
   35.5180        -8.29169         167.534        -56.3533    
 -0.138717E-01    0.457775        0.129451        0.526450    
   60.00         54.81        -1.200    
   10.6669        -1.70914         127.633        -44.7836    
 -0.135475E-01    0.481249        0.146413        0.535794    
   60.00         60.57        -1.200    
  -5.27706         2.72529         95.8423        -35.1647    
 -0.131203E-01    0.501833        0.164560        0.542372    
   60.00         66.94        -1.200    
  -14.7447         5.51458         70.8572        -27.2362    
 -0.126205E-01    0.519620        0.183979        0.546545    
   60.00         73.98        -1.200    
  -19.3943         7.02208         51.5951        -20.8067    
 -0.120809E-01    0.534438        0.204604        0.548462    
   60.00         81.76        -1.200    
  -20.5106         7.54461         36.9936        -15.6693    
 -0.115517E-01    0.546949        0.226505        0.550173    
   60.00         89.36        -1.200    
  -19.6673         7.44393         27.1739        -12.0271    
 -0.111308E-01    0.556047        0.247044        0.552359    
   60.00         90.36        -1.200    
  -19.4862         7.40504         26.1235        -11.6258    
 -0.110815E-01    0.557092        0.249680        0.552585    
   60.00         91.20        -1.200    
  -19.3253         7.36885         25.2778        -11.3008    
 -0.110419E-01    0.557929        0.251881        0.552776    
   60.00         92.00        -1.200    
  -19.1654         7.33171         24.5019        -11.0012    
 -0.110046E-01    0.558695        0.253967        0.552952    
   60.00         99.86        -1.200    
  -17.3576         6.86212         18.1883        -8.50324    
 -0.106919E-01    0.565044        0.273963        0.554362    
   60.00         110.4        -1.200    
  -14.6313         6.06474         12.4662        -6.11945    
 -0.104265E-01    0.571600        0.299520        0.556014    
   60.00         120.0        -1.200    
  -12.3360         5.33096         9.01213        -4.60277    
 -0.103157E-01    0.575978        0.321585        0.557396    
   60.00         130.0        -1.200    
  -10.2748         4.62470         6.54371        -3.46864    
 -0.103050E-01    0.579458        0.343379        0.558774    
   60.00         140.0        -1.200    
  -8.50962         3.98668         4.82889        -2.64647    
 -0.103881E-01    0.582350        0.364085        0.560099    
   60.00         150.0        -1.200    
  -7.05808         3.43296         3.61585        -2.04188    
 -0.105391E-01    0.584704        0.383759        0.561322    
   60.00         160.0        -1.200    
  -5.87923         2.95958         2.74343        -1.59177    
 -0.107393E-01    0.586787        0.402449        0.562512    
   60.00         170.0        -1.200    
  -4.91037         2.55344         2.10647        -1.25252    
 -0.109796E-01    0.588503        0.420207        0.563183    
   60.00         180.0        -1.200    
  -4.10789         2.20422         1.63485       -0.993869    
 -0.112483E-01    0.590060        0.437115        0.563194    
   60.00         190.0        -1.200    
  -3.45695         1.90893         1.28111       -0.794756    
 -0.115270E-01    0.591602        0.453272        0.562882    
   60.00         200.0        -1.200    
  -2.92438         1.65799         1.01304       -0.640100    
 -0.118148E-01    0.592881        0.468623        0.562092    
   60.00         210.0        -1.200    
  -2.48376         1.44342        0.807418       -0.518870    
 -0.121088E-01    0.594213        0.483358        0.561178    
   60.00         220.0        -1.200    
  -2.11306         1.25805        0.648425       -0.423142    
 -0.124006E-01    0.595342        0.497387        0.559894    
   60.00         230.0        -1.200    
  -1.80695         1.09999        0.524237       -0.346986    
 -0.126872E-01    0.596530        0.510863        0.558407    
   60.00         240.0        -1.200    
  -1.55257        0.964645        0.426585       -0.286047    
 -0.129643E-01    0.597417        0.523676        0.556680    
   60.00         250.0        -1.200    
  -1.33939        0.848123        0.349128       -0.236942    
 -0.132325E-01    0.598341        0.535964        0.554798    
   60.00         260.0        -1.200    
  -1.15918        0.747250        0.287256       -0.197122    
 -0.134910E-01    0.599201        0.547784        0.552713    
   60.00         270.0        -1.200    
  -1.00447        0.659113        0.237500       -0.164655    
 -0.137399E-01    0.600070        0.559190        0.550662    
   60.00         280.0        -1.200    
 -0.873756        0.582846        0.197251       -0.138053    
 -0.139777E-01    0.600914        0.570221        0.548402    
   60.00         290.0        -1.200    
 -0.762857        0.516661        0.164537       -0.116177    
 -0.142014E-01    0.601719        0.580789        0.546104    
   60.00         300.0        -1.200    
 -0.668195        0.458977        0.137809       -0.981072E-01
 -0.144110E-01    0.602323        0.590909        0.543480    
   60.00         310.0        -1.200    
 -0.586951        0.408508        0.115864       -0.831200E-01
 -0.146059E-01    0.602876        0.600651        0.540769    
   60.00         320.0        -1.200    
 -0.516799        0.364175        0.977520E-01   -0.706294E-01
 -0.147887E-01    0.603385        0.610027        0.538008    
   60.00         330.0        -1.200    
 -0.455539        0.324920        0.827422E-01   -0.601847E-01
 -0.149580E-01    0.603788        0.619094        0.535055    
   60.00         340.0        -1.200    
 -0.402606        0.290425        0.702460E-01   -0.514156E-01
 -0.151189E-01    0.604250        0.627874        0.532033    
   60.00         350.0        -1.200    
 -0.356643        0.260062        0.598067E-01   -0.440315E-01
 -0.152697E-01    0.604686        0.636423        0.529068    
   60.00         360.0        -1.200    
 -0.316624        0.233261        0.510564E-01   -0.377949E-01
 -0.153974E-01    0.605055        0.644696        0.525856    
   60.00         370.0        -1.200    
 -0.281651        0.209535        0.436981E-01   -0.325153E-01
 -0.155353E-01    0.605342        0.652693        0.522727    
   60.00         380.0        -1.200    
 -0.250995        0.188474        0.374914E-01   -0.280321E-01
 -0.156560E-01    0.605636        0.660435        0.519347    
   60.00         400.0        -1.200    
 -0.200190        0.152940        0.277849E-01   -0.209596E-01
 -0.158753E-01    0.606023        0.675165        0.512362    
   60.00         450.0        -1.200    
 -0.116630        0.924358E-01    0.135850E-01   -0.104349E-01
 -0.159833E-01    0.606437        0.708568        0.493843    
   60.00         500.0        -1.200    
 -0.699729E-01    0.571347E-01    0.690874E-02   -0.538053E-02
 -0.163139E-01    0.605873        0.737502        0.473786    
   60.00        0.9106E-01     0.000    
 -0.249561E+07   -0.303838E-10   -0.249607E+07     2.13694    
  -0.00000       -0.810659E-07    0.246770E-06   -0.101516E-05
   60.00        0.1006         0.000    
 -0.210519E+07     0.00000       -0.210571E+07     25.3291    
  -0.00000       -0.116095E-06    0.322821E-06   -0.145283E-05
   60.00        0.1112         0.000    
 -0.176986E+07     0.00000       -0.177043E+07     15.0819    
  -0.00000       -0.166961E-06    0.423913E-06   -0.208779E-05
   60.00        0.1229         0.000    
 -0.148433E+07   -0.168842E-09   -0.148477E+07     9.19315    
  -0.00000       -0.240605E-06    0.557913E-06   -0.300617E-05
   60.00        0.1358         0.000    
 -0.124175E+07   -0.203737E-09   -0.124227E+07     7.20307    
  -0.00000       -0.347321E-06    0.735734E-06   -0.433551E-05
   60.00        0.1501         0.000    
 -0.103492E+07   -0.267274E-09   -0.103539E+07     5.57236    
  -0.00000       -0.503469E-06    0.974098E-06   -0.627822E-05
   60.00        0.1659         0.000    
  -859547.       -0.833861E-11    -859902.       -0.910151E-01
  -0.00000       -0.732163E-06    0.129398E-05   -0.911966E-05
   60.00        0.1834         0.000    
  -710808.       -0.301718E-10    -711083.        -1.44586    
  -0.00000       -0.106944E-05    0.172630E-05   -0.133039E-04
   60.00        0.2027         0.000    
  -585466.        0.272990E-10    -585725.       -0.672134    
  -0.00000       -0.156704E-05    0.231102E-05   -0.194669E-04
   60.00        0.2240         0.000    
  -479962.        0.988126E-10    -480178.        -1.14785    
  -0.00000       -0.230575E-05    0.310727E-05   -0.285994E-04
   60.00        0.2475         0.000    
  -391373.        0.111788E-10    -391490.       -0.401276    
  -0.00000       -0.340914E-05    0.419901E-05   -0.422132E-04
   60.00        0.2736         0.000    
  -316730.       -0.252810E-10    -316874.        0.618942    
  -0.00000       -0.507993E-05    0.571645E-05   -0.627816E-04
   60.00        0.3023         0.000    
  -254651.       -0.686425E-10    -254840.         1.46723    
  -0.00000       -0.760776E-05    0.782546E-05   -0.938244E-04
   60.00        0.3341         0.000    
  -202782.        0.207030E-10    -202969.         1.59918    
  -0.00000       -0.115050E-04    0.108152E-04   -0.141555E-03
   60.00        0.3693         0.000    
  -159673.       -0.262216E-10    -159842.         1.48162    
  -0.00000       -0.175918E-04    0.151116E-04   -0.215881E-03
   60.00        0.4081         0.000    
  -124136.       -0.101694E-10    -124285.        0.738021    
  -0.00000       -0.272146E-04    0.213679E-04   -0.333003E-03
   60.00        0.4510         0.000    
  -94878.2       -0.306735E-11    -95009.9       -0.288229    
  -0.00000       -0.428000E-04    0.307143E-04   -0.522023E-03
   60.00        0.4985         0.000    
  -70891.2        0.305259E-10    -71012.0       -0.407140    
  -0.00000       -0.688208E-04    0.451304E-04   -0.836378E-03
   60.00        0.5509         0.000    
  -51416.4         0.00000        -51531.3       -0.363962    
  -0.00000       -0.113852E-03    0.682327E-04   -0.137811E-02
   60.00        0.6088         0.000    
  -35685.0         0.00000        -35803.1       -0.622227    
  -0.00000       -0.196552E-03    0.107647E-03   -0.236855E-02
   60.00        0.6729         0.000    
  -23061.0        0.205584E-10    -23183.1        0.116689    
  -0.00000       -0.363873E-03    0.182063E-03   -0.436301E-02
   60.00        0.7436         0.000    
  -13066.8       -0.241849E-10    -13193.1        0.537551    
  -0.00000       -0.765413E-03    0.349884E-03   -0.912667E-02
   60.00        0.8218         0.000    
  -5225.62        0.505005E-11    -5354.02        0.401193    
  -0.00000       -0.225559E-02    0.941706E-03   -0.267280E-01
   60.00        0.9083         0.000    
   833.392        0.456912E-11     693.929        0.347786    
   0.00000        0.207895E-01   -0.792444E-02    0.244629    
   60.00         1.004         0.000    
   5425.11        0.413359E-11     5291.46        0.192231    
   0.00000        0.325287E-02   -0.113154E-02    0.379765E-01
   60.00         1.109         0.000    
   8792.11       -0.374223E-11     8663.75        0.129333    
   0.00000        0.236381E-02   -0.750550E-03    0.273556E-01
   60.00         1.226         0.000    
   11209.8         0.00000         11085.7        0.345946E-01
   0.00000        0.219739E-02   -0.636018E-03    0.251772E-01
   60.00         1.355         0.000    
   12832.9        0.102094E-11     12710.2        0.703385E-01
   0.00000        0.227428E-02   -0.599807E-03    0.257669E-01
   60.00         1.497         0.000    
   13823.8        0.369639E-11     13705.4       -0.402017    
   0.00000        0.249580E-02   -0.599496E-03    0.279208E-01
   60.00         1.655         0.000    
   14322.2       -0.417938E-11     14200.6        0.822796E-02
   0.00000        0.284672E-02   -0.621760E-03    0.313888E-01
   60.00         1.829         0.000    
   14430.0       -0.378178E-11     14320.4       -0.880856    
   0.00000        0.332510E-02   -0.659811E-03    0.360665E-01
   60.00         2.021         0.000    
   14240.1        0.171125E-11     14129.8        0.982249E-01
   0.00000        0.395656E-02   -0.712373E-03    0.421196E-01
   60.00         2.234         0.000    
   13824.6        0.123847E-11     13716.2        0.617853E-01
   0.00000        0.477197E-02   -0.777950E-03    0.497171E-01
   60.00         2.469         0.000    
   13245.9        0.840447E-12     13139.5        0.334376E-01
   0.00000        0.580819E-02   -0.855716E-03    0.590323E-01
   60.00         2.729         0.000    
   12551.5       -0.164748E-11     12447.5        0.119110E-01
   0.00000        0.711914E-02   -0.945390E-03    0.703098E-01
   60.00         3.016         0.000    
   11782.8        0.917358E-12     11681.6        0.225212E-01
   0.00000        0.876431E-02   -0.104599E-02    0.837200E-01
   60.00         3.333         0.000    
   10970.8        0.311291E-12     10873.2        0.190746E-01
   0.00000        0.108189E-01   -0.115620E-02    0.993945E-01
   60.00         3.683         0.000    
   10140.7       -0.375611E-12     10047.8        0.224232E-01
   0.00000        0.133691E-01   -0.127368E-02    0.117315    
   60.00         4.071         0.000    
   9308.49        0.509718E-12     9221.47        0.378537E-01
   0.00000        0.165277E-01   -0.139533E-02    0.137323    
   60.00         4.499         0.000    
   8493.22       -0.691842E-12     8413.18        0.383487E-01
   0.00000        0.203929E-01   -0.151522E-02    0.158736    
   60.00         4.972         0.000    
   7704.29        0.347792E-13     7633.56        0.114374E-01
   0.00000        0.250880E-01   -0.162589E-02    0.180497    
   60.00         5.495         0.000    
   6949.34       -0.786724E-13     6887.47       -0.152449E-03
   0.00000        0.307519E-01   -0.171805E-02    0.201022    
   60.00         6.073         0.000    
   6234.33       -0.106777E-13     6182.52        0.719822E-02
   0.00000        0.375077E-01   -0.177869E-02    0.218008    
   60.00         6.711         0.000    
   5563.59        0.496014E-12     5522.99        0.133461E-01
   0.00000        0.454770E-01   -0.179265E-02    0.228866    
   60.00         7.417         0.000    
   4937.42       -0.582857E-14     4910.42        0.104179E-01
   0.00000        0.548113E-01   -0.174227E-02    0.231553    
   60.00         8.197         0.000    
   4357.67       -0.105479E-13     4344.51        0.122283E-01
   0.00000        0.657138E-01   -0.161010E-02    0.226844    
   60.00         9.059         0.000    
   3823.92        0.286326E-12     3825.48        0.927960E-02
   0.00000        0.785138E-01   -0.138275E-02    0.220506    
   60.00         10.01         0.000    
   3336.01       -0.172749E-12     3353.76        0.837298E-02
   0.00000        0.934874E-01   -0.104734E-02    0.216440    
   60.00         11.06         0.000    
   2891.89         0.00000         2926.36       -0.414029E-01
   0.00000        0.110937       -0.577432E-03    0.214095    
   60.00         12.23         0.000    
   2486.29       -0.311062E-12     2538.02        0.857217E-02
   0.00000        0.131242        0.671214E-04    0.211480    
   60.00         13.51         0.000    
   2124.38        0.511982E-13     2193.65        0.345902E-01
   0.00000        0.154354        0.910883E-03    0.210337    
   60.00         14.94         0.000    
   1796.37        0.231489E-13     1883.20        0.527470E-02
   0.00000        0.180790        0.201342E-02    0.209683    
   60.00         16.51         0.000    
   1505.98       -0.104738E-13     1609.73        0.340928E-02
   0.00000        0.210347        0.340005E-02    0.209197    
   60.00         18.24         0.000    
   1249.29        0.379215E-13     1368.89        0.404717E-02
   0.00000        0.242932        0.511737E-02    0.208705    
   60.00         20.16         0.000    
   1022.36        0.600424E-13     1156.04        0.307470E-02
   0.00000        0.280051        0.722177E-02    0.207698    
   60.00         22.28         0.000    
   824.428       -0.232839E-13     969.943        0.253108E-02
   0.00000        0.316928        0.974535E-02    0.208425    
   60.00         24.63         0.000    
   652.738        0.351039E-14     807.537       -0.357197E-02
   0.00000        0.358491        0.127323E-01    0.209930    
   60.00         27.22         0.000    
   506.319       -0.381165E-13     667.402        0.841307E-03
   0.00000        0.398406        0.161888E-01    0.212872    
   60.00         30.08         0.000    
   383.472       -0.402412E-13     546.817        0.369801E-03
   0.00000        0.441336        0.201381E-01    0.218252    
   60.00         33.24         0.000    
   281.587       -0.312134E-13     443.588        0.606584E-03
   0.00000        0.481993        0.245898E-01    0.226633    
   60.00         36.74         0.000    
   198.538       -0.235332E-13     355.790        0.322405E-03
   0.00000        0.524381        0.295511E-01    0.237577    
   60.00         40.60         0.000    
   132.673       -0.212958E-14     282.109        0.443125E-03
   0.00000        0.562421        0.349949E-01    0.250708    
   60.00         44.87         0.000    
   81.8183        0.963461E-14     220.742       -0.383969E-03
   0.00000        0.601398        0.409265E-01    0.266355    
   60.00         49.59         0.000    
   43.9887         0.00000         170.314        0.569492E-05
   0.00000        0.634495        0.473319E-01    0.288620    
   60.00         54.81         0.000    
   17.2680       -0.197184E-14     129.446       -0.927292E-04
   0.00000        0.663301        0.542026E-01    0.351052    
   60.00         60.57         0.000    
 -0.211563       -0.356864E-14     96.9273       -0.100342E-03
   0.00000        0.689844        0.615061E-01    0.570624    
   60.00         66.94         0.000    
  -10.9227       -0.516648E-14     71.4349       -0.162722E-03
   0.00000        0.712851        0.692910E-01     1.12252    
   60.00         73.98         0.000    
  -16.5458        0.310438E-14     51.8159       -0.130474E-03
   0.00000        0.732345        0.774736E-01     1.89633    
   60.00         81.76         0.000    
  -18.4234        0.132187E-15     36.9961       -0.191987E-03
   0.00000        0.749997        0.861511E-01     2.27737    
   60.00         89.36         0.000    
  -18.0913        0.169323E-14     27.0770       -0.125261E-03
   0.00000        0.763602        0.942335E-01     2.14357    
   60.00         90.36         0.000    
  -17.9655        0.687736E-15     26.0179       -0.143087E-03
   0.00000        0.765079        0.952704E-01     2.10675    
   60.00         91.20         0.000    
  -17.8489       -0.266635E-14     25.1653       -0.192130E-03
   0.00000        0.766136        0.961370E-01     2.07332    
   60.00         92.00         0.000    
  -17.7293        0.587371E-15     24.3833       -0.207867E-03
   0.00000        0.767139        0.969595E-01     2.03967    
   60.00         99.86         0.000    
  -16.2515        0.649367E-15     18.0304       -0.989719E-04
   0.00000        0.777819        0.104882         1.65361    
   60.00         110.4         0.000    
  -13.8311       -0.978952E-16     12.2979        0.276117E-04
   0.00000        0.790068        0.115050         1.14610    
   60.00         120.0         0.000    
  -11.7218       -0.191385E-15     8.86017       -0.290665E-04
   0.00000        0.799547        0.123851        0.818436    
   60.00         130.0         0.000    
  -9.79360        0.124703E-15     6.41305       -0.799703E-04
   0.00000        0.808362        0.132660        0.617371    
   60.00         140.0         0.000    
  -8.12345        0.337738E-15     4.72054       -0.517943E-04
   0.00000        0.816755        0.141135        0.515202    
   60.00         150.0         0.000    
  -6.74187       -0.441311E-15     3.52897        0.126821E-04
   0.00000        0.824451        0.149277        0.467277    
   60.00         160.0         0.000    
  -5.61528       -0.168869E-15     2.67508       -0.403758E-04
   0.00000        0.831563        0.157140        0.447653    
   60.00         170.0         0.000    
  -4.68659        0.222510E-15     2.05350       -0.277825E-04
   0.00000        0.838288        0.164743        0.438981    
   60.00         180.0         0.000    
  -3.91597       -0.135095E-15     1.59451       -0.999271E-05
   0.00000        0.844744        0.172110        0.436653    
   60.00         190.0         0.000    
  -3.29095        0.298632E-15     1.25132       -0.171083E-04
   0.00000        0.851069        0.179243        0.434505    
   60.00         200.0         0.000    
  -2.77950       -0.236417E-16    0.991662       -0.210279E-05
   0.00000        0.856553        0.186131        0.434278    
   60.00         210.0         0.000    
  -2.35653        0.675477E-16    0.792677       -0.149849E-04
   0.00000        0.862148        0.192867        0.433675    
   60.00         220.0         0.000    
  -2.00099       -0.122814E-16    0.638855       -0.414019E-05
   0.00000        0.867303        0.199407        0.431355    
   60.00         230.0         0.000    
  -1.70791       -0.822319E-16    0.518716       -0.138212E-05
   0.00000        0.872218        0.205797        0.429944    
   60.00         240.0         0.000    
  -1.46480       -0.365883E-16    0.424229       -0.179604E-05
   0.00000        0.876709        0.211971        0.428087    
   60.00         250.0         0.000    
  -1.26144        0.864610E-16    0.349216       -0.352521E-05
   0.00000        0.880944        0.217974        0.425915    
   60.00         260.0         0.000    
  -1.08982        0.311758E-16    0.289211       -0.630565E-05
   0.00000        0.884629        0.223816        0.423462    
   60.00         270.0         0.000    
 -0.942890        0.250176E-16    0.240857       -0.375057E-05
   0.00000        0.888170        0.229517        0.420632    
   60.00         280.0         0.000    
 -0.819088        0.101321E-15    0.201589       -0.444487E-05
   0.00000        0.891835        0.235137        0.417708    
   60.00         290.0         0.000    
 -0.714295        0.442554E-16    0.169559       -0.214997E-05
   0.00000        0.895103        0.240624        0.414549    
   60.00         300.0         0.000    
 -0.625050       -0.137347E-15    0.143287       -0.122088E-05
   0.00000        0.897910        0.245954        0.411002    
   60.00         310.0         0.000    
 -0.548577        0.239685E-16    0.121604       -0.246718E-05
   0.00000        0.900712        0.251168        0.407235    
   60.00         320.0         0.000    
 -0.482625        0.527716E-17    0.103635       -0.984886E-06
   0.00000        0.903293        0.256222        0.403226    
   60.00         330.0         0.000    
 -0.425040        0.143283E-16    0.886517E-01   -0.101637E-05
   0.00000        0.905509        0.261190        0.398970    
   60.00         340.0         0.000    
 -0.375423       -0.635743E-16    0.761085E-01   -0.152629E-05
   0.00000        0.907829        0.266038        0.394488    
   60.00         350.0         0.000    
 -0.332558       -0.395636E-16    0.655584E-01   -0.124221E-05
   0.00000        0.909882        0.270789        0.389782    
   60.00         360.0         0.000    
 -0.295373       -0.300212E-16    0.566539E-01   -0.635007E-06
   0.00000        0.911628        0.275419        0.384743    
   60.00         370.0         0.000    
 -0.262972        0.127793E-16    0.491000E-01   -0.917515E-06
   0.00000        0.913455        0.279999        0.379884    
   60.00         380.0         0.000    
 -0.234623        0.266635E-17    0.426839E-01   -0.738992E-06
   0.00000        0.915164        0.284415        0.374425    
   60.00         400.0         0.000    
 -0.187587        0.253304E-17    0.325116E-01   -0.336831E-06
   0.00000        0.917905        0.293025        0.363223    
   60.00         450.0         0.000    
 -0.110497        0.108827E-16    0.171523E-01   -0.327202E-06
   0.00000        0.923266        0.312998        0.331860    
   60.00         500.0         0.000    
 -0.675357E-01    0.162114E-16    0.949934E-02   -0.126786E-06
   0.00000        0.926608        0.330950        0.297394    
   60.00        0.9106E-01     1.200    
 -0.241293E+07    -572466.       -0.241522E+07    -567906.    
 -0.330604E-06   -0.574437E-07    0.194591E-06   -0.176795E-06
   60.00        0.1006         1.200    
 -0.203303E+07    -481744.       -0.203526E+07    -477809.    
 -0.432946E-06   -0.823248E-07    0.254723E-06   -0.253299E-06
   60.00        0.1112         1.200    
 -0.170697E+07    -403945.       -0.170903E+07    -400463.    
 -0.569230E-06   -0.118497E-06    0.334733E-06   -0.364478E-06
   60.00        0.1229         1.200    
 -0.142956E+07    -337811.       -0.143118E+07    -334723.    
 -0.750216E-06   -0.170945E-06    0.440924E-06   -0.525616E-06
   60.00        0.1358         1.200    
 -0.119409E+07    -281725.       -0.119468E+07    -278794.    
 -0.991602E-06   -0.247229E-06    0.582391E-06   -0.759875E-06
   60.00        0.1501         1.200    
  -993503.        -233996.        -994016.        -231403.    
 -0.131507E-05   -0.358831E-06    0.771773E-06   -0.110242E-05
   60.00        0.1659         1.200    
  -823589.        -193608.        -824028.        -191303.    
 -0.175010E-05   -0.522544E-06    0.102615E-05   -0.160461E-05
   60.00        0.1834         1.200    
  -679635.        -159429.        -679985.        -157388.    
 -0.233972E-05   -0.764498E-06    0.137042E-05   -0.234635E-05
   60.00        0.2027         1.200    
  -558465.        -130694.        -558794.        -128891.    
 -0.313963E-05   -0.112229E-05    0.183667E-05   -0.344242E-05
   60.00        0.2240         1.200    
  -456599.        -106568.        -456875.        -104980.    
 -0.423291E-05   -0.165489E-05    0.247257E-05   -0.507277E-05
   60.00        0.2475         1.200    
  -371180.        -86366.2        -371429.        -84966.8    
 -0.573690E-05   -0.245247E-05    0.334539E-05   -0.751221E-05
   60.00        0.2736         1.200    
  -299314.        -69395.9        -299534.        -68161.3    
 -0.783972E-05   -0.366574E-05    0.456244E-05   -0.112196E-04
   60.00        0.3023         1.200    
  -239642.        -55328.7        -239840.        -54228.8    
 -0.107810E-04   -0.551066E-05    0.625946E-05   -0.168512E-04
   60.00        0.3341         1.200    
  -189873.        -43617.9        -190076.        -42641.8    
 -0.149774E-04   -0.836972E-05    0.867197E-05   -0.255687E-04
   60.00        0.3693         1.200    
  -148591.        -33924.2        -148784.        -33070.5    
 -0.210606E-04   -0.128669E-04    0.121545E-04   -0.392638E-04
   60.00        0.4081         1.200    
  -114637.        -25969.4        -114845.        -25218.2    
 -0.300099E-04   -0.200370E-04    0.172534E-04   -0.610690E-04
   60.00        0.4510         1.200    
  -86751.9        -19453.7        -86948.2        -18792.0    
 -0.435778E-04   -0.317944E-04    0.249414E-04   -0.967717E-04
   60.00        0.4985         1.200    
  -63956.6        -14142.9        -64128.1        -13559.6    
 -0.649308E-04   -0.517671E-04    0.369660E-04   -0.157323E-03
   60.00        0.5509         1.200    
  -45510.7        -9860.14        -45677.4        -9348.78    
 -0.100096E-03   -0.871758E-04    0.566314E-04   -0.264485E-03
   60.00        0.6088         1.200    
  -30668.1        -6427.76        -30815.3        -5978.43    
 -0.162799E-03   -0.154856E-03    0.914329E-04   -0.468941E-03
   60.00        0.6729         1.200    
  -18812.1        -3699.05        -18953.3        -3303.94    
 -0.290237E-03   -0.301543E-03    0.161598E-03   -0.911221E-03
   60.00        0.7436         1.200    
  -9478.13        -1563.19        -9618.67        -1218.47    
 -0.626430E-03   -0.710502E-03    0.345238E-03   -0.214200E-02
   60.00        0.8218         1.200    
  -2205.12         89.1410        -2338.76         391.328    
 -0.281937E-02   -0.349077E-02    0.153518E-02   -0.104962E-01
   60.00        0.9083         1.200    
   3365.79         1343.13         3240.44         1607.00    
  0.222448E-02    0.300618E-02   -0.119408E-02    0.901253E-02
   60.00         1.004         1.200    
   7539.07         2270.94         7417.79         2500.86    
  0.106109E-02    0.156490E-02   -0.560017E-03    0.467604E-02
   60.00         1.109         1.200    
   10550.8         2928.88         10431.3         3129.23    
  0.822221E-03    0.132227E-02   -0.425403E-03    0.393646E-02
   60.00         1.226         1.200    
   12662.8         3378.03         12557.7         3553.60    
  0.743621E-03    0.130458E-02   -0.375669E-03    0.386754E-02
   60.00         1.355         1.200    
   14026.5         3654.63         13921.1         3809.44    
  0.728881E-03    0.139430E-02   -0.357936E-03    0.411404E-02
   60.00         1.497         1.200    
   14798.2         3795.53         14693.3         3930.52    
  0.748650E-03    0.156061E-02   -0.355445E-03    0.458029E-02
   60.00         1.655         1.200    
   15109.9         3831.34         15011.2         3948.81    
  0.793072E-03    0.180202E-02   -0.361486E-03    0.525678E-02
   60.00         1.829         1.200    
   15060.8         3785.71         14965.4         3887.88    
  0.858510E-03    0.212493E-02   -0.372569E-03    0.615625E-02
   60.00         2.021         1.200    
   14739.3         3679.21         14644.3         3769.32    
  0.944048E-03    0.254411E-02   -0.385976E-03    0.731315E-02
   60.00         2.234         1.200    
   14213.3         3527.53         14121.9         3606.92    
  0.105033E-02    0.308169E-02   -0.398985E-03    0.877906E-02
   60.00         2.469         1.200    
   13542.7         3344.74         13454.1         3414.66    
  0.117840E-02    0.376214E-02   -0.408531E-03    0.106075E-01
   60.00         2.729         1.200    
   12772.2         3141.11         12686.1         3203.15    
  0.133051E-02    0.462041E-02   -0.410693E-03    0.128730E-01
   60.00         3.016         1.200    
   11940.8         2925.68         11857.6         2980.86    
  0.150818E-02    0.569449E-02    0.133976E-02    0.156483E-01
   60.00         3.333         1.200    
   11077.7         2705.09         10998.7         2754.80    
  0.171418E-02    0.703186E-02   -0.370619E-03    0.190158E-01
   60.00         3.683         1.200    
   10206.1         2484.66         10132.3         2530.10    
  0.195004E-02    0.868706E-02   -0.313064E-03    0.230553E-01
   60.00         4.071         1.200    
   9340.59         2267.55         9273.28         2309.70    
  0.221851E-02    0.107307E-01   -0.216362E-03    0.278556E-01
   60.00         4.499         1.200    
   8498.97         2057.86         8438.70         2097.73    
  0.251958E-02    0.132246E-01   -0.675525E-04    0.334436E-01
   60.00         4.972         1.200    
   7689.51         1857.34         7637.60         1895.79    
  0.285351E-02    0.162475E-01    0.149411E-03    0.398307E-01
   60.00         5.495         1.200    
   6918.88         1667.41         6876.39         1705.12    
  0.321926E-02    0.198829E-01    0.452944E-03    0.469664E-01
   60.00         6.073         1.200    
   6192.26         1489.13         6160.37         1526.83    
  0.361370E-02    0.242155E-01    0.862979E-03    0.547176E-01
   60.00         6.711         1.200    
   5513.27         1323.23         5492.96         1361.56    
  0.403332E-02    0.293380E-01    0.140142E-02    0.628839E-01
   60.00         7.417         1.200    
   4881.62         1169.50         4874.08         1208.99    
  0.447389E-02    0.353925E-01    0.209405E-02    0.712985E-01
   60.00         8.197         1.200    
   4298.64         1028.14         4305.02         1069.24    
  0.493493E-02    0.425811E-01    0.297523E-02    0.799644E-01
   60.00         9.059         1.200    
   3763.51         898.841         3784.76         941.982    
  0.542883E-02    0.511982E-01    0.409521E-02    0.893587E-01
   60.00         10.01         1.200    
   3275.70         781.377         3312.38         826.861    
  0.596870E-02    0.612134E-01    0.551005E-02    0.100156    
   60.00         11.06         1.200    
   2832.84         675.094         2886.61         723.210    
  0.655605E-02    0.730167E-01    0.727753E-02    0.112505    
   60.00         12.23         1.200    
   2429.43         578.589         2500.45         629.534    
  0.719445E-02    0.873848E-01    0.949054E-02    0.127255    
   60.00         13.51         1.200    
   2070.39         492.961         2158.60         546.764    
  0.786790E-02    0.103210        0.121906E-01    0.144547    
   60.00         14.94         1.200    
   1745.79         415.771         1850.93         472.395    
  0.858647E-02    0.121233        0.155200E-01    0.165680    
   60.00         16.51         1.200    
   1459.15         347.785         1580.26         407.009    
  0.932704E-02    0.142443        0.195176E-01    0.190545    
   60.00         18.24         1.200    
   1206.42         287.970         1342.39         349.520    
  0.100782E-01    0.165120        0.242795E-01    0.219523    
   60.00         20.16         1.200    
   983.599         235.310         1132.89         298.809    
  0.108254E-01    0.191341        0.299271E-01    0.252716    
   60.00         22.28         1.200    
   789.802         189.541         950.048         254.420    
  0.115477E-01    0.218358        0.365212E-01    0.289462    
   60.00         24.63         1.200    
   622.172         149.933         790.585         215.531    
  0.122273E-01    0.247855        0.441715E-01    0.328947    
   60.00         27.22         1.200    
   479.759         116.222         653.109         181.769    
  0.128341E-01    0.279044        0.528830E-01    0.369196    
   60.00         30.08         1.200    
   360.660         87.8662         535.081         152.473    
  0.133438E-01    0.310494        0.627049E-01    0.408411    
   60.00         33.24         1.200    
   262.273         64.2795         434.252         127.084    
  0.137368E-01    0.342155        0.736740E-01    0.444610    
   60.00         36.74         1.200    
   182.448         44.9508         348.534         105.101    
  0.139955E-01    0.373572        0.858434E-01    0.475651    
   60.00         40.60         1.200    
   119.482         29.4956         276.619         86.2375    
  0.141058E-01    0.403624        0.991740E-01    0.499017    
   60.00         44.87         1.200    
   71.1590         17.4181         216.752         70.0858    
  0.140633E-01    0.431763        0.113705        0.514358    
   60.00         49.59         1.200    
   35.5180         8.29169         167.536         56.3532    
  0.138715E-01    0.457768        0.129449        0.526442    
   60.00         54.81         1.200    
   10.6669         1.70914         127.639         44.7843    
  0.135468E-01    0.481227        0.146406        0.535769    
   60.00         60.57         1.200    
  -5.27706        -2.72529         95.8432         35.1645    
  0.131202E-01    0.501828        0.164558        0.542367    
   60.00         66.94         1.200    
  -14.7447        -5.51458         70.8590         27.2363    
  0.126202E-01    0.519606        0.183975        0.546531    
   60.00         73.98         1.200    
  -19.3943        -7.02208         51.5960         20.8061    
  0.120807E-01    0.534429        0.204601        0.548453    
   60.00         81.76         1.200    
  -20.5106        -7.54461         36.9927         15.6686    
  0.115520E-01    0.546962        0.226510        0.550187    
   60.00         89.36         1.200    
  -19.6673        -7.44393         27.1754         12.0272    
  0.111301E-01    0.556016        0.247031        0.552328    
   60.00         90.36         1.200    
  -19.4862        -7.40504         26.1249         11.6259    
  0.110809E-01    0.557062        0.249667        0.552555    
   60.00         91.20         1.200    
  -19.3253        -7.36885         25.2792         11.3010    
  0.110413E-01    0.557896        0.251867        0.552744    
   60.00         92.00         1.200    
  -19.1654        -7.33171         24.5029         11.0012    
  0.110041E-01    0.558672        0.253957        0.552928    
   60.00         99.86         1.200    
  -17.3576        -6.86212         18.1887         8.50307    
  0.106917E-01    0.565033        0.273958        0.554351    
   60.00         110.4         1.200    
  -14.6313        -6.06474         12.4661         6.11925    
  0.104266E-01    0.571604        0.299523        0.556018    
   60.00         120.0         1.200    
  -12.3360        -5.33096         9.01225         4.60272    
  0.103156E-01    0.575970        0.321581        0.557389    
   60.00         130.0         1.200    
  -10.2748        -4.62470         6.54371         3.46854    
  0.103050E-01    0.579458        0.343379        0.558774    
   60.00         140.0         1.200    
  -8.50962        -3.98668         4.82885         2.64637    
  0.103882E-01    0.582354        0.364087        0.560104    
   60.00         150.0         1.200    
  -7.05808        -3.43296         3.61589         2.04187    
  0.105389E-01    0.584697        0.383754        0.561315    
   60.00         160.0         1.200    
  -5.87923        -2.95958         2.74344         1.59175    
  0.107392E-01    0.586784        0.402447        0.562508    
   60.00         170.0         1.200    
  -4.91037        -2.55344         2.10646         1.25249    
  0.109796E-01    0.588505        0.420209        0.563185    
   60.00         180.0         1.200    
  -4.10789        -2.20422         1.63483        0.993840    
  0.112484E-01    0.590065        0.437118        0.563198    
   60.00         190.0         1.200    
  -3.45695        -1.90893         1.28110        0.794736    
  0.115271E-01    0.591609        0.453277        0.562888    
   60.00         200.0         1.200    
  -2.92438        -1.65799         1.01304        0.640087    
  0.118149E-01    0.592882        0.468624        0.562093    
   60.00         210.0         1.200    
  -2.48376        -1.44342        0.807425        0.518865    
  0.121087E-01    0.594208        0.483354        0.561173    
   60.00         220.0         1.200    
  -2.11306        -1.25805        0.648430        0.423140    
  0.124005E-01    0.595338        0.497384        0.559890    
   60.00         230.0         1.200    
  -1.80695        -1.09999        0.524235        0.346982    
  0.126872E-01    0.596532        0.510865        0.558409    
   60.00         240.0         1.200    
  -1.55257       -0.964645        0.426576        0.286037    
  0.129646E-01    0.597430        0.523687        0.556692    
   60.00         250.0         1.200    
  -1.33939       -0.848123        0.349113        0.236926    
  0.132331E-01    0.598367        0.535988        0.554823    
   60.00         260.0         1.200    
  -1.15918       -0.747250        0.287243        0.197110    
  0.134916E-01    0.599228        0.547809        0.552738    
   60.00         270.0         1.200    
  -1.00447       -0.659113        0.237493        0.164648    
  0.137403E-01    0.600087        0.559206        0.550678    
   60.00         280.0         1.200    
 -0.873756       -0.582846        0.197248        0.138051    
  0.139778E-01    0.600921        0.570227        0.548409    
   60.00         290.0         1.200    
 -0.762857       -0.516661        0.164537        0.116176    
  0.142014E-01    0.601717        0.580788        0.546103    
   60.00         300.0         1.200    
 -0.668195       -0.458977        0.137808        0.981062E-01
  0.144110E-01    0.602324        0.590910        0.543481    
   60.00         310.0         1.200    
 -0.586951       -0.408508        0.115863        0.831181E-01
  0.146061E-01    0.602884        0.600658        0.540776    
   60.00         320.0         1.200    
 -0.516799       -0.364175        0.977500E-01    0.706272E-01
  0.147891E-01    0.603397        0.610040        0.538019    
   60.00         330.0         1.200    
 -0.455539       -0.324920        0.827391E-01    0.601824E-01
  0.149586E-01    0.603810        0.619117        0.535075    
   60.00         340.0         1.200    
 -0.402606       -0.290425        0.702428E-01    0.514126E-01
  0.151196E-01    0.604278        0.627902        0.532058    
   60.00         350.0         1.200    
 -0.356643       -0.260062        0.598043E-01    0.440292E-01
  0.152704E-01    0.604711        0.636449        0.529090    
   60.00         360.0         1.200    
 -0.316624       -0.233261        0.510543E-01    0.377931E-01
  0.153980E-01    0.605081        0.644723        0.525879    
   60.00         370.0         1.200    
 -0.281651       -0.209535        0.436966E-01    0.325139E-01
  0.155359E-01    0.605363        0.652715        0.522745    
   60.00         380.0         1.200    
 -0.250995       -0.188474        0.374902E-01    0.280310E-01
  0.156565E-01    0.605654        0.660455        0.519363    
   60.00         400.0         1.200    
 -0.200190       -0.152940        0.277843E-01    0.209590E-01
  0.158757E-01    0.606036        0.675180        0.512373    
   60.00         450.0         1.200    
 -0.116630       -0.924358E-01    0.135849E-01    0.104349E-01
  0.159834E-01    0.606441        0.708571        0.493845    
   60.00         500.0         1.200    
 -0.699729E-01   -0.571347E-01    0.690856E-02    0.538035E-02
  0.163143E-01    0.605890        0.737522        0.473799    
   60.00        0.9106E-01     2.400    
 -0.225461E+07   -0.139798E+07   -0.225541E+07   -0.138015E+07
 -0.552808E-06   -0.135372E-06   -0.562498E-06   -0.327931E-07
   60.00        0.1006         2.400    
 -0.189428E+07   -0.117463E+07   -0.189502E+07   -0.115879E+07
 -0.726082E-06   -0.194337E-06   -0.739036E-06   -0.471418E-07
   60.00        0.1112         2.400    
 -0.158557E+07    -983278.       -0.158595E+07    -969223.    
 -0.957844E-06   -0.280296E-06   -0.974513E-06   -0.680974E-07
   60.00        0.1229         2.400    
 -0.132341E+07    -820782.       -0.132380E+07    -808263.    
 -0.126658E-05   -0.405112E-06   -0.129017E-05   -0.985877E-07
   60.00        0.1358         2.400    
 -0.110133E+07    -683123.       -0.110171E+07    -672073.    
 -0.167916E-05   -0.586796E-06   -0.171127E-05   -0.143069E-06
   60.00        0.1501         2.400    
  -912567.        -566111.        -912777.        -556215.    
 -0.223649E-05   -0.853970E-06   -0.228056E-05   -0.208640E-06
   60.00        0.1659         2.400    
  -753036.        -467219.        -753201.        -458442.    
 -0.299018E-05   -0.124724E-05   -0.305109E-05   -0.305422E-06
   60.00        0.1834         2.400    
  -618217.        -383642.        -618437.        -375868.    
 -0.401783E-05   -0.183062E-05   -0.410285E-05   -0.449418E-06
   60.00        0.2027         2.400    
  -505044.        -313481.        -505261.        -306602.    
 -0.542325E-05   -0.269790E-05   -0.554300E-05   -0.664196E-06
   60.00        0.2240         2.400    
  -410180.        -254667.        -410389.        -248579.    
 -0.736044E-05   -0.399638E-05   -0.753095E-05   -0.986923E-06
   60.00        0.2475         2.400    
  -330888.        -205505.        -331070.        -200110.    
 -0.100536E-04   -0.595531E-05   -0.102992E-04   -0.147574E-05
   60.00        0.2736         2.400    
  -264413.        -164286.        -264565.        -159516.    
 -0.138653E-04   -0.896165E-05   -0.142244E-04   -0.222920E-05
   60.00        0.3023         2.400    
  -209431.        -130190.        -209562.        -125970.    
 -0.192758E-04   -0.135838E-04   -0.197921E-04   -0.339317E-05
   60.00        0.3341         2.400    
  -163772.        -101873.        -163886.        -98145.4    
 -0.271395E-04   -0.208502E-04   -0.279442E-04   -0.523267E-05
   60.00        0.3693         2.400    
  -126083.        -78495.2        -126196.        -75205.6    
 -0.387972E-04   -0.324881E-04   -0.400399E-04   -0.819575E-05
   60.00        0.4081         2.400    
  -95252.5        -59368.9        -95361.7        -56467.8    
 -0.564756E-04   -0.515092E-04   -0.584418E-04   -0.130689E-04
   60.00        0.4510         2.400    
  -70090.6        -43756.1        -70180.7        -41186.9    
 -0.843734E-04   -0.837886E-04   -0.875864E-04   -0.213944E-04
   60.00        0.4985         2.400    
  -49668.2        -31081.1        -49751.5        -28819.7    
 -0.130808E-03   -0.141394E-03   -0.136290E-03   -0.363591E-04
   60.00        0.5509         2.400    
  -33280.2        -20906.9        -33367.9        -18898.6    
 -0.214176E-03   -0.251823E-03   -0.224111E-03   -0.652649E-04
   60.00        0.6088         2.400    
  -20223.3        -12797.8        -20300.7        -11050.1    
 -0.386307E-03   -0.493790E-03   -0.406270E-03   -0.129092E-03
   60.00        0.6729         2.400    
  -9917.18        -6394.14        -10003.5        -4859.56    
 -0.859736E-03   -0.119412E-02   -0.909470E-03   -0.315216E-03
   60.00        0.7436         2.400    
  -1921.68        -1423.08        -1997.26        -69.6567    
 -0.471723E-02   -0.711342E-02   -0.502409E-02   -0.189801E-02
   60.00        0.8218         2.400    
   4193.92         2382.31         4114.61         3565.77    
  0.250615E-02    0.410027E-02    0.269037E-02    0.110718E-02
   60.00        0.9083         2.400    
   8765.85         5230.38         8686.15         6266.56    
  0.129798E-02    0.230229E-02    0.140623E-02    0.630007E-03
   60.00         1.004         2.400    
   12078.4         7297.35         12007.5         8210.58    
  0.102540E-02    0.197021E-02    0.112281E-02    0.547192E-03
   60.00         1.109         2.400    
   14355.6         8721.92         14280.4         9514.75    
  0.939703E-03    0.195275E-02    0.104162E-02    0.551319E-03
   60.00         1.226         2.400    
   15832.5         9649.99         15759.1         10341.4    
  0.927296E-03    0.208302E-02    0.104254E-02    0.599059E-03
   60.00         1.355         2.400    
   16654.4         10171.4         16586.5         10775.0    
  0.957538E-03    0.232173E-02    0.109419E-02    0.681590E-03
   60.00         1.497         2.400    
   16965.3         10375.6         16897.3         10902.9    
  0.101922E-02    0.266284E-02    0.118646E-02    0.799846E-03
   60.00         1.655         2.400    
   16882.2         10335.1         16818.7         10794.4    
  0.110850E-02    0.311710E-02    0.131820E-02    0.960784E-03
   60.00         1.829         2.400    
   16499.4         10108.2         16437.6         10509.4    
  0.122440E-02    0.369784E-02    0.149172E-02    0.117313E-02
   60.00         2.021         2.400    
   15896.1         9744.08         15835.1         10092.0    
  0.136808E-02    0.442773E-02    0.171299E-02    0.145083E-02
   60.00         2.234         2.400    
   15131.8         9279.68         15075.4         9583.45    
  0.154235E-02    0.533768E-02    0.199193E-02    0.181395E-02
   60.00         2.469         2.400    
   14261.5         8749.11         14208.5         9014.94    
  0.174994E-02    0.645684E-02    0.233984E-02    0.228610E-02
   60.00         2.729         2.400    
   13324.1         8176.45         13275.7         8409.72    
  0.199493E-02    0.782292E-02    0.277289E-02    0.290099E-02
   60.00         3.016         2.400    
   12354.3         7583.21         12310.1         7787.51    
  0.228111E-02    0.947026E-02    0.330999E-02    0.370017E-02
   60.00         3.333         2.400    
   11376.8         6984.81         11337.4         7165.56    
  0.261279E-02    0.114337E-01    0.397546E-02    0.473912E-02
   60.00         3.683         2.400    
   10411.6         6393.58         10378.9         6554.92    
  0.299364E-02    0.137379E-01    0.479791E-02    0.608793E-02
   60.00         4.071         2.400    
   9469.75         5816.42         9444.88         5962.02    
  0.342905E-02    0.164072E-01    0.581688E-02    0.784532E-02
   60.00         4.499         2.400    
   8566.80         5263.00         8550.15         5395.89    
  0.392004E-02    0.194229E-01    0.707014E-02    0.101217E-01
   60.00         4.972         2.400    
   7708.59         4736.95         7701.18         4859.98    
  0.446860E-02    0.227541E-01    0.860743E-02    0.130687E-01
   60.00         5.495         2.400    
   6899.82         4241.21         6902.83         4357.23    
  0.507450E-02    0.263403E-01    0.104832E-01    0.168750E-01
   60.00         6.073         2.400    
   6143.98         3777.94         6157.98         3889.05    
  0.573551E-02    0.301139E-01    0.127549E-01    0.217717E-01
   60.00         6.711         2.400    
   5443.25         3348.51         5469.05         3456.64    
  0.644686E-02    0.340590E-01    0.154774E-01    0.280318E-01
   60.00         7.417         2.400    
   4796.03         2951.95         4834.82         3059.23    
  0.720644E-02    0.383820E-01    0.187118E-01    0.360024E-01
   60.00         8.197         2.400    
   4202.63         2588.45         4255.59         2696.69    
  0.801397E-02    0.438078E-01    0.225026E-01    0.460532E-01
   60.00         9.059         2.400    
   3661.30         2256.92         3729.14         2367.50    
  0.888894E-02    0.515490E-01    0.269716E-01    0.583141E-01
   60.00         10.01         2.400    
   3170.71         1956.54         3253.68         2070.43    
  0.986623E-02    0.606165E-01    0.324128E-01    0.724912E-01
   60.00         11.06         2.400    
   2727.83         1685.44         2826.18         1803.46    
  0.109437E-01    0.710423E-01    0.389831E-01    0.886164E-01
   60.00         12.23         2.400    
   2326.62         1439.87         2440.73         1562.81    
  0.121424E-01    0.833720E-01    0.469759E-01    0.107033    
   60.00         13.51         2.400    
   1971.46         1222.49         2101.11         1350.74    
  0.134444E-01    0.973513E-01    0.564622E-01    0.127475    
   60.00         14.94         2.400    
   1652.10         1026.99         1796.66         1160.54    
  0.148811E-01    0.113476        0.679058E-01    0.150384    
   60.00         16.51         2.400    
   1371.61         855.203         1530.03         993.802    
  0.164308E-01    0.131620        0.813301E-01    0.175306    
   60.00         18.24         2.400    
   1125.67         704.431         1296.49         847.511    
  0.180977E-01    0.151711        0.970120E-01    0.202165    
   60.00         20.16         2.400    
   910.047         572.043         1091.27         718.665    
  0.198978E-01    0.173991        0.115280        0.230969    
   60.00         22.28         2.400    
   723.602         457.302         912.788         606.250    
  0.218217E-01    0.198105        0.136200        0.261125    
   60.00         24.63         2.400    
   563.335         358.356         757.747         508.167    
  0.238787E-01    0.223912        0.159967        0.292318    
   60.00         27.22         2.400    
   428.154         274.479         624.496         423.364    
  0.260615E-01    0.251162        0.186444        0.323809    
   60.00         30.08         2.400    
   315.937         204.287         510.257         350.108    
  0.283798E-01    0.279331        0.215617        0.354930    
   60.00         33.24         2.400    
   223.994         146.256         412.845         287.051    
  0.308491E-01    0.307950        0.247347        0.385098    
   60.00         36.74         2.400    
   150.090         99.0742         330.259         232.975    
  0.334710E-01    0.336574        0.281421        0.413569    
   60.00         40.60         2.400    
   92.4404         61.7435         261.094         187.058    
  0.362354E-01    0.364515        0.317391        0.439699    
   60.00         44.87         2.400    
   48.8203         32.9912         203.543         148.261    
  0.391510E-01    0.391532        0.355051        0.463101    
   60.00         49.59         2.400    
   17.2491         11.7138         156.345         115.864    
  0.421861E-01    0.417138        0.393853        0.483260    
   60.00         54.81         2.400    
  -4.13252        -3.15019         118.131         89.1206    
  0.453280E-01    0.441013        0.433470        0.500029    
   60.00         60.57         2.400    
  -17.1384        -12.6433         87.7473         67.4059    
  0.485318E-01    0.462954        0.473426        0.513414    
   60.00         66.94         2.400    
  -24.1518        -18.0794         63.9818         50.0476    
  0.517193E-01    0.482769        0.513346        0.523371    
   60.00         73.98         2.400    
  -26.7729        -20.4143         45.7379         36.4264    
  0.548314E-01    0.500681        0.553087        0.530284    
   60.00         81.76         2.400    
  -26.2452        -20.4393         32.0288         25.9609    
  0.577844E-01    0.516626        0.592328        0.534485    
   60.00         89.36         2.400    
  -24.1698        -19.1962         22.9243         18.8636    
  0.601941E-01    0.529130        0.626399        0.535967    
   60.00         90.36         2.400    
  -23.8446        -18.9850         21.9569         18.1009    
  0.604811E-01    0.530599        0.630610        0.536029    
   60.00         91.20         2.400    
  -23.5659        -18.8018         21.1789         17.4863    
  0.607208E-01    0.531810        0.634141        0.536069    
   60.00         92.00         2.400    
  -23.2963        -18.6228         20.4661         16.9220    
  0.609388E-01    0.532943        0.637450        0.536096    
   60.00         99.86         2.400    
  -20.5328        -16.7165         14.7148         12.3277    
  0.628912E-01    0.543078        0.668215        0.535686    
   60.00         110.4         2.400    
  -16.8598        -14.0300         9.61783         8.18129    
  0.649262E-01    0.553995        0.704751        0.533381    
   60.00         120.0         2.400    
  -13.9034        -11.7753         6.62755         5.70476    
  0.663016E-01    0.562054        0.734235        0.530112    
   60.00         130.0         2.400    
  -11.3014        -9.72837         4.55597         3.96346    
  0.673493E-01    0.569085        0.761863        0.526104    
   60.00         140.0         2.400    
  -9.13757        -7.97954         3.17019         2.78331    
  0.680491E-01    0.574837        0.786584        0.521657    
   60.00         150.0         2.400    
  -7.38053        -6.52792         2.22904         1.97259    
  0.684833E-01    0.579773        0.808987        0.517284    
   60.00         160.0         2.400    
  -5.96556        -5.33670         1.58160         1.40931    
  0.687093E-01    0.584060        0.829509        0.513250    
   60.00         170.0         2.400    
  -4.82285        -4.35843         1.13148         1.01428    
  0.687549E-01    0.587687        0.848200        0.509855    
   60.00         180.0         2.400    
  -3.89867        -3.55541        0.815347        0.734718    
  0.686472E-01    0.590793        0.865251        0.506761    
   60.00         190.0         2.400    
  -3.15803        -2.90372        0.591169        0.535132    
  0.684358E-01    0.593537        0.881056        0.503826    
   60.00         200.0         2.400    
  -2.56245        -2.37363        0.430997        0.391691    
  0.681294E-01    0.595900        0.895600        0.500995    
   60.00         210.0         2.400    
  -2.08150        -1.94105        0.315697        0.287899    
  0.677542E-01    0.598042        0.909135        0.498323    
   60.00         220.0         2.400    
  -1.69074        -1.58630        0.232209        0.212395    
  0.673169E-01    0.599888        0.921635        0.495580    
   60.00         230.0         2.400    
  -1.37552        -1.29773        0.171404        0.157183    
  0.668315E-01    0.601475        0.933239        0.492804    
   60.00         240.0         2.400    
  -1.12061        -1.06258        0.126895        0.116626    
  0.663086E-01    0.602858        0.944028        0.489981    
   60.00         250.0         2.400    
 -0.913720       -0.870433        0.941825E-01    0.867230E-01
  0.779197E-01    0.603987        0.953986        0.487093    
   60.00         260.0         2.400    
 -0.745357       -0.713044        0.700340E-01    0.645897E-01
  0.651776E-01    0.605060        0.963350        0.484266    
   60.00         270.0         2.400    
 -0.607700       -0.583619        0.521529E-01    0.481620E-01
  0.645935E-01    0.605990        0.972180        0.481478    
   60.00         280.0         2.400    
 -0.495749       -0.477796        0.388814E-01    0.359439E-01
  0.639991E-01    0.606767        0.980349        0.478681    
   60.00         290.0         2.400    
 -0.404579       -0.391206        0.290014E-01    0.268327E-01
  0.633959E-01    0.607530        0.988062        0.476003    
   60.00         300.0         2.400    
 -0.330180       -0.320224        0.216438E-01    0.200378E-01
  0.627811E-01    0.607980         1.13046        0.473210    
   60.00         310.0         2.400    
 -0.269389       -0.261991        0.161512E-01    0.149592E-01
  0.617418E-01    0.608351         1.00161        0.470465    
   60.00         320.0         2.400    
 -0.219647       -0.214154        0.120472E-01    0.111610E-01
  0.615337E-01    0.608521         1.00752        0.467660    
   60.00         330.0         2.400    
 -0.178823       -0.174762        0.897702E-02    0.831702E-02
  0.609068E-01    0.608669         1.01311        0.464949    
   60.00         340.0         2.400    
 -0.145499       -0.142497        0.667961E-02    0.618789E-02
  0.602919E-01    0.608805         1.01842        0.462371    
   60.00         350.0         2.400    
 -0.118257       -0.116049        0.496132E-02    0.459487E-02
  0.596862E-01    0.608906         1.02342        0.459844    
   60.00         360.0         2.400    
 -0.960255E-01   -0.944025E-01    0.367744E-02    0.340445E-02
  0.724021E-01    0.608911         1.02801        0.457335    
   60.00         370.0         2.400    
 -0.778409E-01   -0.766530E-01    0.271915E-02    0.251587E-02
  0.584683E-01    0.608793         1.03213        0.454849    
   60.00         380.0         2.400    
 -0.629866E-01   -0.621220E-01    0.200529E-02    0.185412E-02
  0.689557E-01    0.608402         1.03560        0.452241    
   60.00         400.0         2.400    
 -0.409676E-01   -0.405130E-01    0.107801E-02    0.994946E-03
  0.559851E-01    0.607925         1.04253        0.447514    
   60.00         450.0         2.400    
 -0.132815E-01   -0.131992E-01    0.209621E-03    0.192166E-03
  0.528043E-01    0.599056         1.04558        0.431551    
   60.00         500.0         2.400    
 -0.385915E-02   -0.384699E-02    0.336273E-04    0.305101E-04
  0.359986E-01    0.598105         1.05404        0.423099    
   60.00        0.9106E-01     2.960    
 -0.208832E+07   -0.165943E+07   -0.208879E+07   -0.163355E+07
 -0.990081E-06   -0.283284E-07   -0.216237E-05   -0.141578E-06
   60.00        0.1006         2.960    
 -0.174978E+07   -0.139047E+07   -0.175021E+07   -0.136747E+07
 -0.130392E-05   -0.408259E-07   -0.284756E-05   -0.203820E-06
   60.00        0.1112         2.960    
 -0.146022E+07   -0.116042E+07   -0.146071E+07   -0.114012E+07
 -0.172588E-05   -0.591228E-07   -0.376632E-05   -0.294817E-06
   60.00        0.1229         2.960    
 -0.121476E+07    -965405.       -0.121509E+07    -947273.    
 -0.228837E-05   -0.858674E-07   -0.499665E-05   -0.427619E-06
   60.00        0.1358         2.960    
 -0.100721E+07    -800510.       -0.100753E+07    -784424.    
 -0.304453E-05   -0.125039E-06   -0.664779E-05   -0.621795E-06
   60.00        0.1501         2.960    
  -831157.        -660634.        -831418.        -646348.    
 -0.407123E-05   -0.183032E-06   -0.888841E-05   -0.908731E-06
   60.00        0.1659         2.960    
  -682695.        -542678.        -682950.        -530018.    
 -0.546757E-05   -0.269090E-06   -0.119365E-04   -0.133364E-05
   60.00        0.1834         2.960    
  -557530.        -443230.        -557754.        -432001.    
 -0.738539E-05   -0.397990E-06   -0.161231E-04   -0.196863E-05
   60.00        0.2027         2.960    
  -452733.        -359963.        -452961.        -350073.    
 -0.100276E-04   -0.591583E-06   -0.218913E-04   -0.291992E-05
   60.00        0.2240         2.960    
  -365139.        -290364.        -365369.        -281565.    
 -0.137024E-04   -0.884924E-06   -0.299151E-04   -0.435738E-05
   60.00        0.2475         2.960    
  -292152.        -232367.        -292337.        -224582.    
 -0.188680E-04   -0.133382E-05   -0.411966E-04   -0.655051E-05
   60.00        0.2736         2.960    
  -231173.        -183911.        -231346.        -177035.    
 -0.262725E-04   -0.213501E-05   -0.573724E-04   -0.104546E-04
   60.00        0.3023         2.960    
  -180931.        -143985.        -181099.        -137903.    
 -0.369521E-04   -0.313218E-05   -0.807122E-04   -0.152882E-04
   60.00        0.3341         2.960    
  -139388.        -110969.        -139528.        -105596.    
 -0.527995E-04   -0.490164E-05   -0.115363E-03   -0.238398E-04
   60.00        0.3693         2.960    
  -105263.        -83847.4        -105359.        -79094.1    
 -0.769464E-04   -0.782656E-05   -0.168211E-03   -0.379154E-04
   60.00        0.4081         2.960    
  -77503.0        -61782.5        -77621.5        -57579.9    
 -0.114872E-03   -0.127985E-04   -0.251237E-03   -0.617322E-04
   60.00        0.4510         2.960    
  -54992.3        -43887.7        -55101.2        -40185.5    
 -0.177877E-03   -0.217160E-04   -0.389319E-03   -0.104241E-03
   60.00        0.4985         2.960    
  -36858.4        -29470.2        -36933.5        -26162.7    
 -0.291581E-03   -0.390227E-04   -0.638781E-03   -0.186317E-03
   60.00        0.5509         2.960    
  -22435.9        -18001.5        -22531.3        -15130.0    
 -0.524723E-03   -0.769898E-04   -0.115088E-02   -0.365431E-03
   60.00        0.6088         2.960    
  -11067.9        -8959.73        -11156.5        -6432.13    
 -0.116252E-02   -0.187060E-03   -0.255347E-02   -0.882098E-03
   60.00        0.6729         2.960    
  -2213.16        -1914.90        -2298.88         305.249    
 -0.618493E-02   -0.109200E-02   -0.136032E-01   -0.511227E-02
   60.00        0.7436         2.960    
   4541.76         3461.40         4455.31         5407.35    
  0.349472E-02    0.677188E-03    0.770675E-02    0.314506E-02
   60.00        0.8218         2.960    
   9595.72         7486.05         9511.65         9191.43    
  0.179062E-02    0.381074E-03    0.395986E-02    0.175421E-02
   60.00        0.9083         2.960    
   13261.0         10407.2         13198.5         11915.0    
  0.141045E-02    0.329774E-03    0.312873E-02    0.150323E-02
   60.00         1.004         2.960    
   15801.1         12433.9         15726.0         13742.0    
  0.129212E-02    0.332179E-03    0.287729E-02    0.149780E-02
   60.00         1.109         2.960    
   17426.3         13733.5         17354.7         14877.9    
  0.127541E-02    0.360524E-03    0.285308E-02    0.160628E-02
   60.00         1.226         2.960    
   18346.0         14472.3         18275.0         15469.1    
  0.131815E-02    0.410323E-03    0.296478E-02    0.180388E-02
   60.00         1.355         2.960    
   18698.2         14759.8         18630.0         15628.7    
  0.140436E-02    0.481698E-03    0.317895E-02    0.208660E-02
   60.00         1.497         2.960    
   18614.8         14700.9         18554.5         15462.0    
  0.152791E-02    0.577777E-03    0.348445E-02    0.246230E-02
   60.00         1.655         2.960    
   18198.3         14377.1         18137.0         15035.8    
  0.169073E-02    0.706052E-03    0.388957E-02    0.295468E-02
   60.00         1.829         2.960    
   17537.6         13858.8         17478.9         14430.9    
  0.189222E-02    0.873289E-03    0.439708E-02    0.358173E-02
   60.00         2.021         2.960    
   16703.0         13202.1         16650.0         13700.9    
  0.213607E-02    0.109067E-02    0.502131E-02    0.437471E-02
   60.00         2.234         2.960    
   15746.1         12447.8         15697.1         12881.0    
  0.242917E-02    0.137458E-02    0.578617E-02    0.537831E-02
   60.00         2.469         2.960    
   14717.2         11636.2         14672.7         12012.7    
  0.277560E-02    0.174282E-02    0.671075E-02    0.663408E-02
   60.00         2.729         2.960    
   13649.6         10793.4         13610.6         11121.6    
  0.318277E-02    0.222131E-02    0.782560E-02    0.820083E-02
   60.00         3.016         2.960    
   12573.9         9943.92         12541.0         10230.9    
  0.365676E-02    0.284099E-02    0.916099E-02    0.101389E-01
   60.00         3.333         2.960    
   11511.1         9104.31         11483.1         9354.72    
  0.420546E-02    0.364316E-02    0.107560E-01    0.125215E-01
   60.00         3.683         2.960    
   10477.6         8287.82         10456.8         8509.03    
  0.483414E-02    0.467744E-02    0.126479E-01    0.154193E-01
   60.00         4.071         2.960    
   9481.66         7500.90         9468.84         7697.71    
  0.555144E-02    0.601226E-02    0.148892E-01    0.189207E-01
   60.00         4.499         2.960    
   8536.79         6754.29         8532.89         6931.27    
  0.635742E-02    0.771760E-02    0.175128E-01    0.230732E-01
   60.00         4.972         2.960    
   7646.64         6050.93         7652.13         6212.24    
  0.725438E-02    0.988503E-02    0.205655E-01    0.279273E-01
   60.00         5.495         2.960    
   6814.19         5393.19         6829.72         5542.20    
  0.823965E-02    0.126142E-01    0.240888E-01    0.334915E-01
   60.00         6.073         2.960    
   6041.48         4782.69         6068.07         4922.86    
  0.930464E-02    0.160017E-01    0.281185E-01    0.397151E-01
   60.00         6.711         2.960    
   5329.47         4220.20         5367.78         4354.40    
  0.104370E-01    0.201228E-01    0.327022E-01    0.464852E-01
   60.00         7.417         2.960    
   4675.47         3703.61         4726.54         3834.61    
  0.116263E-01    0.250118E-01    0.379506E-01    0.536686E-01
   60.00         8.197         2.960    
   4078.92         3232.46         4143.12         3362.29    
  0.128664E-01    0.305724E-01    0.441078E-01    0.611528E-01
   60.00         9.059         2.960    
   3537.34         2804.77         3615.28         2935.50    
  0.141821E-01    0.366735E-01    0.515330E-01    0.692290E-01
   60.00         10.01         2.960    
   3048.78         2418.98         3141.02         2552.37    
  0.156481E-01    0.439435E-01    0.603261E-01    0.782804E-01
   60.00         11.06         2.960    
   2609.68         2072.28         2716.55         2209.69    
  0.172844E-01    0.524626E-01    0.707442E-01    0.886623E-01
   60.00         12.23         2.960    
   2213.59         1759.55         2334.81         1901.70    
  0.191375E-01    0.626057E-01    0.831063E-01    0.100714    
   60.00         13.51         2.960    
   1864.47         1483.86         1999.55         1631.29    
  0.211852E-01    0.744741E-01    0.974798E-01    0.114560    
   60.00         14.94         2.960    
   1551.93         1237.00         1700.44         1390.08    
  0.234906E-01    0.882503E-01    0.114363        0.130688    
   60.00         16.51         2.960    
   1278.72         1021.10         1439.44         1179.55    
  0.260360E-01    0.104054        0.133762        0.149171    
   60.00         18.24         2.960    
   1040.33         832.575         1211.49         995.593    
  0.288575E-01    0.121792        0.155897        0.170192    
   60.00         20.16         2.960    
   832.420         667.955         1012.11         834.532    
  0.319917E-01    0.141811        0.181068        0.193861    
   60.00         22.28         2.960    
   653.955         526.406         839.467         694.870    
  0.354511E-01    0.163921        0.209253        0.219981    
   60.00         24.63         2.960    
   501.652         405.301         690.148         573.822    
  0.392651E-01    0.188040        0.240563        0.248298    
   60.00         27.22         2.960    
   374.067         303.516         562.482         470.037    
  0.434246E-01    0.213767        0.274700        0.278217    
   60.00         30.08         2.960    
   268.605         219.013         453.797         381.358    
  0.479378E-01    0.240721        0.311478        0.309011    
   60.00         33.24         2.960    
   183.043         150.059         361.797         305.943    
  0.528075E-01    0.268587        0.350679        0.339955    
   60.00         36.74         2.960    
   115.171         94.9499         284.444         242.179    
  0.580252E-01    0.296847        0.392022        0.370182    
   60.00         40.60         2.960    
   63.2236         52.3840         220.421         189.049    
  0.635065E-01    0.324730        0.434801        0.398595    
   60.00         44.87         2.960    
   24.9746         20.6688         167.872         145.103    
  0.692286E-01    0.351982        0.478813        0.424489    
   60.00         49.59         2.960    
  -1.53000        -1.62929         125.418         109.293    
  0.750955E-01    0.378025        0.523626        0.447128    
   60.00         54.81         2.960    
  -18.2452        -15.9732         91.7536         80.6291    
  0.809658E-01    0.402267        0.568605        0.465813    
   60.00         60.57         2.960    
  -27.4789        -24.1351         65.6140         58.1488    
  0.867203E-01    0.424591        0.613469        0.480345    
   60.00         66.94         2.960    
  -31.1228        -27.5778         45.7333         40.8750    
  0.922255E-01    0.444804        0.657964        0.490634    
   60.00         73.98         2.960    
  -30.7647        -27.5480         31.0202         27.9563    
  0.972845E-01    0.462577        0.701446        0.496497    
   60.00         81.76         2.960    
  -27.8175        -25.1887         20.4144         18.5462    
  0.101808        0.478237        0.744041        0.498488    
   60.00         89.36         2.960    
  -24.1195        -22.0617         13.6980         12.5293    
  0.105230        0.490206        0.780637        0.497063    
   60.00         90.36         2.960    
  -23.6188        -21.6308         13.0060         11.9062    
  0.105620        0.491570        0.785104        0.496682    
   60.00         91.20         2.960    
  -23.1981        -21.2679         12.4532         11.4079    
  0.105931        0.492684        0.788802        0.496335    
   60.00         92.00         2.960    
  -22.7979        -20.9219         11.9495         10.9535    
  0.106219        0.493722        0.792285        0.495984    
   60.00         99.86         2.960    
  -18.9760        -17.5750         7.99898         7.37435    
  0.108630        0.502746        0.824450        0.491539    
   60.00         110.4         2.960    
  -14.4552        -13.5351         4.71950         4.37960    
  0.110825        0.512223        0.862342        0.485397    
   60.00         120.0         2.960    
  -11.1258        -10.5084         2.94548         2.74663    
  0.111948        0.518656        0.892037        0.482116    
   60.00         130.0         2.960    
  -8.37600        -7.97403         1.81476         1.69922    
  0.112470        0.523863        0.919270        0.480916    
   60.00         140.0         2.960    
  -6.25083        -5.99202         1.12399         1.05592    
  0.112466        0.527915        0.943134        0.481523    
   60.00         150.0         2.960    
  -4.64137        -4.47606        0.698682        0.658083    
  0.112036        0.530928        0.963930        0.482904    
   60.00         160.0         2.960    
  -3.42819        -3.32352        0.434953        0.410494    
  0.111326        0.533349        0.982462        0.484748    
   60.00         170.0         2.960    
  -2.51567        -2.45008        0.270733        0.255879    
  0.110403        0.535298        0.999032        0.486982    
   60.00         180.0         2.960    
  -1.83782        -1.79706        0.168295        0.159224    
  0.109272        0.536651         1.01337        0.489282    
   60.00         190.0         2.960    
  -1.33612        -1.31100        0.104272        0.987101E-01
  0.108011        0.537621         1.02603        0.491721    
   60.00         200.0         2.960    
 -0.965595       -0.950307        0.642674E-01    0.608518E-01
  0.106672        0.538383         1.03735        0.494398    
   60.00         210.0         2.960    
 -0.692277       -0.683115        0.393330E-01    0.372370E-01
  0.105289        0.538973         1.04748        0.497266    
   60.00         220.0         2.960    
 -0.493000       -0.487559        0.238659E-01    0.225837E-01
  0.103825        0.539181         1.05613        0.500115    
   60.00         230.0         2.960    
 -0.348191       -0.345017        0.143203E-01    0.135404E-01
  0.102345        0.539260         1.06381        0.503125    
   60.00         240.0         2.960    
 -0.243550       -0.241732        0.847747E-02    0.800724E-02
  0.100854        0.539218         1.07057        0.506250    
   60.00         250.0         2.960    
 -0.168396       -0.167376        0.493894E-02    0.465873E-02
  0.993354E-01    0.538893         1.07604        0.509325    
   60.00         260.0         2.960    
 -0.114837       -0.114279        0.282122E-02    0.265678E-02
  0.977776E-01    0.538613         1.08104        0.512624    
   60.00         270.0         2.960    
 -0.771616E-01   -0.768640E-01    0.157521E-02    0.148050E-02
  0.953626E-01    0.537988         1.08483        0.515764    
   60.00         280.0         2.960    
 -0.509438E-01   -0.507902E-01    0.855295E-03    0.802067E-03
  0.941702E-01    0.536892         1.08804        0.518612    
   60.00         290.0         2.960    
 -0.329409E-01   -0.328645E-01    0.449308E-03    0.420254E-03
  0.929897E-01    0.532515         1.08314        0.518382    
   60.00         300.0         2.960    
 -0.207693E-01   -0.207330E-01    0.226744E-03    0.211435E-03
  0.918670E-01    0.532851         1.09180        0.522858    
   60.00         310.0         2.960    
 -0.127025E-01   -0.126861E-01    0.108945E-03    0.101232E-03
  0.109014        0.533678         1.09248        0.527945    
   60.00         320.0         2.960    
 -0.748158E-02   -0.747464E-02    0.492595E-04    0.455872E-04
  0.287400E-01    0.631753         1.09044        0.630124    
   60.00         330.0         2.960    
 -0.420798E-02   -0.420527E-02    0.206235E-04    0.189952E-04
  0.343106E-01    0.523157         1.07638        0.526172    
   60.00         340.0         2.960    
 -0.223231E-02   -0.223135E-02    0.781907E-05    0.716103E-05
  0.412948E-01    0.521343         1.08086        0.528801    
   60.00         350.0         2.960    
 -0.109528E-02   -0.109498E-02    0.259544E-05    0.236065E-05
  0.501365E-01    0.297880        0.618091        0.304746    
   60.00         360.0         2.960    
 -0.482801E-03   -0.482723E-03    0.715701E-06    0.645342E-06
  0.613306E-01    0.374387        0.776523        0.386329    
   60.00         370.0         2.960    
 -0.182068E-03   -0.182052E-03    0.149913E-06    0.133659E-06
  0.751576E-01    0.470739        0.975983        0.489987    
   60.00         380.0         2.960    
 -0.536226E-04   -0.536205E-04    0.200308E-07    0.175806E-07
  0.906469E-01    0.581423         1.20517        0.610545    
   60.00         400.0         2.960    
 -0.108435E-05   -0.108435E-05    0.368639E-11    0.537311E-12
  0.531437E-12    0.360807E-11    0.729193E-11     0.00000    
   60.00         450.0         2.960    
   0.00000         0.00000         0.00000         0.00000    
   0.00000         0.00000         0.00000         0.00000    
   60.00         500.0         2.960    
   0.00000         0.00000         0.00000         0.00000    
   0.00000         0.00000         0.00000         0.00000    
   60.00        0.9106E-01     3.200    
 -0.191780E+07   -0.163501E+07   -0.191831E+07   -0.160716E+07
 -0.127166E-05   -0.132961E-07   -0.240169E-05   -0.110367E-06
   60.00        0.1006         3.200    
 -0.160381E+07   -0.136734E+07   -0.160426E+07   -0.134257E+07
 -0.167781E-05   -0.192279E-07   -0.316932E-05   -0.159196E-06
   60.00        0.1112         3.200    
 -0.133555E+07   -0.113865E+07   -0.133608E+07   -0.111665E+07
 -0.222379E-05   -0.279514E-07   -0.423008E-05   -0.230762E-06
   60.00        0.1229         3.200    
 -0.110842E+07    -945025.       -0.110884E+07    -925558.    
 -0.295692E-05   -0.407657E-07   -0.559728E-05   -0.335501E-06
   60.00        0.1358         3.200    
  -916622.        -781522.        -916975.        -764219.    
 -0.394425E-05   -0.596436E-07   -0.745325E-05   -0.489172E-06
   60.00        0.1501         3.200    
  -754156.        -643024.        -754478.        -627777.    
 -0.528863E-05   -0.877628E-07   -0.100003E-04   -0.717048E-06
   60.00        0.1659         3.200    
  -617362.        -526411.        -617642.        -512768.    
 -0.713246E-05   -0.129795E-06   -0.134788E-04   -0.105600E-05
   60.00        0.1834         3.200    
  -502225.        -428260.        -502479.        -416179.    
 -0.965918E-05   -0.193249E-06   -0.182816E-04   -0.156496E-05
   60.00        0.2027         3.200    
  -406002.        -346231.        -406230.        -335536.    
 -0.131729E-04   -0.289439E-06   -0.249419E-04   -0.233196E-05
   60.00        0.2240         3.200    
  -325735.        -277805.        -325899.        -268298.    
 -0.180942E-04   -0.436831E-06   -0.342805E-04   -0.349971E-05
   60.00        0.2475         3.200    
  -259001.        -220914.        -259156.        -212497.    
 -0.250633E-04   -0.664902E-06   -0.475169E-04   -0.529405E-05
   60.00        0.2736         3.200    
  -203384.        -173500.        -203464.        -166051.    
 -0.351678E-04   -0.102628E-05   -0.667281E-04   -0.811558E-05
   60.00        0.3023         3.200    
  -157686.        -134541.        -157830.        -127960.    
 -0.499004E-04   -0.160196E-05   -0.947719E-04   -0.125733E-04
   60.00        0.3341         3.200    
  -120018.        -102428.        -120154.        -96616.2    
 -0.721351E-04   -0.254976E-05   -0.137153E-03   -0.198474E-04
   60.00        0.3693         3.200    
  -89186.9        -76141.9        -89309.8        -71011.4    
 -0.106766E-03   -0.415860E-05   -0.203191E-03   -0.320771E-04
   60.00        0.4081         3.200    
  -64209.4        -54845.8        -64321.5        -50318.1    
 -0.162965E-03   -0.699805E-05   -0.310728E-03   -0.534425E-04
   60.00        0.4510         3.200    
  -44051.5        -37658.1        -44154.9        -33664.8    
 -0.260798E-03   -0.123593E-04   -0.498218E-03   -0.933548E-04
   60.00        0.4985         3.200    
  -27904.8        -23889.6        -28004.9        -20372.8    
 -0.451639E-03   -0.236399E-04   -0.864470E-03   -0.176419E-03
   60.00        0.5509         3.200    
  -15150.1        -13012.5        -15245.5        -9915.76    
 -0.910306E-03   -0.526766E-04   -0.174660E-02   -0.387946E-03
   60.00        0.6088         3.200    
  -5180.64        -4509.60        -5271.48        -1786.25    
 -0.288635E-02   -0.184852E-03   -0.555364E-02   -0.134177E-02
   60.00        0.6729         3.200    
   2503.02         2044.82         2433.00         4463.72    
  0.685132E-02    0.486285E-03    0.132261E-01    0.347403E-02
   60.00        0.7436         3.200    
   8284.35         6977.59         8203.86         9077.33    
  0.222341E-02    0.175091E-03    0.430868E-02    0.122928E-02
   60.00        0.8218         3.200    
   12529.6         10600.9         12451.5         12442.3    
  0.160143E-02    0.140126E-03    0.311713E-02    0.965244E-03
   60.00        0.9083         3.200    
   15526.1         13159.8         15452.1         14772.7    
  0.140905E-02    0.137223E-03    0.275580E-02    0.925745E-03
   60.00         1.004         3.200    
   17515.8         14860.3         17448.3         16271.3    
  0.136049E-02    0.147754E-03    0.267839E-02    0.974336E-03
   60.00         1.109         3.200    
   18694.1         15869.0         18634.1         17109.4    
  0.138648E-02    0.168027E-03    0.274787E-02    0.108101E-02
   60.00         1.226         3.200    
   19247.5         16345.0         19179.5         17418.6    
  0.146430E-02    0.198632E-03    0.292541E-02    0.124370E-02
   60.00         1.355         3.200    
   19305.1         16398.3         19241.0         17334.2    
  0.158327E-02    0.240830E-03    0.319230E-02    0.146413E-02
   60.00         1.497         3.200    
   18987.1         16131.2         18931.5         16948.2    
  0.174050E-02    0.297513E-03    0.354776E-02    0.175190E-02
   60.00         1.655         3.200    
   18383.7         15620.8         18326.4         16330.4    
  0.194250E-02    0.374040E-03    0.400408E-02    0.212693E-02
   60.00         1.829         3.200    
   17577.7         14937.5         17523.5         15552.5    
  0.218735E-02    0.475635E-03    0.457391E-02    0.260440E-02
   60.00         2.021         3.200    
   16631.7         14134.7         16581.1         14668.6    
  0.248110E-02    0.610769E-03    0.527005E-02    0.321044E-02
   60.00         2.234         3.200    
   15590.7         13250.9         15544.3         13713.8    
  0.283149E-02    0.791679E-03    0.612235E-02    0.398066E-02
   60.00         2.469         3.200    
   14500.6         12325.1         14460.0         12727.7    
  0.324336E-02    0.103277E-02    0.715505E-02    0.495000E-02
   60.00         2.729         3.200    
   13390.2         11381.8         13353.1         11730.3    
  0.372622E-02    0.135560E-02    0.840779E-02    0.616960E-02
   60.00         3.016         3.200    
   12286.5         10444.1         12254.6         10746.9    
  0.428602E-02    0.178668E-02    0.991744E-02    0.769103E-02
   60.00         3.333         3.200    
   11207.5         9527.37         11181.4         9791.33    
  0.493085E-02    0.236253E-02    0.117330E-01    0.957885E-02
   60.00         3.683         3.200    
   10167.3         8643.51         10148.7         8875.63    
  0.566611E-02    0.312997E-02    0.139066E-01    0.119014E-01
   60.00         4.071         3.200    
   9171.82         7797.71         9160.27         8002.39    
  0.650306E-02    0.415508E-02    0.165113E-01    0.147469E-01
   60.00         4.499         3.200    
   8233.02         7000.07         8229.36         7182.38    
  0.743853E-02    0.551104E-02    0.195986E-01    0.181751E-01
   60.00         4.972         3.200    
   7353.10         6252.51         7358.36         6417.07    
  0.847388E-02    0.729519E-02    0.232394E-01    0.222555E-01
   60.00         5.495         3.200    
   6533.91         5556.59         6549.15         5707.62    
  0.960511E-02    0.962051E-02    0.274997E-01    0.270335E-01
   60.00         6.073         3.200    
   5776.56         4913.26         5802.12         5053.87    
  0.108250E-01    0.126078E-01    0.324413E-01    0.325186E-01
   60.00         6.711         3.200    
   5081.23         4322.69         5117.56         4455.94    
  0.121239E-01    0.163621E-01    0.381156E-01    0.386647E-01
   60.00         7.417         3.200    
   4444.69         3782.10         4492.67         3910.88    
  0.135039E-01    0.209486E-01    0.446031E-01    0.453950E-01
   60.00         8.197         3.200    
   3865.89         3290.61         3926.45         3417.64    
  0.149862E-01    0.262812E-01    0.520118E-01    0.525829E-01
   60.00         9.059         3.200    
   3341.97         2845.77         3415.52         2973.08    
  0.166196E-01    0.321787E-01    0.606305E-01    0.603945E-01
   60.00         10.01         3.200    
   2870.68         2445.65         2957.53         2575.01    
  0.184610E-01    0.393303E-01    0.708160E-01    0.693180E-01
   60.00         11.06         3.200    
   2448.29         2087.07         2548.43         2219.72    
  0.205393E-01    0.478581E-01    0.828233E-01    0.796626E-01
   60.00         12.23         3.200    
   2068.36         1764.53         2181.82         1901.57    
  0.229046E-01    0.581395E-01    0.970372E-01    0.917220E-01
   60.00         13.51         3.200    
   1734.43         1481.02         1860.75         1623.11    
  0.255434E-01    0.703085E-01    0.113463        0.105576    
   60.00         14.94         3.200    
   1436.38         1227.91         1574.91         1375.28    
  0.285434E-01    0.846189E-01    0.132702        0.121699    
   60.00         16.51         3.200    
   1176.62         1007.23         1326.18         1159.68    
  0.318852E-01    0.101202        0.154703        0.140072    
   60.00         18.24         3.200    
   950.696         815.169         1109.83         972.123    
  0.356040E-01    0.120079        0.179634        0.160792    
   60.00         20.16         3.200    
   754.387         648.126         921.144         808.486    
  0.397620E-01    0.141470        0.207870        0.183969    
   60.00         22.28         3.200    
   586.322         504.916         758.352         667.206    
  0.443629E-01    0.165281        0.239285        0.209371    
   60.00         24.63         3.200    
   443.576         383.045         618.261         545.481    
  0.494337E-01    0.191243        0.273920        0.236693    
   60.00         27.22         3.200    
   324.793         281.363         499.145         441.810    
  0.549478E-01    0.218886        0.311359        0.265283    
   60.00         30.08         3.200    
   227.682         197.938         398.302         353.839    
  0.609106E-01    0.247739        0.351387        0.294555    
   60.00         33.24         3.200    
   149.726         130.671         313.579         279.713    
  0.672950E-01    0.277305        0.393647        0.323760    
   60.00         36.74         3.200    
   88.7371         77.7392         243.016         217.747    
  0.740514E-01    0.306875        0.437685        0.352077    
   60.00         40.60         3.200    
   42.9010         37.6592         185.191         166.744    
  0.810700E-01    0.335607        0.482785        0.378578    
   60.00         44.87         3.200    
   10.0014         8.62907         138.326         125.195    
  0.882741E-01    0.363036        0.528598        0.402650    
   60.00         49.59         3.200    
  -11.9508        -10.9827         101.058         91.9632    
  0.955077E-01    0.388410        0.574512        0.423571    
   60.00         54.81         3.200    
  -24.9245        -22.7716         72.0096         65.8974    
  0.102611        0.411268        0.620042        0.440959    
   60.00         60.57         3.200    
  -30.8713        -28.3490         49.9433         45.9636    
  0.109391        0.431272        0.664685        0.454542    
   60.00         66.94         3.200    
  -31.9272        -29.5327         33.5910         31.0885    
  0.115651        0.448304        0.708111        0.464270    
   60.00         73.98         3.200    
  -29.7027        -27.6974         21.8411         20.3247    
  0.121227        0.462324        0.750005        0.470269    
   60.00         81.76         3.200    
  -25.5054        -23.9833         13.6802         12.7966    
  0.125938        0.473482        0.790020        0.472739    
   60.00         89.36         3.200    
  -21.0859        -19.9761         8.71749         8.18964    
  0.129280        0.481112        0.823725        0.472192    
   60.00         90.36         3.200    
  -20.5233        -19.4611         8.21842         7.72478    
  0.129646        0.481952        0.827856        0.471982    
   60.00         91.20         3.200    
  -20.0562        -19.0327         7.82158         7.35492    
  0.129945        0.482639        0.831293        0.471795    
   60.00         92.00         3.200    
  -19.6163        -18.6287         7.46191         7.01952    
  0.130217        0.483264        0.834511        0.471590    
   60.00         99.86         3.200    
  -15.5926        -14.9073         4.71085         4.44705    
  0.132321        0.488213        0.863632        0.468534    
   60.00         110.4         3.200    
  -11.1434        -10.7377         2.55488         2.42083    
  0.133839        0.492359        0.896728        0.463511    
   60.00         120.0         3.200    
  -8.05631        -7.81079         1.46585         1.39247    
  0.156782        0.494641        0.922435        0.460233    
   60.00         130.0         3.200    
  -5.66511        -5.52267        0.821128        0.781527    
  0.134016        0.495888        0.945295        0.457835    
   60.00         140.0         3.200    
  -3.92466        -3.84386        0.458479        0.436918    
  0.133127        0.496145        0.964381        0.455873    
   60.00         150.0         3.200    
  -2.68521        -2.64034        0.254206        0.242417    
  0.131868        0.496049        0.980912        0.454290    
   60.00         160.0         3.200    
  -1.81460        -1.79023        0.139546        0.133100    
  0.130317        0.495550        0.994998        0.452655    
   60.00         170.0         3.200    
  -1.20912        -1.19618        0.755826E-01    0.720709E-01
  0.128531        0.494712         1.00687        0.450997    
   60.00         180.0         3.200    
 -0.792420       -0.785749        0.402209E-01    0.383250E-01
  0.126607        0.493722         1.01698        0.449458    
   60.00         190.0         3.200    
 -0.510549       -0.507217        0.209306E-01    0.199218E-01
  0.124594        0.492611         1.02552        0.448076    
   60.00         200.0         3.200    
 -0.322328       -0.320724        0.105941E-01    0.100684E-01
  0.121688        0.491283         1.03244        0.446746    
   60.00         210.0         3.200    
 -0.198552       -0.197813        0.517930E-02    0.491300E-02
  0.120361        0.489871         1.03803        0.445522    
   60.00         220.0         3.200    
 -0.118641       -0.118318        0.242490E-02    0.229486E-02
  0.118203        0.488280         1.04232        0.444349    
   60.00         230.0         3.200    
 -0.684121E-01   -0.682798E-01    0.107492E-02    0.101439E-02
  0.116035        0.486648         1.04555        0.443308    
   60.00         240.0         3.200    
 -0.377235E-01   -0.376734E-01    0.444625E-03    0.418197E-03
  0.113814        0.484731         1.04720        0.442156    
   60.00         250.0         3.200    
 -0.196383E-01   -0.196211E-01    0.167954E-03    0.157334E-03
  0.110922        0.477989         1.03909        0.436727    
   60.00         260.0         3.200    
 -0.947642E-02   -0.947123E-02    0.562088E-04    0.523857E-04
  0.240311E-01    0.478477         1.04283        0.438040    
   60.00         270.0         3.200    
 -0.411594E-02   -0.411463E-02    0.158883E-04    0.147145E-04
  0.318251E-01    0.571367         1.24864        0.524260    
   60.00         280.0         3.200    
 -0.153630E-02   -0.153605E-02    0.349764E-05    0.321230E-05
  0.434987E-01    0.187946        0.414715        0.172880    
   60.00         290.0         3.200    
 -0.451184E-03   -0.451150E-03    0.514261E-06    0.466757E-06
  0.618039E-01    0.275707        0.608617        0.254306    
   60.00         300.0         3.200    
 -0.856460E-04   -0.856439E-04    0.355825E-07    0.316983E-07
  0.908549E-01    0.417633        0.922323        0.386374    
   60.00         310.0         3.200    
 -0.852046E-05   -0.852044E-05    0.231441E-09    0.432187E-10
  0.424472E-10    0.223370E-09    0.454609E-09     0.00000    
   60.00         320.0         3.200    
   0.00000         0.00000         0.00000         0.00000    
   0.00000         0.00000         0.00000         0.00000    
   60.00         330.0         3.200    
   0.00000         0.00000         0.00000         0.00000    
   0.00000         0.00000         0.00000         0.00000    
   60.00         340.0         3.200    
   0.00000         0.00000         0.00000         0.00000    
   0.00000         0.00000         0.00000         0.00000    
   60.00         350.0         3.200    
   0.00000         0.00000         0.00000         0.00000    
   0.00000         0.00000         0.00000         0.00000    
   60.00         360.0         3.200    
   0.00000         0.00000         0.00000         0.00000    
   0.00000         0.00000         0.00000         0.00000    
   60.00         370.0         3.200    
   0.00000         0.00000         0.00000         0.00000    
   0.00000         0.00000         0.00000         0.00000    
   60.00         380.0         3.200    
   0.00000         0.00000         0.00000         0.00000    
   0.00000         0.00000         0.00000         0.00000    
   60.00         400.0         3.200    
   0.00000         0.00000         0.00000         0.00000    
   0.00000         0.00000         0.00000         0.00000    
   60.00         450.0         3.200    
   0.00000         0.00000         0.00000         0.00000    
   0.00000         0.00000         0.00000         0.00000    
   60.00         500.0         3.200    
   0.00000         0.00000         0.00000         0.00000    
   0.00000         0.00000         0.00000         0.00000    
   60.00        0.9106E-01     3.900    
  -858595.        -825288.        -859124.        -805842.    
 -0.171302E-05   -0.216488E-07   -0.630600E-05   -0.886864E-07
   60.00        0.1006         3.900    
  -709954.        -682436.        -710210.        -664939.    
 -0.228670E-05   -0.315890E-07   -0.841638E-05   -0.129375E-06
   60.00        0.1112         3.900    
  -583744.        -561139.        -583996.        -545615.    
 -0.307007E-05   -0.463759E-07   -0.112975E-04   -0.189885E-06
   60.00        0.1229         3.900    
  -477600.        -459127.        -477839.        -445359.    
 -0.414115E-05   -0.683887E-07   -0.152359E-04   -0.279931E-06
   60.00        0.1358         3.900    
  -388618.        -373606.        -388831.        -361382.    
 -0.562048E-05   -0.101338E-06   -0.206530E-04   -0.414662E-06
   60.00        0.1501         3.900    
  -313839.        -301735.        -313781.        -290653.    
 -0.767589E-05   -0.151462E-06   -0.282335E-04   -0.619533E-06
   60.00        0.1659         3.900    
  -251422.        -241744.        -251553.        -232087.    
 -0.105646E-04   -0.227818E-06   -0.388431E-04   -0.931475E-06
   60.00        0.1834         3.900    
  -199388.        -191731.        -199515.        -183182.    
 -0.146946E-04   -0.346312E-06   -0.540151E-04   -0.141531E-05
   60.00        0.2027         3.900    
  -156360.        -150373.        -156480.        -142803.    
 -0.206602E-04   -0.532015E-06   -0.759249E-04   -0.217314E-05
   60.00        0.2240         3.900    
  -120888.        -116277.        -120989.        -109564.    
 -0.294542E-04   -0.828530E-06   -0.108215E-03   -0.338243E-05
   60.00        0.2475         3.900    
  -91783.6        -88300.3        -91884.0        -82364.1    
 -0.427337E-04   -0.131278E-05   -0.156963E-03   -0.535603E-05
   60.00        0.2736         3.900    
  -67888.0        -65329.7        -67878.4        -59982.3    
 -0.637493E-04   -0.213940E-05   -0.234095E-03   -0.872251E-05
   60.00        0.3023         3.900    
  -48586.9        -46774.7        -48674.0        -42134.1    
 -0.978935E-04   -0.358686E-05   -0.359385E-03   -0.146127E-04
   60.00        0.3341         3.900    
  -32987.4        -31777.3        -33068.5        -27678.3    
 -0.158649E-03   -0.634727E-05   -0.582296E-03   -0.258365E-04
   60.00        0.3693         3.900    
  -20510.1        -19780.6        -20585.4        -16162.6    
 -0.280531E-03   -0.122550E-04   -0.102942E-02   -0.498366E-04
   60.00        0.4081         3.900    
  -10674.2        -10322.7        -10748.1        -7133.83    
 -0.591007E-03   -0.281805E-04   -0.216831E-02   -0.114479E-03
   60.00        0.4510         3.900    
  -2993.38        -2936.22        -3030.75        -94.4507    
 -0.230447E-02   -0.119923E-03   -0.845347E-02   -0.486593E-03
   60.00        0.4985         3.900    
   2913.82         2745.52         2849.46         5221.42    
  0.269399E-02    0.153003E-03    0.988126E-02    0.620004E-03
   60.00        0.5509         3.900    
   7345.51         7008.95         7283.80         9186.73    
  0.115744E-02    0.717194E-04    0.424519E-02    0.290198E-03
   60.00        0.6088         3.900    
   10582.7         10124.2         10521.6         12036.1    
  0.879389E-03    0.594390E-04    0.322549E-02    0.240115E-03
   60.00        0.6729         3.900    
   12855.2         12312.0         12798.0         13991.3    
  0.792995E-03    0.584654E-04    0.290901E-02    0.235750E-03
   60.00        0.7436         3.900    
   14344.3         13746.7         14291.1         15220.7    
  0.778146E-03    0.625557E-04    0.285523E-02    0.251728E-03
   60.00        0.8218         3.900    
   15213.7         14585.6         15162.6         15876.4    
  0.802981E-03    0.703772E-04    0.294757E-02    0.282553E-03
   60.00        0.9083         3.900    
   15593.7         14954.0         15542.1         16080.4    
  0.856662E-03    0.818645E-04    0.314715E-02    0.327825E-03
   60.00         1.004         3.900    
   15592.6         14955.8         15542.9         15939.0    
  0.936212E-03    0.974871E-04    0.344116E-02    0.389254E-03
   60.00         1.109         3.900    
   15303.0         14680.2         15259.9         15542.3    
  0.103998E-02    0.117927E-03    0.382630E-02    0.469341E-03
   60.00         1.226         3.900    
   14793.9         14193.5         14747.0         14938.5    
  0.117284E-02    0.144891E-03    0.432046E-02    0.574527E-03
   60.00         1.355         3.900    
   14129.2         13557.0         14083.0         14203.7    
  0.133608E-02    0.179733E-03    0.492915E-02    0.709715E-03
   60.00         1.497         3.900    
   13359.8         12819.8         13316.0         13380.1    
  0.153339E-02    0.224571E-03    0.566957E-02    0.882596E-03
   60.00         1.655         3.900    
   12516.5         12011.3         12473.6         12494.6    
  0.177529E-02    0.282894E-03    0.657508E-02    0.110583E-02
   60.00         1.829         3.900    
   11638.8         11169.7         11597.3         11586.0    
  0.206469E-02    0.357907E-03    0.766543E-02    0.139050E-02
   60.00         2.021         3.900    
   10749.7         10316.8         10710.7         10675.4    
  0.241105E-02    0.454454E-03    0.897568E-02    0.175326E-02
   60.00         2.234         3.900    
   9863.31         9466.54         9826.15         9773.93    
  0.282704E-02    0.579414E-03    0.105561E-01    0.221736E-02
   60.00         2.469         3.900    
   8999.17         8637.50         8964.25         8900.54    
  0.332227E-02    0.740076E-03    0.124454E-01    0.280600E-02
   60.00         2.729         3.900    
   8165.50         7837.62         8133.54         8062.65    
  0.391156E-02    0.946909E-03    0.147024E-01    0.355176E-02
   60.00         3.016         3.900    
   7371.85         7076.11         7343.12         7268.48    
  0.460884E-02    0.121216E-02    0.173821E-01    0.449023E-02
   60.00         3.333         3.900    
   6622.73         6357.28         6596.84         6520.89    
  0.543156E-02    0.155195E-02    0.205514E-01    0.566566E-02
   60.00         3.683         3.900    
   5921.48         5684.37         5899.39         5824.53    
  0.639600E-02    0.198562E-02    0.242698E-01    0.712593E-02
   60.00         4.071         3.900    
   5267.13         5056.45         5249.19         5176.70    
  0.752501E-02    0.254006E-02    0.286175E-01    0.893323E-02
   60.00         4.499         3.900    
   4663.43         4477.14         4649.89         4580.84    
  0.883129E-02    0.324352E-02    0.336276E-01    0.111377E-01
   60.00         4.972         3.900    
   4108.53         3944.65         4099.96         4035.07    
  0.103323E-01    0.413485E-02    0.393429E-01    0.138001E-01
   60.00         5.495         3.900    
   3600.92         3457.53         3597.94         3537.66    
  0.120417E-01    0.526223E-02    0.457818E-01    0.169759E-01
   60.00         6.073         3.900    
   3139.11         3014.37         3141.99         3086.58    
  0.139695E-01    0.668674E-02    0.529464E-01    0.207124E-01
   60.00         6.711         3.900    
   2721.39         2613.52         2730.60         2680.16    
  0.161199E-01    0.848625E-02    0.608404E-01    0.250437E-01
   60.00         7.417         3.900    
   2344.32         2251.70         2360.33         2314.84    
  0.185102E-01    0.107765E-01    0.695979E-01    0.300276E-01
   60.00         8.197         3.900    
   2006.06         1927.10         2029.36         1988.69    
  0.211676E-01    0.137162E-01    0.796084E-01    0.357482E-01
   60.00         9.059         3.900    
   1703.88         1637.13         1734.80         1698.75    
  0.241922E-01    0.174510E-01    0.915235E-01    0.424605E-01
   60.00         10.01         3.900    
   1435.59         1379.67         1474.08         1442.41    
  0.277251E-01    0.221959E-01    0.105399        0.504733E-01
   60.00         11.06         3.900    
   1198.32         1151.97         1244.48         1216.92    
  0.318409E-01    0.282761E-01    0.121474        0.599591E-01
   60.00         12.23         3.900    
   987.851         949.969         1041.62         1017.89    
  0.366779E-01    0.360425E-01    0.140195        0.712151E-01
   60.00         13.51         3.900    
   805.599         775.030         866.726         846.471    
  0.422304E-01    0.457413E-01    0.161510        0.841566E-01
   60.00         14.94         3.900    
   645.554         621.376         713.558         696.495    
  0.486992E-01    0.579727E-01    0.186029        0.991894E-01
   60.00         16.51         3.900    
   508.615         489.867         582.601         568.389    
  0.560562E-01    0.730717E-01    0.213606        0.116095    
   60.00         18.24         3.900    
   392.012         377.841         470.913         459.233    
  0.643875E-01    0.914884E-01    0.244470        0.134906    
   60.00         20.16         3.900    
   293.215         282.868         375.771         366.329    
  0.737611E-01    0.113745        0.278841        0.155580    
   60.00         22.28         3.900    
   211.210         203.969         295.838         288.324    
  0.841312E-01    0.140041        0.316564        0.177776    
   60.00         24.63         3.900    
   144.172         139.397         229.124         223.267    
  0.954581E-01    0.170435        0.357629        0.201194    
   60.00         27.22         3.900    
   91.0136         88.1238         174.413         169.940    
  0.107527        0.204371        0.401550        0.225209    
   60.00         30.08         3.900    
   50.1281         48.6172         130.017         126.685    
  0.120149        0.241112        0.448167        0.249364    
   60.00         33.24         3.900    
   20.0576         19.4885         94.6129         92.1959    
  0.132981        0.279196        0.496877        0.272963    
   60.00         36.74         3.900    
 -0.709390       -0.693551         66.8693         65.1715    
  0.145686        0.316956        0.547342        0.295500    
   60.00         40.60         3.900    
  -13.5612        -13.2361         45.7383         44.5848    
  0.157813        0.352197        0.598931        0.316398    
   60.00         44.87         3.900    
  -19.9901        -19.5622         30.0718         29.3189    
  0.168941        0.383202        0.651110        0.335259    
   60.00         49.59         3.900    
  -21.7009        -21.2912         18.8796         18.4092    
  0.178632        0.408405        0.703185        0.351707    
   60.00         54.81         3.900    
  -20.1946        -19.8695         11.2131         10.9337    
  0.186649        0.427394        0.754947        0.365761    
   60.00         60.57         3.900    
  -16.8006        -16.5772         6.25012         6.09333    
  0.192444        0.439569        0.804545        0.376805    
   60.00         66.94         3.900    
  -12.6466        -12.5123         3.21606         3.13398    
  0.196163        0.446227        0.852503        0.385388    
   60.00         73.98         3.900    
  -8.59583        -8.52658         1.50046         1.46098    
  0.197680        0.448123        0.897773        0.391439    
   60.00         81.76         3.900    
  -5.23476        -5.20474        0.617841        0.600800    
  0.197119        0.446444        0.939850        0.394342    
   60.00         89.36         3.900    
  -3.01259        -3.00068        0.244806        0.237653    
  0.194885        0.442631        0.973499        0.393454    
   60.00         90.36         3.900    
  -2.78668        -2.77623        0.215570        0.209217    
  0.194512        0.442052        0.977501        0.393160    
   60.00         91.20         3.900    
  -2.60688        -2.59753        0.193525        0.187781    
  0.194180        0.441539        0.980754        0.392871    
   60.00         92.00         3.900    
  -2.44450        -2.43610        0.174461        0.169246    
  0.193856        0.441056        0.983807        0.392575    
   60.00         99.86         3.900    
  -1.24054        -1.23784        0.595761E-01    0.576580E-01
  0.190139        0.435858         1.01030        0.388439    
   60.00         110.4         3.900    
 -0.425400       -0.424952        0.114162E-01    0.110034E-01
  0.184126        0.428279         1.03723        0.380443    
   60.00         120.0         3.900    
 -0.126555       -0.126497        0.181331E-02    0.173876E-02
  0.177936        0.420877         1.05354        0.371403    
   60.00         130.0         3.900    
 -0.233287E-01   -0.233254E-01    0.141234E-03    0.134349E-03
  0.169400        0.412297         1.06171        0.360410    
   60.00         140.0         3.900    
 -0.153249E-02   -0.153246E-02    0.223556E-05    0.209320E-05
  0.256911E-01    0.616383E-01    0.163300        0.532861E-01
   60.00         150.0         3.900    
 -0.516204E-06   -0.516202E-06    0.867763E-12    0.321506E-12
  0.298628E-12    0.748640E-12    0.161197E-11     0.00000    
   60.00         160.0         3.900    
   0.00000         0.00000         0.00000         0.00000    
   0.00000         0.00000         0.00000         0.00000    
   60.00         170.0         3.900    
   0.00000         0.00000         0.00000         0.00000    
   0.00000         0.00000         0.00000         0.00000    
   60.00         180.0         3.900    
   0.00000         0.00000         0.00000         0.00000    
   0.00000         0.00000         0.00000         0.00000    
   60.00         190.0         3.900    
   0.00000         0.00000         0.00000         0.00000    
   0.00000         0.00000         0.00000         0.00000    
   60.00         200.0         3.900    
   0.00000         0.00000         0.00000         0.00000    
   0.00000         0.00000         0.00000         0.00000    
   60.00         210.0         3.900    
   0.00000         0.00000         0.00000         0.00000    
   0.00000         0.00000         0.00000         0.00000    
   60.00         220.0         3.900    
   0.00000         0.00000         0.00000         0.00000    
   0.00000         0.00000         0.00000         0.00000    
   60.00         230.0         3.900    
   0.00000         0.00000         0.00000         0.00000    
   0.00000         0.00000         0.00000         0.00000    
   60.00         240.0         3.900    
   0.00000         0.00000         0.00000         0.00000    
   0.00000         0.00000         0.00000         0.00000    
   60.00         250.0         3.900    
   0.00000         0.00000         0.00000         0.00000    
   0.00000         0.00000         0.00000         0.00000    
   60.00         260.0         3.900    
   0.00000         0.00000         0.00000         0.00000    
   0.00000         0.00000         0.00000         0.00000    
   60.00         270.0         3.900    
   0.00000         0.00000         0.00000         0.00000    
   0.00000         0.00000         0.00000         0.00000    
   60.00         280.0         3.900    
   0.00000         0.00000         0.00000         0.00000    
   0.00000         0.00000         0.00000         0.00000    
   60.00         290.0         3.900    
   0.00000         0.00000         0.00000         0.00000    
   0.00000         0.00000         0.00000         0.00000    
   60.00         300.0         3.900    
   0.00000         0.00000         0.00000         0.00000    
   0.00000         0.00000         0.00000         0.00000    
   60.00         310.0         3.900    
   0.00000         0.00000         0.00000         0.00000    
   0.00000         0.00000         0.00000         0.00000    
   60.00         320.0         3.900    
   0.00000         0.00000         0.00000         0.00000    
   0.00000         0.00000         0.00000         0.00000    
   60.00         330.0         3.900    
   0.00000         0.00000         0.00000         0.00000    
   0.00000         0.00000         0.00000         0.00000    
   60.00         340.0         3.900    
   0.00000         0.00000         0.00000         0.00000    
   0.00000         0.00000         0.00000         0.00000    
   60.00         350.0         3.900    
   0.00000         0.00000         0.00000         0.00000    
   0.00000         0.00000         0.00000         0.00000    
   60.00         360.0         3.900    
   0.00000         0.00000         0.00000         0.00000    
   0.00000         0.00000         0.00000         0.00000    
   60.00         370.0         3.900    
   0.00000         0.00000         0.00000         0.00000    
   0.00000         0.00000         0.00000         0.00000    
   60.00         380.0         3.900    
   0.00000         0.00000         0.00000         0.00000    
   0.00000         0.00000         0.00000         0.00000    
   60.00         400.0         3.900    
   0.00000         0.00000         0.00000         0.00000    
   0.00000         0.00000         0.00000         0.00000    
   60.00         450.0         3.900    
   0.00000         0.00000         0.00000         0.00000    
   0.00000         0.00000         0.00000         0.00000    
   60.00         500.0         3.900    
   0.00000         0.00000         0.00000         0.00000    
   0.00000         0.00000         0.00000         0.00000    
   80.00        0.9106E-01    -3.900    
  -179238.         176418.        -179247.         172037.    
  0.141859E-05   -0.130812E-07   -0.541133E-05   -0.535885E-07
   80.00        0.1006        -3.900    
  -147666.         145349.        -147693.         141446.    
  0.189855E-05   -0.191498E-07   -0.724034E-05   -0.784296E-07
   80.00        0.1112        -3.900    
  -120899.         119008.        -120933.         115546.    
  0.255979E-05   -0.282327E-07   -0.975982E-05   -0.115598E-06
   80.00        0.1229        -3.900    
  -98426.2         96891.3        -98465.8         93824.2    
  0.346918E-05   -0.418375E-07   -0.132235E-04   -0.171251E-06
   80.00        0.1358        -3.900    
  -79622.1         78385.3        -79657.8         75659.4    
  0.473215E-05   -0.623566E-07   -0.180331E-04   -0.255155E-06
   80.00        0.1501        -3.900    
  -63853.0         62865.8        -63898.0         60458.0    
  0.650956E-05   -0.937592E-07   -0.247992E-04   -0.383508E-06
   80.00        0.1659        -3.900    
  -50722.1         49942.5        -50746.2         47789.1    
  0.904270E-05   -0.142342E-06   -0.344387E-04   -0.581991E-06
   80.00        0.1834        -3.900    
  -39805.3         39197.9        -39835.5         37294.9    
  0.127085E-04   -0.218640E-06   -0.483831E-04   -0.893540E-06
   80.00        0.2027        -3.900    
  -30806.1         30340.3        -30838.7         28657.5    
  0.181026E-04   -0.340284E-06   -0.688942E-04   -0.138997E-05
   80.00        0.2240        -3.900    
  -23413.7         23064.0        -23440.5         21568.7    
  0.262532E-04   -0.539057E-06   -0.998739E-04   -0.220067E-05
   80.00        0.2475        -3.900    
  -17373.4         17118.2        -17392.2         15787.1    
  0.389879E-04   -0.874223E-06   -0.148257E-03   -0.356675E-05
   80.00        0.2736        -3.900    
  -12438.2         12260.0        -12451.8         11077.6    
  0.600166E-04   -0.147006E-05   -0.228118E-03   -0.599355E-05
   80.00        0.3023        -3.900    
  -8474.79         8358.19        -8491.84         7315.19    
  0.969110E-04   -0.259152E-05   -0.368173E-03   -0.105578E-04
   80.00        0.3341        -3.900    
  -5293.65         5226.23        -5313.80         4307.56    
  0.170530E-03   -0.497932E-05   -0.647525E-03   -0.202683E-04
   80.00        0.3693        -3.900    
  -2770.67         2742.04        -2787.04         1927.69    
  0.357921E-03   -0.114100E-04   -0.135834E-02   -0.464001E-04
   80.00        0.4081        -3.900    
  -802.665         804.065        -816.130         82.6456    
  0.134463E-02   -0.467828E-04   -0.510001E-02   -0.190047E-03
   80.00        0.4510        -3.900    
   713.616        -689.304         700.316        -1325.80    
 -0.172312E-02    0.654239E-04    0.653165E-02    0.265461E-03
   80.00        0.4985        -3.900    
   1859.29        -1817.89         1845.52        -2378.07    
 -0.719793E-03    0.297812E-04    0.272283E-02    0.120680E-03
   80.00        0.5509        -3.900    
   2698.15        -2644.47         2684.52        -3137.92    
 -0.542760E-03    0.245330E-04    0.205473E-02    0.992679E-04
   80.00        0.6088        -3.900    
   3289.71        -3227.61         3277.27        -3662.68    
 -0.488034E-03    0.240600E-04    0.184629E-02    0.971951E-04
   80.00        0.6729        -3.900    
   3682.49        -3615.06         3670.56        -3997.70    
 -0.478056E-03    0.257043E-04    0.180727E-02    0.103648E-03
   80.00        0.7436        -3.900    
   3915.20        -3844.92         3902.75        -4180.22    
 -0.492801E-03    0.288877E-04    0.186166E-02    0.116246E-03
   80.00        0.8218        -3.900    
   4022.17        -3950.97         4010.36        -4245.39    
 -0.525229E-03    0.335612E-04    0.198269E-02    0.134743E-03
   80.00        0.9083        -3.900    
   4030.86        -3960.24         4019.15        -4217.93    
 -0.573458E-03    0.399363E-04    0.216312E-02    0.159924E-03
   80.00         1.004        -3.900    
   3963.99        -3895.10         3952.48        -4120.35    
 -0.637443E-03    0.483733E-04    0.240264E-02    0.193149E-03
   80.00         1.109        -3.900    
   3841.48        -3775.15         3829.81        -3971.52    
 -0.717834E-03    0.593068E-04    0.270357E-02    0.236037E-03
   80.00         1.226        -3.900    
   3676.76        -3613.60         3665.59        -3784.86    
 -0.817869E-03    0.735973E-04    0.307793E-02    0.291831E-03
   80.00         1.355        -3.900    
   3483.77        -3424.19         3473.13        -3573.36    
 -0.939712E-03    0.920533E-04    0.353368E-02    0.363493E-03
   80.00         1.497        -3.900    
   3273.07        -3217.29         3262.33        -3346.49    
 -0.108697E-02    0.115836E-03    0.408413E-02    0.455251E-03
   80.00         1.655        -3.900    
   3050.40        -2998.59         3039.66        -3110.09    
 -0.126585E-02    0.146787E-03    0.475226E-02    0.573789E-03
   80.00         1.829        -3.900    
   2824.39        -2776.55         2813.89        -2872.73    
 -0.148021E-02    0.186645E-03    0.555204E-02    0.725131E-03
   80.00         2.021        -3.900    
   2599.51        -2555.59         2589.26        -2638.29    
 -0.173702E-02    0.238057E-03    0.650896E-02    0.918409E-03
   80.00         2.234        -3.900    
   2378.35        -2338.26         2368.29        -2409.00    
 -0.204585E-02    0.304724E-03    0.765751E-02    0.116615E-02
   80.00         2.469        -3.900    
   2164.99        -2128.57         2155.20        -2188.92    
 -0.241424E-02    0.390632E-03    0.902443E-02    0.148108E-02
   80.00         2.729        -3.900    
   1960.86        -1927.95         1951.50        -1979.31    
 -0.285371E-02    0.501496E-03    0.106497E-01    0.188106E-02
   80.00         3.016        -3.900    
   1767.84        -1738.22         1758.91        -1781.76    
 -0.337541E-02    0.644065E-03    0.125705E-01    0.238581E-02
   80.00         3.333        -3.900    
   1586.64        -1560.10         1578.07        -1596.75    
 -0.399317E-02    0.827224E-03    0.148315E-01    0.301991E-02
   80.00         3.683        -3.900    
   1417.78        -1394.11         1409.68        -1424.87    
 -0.472067E-02    0.106183E-02    0.174732E-01    0.381065E-02
   80.00         4.071        -3.900    
   1260.80        -1239.80         1253.33        -1265.59    
 -0.557624E-02    0.136281E-02    0.205472E-01    0.479293E-02
   80.00         4.499        -3.900    
   1116.43        -1097.87         1109.72        -1119.53    
 -0.657104E-02    0.174615E-02    0.240730E-01    0.599600E-02
   80.00         4.972        -3.900    
   984.067        -967.743         978.124        -985.903    
 -0.772215E-02    0.223438E-02    0.280827E-01    0.745727E-02
   80.00         5.495        -3.900    
   863.241        -848.956         858.169        -864.266    
 -0.904315E-02    0.285541E-02    0.325883E-01    0.921155E-02
   80.00         6.073        -3.900    
   753.504        -741.070         749.461        -754.167    
 -0.105444E-01    0.364466E-02    0.375890E-01    0.112895E-01
   80.00         6.711        -3.900    
   654.379        -643.615         651.436        -655.002    
 -0.122358E-01    0.464895E-02    0.430994E-01    0.137195E-01
   80.00         7.417        -3.900    
   564.990        -555.731         563.255        -565.894    
 -0.141366E-01    0.593755E-02    0.492248E-01    0.165443E-01
   80.00         8.197        -3.900    
   484.850        -476.938         484.467        -486.356    
 -0.162756E-01    0.760636E-02    0.562571E-01    0.198243E-01
   80.00         9.059        -3.900    
   413.275        -406.566         414.346        -415.635    
 -0.187404E-01    0.974923E-02    0.646830E-01    0.237211E-01
   80.00         10.01        -3.900    
   349.718        -344.075         352.309        -353.131    
 -0.216529E-01    0.125031E-01    0.745724E-01    0.284320E-01
   80.00         11.06        -3.900    
   293.470        -288.770         297.642        -298.101    
 -0.250947E-01    0.160795E-01    0.861563E-01    0.340965E-01
   80.00         12.23        -3.900    
   243.511        -239.646         249.323        -249.506    
 -0.292028E-01    0.207193E-01    0.998264E-01    0.409385E-01
   80.00         13.51        -3.900    
   200.162        -197.019         207.648        -207.634    
 -0.340027E-01    0.266144E-01    0.115635        0.489663E-01
   80.00         14.94        -3.900    
   161.980        -159.471         171.136        -170.983    
 -0.397066E-01    0.341971E-01    0.134159        0.585101E-01
   80.00         16.51        -3.900    
   129.170        -127.201         139.907        -139.666    
 -0.463399E-01    0.437644E-01    0.155441        0.695323E-01
   80.00         18.24        -3.900    
   101.068        -99.5581         113.267        -112.979    
 -0.540382E-01    0.557176E-01    0.179828        0.821598E-01
   80.00         20.16        -3.900    
   77.0679        -75.9446         90.5527        -90.2471    
 -0.629550E-01    0.705672E-01    0.207750        0.965213E-01
   80.00         22.28        -3.900    
   56.9317        -56.1276         71.4673        -71.1657    
 -0.731278E-01    0.886341E-01    0.239285        0.112517    
   80.00         24.63        -3.900    
   40.2416        -39.6943         55.5233        -55.2424    
 -0.846391E-01    0.110217        0.274723        0.130109    
   80.00         27.22        -3.900    
   26.7578        -26.4107         42.4331        -42.1826    
 -0.973739E-01    0.135191        0.313889        0.148976    
   80.00         30.08        -3.900    
   16.1217        -15.9253         31.7921        -31.5777    
 -0.111249        0.163278        0.356810        0.168866    
   80.00         33.24        -3.900    
   8.01995        -7.93147         23.2729        -23.0959    
 -0.126034        0.193691        0.403208        0.189367    
   80.00         36.74        -3.900    
   2.14987        -2.13331         16.5631        -16.4226    
 -0.141426        0.225307        0.452806        0.210055    
   80.00         40.60        -3.900    
  -1.74913         1.72453         11.4166        -11.3094    
 -0.156946        0.256457        0.504921        0.230389    
   80.00         44.87        -3.900    
  -4.01909         3.97633         7.56708        -7.48859    
 -0.172064        0.285590        0.558831        0.249859    
   80.00         49.59        -3.900    
  -4.99446         4.94941         4.78293        -4.72821    
 -0.186324        0.311391        0.614030        0.268161    
   80.00         54.81        -3.900    
  -5.00826         4.97015         2.85467        -2.81863    
 -0.199089        0.332787        0.669322        0.284796    
   80.00         60.57        -3.900    
  -4.38499         4.35759         1.58983        -1.56756    
 -0.209851        0.349350        0.723609        0.299468    
   80.00         66.94        -3.900    
  -3.42546         3.40858        0.810604       -0.797943    
 -0.218327        0.361396        0.776290        0.312123    
   80.00         73.98        -3.900    
  -2.38543         2.37664        0.369503       -0.363020    
 -0.224180        0.369291        0.826134        0.322578    
   80.00         81.76        -3.900    
  -1.45655         1.45282        0.145273       -0.142383    
 -0.227293        0.373680        0.872105        0.330070    
   80.00         89.36        -3.900    
 -0.821973        0.820580        0.534629E-01   -0.522615E-01
 -0.227734        0.375244        0.908875        0.333554    
   80.00         90.36        -3.900    
 -0.757041        0.755830        0.465020E-01   -0.454401E-01
 -0.227641        0.375301        0.913179        0.333792    
   80.00         91.20        -3.900    
 -0.705435        0.704361        0.412934E-01   -0.403375E-01
 -0.227537        0.375324        0.916695        0.333954    
   80.00         92.00        -3.900    
 -0.658716        0.657762        0.368230E-01   -0.359596E-01
 -0.227421        0.375341        0.919981        0.334084    
   80.00         99.86        -3.900    
 -0.314219        0.313950        0.109640E-01   -0.106716E-01
 -0.225272        0.374596        0.948123        0.333842    
   80.00         110.4        -3.900    
 -0.904548E-01    0.904224E-01    0.153352E-02   -0.148435E-02
 -0.220137        0.369052        0.975024        0.327831    
   80.00         120.0        -3.900    
 -0.191515E-01    0.191492E-01    0.138782E-03   -0.133366E-03
 -0.213436        0.366624        0.988708        0.323527    
   80.00         130.0        -3.900    
 -0.142446E-02    0.142443E-02    0.252154E-05   -0.238957E-05
 -0.274374E-01    0.466459E-01    0.129722        0.407756E-01
   80.00         140.0        -3.900    
 -0.476836E-06    0.476834E-06    0.886579E-11   -0.438501E-11
 -0.381108E-11    0.669690E-11    0.154104E-10     0.00000    
   80.00         150.0        -3.900    
   0.00000         0.00000         0.00000         0.00000    
   0.00000         0.00000         0.00000         0.00000    
   80.00         160.0        -3.900    
   0.00000         0.00000         0.00000         0.00000    
   0.00000         0.00000         0.00000         0.00000    
   80.00         170.0        -3.900    
   0.00000         0.00000         0.00000         0.00000    
   0.00000         0.00000         0.00000         0.00000    
   80.00         180.0        -3.900    
   0.00000         0.00000         0.00000         0.00000    
   0.00000         0.00000         0.00000         0.00000    
   80.00         190.0        -3.900    
   0.00000         0.00000         0.00000         0.00000    
   0.00000         0.00000         0.00000         0.00000    
   80.00         200.0        -3.900    
   0.00000         0.00000         0.00000         0.00000    
   0.00000         0.00000         0.00000         0.00000    
   80.00         210.0        -3.900    
   0.00000         0.00000         0.00000         0.00000    
   0.00000         0.00000         0.00000         0.00000    
   80.00         220.0        -3.900    
   0.00000         0.00000         0.00000         0.00000    
   0.00000         0.00000         0.00000         0.00000    
   80.00         230.0        -3.900    
   0.00000         0.00000         0.00000         0.00000    
   0.00000         0.00000         0.00000         0.00000    
   80.00         240.0        -3.900    
   0.00000         0.00000         0.00000         0.00000    
   0.00000         0.00000         0.00000         0.00000    
   80.00         250.0        -3.900    
   0.00000         0.00000         0.00000         0.00000    
   0.00000         0.00000         0.00000         0.00000    
   80.00         260.0        -3.900    
   0.00000         0.00000         0.00000         0.00000    
   0.00000         0.00000         0.00000         0.00000    
   80.00         270.0        -3.900    
   0.00000         0.00000         0.00000         0.00000    
   0.00000         0.00000         0.00000         0.00000    
   80.00         280.0        -3.900    
   0.00000         0.00000         0.00000         0.00000    
   0.00000         0.00000         0.00000         0.00000    
   80.00         290.0        -3.900    
   0.00000         0.00000         0.00000         0.00000    
   0.00000         0.00000         0.00000         0.00000    
   80.00         300.0        -3.900    
   0.00000         0.00000         0.00000         0.00000    
   0.00000         0.00000         0.00000         0.00000    
   80.00         310.0        -3.900    
   0.00000         0.00000         0.00000         0.00000    
   0.00000         0.00000         0.00000         0.00000    
   80.00         320.0        -3.900    
   0.00000         0.00000         0.00000         0.00000    
   0.00000         0.00000         0.00000         0.00000    
   80.00         330.0        -3.900    
   0.00000         0.00000         0.00000         0.00000    
   0.00000         0.00000         0.00000         0.00000    
   80.00         340.0        -3.900    
   0.00000         0.00000         0.00000         0.00000    
   0.00000         0.00000         0.00000         0.00000    
   80.00         350.0        -3.900    
   0.00000         0.00000         0.00000         0.00000    
   0.00000         0.00000         0.00000         0.00000    
   80.00         360.0        -3.900    
   0.00000         0.00000         0.00000         0.00000    
   0.00000         0.00000         0.00000         0.00000    
   80.00         370.0        -3.900    
   0.00000         0.00000         0.00000         0.00000    
   0.00000         0.00000         0.00000         0.00000    
   80.00         380.0        -3.900    
   0.00000         0.00000         0.00000         0.00000    
   0.00000         0.00000         0.00000         0.00000    
   80.00         400.0        -3.900    
   0.00000         0.00000         0.00000         0.00000    
   0.00000         0.00000         0.00000         0.00000    
   80.00         450.0        -3.900    
   0.00000         0.00000         0.00000         0.00000    
   0.00000         0.00000         0.00000         0.00000    
   80.00         500.0        -3.900    
   0.00000         0.00000         0.00000         0.00000    
   0.00000         0.00000         0.00000         0.00000    
   80.00        0.9106E-01    -3.200    
  -782390.         710322.        -782561.         698619.    
  0.965979E-06   -0.738629E-08   -0.202919E-05   -0.613114E-07
   80.00        0.1006        -3.200    
  -654971.         594666.        -655149.         584291.    
  0.127315E-05   -0.106699E-07   -0.267479E-05   -0.883402E-07
   80.00        0.1112        -3.200    
  -546019.         495770.        -546117.         486492.    
  0.168595E-05   -0.154963E-07   -0.354256E-05   -0.127935E-06
   80.00        0.1229        -3.200    
  -453694.         411965.        -453764.         403702.    
  0.223918E-05   -0.225735E-07   -0.470580E-05   -0.185780E-06
   80.00        0.1358        -3.200    
  -375662.         341133.        -375704.         333768.    
  0.298278E-05   -0.329861E-07   -0.627080E-05   -0.270538E-06
   80.00        0.1501        -3.200    
  -309501.         281074.        -309523.         274520.    
  0.399504E-05   -0.484739E-07   -0.839940E-05   -0.396046E-06
   80.00        0.1659        -3.200    
  -253739.         230454.        -253773.         224646.    
  0.537457E-05   -0.715785E-07   -0.113027E-04   -0.582359E-06
   80.00        0.1834        -3.200    
  -206756.         187802.        -206793.         182654.    
  0.727475E-05   -0.106395E-06   -0.153033E-04   -0.861608E-06
   80.00        0.2027        -3.200    
  -167446.         152114.        -167487.         147553.    
  0.990230E-05   -0.159061E-06   -0.208378E-04   -0.128153E-05
   80.00        0.2240        -3.200    
  -134616.         122308.        -134662.         118271.    
  0.135724E-04   -0.239508E-06   -0.285725E-04   -0.191884E-05
   80.00        0.2475        -3.200    
  -107285.         97493.8        -107332.         93917.9    
  0.187571E-04   -0.363739E-06   -0.395056E-04   -0.289614E-05
   80.00        0.2736        -3.200    
  -84476.0         76783.5        -84521.0         73617.8    
  0.262416E-04   -0.559738E-06   -0.552988E-04   -0.442630E-05
   80.00        0.3023        -3.200    
  -65706.5         59740.2        -65743.2         56931.7    
  0.371358E-04   -0.871336E-06   -0.783048E-04   -0.683885E-05
   80.00        0.3341        -3.200    
  -50209.5         45667.3        -50235.1         43174.1    
  0.534886E-04   -0.138174E-05   -0.112868E-03   -0.107555E-04
   80.00        0.3693        -3.200    
  -37501.9         34126.6        -37525.3         31920.7    
  0.787691E-04   -0.224245E-05   -0.166384E-03   -0.172970E-04
   80.00        0.4081        -3.200    
  -27186.1         24757.1        -27209.8         22808.2    
  0.119454E-03   -0.374816E-05   -0.252523E-03   -0.286239E-04
   80.00        0.4510        -3.200    
  -18841.6         17177.1        -18870.7         15460.6    
  0.189270E-03   -0.655253E-05   -0.401455E-03   -0.494939E-04
   80.00        0.4985        -3.200    
  -12139.9         11088.6        -12159.2         9566.20    
  0.322640E-03   -0.123373E-04   -0.683740E-03   -0.920702E-04
   80.00        0.5509        -3.200    
  -6829.79         6263.46        -6857.99         4928.54    
  0.627776E-03   -0.265360E-04   -0.133244E-02   -0.195429E-03
   80.00        0.6088        -3.200    
  -2663.97         2477.26        -2689.68         1299.47    
  0.175529E-02   -0.821044E-04   -0.373224E-02   -0.595968E-03
   80.00        0.6729        -3.200    
   561.188        -454.839         536.716        -1492.15    
 -0.963928E-02    0.499629E-03    0.205389E-01    0.356937E-02
   80.00        0.7436        -3.200    
   3001.77        -2674.50         2979.18        -3588.37    
 -0.190089E-02    0.109296E-03    0.406007E-02    0.767350E-03
   80.00        0.8218        -3.200    
   4807.59        -4317.73         4786.09        -5121.46    
 -0.129393E-02    0.826531E-04    0.277140E-02    0.569346E-03
   80.00        0.9083        -3.200    
   6096.16        -5491.21         6074.99        -6196.72    
 -0.111355E-02    0.791516E-04    0.239289E-02    0.533981E-03
   80.00         1.004        -3.200    
   6966.52        -6284.82         6945.02        -6902.68    
 -0.106271E-02    0.842034E-04    0.229231E-02    0.555265E-03
   80.00         1.109        -3.200    
   7498.42        -6770.96         7475.39        -7310.83    
 -0.107496E-02    0.950407E-04    0.232885E-02    0.611449E-03
   80.00         1.226        -3.200    
   7769.21        -7019.87         7746.61        -7491.74    
 -0.112838E-02    0.111637E-03    0.245701E-02    0.698999E-03
   80.00         1.355        -3.200    
   7831.56        -7079.36         7810.09        -7491.95    
 -0.121497E-02    0.134750E-03    0.266108E-02    0.819212E-03
   80.00         1.497        -3.200    
   7734.94        -6994.34         7715.31        -7355.46    
 -0.133202E-02    0.165897E-03    0.293457E-02    0.976882E-03
   80.00         1.655        -3.200    
   7517.07        -6799.08         7497.90        -7113.42    
 -0.148185E-02    0.207906E-03    0.329291E-02    0.118223E-02
   80.00         1.829        -3.200    
   7211.86        -6524.34         7193.20        -6797.59    
 -0.166383E-02    0.263726E-03    0.373331E-02    0.144407E-02
   80.00         2.021        -3.200    
   6845.38        -6193.80         6827.32        -6431.15    
 -0.188577E-02    0.337957E-03    0.427091E-02    0.177643E-02
   80.00         2.234        -3.200    
   6436.58        -5824.71         6419.07        -6030.24    
 -0.214948E-02    0.437313E-03    0.492497E-02    0.219887E-02
   80.00         2.469        -3.200    
   6004.51        -5434.33         5987.95        -5612.32    
 -0.246011E-02    0.569716E-03    0.571143E-02    0.273062E-02
   80.00         2.729        -3.200    
   5561.32        -5033.72         5546.52        -5188.30    
 -0.282415E-02    0.746779E-03    0.665526E-02    0.339874E-02
   80.00         3.016        -3.200    
   5118.40        -4633.22         5104.75        -4766.90    
 -0.324766E-02    0.983411E-03    0.778317E-02    0.423324E-02
   80.00         3.333        -3.200    
   4683.40        -4239.78         4670.52        -4354.89    
 -0.373721E-02    0.129983E-02    0.912719E-02    0.527014E-02
   80.00         3.683        -3.200    
   4262.38        -3858.93         4250.99        -3958.52    
 -0.429768E-02    0.172196E-02    0.107197E-01    0.654756E-02
   80.00         4.071        -3.200    
   3858.09        -3493.15         3848.48        -3579.51    
 -0.493680E-02    0.228642E-02    0.126069E-01    0.811476E-02
   80.00         4.499        -3.200    
   3475.58        -3147.06         3467.87        -3222.17    
 -0.565528E-02    0.303468E-02    0.148210E-01    0.100082E-01
   80.00         4.972        -3.200    
   3116.01        -2821.69         3110.51        -2887.47    
 -0.645535E-02    0.402203E-02    0.174057E-01    0.122700E-01
   80.00         5.495        -3.200    
   2780.31        -2517.91         2777.23        -2575.97    
 -0.733642E-02    0.531393E-02    0.204033E-01    0.149321E-01
   80.00         6.073        -3.200    
   2469.11        -2236.28         2468.65        -2288.09    
 -0.829501E-02    0.698137E-02    0.238508E-01    0.180067E-01
   80.00         6.711        -3.200    
   2182.62        -1977.03         2184.95        -2023.84    
 -0.932696E-02    0.908973E-02    0.277819E-01    0.214796E-01
   80.00         7.417        -3.200    
   1919.64        -1739.04         1925.11        -1782.15    
 -0.104376E-01    0.116857E-01    0.322548E-01    0.253226E-01
   80.00         8.197        -3.200    
   1679.83        -1522.03         1688.59        -1562.45    
 -0.116494E-01    0.147377E-01    0.373588E-01    0.294869E-01
   80.00         9.059        -3.200    
   1462.18        -1325.07         1474.56        -1363.85    
 -0.130039E-01    0.181586E-01    0.433049E-01    0.340810E-01
   80.00         10.01        -3.200    
   1265.80        -1147.35         1281.95        -1185.33    
 -0.145544E-01    0.223632E-01    0.503710E-01    0.394142E-01
   80.00         11.06        -3.200    
   1089.20        -987.548         1109.30        -1025.44    
 -0.163328E-01    0.274566E-01    0.587652E-01    0.457031E-01
   80.00         12.23        -3.200    
   929.744        -843.259         953.896        -881.644    
 -0.183958E-01    0.337129E-01    0.688161E-01    0.531862E-01
   80.00         13.51        -3.200    
   788.991        -715.889         817.142        -755.205    
 -0.207472E-01    0.412794E-01    0.806079E-01    0.619858E-01
   80.00         14.94        -3.200    
   662.706        -601.605         695.058        -642.402    
 -0.234770E-01    0.503945E-01    0.946480E-01    0.724777E-01
   80.00         16.51        -3.200    
   551.953        -501.366         588.368        -543.880    
 -0.265938E-01    0.612552E-01    0.111051        0.847823E-01
   80.00         18.24        -3.200    
   454.883        -413.495         495.131        -457.826    
 -0.301599E-01    0.740287E-01    0.130122        0.991282E-01
   80.00         20.16        -3.200    
   369.721        -336.381         413.524        -382.534    
 -0.342638E-01    0.890250E-01    0.152334        0.115770    
   80.00         22.28        -3.200    
   295.929        -269.532         342.893        -317.383    
 -0.389436E-01    0.106375        0.177829        0.134751    
   80.00         24.63        -3.200    
   232.272        -211.827         281.806        -261.046    
 -0.442882E-01    0.126169        0.206982        0.156154    
   80.00         27.22        -3.200    
   178.204        -162.770         229.631        -212.924    
 -0.503172E-01    0.148295        0.239742        0.179729    
   80.00         30.08        -3.200    
   132.717        -121.443         185.280        -172.007    
 -0.570761E-01    0.172590        0.276147        0.205204    
   80.00         33.24        -3.200    
   94.9821        -87.0976         147.812        -137.422    
 -0.645909E-01    0.198834        0.316115        0.232143    
   80.00         36.74        -3.200    
   64.1878        -59.0030         116.301        -108.311    
 -0.729006E-01    0.226711        0.359628        0.260105    
   80.00         40.60        -3.200    
   39.7601        -36.6504         90.2036        -84.1715    
 -0.819086E-01    0.255476        0.405994        0.288187    
   80.00         44.87        -3.200    
   20.9302        -19.3516         68.7815        -64.3244    
 -0.915259E-01    0.284540        0.454699        0.315589    
   80.00         49.59        -3.200    
   7.04118        -6.52243         51.4161        -48.2028    
 -0.101646        0.313251        0.505290        0.341608    
   80.00         54.81        -3.200    
  -2.59404         2.43684         37.5753        -35.3215    
 -0.112048        0.340840        0.556943        0.365447    
   80.00         60.57        -3.200    
  -8.58847         8.06753         26.7886        -25.2533    
 -0.122414        0.366511        0.608599        0.386287    
   80.00         66.94        -3.200    
  -11.7201         11.0575         18.5438        -17.5327    
 -0.132521        0.389979        0.659884        0.403867    
   80.00         73.98        -3.200    
  -12.7014         12.0470         12.4197        -11.7776    
 -0.142025        0.410749        0.709940        0.417808    
   80.00         81.76        -3.200    
  -12.1630         11.6014         8.01565        -7.62345    
 -0.150555        0.428540        0.757859        0.427867    
   80.00         89.36        -3.200    
  -10.8601         10.4122         5.24057        -4.99667    
 -0.157180        0.442051        0.798660        0.433856    
   80.00         90.36        -3.200    
  -10.6567         10.2241         4.95626        -4.72693    
 -0.157937        0.443591        0.803606        0.434415    
   80.00         91.20        -3.200    
  -10.4835         10.0635         4.72957        -4.51182    
 -0.158550        0.444835        0.807695        0.434840    
   80.00         92.00        -3.200    
  -10.3170         9.90881         4.52341        -4.31615    
 -0.159117        0.445980        0.811527        0.435207    
   80.00         99.86        -3.200    
  -8.65726         8.35477         2.92137        -2.79325    
 -0.163850        0.455729        0.846294        0.437358    
   80.00         110.4        -3.200    
  -6.57809         6.38540         1.62563        -1.55772    
 -0.168164        0.465281        0.885700        0.438019    
   80.00         120.0        -3.200    
  -4.97598         4.85294        0.950533       -0.912140    
 -0.170567        0.471677        0.915958        0.438866    
   80.00         130.0        -3.200    
  -3.62893         3.55437        0.541180       -0.519843    
 -0.171738        0.476308        0.942798        0.439758    
   80.00         140.0        -3.200    
  -2.59600         2.55211        0.305922       -0.294023    
 -0.171887        0.479517        0.965160        0.440595    
   80.00         150.0        -3.200    
  -1.82548         1.80032        0.171167       -0.164529    
 -0.171312        0.481827        0.984277        0.441266    
   80.00         160.0        -3.200    
  -1.26175         1.24771        0.945404E-01   -0.908486E-01
 -0.170120        0.483000         1.00029        0.441191    
   80.00         170.0        -3.200    
 -0.855316        0.847734        0.513550E-01   -0.493178E-01
 -0.168500        0.484132         1.01382        0.441352    
   80.00         180.0        -3.200    
 -0.569324        0.565359        0.273269E-01   -0.262169E-01
 -0.166540        0.484510         1.02507        0.441072    
   80.00         190.0        -3.200    
 -0.371236        0.369236        0.141729E-01   -0.135789E-01
 -0.164348        0.484561         1.03453        0.440753    
   80.00         200.0        -3.200    
 -0.236338        0.235371        0.712408E-02   -0.681403E-02
 -0.161947        0.484174         1.04202        0.440282    
   80.00         210.0        -3.200    
 -0.146179        0.145734        0.344399E-02   -0.328740E-02
 -0.159421        0.483587         1.04805        0.439807    
   80.00         220.0        -3.200    
 -0.874531E-01    0.872601E-01    0.158672E-02   -0.151085E-02
 -0.156769        0.482526         1.05226        0.439113    
   80.00         230.0        -3.200    
 -0.502622E-01    0.501841E-01    0.687610E-03   -0.652815E-03
 -0.153889        0.570616         1.05532        0.519798    
   80.00         240.0        -3.200    
 -0.274575E-01    0.274286E-01    0.275611E-03   -0.260756E-03
 -0.149665        0.479452         1.05597        0.437341    
   80.00         250.0        -3.200    
 -0.140468E-01    0.140373E-01    0.996946E-04   -0.939274E-04
 -0.147643        0.474671         1.04959        0.433696    
   80.00         260.0        -3.200    
 -0.658373E-02    0.658101E-02    0.313485E-04   -0.293808E-04
 -0.355102E-01    0.475516         1.05532        0.435329    
   80.00         270.0        -3.200    
 -0.272927E-02    0.272864E-02    0.807834E-05   -0.752089E-05
 -0.477669E-01    0.149727         1.23486        0.137382    
   80.00         280.0        -3.200    
 -0.942035E-03    0.941927E-03    0.153644E-05   -0.141763E-05
 -0.665214E-01    0.215568        0.483405        0.198288    
   80.00         290.0        -3.200    
 -0.239645E-03    0.239634E-03    0.173984E-06   -0.158419E-06
 -0.964809E-01    0.322695        0.723191        0.297646    
   80.00         300.0        -3.200    
 -0.417720E-04    0.417716E-04    0.374946E-08   -0.947289E-09
 -0.916237E-09    0.351009E-08    0.725273E-08     0.00000    
   80.00         310.0        -3.200    
 -0.868325E-06    0.868325E-06    0.530002E-11   -0.130079E-11
 -0.126064E-11    0.498080E-11    0.102729E-10     0.00000    
   80.00         320.0        -3.200    
   0.00000         0.00000         0.00000         0.00000    
   0.00000         0.00000         0.00000         0.00000    
   80.00         330.0        -3.200    
   0.00000         0.00000         0.00000         0.00000    
   0.00000         0.00000         0.00000         0.00000    
   80.00         340.0        -3.200    
   0.00000         0.00000         0.00000         0.00000    
   0.00000         0.00000         0.00000         0.00000    
   80.00         350.0        -3.200    
   0.00000         0.00000         0.00000         0.00000    
   0.00000         0.00000         0.00000         0.00000    
   80.00         360.0        -3.200    
   0.00000         0.00000         0.00000         0.00000    
   0.00000         0.00000         0.00000         0.00000    
   80.00         370.0        -3.200    
   0.00000         0.00000         0.00000         0.00000    
   0.00000         0.00000         0.00000         0.00000    
   80.00         380.0        -3.200    
   0.00000         0.00000         0.00000         0.00000    
   0.00000         0.00000         0.00000         0.00000    
   80.00         400.0        -3.200    
   0.00000         0.00000         0.00000         0.00000    
   0.00000         0.00000         0.00000         0.00000    
   80.00         450.0        -3.200    
   0.00000         0.00000         0.00000         0.00000    
   0.00000         0.00000         0.00000         0.00000    
   80.00         500.0        -3.200    
   0.00000         0.00000         0.00000         0.00000    
   0.00000         0.00000         0.00000         0.00000    
   80.00        0.9106E-01    -2.960    
  -923940.         797600.        -924090.         785655.    
  0.735801E-06   -0.154905E-07   -0.186480E-05   -0.774175E-07
   80.00        0.1006        -2.960    
  -775410.         669417.        -775407.         658668.    
  0.967529E-06   -0.222914E-07   -0.245208E-05   -0.111288E-06
   80.00        0.1112        -2.960    
  -648221.         559649.        -648393.         550244.    
  0.127755E-05   -0.322183E-07   -0.323686E-05   -0.160657E-06
   80.00        0.1229        -2.960    
  -540274.         466484.        -540476.         458166.    
  0.169154E-05   -0.466939E-07   -0.428510E-05   -0.232536E-06
   80.00        0.1358        -2.960    
  -448883.         387607.        -449015.         380176.    
  0.224637E-05   -0.678606E-07   -0.568968E-05   -0.337459E-06
   80.00        0.1501        -2.960    
  -371255.         320605.        -371358.         313989.    
  0.299702E-05   -0.991080E-07   -0.758968E-05   -0.492060E-06
   80.00        0.1659        -2.960    
  -305698.         264020.        -305750.         258112.    
  0.401573E-05   -0.145364E-06   -0.101677E-04   -0.720441E-06
   80.00        0.1834        -2.960    
  -250342.         216239.        -250372.         210981.    
  0.540994E-05   -0.214411E-06   -0.136953E-04   -0.106057E-05
   80.00        0.2027        -2.960    
  -203918.         176165.        -203950.         171505.    
  0.732325E-05   -0.317723E-06   -0.185356E-04   -0.156821E-05
   80.00        0.2240        -2.960    
  -165046.         142609.        -165096.         138492.    
  0.997197E-05   -0.473566E-06   -0.252349E-04   -0.233185E-05
   80.00        0.2475        -2.960    
  -132593.         114592.        -132649.         110951.    
  0.136746E-04   -0.710787E-06   -0.345988E-04   -0.349073E-05
   80.00        0.2736        -2.960    
  -105423.         91134.0        -105479.         87912.0    
  0.189508E-04   -0.107873E-05   -0.479409E-04   -0.528225E-05
   80.00        0.3023        -2.960    
  -82984.6         71760.4        -83031.2         68902.9    
  0.265079E-04   -0.165179E-05   -0.670477E-04   -0.806243E-05
   80.00        0.3341        -2.960    
  -64384.3         55699.0        -64426.0         53168.3    
  0.376120E-04   -0.256665E-05   -0.951212E-04   -0.124833E-04
   80.00        0.3693        -2.960    
  -49062.3         42467.0        -49097.4         40225.7    
  0.543227E-04   -0.406073E-05   -0.137369E-03   -0.196720E-04
   80.00        0.4081        -2.960    
  -36558.6         31667.6        -36590.2         29684.8    
  0.801710E-04   -0.656437E-05   -0.202721E-03   -0.316625E-04
   80.00        0.4510        -2.960    
  -26382.6         22877.3        -26413.1         21126.2    
  0.122096E-03   -0.109532E-04   -0.308733E-03   -0.525773E-04
   80.00        0.4985        -2.960    
  -18151.1         15765.5        -18179.3         14219.0    
  0.194945E-03   -0.191685E-04   -0.492972E-03   -0.915218E-04
   80.00        0.5509        -2.960    
  -11572.4         10080.6        -11599.0         8716.02    
  0.335493E-03   -0.361612E-04   -0.848520E-03   -0.171639E-03
   80.00        0.6088        -2.960    
  -6356.94         5572.51        -6385.06         4371.39    
  0.668719E-03   -0.790341E-04   -0.169106E-02   -0.372692E-03
   80.00        0.6729        -2.960    
  -2265.80         2035.11        -2295.32         979.418    
  0.203984E-02   -0.264486E-03   -0.516258E-02   -0.123821E-02
   80.00        0.7436        -2.960    
   882.930        -688.589         852.355        -1615.71    
 -0.601716E-02    0.856104E-03    0.152374E-01    0.397600E-02
   80.00        0.8218        -2.960    
   3266.14        -2751.26         3240.43        -3569.23    
 -0.173219E-02    0.270577E-03    0.438985E-02    0.124555E-02
   80.00        0.9083        -2.960    
   5022.17        -4272.28         4999.32        -4992.39    
 -0.122753E-02    0.210642E-03    0.311407E-02    0.960182E-03
   80.00         1.004        -2.960    
   6267.89        -5352.56         6245.62        -5984.25    
 -0.107305E-02    0.202414E-03    0.272575E-02    0.912690E-03
   80.00         1.109        -2.960    
   7096.13        -6072.16         7073.53        -6625.45    
 -0.103266E-02    0.214129E-03    0.262746E-02    0.954028E-03
   80.00         1.226        -2.960    
   7601.73        -6513.03         7579.15        -6996.65    
 -0.104960E-02    0.239604E-03    0.267607E-02    0.105336E-02
   80.00         1.355        -2.960    
   7845.33        -6727.45         7823.68        -7150.35    
 -0.110522E-02    0.277918E-03    0.282502E-02    0.120388E-02
   80.00         1.497        -2.960    
   7885.97        -6766.41         7864.44        -7135.46    
 -0.119248E-02    0.330473E-03    0.305734E-02    0.140837E-02
   80.00         1.655        -2.960    
   7770.55        -6670.43         7749.79        -6992.11    
 -0.131038E-02    0.400878E-03    0.337206E-02    0.167759E-02
   80.00         1.829        -2.960    
   7538.40        -6473.42         7519.21        -6754.23    
 -0.145854E-02    0.492916E-03    0.376979E-02    0.202166E-02
   80.00         2.021        -2.960    
   7221.52        -6203.04         7203.41        -6447.66    
 -0.163960E-02    0.612755E-03    0.425973E-02    0.245778E-02
   80.00         2.234        -2.960    
   6843.72        -5879.87         6826.20        -6092.14    
 -0.185816E-02    0.769237E-03    0.485698E-02    0.300978E-02
   80.00         2.469        -2.960    
   6427.71        -5523.49         6411.08        -5707.64    
 -0.211748E-02    0.972107E-03    0.557335E-02    0.370034E-02
   80.00         2.729        -2.960    
   5988.94        -5147.26         5973.42        -5307.15    
 -0.242302E-02    0.123565E-02    0.642874E-02    0.456187E-02
   80.00         3.016        -2.960    
   5541.46        -4763.32         5527.13        -4901.79    
 -0.277974E-02    0.157696E-02    0.744320E-02    0.562784E-02
   80.00         3.333        -2.960    
   5095.13        -4380.21         5082.11        -4500.25    
 -0.319341E-02    0.201863E-02    0.863936E-02    0.693800E-02
   80.00         3.683        -2.960    
   4657.84        -4004.73         4647.00        -4109.49    
 -0.366882E-02    0.258834E-02    0.100403E-01    0.853254E-02
   80.00         4.071        -2.960    
   4233.69        -3640.44         4224.72        -3731.77    
 -0.421385E-02    0.332479E-02    0.116803E-01    0.104632E-01
   80.00         4.499        -2.960    
   3829.04        -3292.84         3821.81        -3372.52    
 -0.482985E-02    0.426792E-02    0.135774E-01    0.127597E-01
   80.00         4.972        -2.960    
   3445.92        -2963.70         3441.50        -3034.30    
 -0.551827E-02    0.546851E-02    0.157539E-01    0.154497E-01
   80.00         5.495        -2.960    
   3086.01        -2654.47         3084.00        -2717.11    
 -0.628108E-02    0.698667E-02    0.182393E-01    0.185501E-01
   80.00         6.073        -2.960    
   2750.53        -2366.21         2751.37        -2422.53    
 -0.711339E-02    0.888012E-02    0.210524E-01    0.220398E-01
   80.00         6.711        -2.960    
   2440.18        -2099.53         2444.31        -2151.06    
 -0.800811E-02    0.111971E-01    0.242236E-01    0.258661E-01
   80.00         7.417        -2.960    
   2154.02        -1853.64         2161.57        -1901.48    
 -0.896202E-02    0.139696E-01    0.278396E-01    0.299749E-01
   80.00         8.197        -2.960    
   1892.03        -1628.52         1903.19        -1673.69    
 -0.997351E-02    0.171569E-01    0.320758E-01    0.343184E-01
   80.00         9.059        -2.960    
   1653.27        -1423.36         1668.37        -1466.92    
 -0.110668E-01    0.207037E-01    0.372020E-01    0.390828E-01
   80.00         10.01        -2.960    
   1437.04        -1237.57         1456.35        -1280.42    
 -0.123070E-01    0.249897E-01    0.433018E-01    0.445162E-01
   80.00         11.06        -2.960    
   1241.91        -1069.92         1265.62        -1112.79    
 -0.137189E-01    0.300987E-01    0.505891E-01    0.508672E-01
   80.00         12.23        -2.960    
   1065.11        -918.015         1093.36        -961.510    
 -0.153505E-01    0.362963E-01    0.593195E-01    0.583901E-01
   80.00         13.51        -2.960    
   908.506        -783.461         941.314        -828.078    
 -0.171958E-01    0.437062E-01    0.696176E-01    0.672310E-01
   80.00         14.94        -2.960    
   767.501        -662.305         804.887        -708.422    
 -0.193285E-01    0.525431E-01    0.819318E-01    0.778100E-01
   80.00         16.51        -2.960    
   643.383        -555.647         685.288        -603.568    
 -0.217500E-01    0.629750E-01    0.963772E-01    0.902802E-01
   80.00         18.24        -2.960    
   534.173        -461.781         580.442        -511.674    
 -0.245080E-01    0.750742E-01    0.113251        0.104908    
   80.00         20.16        -2.960    
   437.952        -379.051         488.304        -430.931    
 -0.276678E-01    0.892346E-01    0.132982        0.121987    
   80.00         22.28        -2.960    
   354.176        -306.981         408.096        -360.638    
 -0.312724E-01    0.105540        0.155801        0.141634    
   80.00         24.63        -2.960    
   281.505        -244.414         338.430        -299.566    
 -0.353795E-01    0.124138        0.182036        0.163918    
   80.00         27.22        -2.960    
   219.383        -190.865         278.616        -247.103    
 -0.400189E-01    0.144944        0.211669        0.188644    
   80.00         30.08        -2.960    
   166.708        -145.386         227.404        -202.147    
 -0.452350E-01    0.167915        0.244943        0.215551    
   80.00         33.24        -2.960    
   122.589        -107.211         183.776        -163.796    
 -0.510669E-01    0.192966        0.281782        0.244241    
   80.00         36.74        -2.960    
   86.1502        -75.5910         146.810        -131.249    
 -0.575432E-01    0.219798        0.322195        0.274098    
   80.00         40.60        -2.960    
   56.7878        -50.0113         115.854        -103.929    
 -0.646235E-01    0.247890        0.365697        0.304276    
   80.00         44.87        -2.960    
   33.6764        -29.7751         90.0880        -81.1243    
 -0.722891E-01    0.276921        0.412067        0.333965    
   80.00         49.59        -2.960    
   16.1211        -14.3072         68.9166        -62.3195    
 -0.804324E-01    0.306157        0.460659        0.362122    
   80.00         54.81        -2.960    
   3.49514        -3.08805         51.7316        -46.9918    
 -0.889330E-01    0.335031        0.510958        0.387956    
   80.00         60.57        -2.960    
  -5.02988         4.56971         38.0323        -34.7135    
 -0.976006E-01    0.362993        0.562238        0.410659    
   80.00         66.94        -2.960    
  -10.2219         9.31012         27.3048        -25.0472    
 -0.106197        0.389404        0.613714        0.429526    
   80.00         73.98        -2.960    
  -12.7776         11.7116         19.0864        -17.5982    
 -0.114496        0.413918        0.664845        0.444269    
   80.00         81.76        -2.960    
  -13.3524         12.3302         12.9500        -12.0019    
 -0.122250        0.436280        0.715069        0.454754    
   80.00         89.36        -2.960    
  -12.6622         11.7755         8.92619        -8.31035    
 -0.128438        0.454006        0.758225        0.460356    
   80.00         90.36        -2.960    
  -12.5211         11.6547         8.50330        -7.92100    
 -0.129159        0.456087        0.763511        0.460830    
   80.00         91.20        -2.960    
  -12.3964         11.5473         8.16411        -7.60848    
 -0.129749        0.457793        0.767891        0.461185    
   80.00         92.00        -2.960    
  -12.2731         11.4404         7.85405        -7.32265    
 -0.130298        0.459393        0.772013        0.461498    
   80.00         99.86        -2.960    
  -10.8989         10.2280         5.38281        -5.03852    
 -0.135069        0.473458        0.810025        0.462905    
   80.00         110.4        -2.960    
  -8.90786         8.42873         3.26520        -3.07032    
 -0.139804        0.488441        0.854211        0.462860    
   80.00         120.0        -2.960    
  -7.19632         6.85538         2.08154        -1.96413    
 -0.142756        0.499116        0.888815        0.463953    
   80.00         130.0        -2.960    
  -5.64833         5.41476         1.30681        -1.23678    
 -0.144754        0.507997        0.920304        0.466351    
   80.00         140.0        -2.960    
  -4.37439         4.21718        0.822569       -0.780362    
 -0.145812        0.514950        0.947405        0.469697    
   80.00         150.0        -2.960    
  -3.34989         3.24573        0.518240       -0.492579    
 -0.146157        0.520476        0.971031        0.473398    
   80.00         160.0        -2.960    
  -2.53705         2.46909        0.326291       -0.310580    
 -0.145973        0.524970        0.991835        0.477132    
   80.00         170.0        -2.960    
  -1.90624         1.86242        0.204994       -0.195325    
 -0.145393        0.528700         1.01035        0.480980    
   80.00         180.0        -2.960    
  -1.42197         1.39405        0.128404       -0.122422    
 -0.144421        0.531550         1.02627        0.484631    
   80.00         190.0        -2.960    
  -1.05243         1.03491        0.800392E-01   -0.763327E-01
 -0.143190        0.533794         1.04021        0.488221    
   80.00         200.0        -2.960    
 -0.771957        0.761111        0.495629E-01   -0.472664E-01
 -0.141773        0.535611         1.05253        0.491853    
   80.00         210.0        -2.960    
 -0.561524        0.554908        0.304342E-01   -0.290138E-01
 -0.140225        0.537086         1.06344        0.495526    
   80.00         220.0        -2.960    
 -0.404944        0.400968        0.185034E-01   -0.176291E-01
 -0.138529        0.538061         1.07271        0.499076    
   80.00         230.0        -2.960    
 -0.289164        0.286818        0.111092E-01   -0.105748E-01
 -0.136774        0.534995         1.08096        0.499145    
   80.00         240.0        -2.960    
 -0.204173        0.202818        0.657309E-02   -0.624978E-02
 -0.134936        0.539284         1.08788        0.506312    
   80.00         250.0        -2.960    
 -0.142236        0.141471        0.382135E-02   -0.362827E-02
 -0.133054        0.539457         1.09366        0.509857    
   80.00         260.0        -2.960    
 -0.976684E-01    0.972474E-01    0.217522E-02   -0.206183E-02
 -0.131163        0.636997         1.09865        0.606260    
   80.00         270.0        -2.960    
 -0.659835E-01    0.657587E-01    0.120815E-02   -0.114293E-02
 -0.128010        0.539107         1.10235        0.516837    
   80.00         280.0        -2.960    
 -0.437309E-01    0.436148E-01    0.651082E-03   -0.614533E-03
 -0.126491        0.538425         1.10556        0.520092    
   80.00         290.0        -2.960    
 -0.283343E-01    0.282767E-01    0.338812E-03   -0.318974E-03
 -0.124898        0.534384         1.10062        0.520202    
   80.00         300.0        -2.960    
 -0.178661E-01    0.178389E-01    0.168784E-03   -0.158422E-03
 -0.123104        0.534857         1.10862        0.524827    
   80.00         310.0        -2.960    
 -0.108951E-01    0.108830E-01    0.797917E-04   -0.746360E-04
 -0.145023        0.535797         1.10881        0.530041    
   80.00         320.0        -2.960    
 -0.638421E-02    0.637913E-02    0.352991E-04   -0.328854E-04
 -0.406470E-01    0.629269         1.30290        0.627647    
   80.00         330.0        -2.960    
 -0.355725E-02    0.355531E-02    0.143727E-04   -0.133264E-04
 -0.486912E-01    0.528766         1.09376        0.531814    
   80.00         340.0        -2.960    
 -0.185794E-02    0.185727E-02    0.524194E-05   -0.483274E-05
 -0.588709E-01    0.255064         1.08550        0.258713    
   80.00         350.0        -2.960    
 -0.890023E-03    0.889825E-03    0.165021E-05   -0.151089E-05
 -0.717265E-01    0.319616        0.670080        0.326983    
   80.00         360.0        -2.960    
 -0.377771E-03    0.377723E-03    0.420516E-06   -0.381616E-06
 -0.880374E-01    0.402984        0.844058        0.415838    
   80.00         370.0        -2.960    
 -0.133889E-03    0.133880E-03    0.777438E-07   -0.697268E-07
 -0.107898        0.506596         1.06015        0.527310    
   80.00         380.0        -2.960    
 -0.495102E-04    0.495090E-04    0.521207E-08   -0.104190E-08
 -0.102008E-08    0.500370E-08    0.102047E-07     0.00000    
   80.00         400.0        -2.960    
 -0.192734E-06    0.192734E-06    0.309999E-12   -0.598015E-13
 -0.586660E-13    0.298461E-12    0.608183E-12     0.00000    
   80.00         450.0        -2.960    
   0.00000         0.00000         0.00000         0.00000    
   0.00000         0.00000         0.00000         0.00000    
   80.00         500.0        -2.960    
   0.00000         0.00000         0.00000         0.00000    
   0.00000         0.00000         0.00000         0.00000    
   80.00        0.9106E-01    -2.400    
 -0.107103E+07     766084.       -0.107104E+07     756563.    
  0.385859E-06   -0.721893E-07   -0.525530E-06   -0.174875E-07
   80.00        0.1006        -2.400    
  -901942.         645248.        -901992.         636804.    
  0.505632E-06   -0.103380E-06   -0.688803E-06   -0.250777E-07
   80.00        0.1112        -2.400    
  -756852.         541552.        -756935.         534071.    
  0.665222E-06   -0.148684E-06   -0.906432E-06   -0.361226E-07
   80.00        0.1229        -2.400    
  -633438.         453340.        -633533.         446702.    
  0.877263E-06   -0.214284E-06   -0.119570E-05   -0.521479E-07
   80.00        0.1358        -2.400    
  -528707.         378474.        -528766.         372565.    
  0.115966E-05   -0.309456E-06   -0.158120E-05   -0.754495E-07
   80.00        0.1501        -2.400    
  -439519.         314712.        -439532.         309431.    
  0.154026E-05   -0.448816E-06   -0.209992E-05   -0.109654E-06
   80.00        0.1659        -2.400    
  -363994.         260711.        -364018.         256030.    
  0.205093E-05   -0.653032E-06   -0.279867E-05   -0.159913E-06
   80.00        0.1834        -2.400    
  -300031.         214972.        -300083.         210837.    
  0.274479E-05   -0.954536E-06   -0.374752E-05   -0.234339E-06
   80.00        0.2027        -2.400    
  -246213.         176481.        -246282.         172827.    
  0.368825E-05   -0.140022E-05   -0.503864E-05   -0.344719E-06
   80.00        0.2240        -2.400    
  -200991.         144133.        -201059.         140897.    
  0.498057E-05   -0.206333E-05   -0.680859E-05   -0.509549E-06
   80.00        0.2475        -2.400    
  -163089.         117016.        -163134.         114134.    
  0.676426E-05   -0.305672E-05   -0.925424E-05   -0.757460E-06
   80.00        0.2736        -2.400    
  -131221.         94211.5        -131232.         91636.1    
  0.926761E-05   -0.456884E-05   -0.126909E-04   -0.113649E-05
   80.00        0.3023        -2.400    
  -104778.         75284.6        -104804.         73013.5    
  0.127797E-04   -0.686800E-05   -0.175190E-04   -0.171560E-05
   80.00        0.3341        -2.400    
  -82740.5         59507.2        -82770.8         57501.7    
  0.178180E-04   -0.104375E-04   -0.244567E-04   -0.261946E-05
   80.00        0.3693        -2.400    
  -64477.9         46428.5        -64515.8         44661.2    
  0.251655E-04   -0.160642E-04   -0.345920E-04   -0.405250E-05
   80.00        0.4081        -2.400    
  -49472.7         35678.8        -49510.8         34118.3    
  0.360745E-04   -0.250782E-04   -0.496712E-04   -0.636281E-05
   80.00        0.4510        -2.400    
  -37165.1         26858.3        -37199.0         25478.0    
  0.527961E-04   -0.399551E-04   -0.728385E-04   -0.102020E-04
   80.00        0.4985        -2.400    
  -27118.5         19654.8        -27140.7         18429.6    
  0.795373E-04   -0.655065E-04   -0.109989E-03   -0.168449E-04
   80.00        0.5509        -2.400    
  -19003.0         13832.8        -19023.4         12750.3    
  0.124638E-03   -0.111631E-03   -0.172812E-03   -0.289313E-04
   80.00        0.6088        -2.400    
  -12486.6         9155.01        -12510.4         8203.00    
  0.208017E-03   -0.202495E-03   -0.289314E-03   -0.529386E-04
   80.00        0.6729        -2.400    
  -7294.89         5425.14        -7321.80         4589.17    
  0.389870E-03   -0.412297E-03   -0.544205E-03   -0.108835E-03
   80.00        0.7436        -2.400    
  -3220.80         2495.33        -3248.62         1760.74    
  0.962852E-03   -0.110524E-02   -0.134967E-02   -0.294901E-03
   80.00        0.8218        -2.400    
  -59.3800         219.003        -86.2738        -426.890    
  0.396940E-01   -0.494234E-01   -0.559144E-01   -0.133456E-01
   80.00        0.9083        -2.400    
   2349.02        -1517.97         2323.80        -2085.90    
 -0.161186E-02    0.217525E-02    0.228346E-02    0.595242E-03
   80.00         1.004        -2.400    
   4139.78        -2812.39         4117.09        -3312.06    
 -0.993972E-03    0.145267E-02    0.141747E-02    0.403455E-03
   80.00         1.109        -2.400    
   5418.33        -3739.57         5395.26        -4177.56    
 -0.827080E-03    0.130698E-02    0.118845E-02    0.368998E-03
   80.00         1.226        -2.400    
   6300.17        -4382.29         6276.38        -4764.92    
 -0.774698E-03    0.132297E-02    0.112313E-02    0.380476E-03
   80.00         1.355        -2.400    
   6853.10        -4788.93         6829.88        -5123.61    
 -0.774268E-03    0.142681E-02    0.113405E-02    0.418868E-03
   80.00         1.497        -2.400    
   7146.54        -5009.18         7124.47        -5302.15    
 -0.805521E-03    0.159902E-02    0.119377E-02    0.480302E-03
   80.00         1.655        -2.400    
   7238.63        -5084.71         7216.84        -5340.34    
 -0.861680E-03    0.184045E-02    0.129447E-02    0.567282E-03
   80.00         1.829        -2.400    
   7173.77        -5047.25         7151.65        -5269.72    
 -0.939756E-03    0.215509E-02    0.143387E-02    0.683698E-03
   80.00         2.021        -2.400    
   6991.03        -4924.78         6970.25        -5119.01    
 -0.103924E-02    0.255313E-02    0.161407E-02    0.836580E-03
   80.00         2.234        -2.400    
   6720.26        -4738.73         6700.48        -4907.97    
 -0.116214E-02    0.305187E-02    0.184197E-02    0.103714E-02
   80.00         2.469        -2.400    
   6388.12        -4508.16         6369.56        -4655.75    
 -0.130967E-02    0.366565E-02    0.212419E-02    0.129786E-02
   80.00         2.729        -2.400    
   6014.27        -4247.19         5996.58        -4375.66    
 -0.148482E-02    0.441553E-02    0.247209E-02    0.163742E-02
   80.00         3.016        -2.400    
   5615.96        -3968.19         5599.29        -4080.05    
 -0.169029E-02    0.531950E-02    0.289786E-02    0.207840E-02
   80.00         3.333        -2.400    
   5205.93        -3680.31         5190.66        -3777.97    
 -0.192897E-02    0.639657E-02    0.341761E-02    0.265130E-02
   80.00         3.683        -2.400    
   4794.45        -3390.93         4780.90        -3476.51    
 -0.220398E-02    0.766157E-02    0.405048E-02    0.339521E-02
   80.00         4.071        -2.400    
   4387.71        -3104.53         4376.55        -3180.12    
 -0.251931E-02    0.912804E-02    0.482223E-02    0.436468E-02
   80.00         4.499        -2.400    
   3993.61        -2826.77         3984.77        -2893.81    
 -0.287630E-02    0.107881E-01    0.575708E-02    0.562188E-02
   80.00         4.972        -2.400    
   3615.64        -2560.19         3609.24        -2620.08    
 -0.327727E-02    0.126282E-01    0.688747E-02    0.725298E-02
   80.00         5.495        -2.400    
   3256.64        -2306.85         3253.02        -2360.96    
 -0.372306E-02    0.146195E-01    0.824840E-02    0.936600E-02
   80.00         6.073        -2.400    
   2918.79        -2068.33         2918.24        -2117.85    
 -0.421313E-02    0.167291E-01    0.987635E-02    0.120948E-01
   80.00         6.711        -2.400    
   2603.59        -1845.73         2606.46        -1891.79    
 -0.474576E-02    0.189556E-01    0.118067E-01    0.156011E-01
   80.00         7.417        -2.400    
   2310.74        -1638.87         2317.30        -1682.39    
 -0.532225E-02    0.214256E-01    0.140822E-01    0.200972E-01
   80.00         8.197        -2.400    
   2040.69        -1448.09         2051.50        -1490.13    
 -0.594490E-02    0.245565E-01    0.167351E-01    0.258152E-01
   80.00         9.059        -2.400    
   1793.10        -1273.14         1808.26        -1314.35    
 -0.663232E-02    0.290564E-01    0.198596E-01    0.328697E-01
   80.00         10.01        -2.400    
   1567.54        -1113.74         1587.35        -1154.83    
 -0.741437E-02    0.344038E-01    0.236771E-01    0.411434E-01
   80.00         11.06        -2.400    
   1362.84        -969.068         1387.57        -1010.65    
 -0.829586E-02    0.406616E-01    0.283135E-01    0.507203E-01
   80.00         12.23        -2.400    
   1176.37        -837.263         1206.13        -879.780    
 -0.930378E-02    0.482158E-01    0.340104E-01    0.618995E-01
   80.00         13.51        -2.400    
   1010.32        -719.878         1045.17        -763.715    
 -0.104319E-01    0.569950E-01    0.408599E-01    0.746314E-01
   80.00         14.94        -2.400    
   860.022        -613.613         900.171        -659.166    
 -0.117179E-01    0.673894E-01    0.492445E-01    0.893081E-01
   80.00         16.51        -2.400    
   727.023        -519.552         772.374        -567.010    
 -0.131579E-01    0.794525E-01    0.592684E-01    0.105824    
   80.00         18.24        -2.400    
   609.364        -436.304         659.654        -485.698    
 -0.147739E-01    0.933075E-01    0.712515E-01    0.124338    
   80.00         20.16        -2.400    
   505.109        -362.492         560.077        -413.812    
 -0.165984E-01    0.109272        0.855620E-01    0.145057    
   80.00         22.28        -2.400    
   413.784        -297.770         472.960        -350.866    
 -0.186427E-01    0.127329        0.102428        0.167834    
   80.00         24.63        -2.400    
   334.032        -241.170         396.845        -295.778    
 -0.209368E-01    0.147604        0.122198        0.192697    
   80.00         27.22        -2.400    
   265.331        -192.314         330.987        -248.016    
 -0.234933E-01    0.170135        0.144988        0.219345    
   80.00         30.08        -2.400    
   206.557        -150.402         274.166        -206.694    
 -0.263349E-01    0.194727        0.170990        0.247428    
   80.00         33.24        -2.400    
   156.793        -114.782         225.362        -171.070    
 -0.294841E-01    0.221160        0.200269        0.276565    
   80.00         36.74        -2.400    
   115.126        -84.8138         183.515        -140.390    
 -0.329730E-01    0.249295        0.232924        0.306324    
   80.00         40.60        -2.400    
   80.9686        -60.0903         148.052        -114.234    
 -0.367845E-01    0.278483        0.268594        0.335922    
   80.00         44.87        -2.400    
   53.4603        -40.0135         118.115        -92.0008    
 -0.409234E-01    0.308356        0.307089        0.364721    
   80.00         49.59        -2.400    
   31.8912        -24.1092         93.0549        -73.2288    
 -0.453615E-01    0.338458        0.348000        0.392108    
   80.00         54.81        -2.400    
   15.5462        -11.8970         72.2651        -57.4988    
 -0.500760E-01    0.368232        0.390916        0.417509    
   80.00         60.57        -2.400    
   3.83680        -2.97922         55.2868        -44.5043    
 -0.549681E-01    0.396976        0.435019        0.440245    
   80.00         66.94        -2.400    
  -4.08316         3.19473         41.5665        -33.8678    
 -0.599680E-01    0.424376        0.479936        0.460066    
   80.00         73.98        -2.400    
  -8.96821         7.13374         30.6585        -25.2930    
 -0.649736E-01    0.450210        0.525193        0.476829    
   80.00         81.76        -2.400    
  -11.4862         9.28433         22.1608        -18.5142    
 -0.698263E-01    0.473907        0.570008        0.490289    
   80.00         89.36        -2.400    
  -12.2291         10.0295         16.3027        -13.7730    
 -0.739148E-01    0.493215        0.609228        0.499589    
   80.00         90.36        -2.400    
  -12.2364         10.0543         15.6674        -13.2547    
 -0.744096E-01    0.495520        0.614100        0.500591    
   80.00         91.20        -2.400    
  -12.2314         10.0658         15.1546        -12.8356    
 -0.748176E-01    0.497415        0.618144        0.501399    
   80.00         92.00        -2.400    
  -12.2181         10.0696         14.6833        -12.4499    
 -0.751995E-01    0.499186        0.621954        0.502139    
   80.00         99.86        -2.400    
  -11.7398         9.80897         10.8173        -9.26511    
 -0.786124E-01    0.515054        0.657230        0.508044    
   80.00         110.4        -2.400    
  -10.5309         8.94929         7.27320        -6.30475    
 -0.823059E-01    0.532422        0.699016        0.512610    
   80.00         120.0        -2.400    
  -9.23449         7.95823         5.12244        -4.48304    
 -0.849379E-01    0.545406        0.732687        0.514410    
   80.00         130.0        -2.400    
  -7.87834         6.87986         3.59158        -3.17093    
 -0.870403E-01    0.556559        0.763880        0.514524    
   80.00         140.0        -2.400    
  -6.64238         5.87033         2.54191        -2.26153    
 -0.885818E-01    0.565732        0.791627        0.513394    
   80.00         150.0        -2.400    
  -5.56150         4.96850         1.81345        -1.62435    
 -0.896943E-01    0.573582        0.816706        0.511759    
   80.00         160.0        -2.400    
  -4.63259         4.17925         1.30314        -1.17420    
 -0.904464E-01    0.580249        0.839446        0.509900    
   80.00         170.0        -2.400    
  -3.83941         3.49455        0.942657       -0.853836    
 -0.908855E-01    0.585863        0.860000        0.508273    
   80.00         180.0        -2.400    
  -3.17828         2.91625        0.685898       -0.624130    
 -0.910689E-01    0.590647        0.878654        0.506636    
   80.00         190.0        -2.400    
  -2.62922         2.43020        0.501536       -0.458218    
 -0.910702E-01    0.594850        0.895884        0.504940    
   80.00         200.0        -2.400    
  -2.17333         2.02227        0.368407       -0.337777    
 -0.908988E-01    0.598427        0.911596        0.503119    
   80.00         210.0        -2.400    
  -1.79356         1.67914        0.271647       -0.249835    
 -0.906013E-01    0.601614        0.926185        0.501299    
   80.00         220.0        -2.400    
  -1.47986         1.39319        0.200987       -0.185351    
 -0.901963E-01    0.604368        0.939591        0.499281    
   80.00         230.0        -2.400    
  -1.22146         1.15583        0.149139       -0.137859    
 -0.896907E-01    0.606720        0.951951        0.497102    
   80.00         240.0        -2.400    
  -1.00829        0.958605        0.110937       -0.102754    
 -0.891143E-01    0.608732        0.963347        0.494755    
   80.00         250.0        -2.400    
 -0.832200        0.794598        0.826798E-01   -0.767143E-01
 -0.884826E-01    0.610469        0.973928        0.492320    
   80.00         260.0        -2.400    
 -0.686177        0.657781        0.617133E-01   -0.573435E-01
 -0.878029E-01    0.612029        0.983779        0.489844    
   80.00         270.0        -2.400    
 -0.565557        0.544121        0.461123E-01   -0.428993E-01
 -0.870996E-01    0.613386        0.992996        0.487354    
   80.00         280.0        -2.400    
 -0.466095        0.449944        0.344809E-01   -0.321097E-01
 -0.863737E-01    0.614552         1.00155        0.484822    
   80.00         290.0        -2.400    
 -0.384077        0.371908        0.257931E-01   -0.240380E-01
 -0.856088E-01    0.615538         1.00946        0.482278    
   80.00         300.0        -2.400    
 -0.316303        0.307161        0.192962E-01   -0.179933E-01
 -0.848310E-01    0.616256         1.01673        0.479652    
   80.00         310.0        -2.400    
 -0.260315        0.253451        0.144291E-01   -0.134604E-01
 -0.840443E-01    0.616923         1.02348        0.477094    
   80.00         320.0        -2.400    
 -0.213912        0.208778        0.107834E-01   -0.100617E-01
 -0.832377E-01    0.617303         1.02956        0.474410    
   80.00         330.0        -2.400    
 -0.175565        0.171733        0.804800E-02   -0.750982E-02
 -0.824375E-01    0.617700         1.03540        0.471847    
   80.00         340.0        -2.400    
 -0.143937        0.141083        0.599739E-02   -0.559580E-02
 -0.816343E-01    0.617981         1.04080        0.469340    
   80.00         350.0        -2.400    
 -0.117871        0.115754        0.446027E-02   -0.416062E-02
 -0.808360E-01    0.618218         1.04519        0.466876    
   80.00         360.0        -2.400    
 -0.963971E-01    0.948287E-01    0.330953E-02   -0.308594E-02
 -0.978730E-01    0.617944         1.05057        0.464119    
   80.00         370.0        -2.400    
 -0.786731E-01    0.775192E-01    0.244962E-02   -0.228294E-02
 -0.792319E-01    0.618292         1.05464        0.461946    
   80.00         380.0        -2.400    
 -0.640922E-01    0.632454E-01    0.180785E-02   -0.168377E-02
 -0.784109E-01    0.617976         1.05814        0.459357    
   80.00         400.0        -2.400    
 -0.422110E-01    0.417601E-01    0.972778E-03   -0.904472E-03
 -0.759386E-01    0.617644         1.06511        0.454668    
   80.00         450.0        -2.400    
 -0.140901E-01    0.140062E-01    0.189096E-03   -0.174701E-03
 -0.727206E-01    0.608857         1.06681        0.438612    
   80.00         500.0        -2.400    
 -0.419972E-02    0.418704E-02    0.301678E-04   -0.276013E-04
 -0.492686E-01    0.771916         1.07537        0.546052    
   80.00        0.9106E-01    -1.200    
 -0.112675E+07     340830.       -0.112688E+07     337934.    
  0.221115E-06   -0.303936E-07    0.162569E-06   -0.935426E-07
   80.00        0.1006        -1.200    
  -951503.         287750.        -951588.         285171.    
  0.288961E-06   -0.434587E-07    0.212385E-06   -0.133715E-06
   80.00        0.1112        -1.200    
  -800867.         242132.        -800900.         239826.    
  0.379039E-06   -0.623972E-07    0.278491E-06   -0.191924E-06
   80.00        0.1229        -1.200    
  -672497.         203266.        -672575.         201205.    
  0.498171E-06   -0.897442E-07    0.365876E-06   -0.275942E-06
   80.00        0.1358        -1.200    
  -563343.         170224.        -563389.         168395.    
  0.656159E-06   -0.129315E-06    0.472811E-06   -0.397457E-06
   80.00        0.1501        -1.200    
  -470192.         142033.        -470274.         140419.    
  0.867413E-06   -0.187046E-06    0.636392E-06   -0.574649E-06
   80.00        0.1659        -1.200    
  -391129.         118112.        -391233.         116690.    
  0.115029E-05   -0.271363E-06    0.843379E-06   -0.833293E-06
   80.00        0.1834        -1.200    
  -324006.         97808.1        -324116.         96551.8    
  0.153183E-05   -0.395370E-06    0.112227E-05   -0.121344E-05
   80.00        0.2027        -1.200    
  -267379.         80683.8        -267464.         79566.6    
  0.204702E-05   -0.577864E-06    0.149835E-05   -0.177250E-05
   80.00        0.2240        -1.200    
  -219659.         66256.9        -219767.         65274.5    
  0.274621E-05   -0.847703E-06    0.200807E-05   -0.259849E-05
   80.00        0.2475        -1.200    
  -179539.         54131.3        -179538.         53227.7    
  0.370397E-05   -0.124989E-05    0.270516E-05   -0.382856E-05
   80.00        0.2736        -1.200    
  -145689.         43904.0        -145696.         43108.0    
  0.503017E-05   -0.185616E-05    0.366857E-05   -0.568106E-05
   80.00        0.3023        -1.200    
  -117496.         35388.6        -117545.         34695.7    
  0.686558E-05   -0.276877E-05    0.499901E-05   -0.846671E-05
   80.00        0.3341        -1.200    
  -93902.1         28264.9        -93953.4         27654.8    
  0.945740E-05   -0.416872E-05    0.687294E-05   -0.127350E-04
   80.00        0.3693        -1.200    
  -74258.5         22336.2        -74314.4         21798.7    
  0.131613E-04   -0.634085E-05    0.954325E-05   -0.193494E-04
   80.00        0.4081        -1.200    
  -58034.1         17441.5        -58081.1         16966.0    
  0.185232E-04   -0.975026E-05    0.133959E-04   -0.297170E-04
   80.00        0.4510        -1.200    
  -44647.9         13404.8        -44691.3         12984.0    
  0.264672E-04   -0.152201E-04    0.190822E-04   -0.463250E-04
   80.00        0.4985        -1.200    
  -33646.9         10089.1        -33679.5         9717.75    
  0.385988E-04   -0.242490E-04    0.277286E-04   -0.736942E-04
   80.00        0.5509        -1.200    
  -24691.0         7391.31        -24721.3         7063.31    
  0.577454E-04   -0.396202E-04    0.413088E-04   -0.120205E-03
   80.00        0.6088        -1.200    
  -17434.1         5206.63        -17464.7         4918.14    
  0.896996E-04   -0.672005E-04    0.638480E-04   -0.203499E-03
   80.00        0.6729        -1.200    
  -11589.5         3448.34        -11622.8         3195.28    
  0.147816E-03   -0.120917E-03    0.104602E-03   -0.365394E-03
   80.00        0.7436        -1.200    
  -6942.61         2051.52        -6976.68         1829.44    
  0.269778E-03   -0.240879E-03    0.189605E-03   -0.726195E-03
   80.00        0.8218        -1.200    
  -3277.82         950.956        -3310.18         755.686    
  0.622366E-03   -0.606472E-03    0.433896E-03   -0.182357E-02
   80.00        0.9083        -1.200    
  -427.739         96.0399        -458.610        -75.6005    
  0.491192E-02   -0.522325E-02    0.339203E-02   -0.156593E-01
   80.00         1.004        -1.200    
   1750.04        -556.274         1719.52        -706.684    
 -0.143083E-02    0.166018E-02   -0.977084E-03    0.496074E-02
   80.00         1.109        -1.200    
   3364.63        -1039.00         3334.98        -1170.94    
 -0.804183E-03    0.101726E-02   -0.542002E-03    0.302843E-02
   80.00         1.226        -1.200    
   4542.28        -1390.19         4512.17        -1505.50    
 -0.647391E-03    0.893240E-03   -0.429562E-03    0.264809E-02
   80.00         1.355        -1.200    
   5352.28        -1630.83         5321.52        -1731.31    
 -0.596740E-03    0.897664E-03   -0.388724E-03    0.264866E-02
   80.00         1.497        -1.200    
   5868.56        -1783.22         5837.09        -1870.72    
 -0.590104E-03    0.967240E-03   -0.376131E-03    0.283880E-02
   80.00         1.655        -1.200    
   6155.44        -1866.74         6124.42        -1943.07    
 -0.609073E-03    0.108815E-02   -0.378253E-03    0.317432E-02
   80.00         1.829        -1.200    
   6258.74        -1895.24         6228.31        -1961.97    
 -0.646854E-03    0.125886E-02   -0.389492E-03    0.364711E-02
   80.00         2.021        -1.200    
   6221.22        -1881.59         6191.89        -1940.04    
 -0.700665E-03    0.148496E-02   -0.406672E-03    0.426858E-02
   80.00         2.234        -1.200    
   6076.23        -1835.83         6045.18        -1887.04    
 -0.770904E-03    0.177879E-02   -0.427909E-03    0.506739E-02
   80.00         2.469        -1.200    
   5852.14        -1766.51         5820.89        -1810.10    
 -0.856817E-03    0.215173E-02   -0.450726E-03    0.606688E-02
   80.00         2.729        -1.200    
   5571.12        -1680.30         5542.02        -1718.75    
 -0.959464E-03    0.262180E-02   -0.472652E-03    0.730468E-02
   80.00         3.016        -1.200    
   5252.16        -1582.90         5224.84        -1616.92    
 -0.108024E-02    0.321046E-02   -0.490827E-03    0.882225E-02
   80.00         3.333        -1.200    
   4909.82        -1478.67         4883.08        -1508.67    
 -0.122084E-02    0.394471E-02   -0.501365E-03    0.106674E-01
   80.00         3.683        -1.200    
   4555.85        -1371.16         4530.61        -1397.79    
 -0.138213E-02    0.485336E-02   -0.498842E-03    0.128807E-01
   80.00         4.071        -1.200    
   4197.97        -1262.65         4174.27        -1286.43    
 -0.156621E-02    0.597679E-02   -0.476509E-03    0.155150E-01
   80.00         4.499        -1.200    
   3845.00        -1155.80         3823.19        -1177.27    
 -0.177289E-02    0.734949E-02   -0.425890E-03    0.185861E-01
   80.00         4.972        -1.200    
   3501.55        -1051.97         3481.96        -1071.61    
 -0.200267E-02    0.901786E-02   -0.336539E-03    0.221072E-01
   80.00         5.495        -1.200    
   3171.38        -952.288         3154.26        -970.515    
 -0.225508E-02    0.110318E-01   -0.196093E-03    0.260587E-01
   80.00         6.073        -1.200    
   2857.43        -857.616         2843.21        -874.883    
 -0.252846E-02    0.134439E-01    0.944504E-05    0.303779E-01
   80.00         6.711        -1.200    
   2561.88        -768.596         2550.82        -785.242    
 -0.282013E-02    0.163147E-01    0.295545E-03    0.349695E-01
   80.00         7.417        -1.200    
   2285.09        -685.323         2277.50        -701.643    
 -0.313012E-02    0.197374E-01    0.681015E-03    0.397613E-01
   80.00         8.197        -1.200    
   2028.03        -608.077         2024.33        -624.351    
 -0.345728E-02    0.238433E-01    0.118872E-02    0.447760E-01
   80.00         9.059        -1.200    
   1790.77        -536.855         1791.26        -553.323    
 -0.381211E-02    0.288241E-01    0.185347E-02    0.503080E-01
   80.00         10.01        -1.200    
   1573.28        -471.647         1578.13        -488.476    
 -0.420585E-02    0.347023E-01    0.271580E-02    0.567792E-01
   80.00         11.06        -1.200    
   1374.76        -412.195         1384.80        -429.746    
 -0.464187E-02    0.417480E-01    0.382386E-02    0.643259E-01
   80.00         12.23        -1.200    
   1192.90        -357.800         1208.31        -376.181    
 -0.512644E-02    0.504839E-01    0.525074E-02    0.735177E-01
   80.00         13.51        -1.200    
   1030.09        -309.158         1051.02        -328.484    
 -0.565103E-02    0.603572E-01    0.704233E-02    0.845308E-01
   80.00         14.94        -1.200    
   881.944        -264.949         908.565        -285.322    
 -0.622814E-02    0.719199E-01    0.931842E-02    0.982878E-01
   80.00         16.51        -1.200    
   750.163        -225.664         782.421        -247.127    
 -0.684535E-02    0.858973E-01    0.121383E-01    0.114904    
   80.00         18.24        -1.200    
   632.970        -190.758         670.742        -213.313    
 -0.750207E-02    0.101450        0.156120E-01    0.134876    
   80.00         20.16        -1.200    
   528.578        -159.684         571.790        -183.304    
 -0.819285E-02    0.120051        0.198767E-01    0.158558    
   80.00         22.28        -1.200    
   436.632        -132.322         484.871        -156.945    
 -0.890725E-02    0.140207        0.250403E-01    0.185862    
   80.00         24.63        -1.200    
   355.882        -108.283         408.630        -133.755    
 -0.963448E-02    0.163188        0.312519E-01    0.216578    
   80.00         27.22        -1.200    
   285.904        -87.4279         342.449        -113.558    
 -0.103540E-01    0.188704        0.385957E-01    0.249670    
   80.00         30.08        -1.200    
   225.653        -69.4326         285.095        -95.9730    
 -0.110487E-01    0.216040        0.472076E-01    0.284170    
   80.00         33.24        -1.200    
   174.283        -54.0341         235.664        -80.7167    
 -0.116944E-01    0.245195        0.571821E-01    0.318616    
   80.00         36.74        -1.200    
   130.938        -40.9709         193.159        -67.4856    
 -0.122701E-01    0.275909        0.686388E-01    0.351302    
   80.00         40.60        -1.200    
   95.0897        -30.0817         156.983        -56.0984    
 -0.127503E-01    0.307242        0.815928E-01    0.379856    
   80.00         44.87        -1.200    
   65.9101        -21.1206         126.290        -46.2824    
 -0.131219E-01    0.338683        0.961318E-01    0.403473    
   80.00         49.59        -1.200    
   42.7263        -13.8960         100.495        -37.8781    
 -0.133677E-01    0.369680        0.112257        0.425139    
   80.00         54.81        -1.200    
   24.8673        -8.21390         79.0055        -30.7118    
 -0.134911E-01    0.399609        0.129970        0.444900    
   80.00         60.57        -1.200    
   11.7634        -3.91821         61.3265        -24.6481    
 -0.134870E-01    0.427814        0.149223        0.462374    
   80.00         66.94        -1.200    
   2.57403       -0.787188         46.9366        -19.5523    
 -0.133928E-01    0.453857        0.170006        0.477374    
   80.00         73.98        -1.200    
  -3.49328         1.38174         35.3970        -15.3159    
 -0.132277E-01    0.477337        0.192249        0.489864    
   80.00         81.76        -1.200    
  -7.09555         2.76449         26.2800        -11.8312    
 -0.130338E-01    0.498481        0.215949        0.501420    
   80.00         89.36        -1.200    
  -8.70388         3.46504         19.9028        -9.29128    
 -0.128715E-01    0.514881        0.238127        0.511466    
   80.00         90.36        -1.200    
  -8.80781         3.52049         19.2053        -9.00696    
 -0.128538E-01    0.516816        0.240973        0.512635    
   80.00         91.20        -1.200    
  -8.88195         3.56222         18.6413        -8.77599    
 -0.128399E-01    0.518387        0.243348        0.513599    
   80.00         92.00        -1.200    
  -8.94258         3.59819         18.1217        -8.56229    
 -0.128270E-01    0.519850        0.245602        0.514506    
   80.00         99.86        -1.200    
  -9.12609         3.79025         13.8156        -6.75468    
 -0.127369E-01    0.532510        0.267184        0.522443    
   80.00         110.4        -1.200    
  -8.65066         3.74231         9.76422        -4.97874    
 -0.127242E-01    0.546193        0.294722        0.531300    
   80.00         120.0        -1.200    
  -7.88727         3.53651         7.22895        -3.81659    
 -0.128114E-01    0.555871        0.318397        0.537938    
   80.00         130.0        -1.200    
  -6.95576         3.23986         5.36186        -2.92565    
 -0.129979E-01    0.563883        0.341665        0.543755    
   80.00         140.0        -1.200    
  -6.05695         2.92427         4.02922        -2.26514    
 -0.132640E-01    0.570548        0.363716        0.548749    
   80.00         150.0        -1.200    
  -5.24514         2.61762         3.06413        -1.77016    
 -0.135908E-01    0.576108        0.384641        0.553070    
   80.00         160.0        -1.200    
  -4.52469         2.32984         2.35665        -1.39551    
 -0.139611E-01    0.580742        0.404370        0.556717    
   80.00         170.0        -1.200    
  -3.88338         2.06266         1.83062        -1.10879    
 -0.143678E-01    0.584708        0.423137        0.559551    
   80.00         180.0        -1.200    
  -3.33975         1.82528         1.43520       -0.887348    
 -0.147971E-01    0.588169        0.440961        0.561389    
   80.00         190.0        -1.200    
  -2.87910         1.61543         1.13483       -0.715004    
 -0.152282E-01    0.591256        0.457894        0.562553    
   80.00         200.0        -1.200    
  -2.48681         1.43003        0.904328       -0.579703    
 -0.156670E-01    0.593966        0.474038        0.563122    
   80.00         210.0        -1.200    
  -2.14775         1.26511        0.725869       -0.472741    
 -0.161038E-01    0.596409        0.489412        0.563252    
   80.00         220.0        -1.200    
  -1.85961         1.12043        0.586481       -0.387564    
 -0.165349E-01    0.598609        0.504097        0.562967    
   80.00         230.0        -1.200    
  -1.61611        0.994178        0.476800       -0.319350    
 -0.169512E-01    0.600624        0.518119        0.562239    
   80.00         240.0        -1.200    
  -1.40902        0.883640        0.389898       -0.264403    
 -0.173524E-01    0.602275        0.531457        0.561207    
   80.00         250.0        -1.200    
  -1.23170        0.786509        0.320509       -0.219866    
 -0.177393E-01    0.603887        0.544246        0.559941    
   80.00         260.0        -1.200    
  -1.07778        0.700500        0.264760       -0.183560    
 -0.181100E-01    0.605341        0.556533        0.558377    
   80.00         270.0        -1.200    
 -0.945034        0.624710        0.219693       -0.153825    
 -0.184649E-01    0.606715        0.568356        0.556761    
   80.00         280.0        -1.200    
 -0.831296        0.558214        0.183057       -0.129349    
 -0.188029E-01    0.608022        0.579774        0.554889    
   80.00         290.0        -1.200    
 -0.733446        0.499712        0.153157       -0.109150    
 -0.191193E-01    0.609219        0.590674        0.552911    
   80.00         300.0        -1.200    
 -0.648820        0.448073        0.128630       -0.924039E-01
 -0.194153E-01    0.610178        0.601164        0.550568    
   80.00         310.0        -1.200    
 -0.575239        0.402330        0.108419       -0.784673E-01
 -0.196914E-01    0.611044        0.611177        0.548096    
   80.00         320.0        -1.200    
 -0.510677        0.361567        0.916805E-01   -0.668168E-01
 -0.199499E-01    0.611837        0.620871        0.545544    
   80.00         330.0        -1.200    
 -0.454047        0.325247        0.777669E-01   -0.570474E-01
 -0.201907E-01    0.612492        0.630214        0.542769    
   80.00         340.0        -1.200    
 -0.404626        0.293042        0.661497E-01   -0.488224E-01
 -0.204168E-01    0.613191        0.639276        0.539906    
   80.00         350.0        -1.200    
 -0.361303        0.264442        0.564214E-01   -0.418814E-01
 -0.206283E-01    0.613827        0.648058        0.537066    
   80.00         360.0        -1.200    
 -0.323244        0.238965        0.482474E-01   -0.360066E-01
 -0.208246E-01    0.614371        0.656564        0.533953    
   80.00         370.0        -1.200    
 -0.289692        0.216222        0.413589E-01   -0.310228E-01
 -0.210035E-01    0.614811        0.664763        0.530904    
   80.00         380.0        -1.200    
 -0.260038        0.195859        0.355360E-01   -0.267822E-01
 -0.211700E-01    0.615246        0.672713        0.527588    
   80.00         400.0        -1.200    
 -0.210266        0.161066        0.264050E-01   -0.200757E-01
 -0.214822E-01    0.615874        0.687816        0.520691    
   80.00         450.0        -1.200    
 -0.126607        0.100548        0.129780E-01   -0.100460E-01
 -0.216465E-01    0.616707        0.722004        0.502206    
   80.00         500.0        -1.200    
 -0.783358E-01    0.640644E-01    0.662589E-02   -0.520044E-02
 -0.221092E-01    0.616393        0.751535        0.482013    
   80.00        0.9106E-01     0.000    
 -0.115359E+07    0.151919E-10   -0.115381E+07     3.77704    
  -0.00000       -0.429886E-07    0.227223E-06   -0.538330E-06
   80.00        0.1006         0.000    
  -975197.        0.893831E-10    -975361.         1.04306    
  -0.00000       -0.614265E-07    0.296656E-06   -0.768700E-06
   80.00        0.1112         0.000    
  -821748.       -0.211487E-09    -821872.        0.763220    
  -0.00000       -0.881271E-07    0.388710E-06   -0.110200E-05
   80.00        0.1229         0.000    
  -690886.       -0.562806E-11    -691014.         1.32048    
  -0.00000       -0.126652E-06    0.510321E-06   -0.158242E-05
   80.00        0.1358         0.000    
  -579528.       -0.458409E-10    -579680.         1.76486    
  -0.00000       -0.182308E-06    0.671248E-06   -0.227570E-05
   80.00        0.1501         0.000    
  -484418.        0.921636E-11    -484558.         2.51813    
  -0.00000       -0.263443E-06    0.886196E-06   -0.328511E-05
   80.00        0.1659         0.000    
  -403622.       -0.291851E-10    -403748.         1.91924    
  -0.00000       -0.381781E-06    0.117349E-05   -0.475537E-05
   80.00        0.1834         0.000    
  -334963.       -0.980583E-10    -335058.        0.932680    
  -0.00000       -0.555564E-06    0.156021E-05   -0.691125E-05
   80.00        0.2027         0.000    
  -276982.       -0.989588E-10    -277064.         2.85741    
  -0.00000       -0.810740E-06    0.208087E-05   -0.100716E-04
   80.00        0.2240         0.000    
  -228067.        0.308789E-11    -228066.         2.94486    
  -0.00000       -0.118782E-05    0.278690E-05   -0.147331E-04
   80.00        0.2475         0.000    
  -186895.         0.00000        -186899.        -4.57632    
  -0.00000       -0.174689E-05    0.374760E-05   -0.216306E-04
   80.00        0.2736         0.000    
  -152112.        0.227529E-10    -152188.       -0.529828    
  -0.00000       -0.258692E-05    0.507255E-05   -0.319710E-04
   80.00        0.3023         0.000    
  -123101.        0.228808E-10    -123170.       -0.542415    
  -0.00000       -0.384904E-05    0.690226E-05   -0.474692E-04
   80.00        0.3341         0.000    
  -98785.5        0.227733E-10    -98849.7       -0.285959    
  -0.00000       -0.577546E-05    0.947008E-05   -0.710602E-04
   80.00        0.3693         0.000    
  -78506.2       -0.561891E-11    -78572.2        0.346047    
  -0.00000       -0.874771E-05    0.131150E-04   -0.107349E-03
   80.00        0.4081         0.000    
  -61724.9       -0.254235E-10    -61791.4        0.614502    
  -0.00000       -0.133776E-04    0.183441E-04   -0.163691E-03
   80.00        0.4510         0.000    
  -47849.5       -0.107357E-10    -47917.3        0.770168    
  -0.00000       -0.207364E-04    0.260079E-04   -0.252918E-03
   80.00        0.4985         0.000    
  -36418.9        0.277508E-11    -36482.3        0.498688    
  -0.00000       -0.327277E-04    0.375401E-04   -0.397740E-03
   80.00        0.5509         0.000    
  -27087.4       -0.138112E-10    -27147.4        0.322339    
  -0.00000       -0.527923E-04    0.553928E-04   -0.639021E-03
   80.00        0.6088         0.000    
  -19501.9       -0.227230E-11    -19557.4        0.805306E-01
  -0.00000       -0.878873E-04    0.843588E-04   -0.105909E-02
   80.00        0.6729         0.000    
  -13369.8       -0.123351E-10    -13408.3       -0.873632E-01
  -0.00000       -0.153656E-03    0.134901E-03   -0.184241E-02
   80.00        0.7436         0.000    
  -8472.45        0.837169E-11    -8509.06       -0.203972    
  -0.00000       -0.289828E-03    0.232779E-03   -0.345586E-02
   80.00        0.8218         0.000    
  -4589.21        0.841674E-12    -4625.57       -0.588878E-01
  -0.00000       -0.637605E-03    0.468430E-03   -0.755540E-02
   80.00        0.9083         0.000    
  -1548.87         0.00000        -1585.91       -0.346058E-02
  -0.00000       -0.222164E-02    0.149278E-02   -0.261420E-01
   80.00         1.004         0.000    
   794.360        0.826719E-11     756.540        0.244188E-01
   0.00000        0.555713E-02   -0.341445E-02    0.648782E-01
   80.00         1.109         0.000    
   2551.51        0.124741E-11     2506.13        0.116067    
   0.00000        0.199632E-02   -0.112217E-02    0.231027E-01
   80.00         1.226         0.000    
   3853.70        0.282091E-11     3808.91        0.168686    
   0.00000        0.156279E-02   -0.802927E-03    0.179061E-01
   80.00         1.355         0.000    
   4771.07         0.00000         4726.18        0.180117    
   0.00000        0.149511E-02   -0.702068E-03    0.169391E-01
   80.00         1.497         0.000    
   5379.65        0.115512E-11     5336.13        0.879100E-01
   0.00000        0.156774E-02   -0.672865E-03    0.175384E-01
   80.00         1.655         0.000    
   5746.55       -0.292557E-11     5705.78       -0.638219E-02
   0.00000        0.173384E-02   -0.679408E-03    0.191179E-01
   80.00         1.829         0.000    
   5918.33       -0.189089E-11     5879.24       -0.286646E-01
   0.00000        0.198362E-02   -0.709531E-03    0.215158E-01
   80.00         2.021         0.000    
   5939.43       -0.102675E-11     5900.81       -0.239806E-01
   0.00000        0.232270E-02   -0.757994E-03    0.247263E-01
   80.00         2.234         0.000    
   5844.73       -0.201252E-11     5806.36        0.164821E-01
   0.00000        0.276701E-02   -0.822877E-03    0.288282E-01
   80.00         2.469         0.000    
   5663.40        0.420224E-12     5625.34        0.390819E-01
   0.00000        0.333508E-02   -0.903069E-03    0.338966E-01
   80.00         2.729         0.000    
   5418.75        0.950469E-12     5380.39        0.178021    
   0.00000        0.405620E-02   -0.998726E-03    0.400597E-01
   80.00         3.016         0.000    
   5130.54       -0.573349E-13     5096.93       -0.413239E-02
   0.00000        0.495770E-02   -0.110847E-02    0.473578E-01
   80.00         3.333         0.000    
   4814.10        0.415054E-12     4782.05       -0.589913E-02
   0.00000        0.608730E-02   -0.123371E-02    0.559248E-01
   80.00         3.683         0.000    
   4481.86       -0.469514E-13     4450.14        0.124145E-01
   0.00000        0.749266E-02   -0.137353E-02    0.657490E-01
   80.00         4.071         0.000    
   4142.18        0.169906E-12     4111.25        0.393666E-02
   0.00000        0.923551E-02   -0.152669E-02    0.767346E-01
   80.00         4.499         0.000    
   3804.28       -0.345921E-12     3776.59        0.219192E-02
   0.00000        0.113663E-01   -0.168890E-02    0.884742E-01
   80.00         4.972         0.000    
   3473.26        0.521687E-13     3447.06        0.113576E-01
   0.00000        0.139703E-01   -0.185795E-02    0.100510    
   80.00         5.495         0.000    
   3153.26       -0.550707E-13     3129.30        0.141214E-01
   0.00000        0.171194E-01   -0.202671E-02    0.111907    
   80.00         6.073         0.000    
   2847.55        0.309654E-12     2826.26        0.166134E-01
   0.00000        0.208945E-01   -0.218672E-02    0.121446    
   80.00         6.711         0.000    
   2558.59        0.151381E-12     2540.28        0.132343E-01
   0.00000        0.253777E-01   -0.232698E-02    0.127715    
   80.00         7.417         0.000    
   2287.00        0.550640E-13     2272.50        0.850685E-02
   0.00000        0.306757E-01   -0.243416E-02    0.129591    
   80.00         8.197         0.000    
   2033.96       -0.166129E-12     2023.45        0.558320E-02
   0.00000        0.369267E-01   -0.249394E-02    0.127471    
   80.00         9.059         0.000    
   1799.72        0.286326E-13     1793.39        0.345071E-02
   0.00000        0.443586E-01   -0.249909E-02    0.124581    
   80.00         10.01         0.000    
   1584.42        0.388686E-13     1582.75        0.497847E-02
   0.00000        0.531867E-01   -0.244799E-02    0.123137    
   80.00         11.06         0.000    
   1387.40       -0.273611E-13     1390.45        0.556138E-02
   0.00000        0.636644E-01   -0.232474E-02    0.122865    
   80.00         12.23         0.000    
   1206.48        0.706958E-14     1214.76        0.355136E-02
   0.00000        0.761018E-01   -0.209872E-02    0.122628    
   80.00         13.51         0.000    
   1044.12        0.895969E-13     1057.84        0.228277E-02
   0.00000        0.906062E-01   -0.174596E-02    0.123468    
   80.00         14.94         0.000    
   896.056       -0.723402E-13     915.595        0.276560E-02
   0.00000        0.107651       -0.122201E-02    0.124856    
   80.00         16.51         0.000    
   764.046        0.261844E-14     789.323        0.199085E-02
   0.00000        0.127333       -0.493178E-03    0.126637    
   80.00         18.24         0.000    
   646.386       -0.474019E-14     677.388       -0.463916E-02
   0.00000        0.149832        0.488344E-03    0.128722    
   80.00         20.16         0.000    
   541.330        0.643311E-14     577.895        0.224308E-02
   0.00000        0.176365        0.178312E-02    0.130800    
   80.00         22.28         0.000    
   448.579       -0.174629E-13     490.412        0.170736E-02
   0.00000        0.204202        0.344285E-02    0.134292    
   80.00         24.63         0.000    
   366.920        0.526559E-14     413.535        0.131237E-02
   0.00000        0.236821        0.553418E-02    0.138681    
   80.00         27.22         0.000    
   295.968       -0.317638E-14     346.708        0.115851E-02
   0.00000        0.270315        0.810227E-02    0.144431    
   80.00         30.08         0.000    
   234.708       -0.143718E-14     288.746       -0.921208E-03
   0.00000        0.307982        0.112053E-01    0.152305    
   80.00         33.24         0.000    
   182.311       -0.130056E-14     238.667        0.902024E-03
   0.00000        0.346280        0.148917E-01    0.162821    
   80.00         36.74         0.000    
   137.954       -0.705996E-14     195.563        0.130420E-03
   0.00000        0.388101        0.192084E-01    0.175834    
   80.00         40.60         0.000    
   101.140        0.745353E-14     158.839        0.349454E-03
   0.00000        0.428844        0.241639E-01    0.191164    
   80.00         44.87         0.000    
   71.0549       -0.674423E-14     127.685        0.251616E-03
   0.00000        0.472213        0.297840E-01    0.209140    
   80.00         49.59         0.000    
   47.0386         0.00000         101.467        0.314819E-04
   0.00000        0.512646        0.360727E-01    0.233194    
   80.00         54.81         0.000    
   28.4204        0.197184E-14     79.6270        0.116541E-03
   0.00000        0.550746        0.430219E-01    0.291482    
   80.00         60.57         0.000    
   14.6293        0.428237E-14     61.6783        0.377609E-04
   0.00000        0.587622        0.505927E-01    0.486068    
   80.00         66.94         0.000    
   4.85370        0.161452E-15     47.0887        0.542669E-05
   0.00000        0.621756        0.587735E-01    0.979074    
   80.00         73.98         0.000    
  -1.70786        0.219133E-14     35.3963       -0.345536E-05
   0.00000        0.652849        0.675660E-01     1.69048    
   80.00         81.76         0.000    
  -5.71173        0.330468E-15     26.1920       -0.704619E-04
   0.00000        0.681719        0.769334E-01     2.07004    
   80.00         89.36         0.000    
  -7.61099       -0.982676E-16     19.7762       -0.894476E-04
   0.00000        0.704886        0.857084E-01     1.97874    
   80.00         90.36         0.000    
  -7.74736        0.127455E-14     19.0749       -0.922902E-04
   0.00000        0.707566        0.868393E-01     1.94838    
   80.00         91.20         0.000    
  -7.84811        0.111098E-15     18.5076       -0.114006E-03
   0.00000        0.709633        0.877854E-01     1.92041    
   80.00         92.00         0.000    
  -7.93342        0.127019E-14     17.9853       -0.124866E-03
   0.00000        0.711579        0.886830E-01     1.89194    
   80.00         99.86         0.000    
  -8.32298        0.270569E-16     13.6652        0.134356E-04
   0.00000        0.730570        0.973058E-01     1.55316    
   80.00         110.4         0.000    
  -8.04317       -0.256975E-15     9.61998       -0.151521E-04
   0.00000        0.751976        0.108360         1.09084    
   80.00         120.0         0.000    
  -7.40308        0.140724E-15     7.10217       -0.609296E-04
   0.00000        0.768402        0.117928        0.786554    
   80.00         130.0         0.000    
  -6.56567       -0.831356E-16     5.25405       -0.363191E-04
   0.00000        0.783239        0.127460        0.598183    
   80.00         140.0         0.000    
  -5.73639        0.656177E-15     3.94033       -0.284463E-04
   0.00000        0.796632        0.136611        0.502509    
   80.00         150.0         0.000    
  -4.97664        0.103573E-15     2.99331       -0.274499E-04
   0.00000        0.808590        0.145387        0.458287    
   80.00         160.0         0.000    
  -4.29601        0.274412E-16     2.30130        0.611279E-07
   0.00000        0.819107        0.153786        0.440947    
   80.00         170.0         0.000    
  -3.68624        0.381446E-15     1.78779       -0.194502E-04
   0.00000        0.828989        0.161942        0.434112    
   80.00         180.0         0.000    
  -3.16826       -0.127590E-15     1.40304       -0.178072E-05
   0.00000        0.837976        0.169773        0.433155    
   80.00         190.0         0.000    
  -2.72860        0.117320E-15     1.11134       -0.213996E-04
   0.00000        0.846510        0.177350        0.432177    
   80.00         200.0         0.000    
  -2.35366       -0.827459E-16    0.887893       -0.854872E-05
   0.00000        0.854008        0.184663        0.432987    
   80.00         210.0         0.000    
  -2.02952       -0.450318E-16    0.714966       -0.928611E-05
   0.00000        0.861202        0.191762        0.433199    
   80.00         220.0         0.000    
  -1.75435        0.175010E-15    0.579893       -0.342578E-05
   0.00000        0.867903        0.198677        0.431654    
   80.00         230.0         0.000    
  -1.52209       -0.249633E-16    0.473570       -0.358101E-05
   0.00000        0.874096        0.205395        0.430870    
   80.00         240.0         0.000    
  -1.32488        0.605114E-16    0.389360        0.366157E-05
   0.00000        0.879625        0.211851        0.429511    
   80.00         250.0         0.000    
  -1.15621        0.986196E-16    0.321974       -0.599891E-05
   0.00000        0.884950        0.218158        0.427852    
   80.00         260.0         0.000    
  -1.01010       -0.935275E-16    0.267792       -0.354187E-05
   0.00000        0.889458        0.224248        0.425773    
   80.00         270.0         0.000    
 -0.884439        0.387774E-16    0.223844       -0.343976E-05
   0.00000        0.893880        0.230225        0.423336    
   80.00         280.0         0.000    
 -0.777051       -0.952904E-16    0.187997       -0.405368E-05
   0.00000        0.898267        0.236090        0.420720    
   80.00         290.0         0.000    
 -0.684856       -0.395969E-16    0.158642        0.415821E-06
   0.00000        0.902077        0.241774        0.417779    
   80.00         300.0         0.000    
 -0.605288        0.236417E-16    0.134437       -0.978103E-06
   0.00000        0.905525        0.247333        0.414488    
   80.00         310.0         0.000    
 -0.536180       -0.305054E-16    0.114401       -0.188882E-05
   0.00000        0.908785        0.252729        0.410885    
   80.00         320.0         0.000    
 -0.475582       -0.316630E-16    0.977349E-01   -0.763685E-06
   0.00000        0.911810        0.257967        0.407028    
   80.00         330.0         0.000    
 -0.422472        0.547545E-16    0.837909E-01   -0.103703E-05
   0.00000        0.914443        0.263111        0.402906    
   80.00         340.0         0.000    
 -0.376315       -0.248337E-17    0.720831E-01   -0.155414E-05
   0.00000        0.917153        0.268124        0.398539    
   80.00         350.0         0.000    
 -0.336073       -0.241242E-16    0.622133E-01   -0.339030E-06
   0.00000        0.919477        0.273022        0.393892    
   80.00         360.0         0.000    
 -0.300840       -0.323666E-16    0.538550E-01   -0.620363E-06
   0.00000        0.921592        0.277820        0.388948    
   80.00         370.0         0.000    
 -0.269873        0.182561E-17    0.467530E-01   -0.990159E-06
   0.00000        0.923662        0.282530        0.384129    
   80.00         380.0         0.000    
 -0.242529       -0.137762E-16    0.407069E-01   -0.435323E-06
   0.00000        0.925593        0.287074        0.378692    
   80.00         400.0         0.000    
 -0.196549        0.227973E-16    0.310913E-01   -0.381700E-06
   0.00000        0.928762        0.295936        0.367520    
   80.00         450.0         0.000    
 -0.119699       -0.375265E-17    0.164945E-01   -0.381689E-06
   0.00000        0.934858        0.316425        0.336027    
   80.00         500.0         0.000    
 -0.754431E-01   -0.675477E-18    0.917285E-02   -0.123202E-06
   0.00000        0.938641        0.334799        0.301256    
   80.00        0.9106E-01     1.200    
 -0.112675E+07    -340830.       -0.112714E+07    -338028.    
 -0.221064E-06   -0.303866E-07    0.162531E-06   -0.935211E-07
   80.00        0.1006         1.200    
  -951503.        -287750.        -951906.        -285249.    
 -0.288865E-06   -0.434442E-07    0.212314E-06   -0.133670E-06
   80.00        0.1112         1.200    
  -800867.        -242132.        -801240.        -239902.    
 -0.378878E-06   -0.623707E-07    0.278372E-06   -0.191843E-06
   80.00        0.1229         1.200    
  -672497.        -203266.        -672813.        -201282.    
 -0.497994E-06   -0.897124E-07    0.365747E-06   -0.275845E-06
   80.00        0.1358         1.200    
  -563343.        -170224.        -563646.        -168461.    
 -0.655860E-06   -0.129256E-06    0.472596E-06   -0.397276E-06
   80.00        0.1501         1.200    
  -470192.        -142033.        -470657.        -140487.    
 -0.866707E-06   -0.186893E-06    0.635874E-06   -0.574181E-06
   80.00        0.1659         1.200    
  -391129.        -118112.        -391571.        -116784.    
 -0.114930E-05   -0.271129E-06    0.842651E-06   -0.832574E-06
   80.00        0.1834         1.200    
  -324006.        -97808.1        -324389.        -96633.3    
 -0.153054E-05   -0.395037E-06    0.112132E-05   -0.121242E-05
   80.00        0.2027         1.200    
  -267379.        -80683.8        -267755.        -79638.1    
 -0.204479E-05   -0.577236E-06    0.149672E-05   -0.177057E-05
   80.00        0.2240         1.200    
  -219659.        -66256.9        -219715.        -65273.7    
 -0.274687E-05   -0.847906E-06    0.200855E-05   -0.259911E-05
   80.00        0.2475         1.200    
  -179539.        -54131.3        -179581.        -53259.6    
 -0.370309E-05   -0.124959E-05    0.270451E-05   -0.382765E-05
   80.00        0.2736         1.200    
  -145689.        -43904.0        -145730.        -43132.6    
 -0.502901E-05   -0.185573E-05    0.366772E-05   -0.567975E-05
   80.00        0.3023         1.200    
  -117496.        -35388.6        -117596.        -34705.9    
 -0.686262E-05   -0.276757E-05    0.499685E-05   -0.846305E-05
   80.00        0.3341         1.200    
  -93902.1        -28264.9        -93968.0        -27662.4    
 -0.945593E-05   -0.416807E-05    0.687187E-05   -0.127331E-04
   80.00        0.3693         1.200    
  -74258.5        -22336.2        -74318.4        -21804.5    
 -0.131606E-04   -0.634050E-05    0.954273E-05   -0.193483E-04
   80.00        0.4081         1.200    
  -58034.1        -17441.5        -58090.6        -16972.8    
 -0.185202E-04   -0.974868E-05    0.133937E-04   -0.297122E-04
   80.00        0.4510         1.200    
  -44647.9        -13404.8        -44704.1        -12990.9    
 -0.264596E-04   -0.152157E-04    0.190767E-04   -0.463117E-04
   80.00        0.4985         1.200    
  -33646.9        -10089.1        -33699.0        -9722.58    
 -0.385764E-04   -0.242350E-04    0.277125E-04   -0.736515E-04
   80.00        0.5509         1.200    
  -24691.0        -7391.31        -24743.0        -7068.97    
 -0.576950E-04   -0.395856E-04    0.412727E-04   -0.120100E-03
   80.00        0.6088         1.200    
  -17434.1        -5206.63        -17484.3        -4923.05    
 -0.895989E-04   -0.671251E-04    0.637763E-04   -0.203270E-03
   80.00        0.6729         1.200    
  -11589.5        -3448.34        -11640.2        -3198.87    
 -0.147595E-03   -0.120736E-03    0.104446E-03   -0.364847E-03
   80.00        0.7436         1.200    
  -6942.61        -2051.52        -6990.85        -1831.52    
 -0.269231E-03   -0.240391E-03    0.189221E-03   -0.724723E-03
   80.00        0.8218         1.200    
  -3277.82        -950.956        -3325.03        -757.994    
 -0.619587E-03   -0.603764E-03    0.431958E-03   -0.181543E-02
   80.00        0.9083         1.200    
  -427.739        -96.0399        -472.680         73.3621    
 -0.476571E-02   -0.506778E-02    0.329106E-02   -0.151932E-01
   80.00         1.004         1.200    
   1750.04         556.274         1707.63         705.010    
  0.144079E-02    0.167174E-02   -0.983887E-03    0.499528E-02
   80.00         1.109         1.200    
   3364.63         1039.00         3323.70         1168.93    
  0.806913E-03    0.102071E-02   -0.543842E-03    0.303871E-02
   80.00         1.226         1.200    
   4542.28         1390.19         4503.97         1503.67    
  0.648569E-03    0.894866E-03   -0.430344E-03    0.265291E-02
   80.00         1.355         1.200    
   5352.28         1630.83         5315.94         1730.02    
  0.597367E-03    0.898606E-03   -0.389132E-03    0.265143E-02
   80.00         1.497         1.200    
   5868.56         1783.22         5832.17         1869.44    
  0.590601E-03    0.968055E-03   -0.376447E-03    0.284119E-02
   80.00         1.655         1.200    
   6155.44         1866.74         6123.13         1941.92    
  0.609201E-03    0.108838E-02   -0.378333E-03    0.317499E-02
   80.00         1.829         1.200    
   6258.74         1895.24         6227.06         1961.17    
  0.646984E-03    0.125911E-02   -0.389570E-03    0.364785E-02
   80.00         2.021         1.200    
   6221.22         1881.59         6190.35         1939.94    
  0.700839E-03    0.148533E-02   -0.406773E-03    0.426965E-02
   80.00         2.234         1.200    
   6076.23         1835.83         6046.62         1886.62    
  0.770720E-03    0.177837E-02   -0.427806E-03    0.506618E-02
   80.00         2.469         1.200    
   5852.14         1766.51         5823.51         1810.81    
  0.856432E-03    0.215077E-02   -0.450523E-03    0.606415E-02
   80.00         2.729         1.200    
   5571.12         1680.30         5543.03         1719.27    
  0.959290E-03    0.262133E-02   -0.472566E-03    0.730335E-02
   80.00         3.016         1.200    
   5252.16         1582.90         5225.26         1617.29    
  0.108016E-02    0.321020E-02   -0.490787E-03    0.882154E-02
   80.00         3.333         1.200    
   4909.82         1478.67         4883.98         1509.02    
  0.122062E-02    0.394398E-02   -0.501272E-03    0.106654E-01
   80.00         3.683         1.200    
   4555.85         1371.16         4530.68         1398.06    
  0.138210E-02    0.485328E-02   -0.498833E-03    0.128805E-01
   80.00         4.071         1.200    
   4197.97         1262.65         4175.03         1286.70    
  0.156592E-02    0.597569E-02   -0.476422E-03    0.155121E-01
   80.00         4.499         1.200    
   3845.00         1155.80         3823.71         1177.48    
  0.177265E-02    0.734849E-02   -0.425832E-03    0.185836E-01
   80.00         4.972         1.200    
   3501.55         1051.97         3482.48         1071.84    
  0.200237E-02    0.901650E-02   -0.336489E-03    0.221039E-01
   80.00         5.495         1.200    
   3171.38         952.288         3154.77         970.762    
  0.225471E-02    0.110300E-01   -0.196061E-03    0.260545E-01
   80.00         6.073         1.200    
   2857.43         857.616         2843.71         875.097    
  0.252802E-02    0.134416E-01    0.944341E-05    0.303727E-01
   80.00         6.711         1.200    
   2561.88         768.596         2551.32         785.411    
  0.281959E-02    0.163116E-01    0.295488E-03    0.349627E-01
   80.00         7.417         1.200    
   2285.09         685.323         2278.03         701.776    
  0.312939E-02    0.197328E-01    0.680856E-03    0.397520E-01
   80.00         8.197         1.200    
   2028.03         608.077         2024.90         624.486    
  0.345630E-02    0.238365E-01    0.118838E-02    0.447633E-01
   80.00         9.059         1.200    
   1790.77         536.855         1791.78         553.455    
  0.381102E-02    0.288158E-01    0.185294E-02    0.502936E-01
   80.00         10.01         1.200    
   1573.28         471.647         1578.81         488.670    
  0.420403E-02    0.346873E-01    0.271463E-02    0.567547E-01
   80.00         11.06         1.200    
   1374.76         412.195         1385.21         429.855    
  0.464049E-02    0.417356E-01    0.382273E-02    0.643068E-01
   80.00         12.23         1.200    
   1192.90         357.800         1208.65         376.272    
  0.512499E-02    0.504696E-01    0.524925E-02    0.734969E-01
   80.00         13.51         1.200    
   1030.09         309.158         1051.27         328.562    
  0.564968E-02    0.603428E-01    0.704065E-02    0.845106E-01
   80.00         14.94         1.200    
   881.944         264.949         908.750         285.390    
  0.622687E-02    0.719053E-01    0.931653E-02    0.982678E-01
   80.00         16.51         1.200    
   750.163         225.664         782.595         247.185    
  0.684383E-02    0.858782E-01    0.121356E-01    0.114879    
   80.00         18.24         1.200    
   632.970         190.758         670.929         213.366    
  0.749998E-02    0.101422        0.156076E-01    0.134838    
   80.00         20.16         1.200    
   528.578         159.684         571.881         183.351    
  0.819155E-02    0.120032        0.198736E-01    0.158533    
   80.00         22.28         1.200    
   436.632         132.322         484.940         156.967    
  0.890597E-02    0.140187        0.250367E-01    0.185836    
   80.00         24.63         1.200    
   355.882         108.283         408.687         133.772    
  0.963314E-02    0.163165        0.312476E-01    0.216548    
   80.00         27.22         1.200    
   285.904         87.4279         342.504         113.575    
  0.103523E-01    0.188674        0.385895E-01    0.249630    
   80.00         30.08         1.200    
   225.653         69.4326         285.135         95.9863    
  0.110471E-01    0.216009        0.472008E-01    0.284129    
   80.00         33.24         1.200    
   174.283         54.0341         235.680         80.7293    
  0.116937E-01    0.245178        0.571783E-01    0.318595    
   80.00         36.74         1.200    
   130.938         40.9709         193.169         67.4960    
  0.122695E-01    0.275894        0.686351E-01    0.351284    
   80.00         40.60         1.200    
   95.0897         30.0817         156.989         56.0999    
  0.127498E-01    0.307230        0.815897E-01    0.379841    
   80.00         44.87         1.200    
   65.9101         21.1206         126.293         46.2829    
  0.131217E-01    0.338677        0.961300E-01    0.403465    
   80.00         49.59         1.200    
   42.7263         13.8960         100.497         37.8785    
  0.133674E-01    0.369674        0.112255        0.425132    
   80.00         54.81         1.200    
   24.8673         8.21390         79.0070         30.7122    
  0.134909E-01    0.399601        0.129967        0.444892    
   80.00         60.57         1.200    
   11.7634         3.91821         61.3288         24.6484    
  0.134865E-01    0.427798        0.149217        0.462356    
   80.00         66.94         1.200    
   2.57403        0.787188         46.9385         19.5526    
  0.133923E-01    0.453838        0.169999        0.477355    
   80.00         73.98         1.200    
  -3.49328        -1.38174         35.3969         15.3156    
  0.132277E-01    0.477339        0.192250        0.489865    
   80.00         81.76         1.200    
  -7.09555        -2.76449         26.2803         11.8311    
  0.130336E-01    0.498475        0.215946        0.501413    
   80.00         89.36         1.200    
  -8.70388        -3.46504         19.9036         9.29140    
  0.128711E-01    0.514862        0.238118        0.511447    
   80.00         90.36         1.200    
  -8.80781        -3.52049         19.2060         9.00708    
  0.128533E-01    0.516797        0.240963        0.512616    
   80.00         91.20         1.200    
  -8.88195        -3.56222         18.6420         8.77611    
  0.128394E-01    0.518367        0.243339        0.513580    
   80.00         92.00         1.200    
  -8.94258        -3.59819         18.1224         8.56240    
  0.128265E-01    0.519831        0.245593        0.514487    
   80.00         99.86         1.200    
  -9.12609        -3.79025         13.8155         6.75451    
  0.127370E-01    0.532513        0.267185        0.522446    
   80.00         110.4         1.200    
  -8.65066        -3.74231         9.76424         4.97862    
  0.127242E-01    0.546192        0.294722        0.531299    
   80.00         120.0         1.200    
  -7.88727        -3.53651         7.22908         3.81657    
  0.128112E-01    0.555861        0.318391        0.537928    
   80.00         130.0         1.200    
  -6.95576        -3.23986         5.36189         2.92560    
  0.129978E-01    0.563880        0.341663        0.543752    
   80.00         140.0         1.200    
  -6.05695        -2.92427         4.02920         2.26509    
  0.132640E-01    0.570551        0.363717        0.548751    
   80.00         150.0         1.200    
  -5.24514        -2.61762         3.06416         1.77016    
  0.135907E-01    0.576101        0.384637        0.553063    
   80.00         160.0         1.200    
  -4.52469        -2.32984         2.35667         1.39550    
  0.139611E-01    0.580738        0.404367        0.556713    
   80.00         170.0         1.200    
  -3.88338        -2.06266         1.83061         1.10876    
  0.143679E-01    0.584710        0.423139        0.559553    
   80.00         180.0         1.200    
  -3.33975        -1.82528         1.43520        0.887328    
  0.147971E-01    0.588170        0.440961        0.561390    
   80.00         190.0         1.200    
  -2.87910        -1.61543         1.13481        0.714985    
  0.152285E-01    0.591266        0.457901        0.562562    
   80.00         200.0         1.200    
  -2.48681        -1.43003        0.904330        0.579694    
  0.156670E-01    0.593965        0.474037        0.563120    
   80.00         210.0         1.200    
  -2.14775        -1.26511        0.725874        0.472737    
  0.161037E-01    0.596405        0.489409        0.563249    
   80.00         220.0         1.200    
  -1.85961        -1.12043        0.586488        0.387563    
  0.165347E-01    0.598602        0.504091        0.562960    
   80.00         230.0         1.200    
  -1.61611       -0.994178        0.476797        0.319346    
  0.169513E-01    0.600628        0.518122        0.562242    
   80.00         240.0         1.200    
  -1.40902       -0.883640        0.389887        0.264392    
  0.173528E-01    0.602291        0.531471        0.561222    
   80.00         250.0         1.200    
  -1.23170       -0.786509        0.320495        0.219852    
  0.177401E-01    0.603915        0.544270        0.559966    
   80.00         260.0         1.200    
  -1.07778       -0.700500        0.264749        0.183549    
  0.181108E-01    0.605367        0.556557        0.558401    
   80.00         270.0         1.200    
 -0.945034       -0.624710        0.219688        0.153819    
  0.184654E-01    0.606731        0.568371        0.556775    
   80.00         280.0         1.200    
 -0.831296       -0.558214        0.183057        0.129348    
  0.188029E-01    0.608023        0.579775        0.554890    
   80.00         290.0         1.200    
 -0.733446       -0.499712        0.153158        0.109149    
  0.191193E-01    0.609217        0.590672        0.552910    
   80.00         300.0         1.200    
 -0.648820       -0.448073        0.128630        0.924030E-01
  0.194153E-01    0.610179        0.601164        0.550568    
   80.00         310.0         1.200    
 -0.575239       -0.402330        0.108418        0.784656E-01
  0.196916E-01    0.611051        0.611184        0.548102    
   80.00         320.0         1.200    
 -0.510677       -0.361567        0.916786E-01    0.668147E-01
  0.199503E-01    0.611849        0.620884        0.545555    
   80.00         330.0         1.200    
 -0.454047       -0.325247        0.777648E-01    0.570452E-01
  0.201912E-01    0.612509        0.630231        0.542783    
   80.00         340.0         1.200    
 -0.404626       -0.293042        0.661473E-01    0.488202E-01
  0.204175E-01    0.613214        0.639299        0.539926    
   80.00         350.0         1.200    
 -0.361303       -0.264442        0.564191E-01    0.418794E-01
  0.206291E-01    0.613852        0.648084        0.537087    
   80.00         360.0         1.200    
 -0.323244       -0.238965        0.482457E-01    0.360050E-01
  0.208254E-01    0.614393        0.656588        0.533972    
   80.00         370.0         1.200    
 -0.289692       -0.216222        0.413577E-01    0.310217E-01
  0.210041E-01    0.614829        0.664782        0.530919    
   80.00         380.0         1.200    
 -0.260038       -0.195859        0.355351E-01    0.267813E-01
  0.211706E-01    0.615261        0.672730        0.527601    
   80.00         400.0         1.200    
 -0.210266       -0.161066        0.264046E-01    0.200750E-01
  0.214826E-01    0.615885        0.687828        0.520700    
   80.00         450.0         1.200    
 -0.126607       -0.100548        0.129780E-01    0.100460E-01
  0.216466E-01    0.616710        0.722008        0.502209    
   80.00         500.0         1.200    
 -0.783358E-01   -0.640644E-01    0.662571E-02    0.520026E-02
  0.221098E-01    0.616410        0.751556        0.482026    
   80.00        0.9106E-01     2.400    
 -0.107103E+07    -766084.       -0.107117E+07    -756654.    
 -0.385811E-06   -0.721804E-07   -0.525466E-06   -0.174853E-07
   80.00        0.1006         2.400    
  -901942.        -645248.        -902134.        -636882.    
 -0.505552E-06   -0.103364E-06   -0.688695E-06   -0.250738E-07
   80.00        0.1112         2.400    
  -756852.        -541552.        -757011.        -534120.    
 -0.665155E-06   -0.148669E-06   -0.906341E-06   -0.361189E-07
   80.00        0.1229         2.400    
  -633438.        -453340.        -633609.        -446741.    
 -0.877157E-06   -0.214258E-06   -0.119556E-05   -0.521416E-07
   80.00        0.1358         2.400    
  -528707.        -378474.        -528856.        -372610.    
 -0.115946E-05   -0.309403E-06   -0.158093E-05   -0.754367E-07
   80.00        0.1501         2.400    
  -439519.        -314712.        -439647.        -309505.    
 -0.153985E-05   -0.448699E-06   -0.209937E-05   -0.109625E-06
   80.00        0.1659         2.400    
  -363994.        -260711.        -364123.        -256099.    
 -0.205034E-05   -0.652844E-06   -0.279786E-05   -0.159867E-06
   80.00        0.1834         2.400    
  -300031.        -214972.        -300145.        -210880.    
 -0.274422E-05   -0.954339E-06   -0.374675E-05   -0.234291E-06
   80.00        0.2027         2.400    
  -246213.        -176481.        -246286.        -172832.    
 -0.368819E-05   -0.140019E-05   -0.503856E-05   -0.344713E-06
   80.00        0.2240         2.400    
  -200991.        -144133.        -201046.        -140890.    
 -0.498091E-05   -0.206347E-05   -0.680905E-05   -0.509583E-06
   80.00        0.2475         2.400    
  -163089.        -117016.        -163139.        -114140.    
 -0.676408E-05   -0.305664E-05   -0.925399E-05   -0.757440E-06
   80.00        0.2736         2.400    
  -131221.        -94211.5        -131269.        -91665.3    
 -0.926496E-05   -0.456754E-05   -0.126872E-04   -0.113617E-05
   80.00        0.3023         2.400    
  -104778.        -75284.6        -104825.        -73031.4    
 -0.127771E-04   -0.686662E-05   -0.175154E-04   -0.171525E-05
   80.00        0.3341         2.400    
  -82740.5        -59507.2        -82783.9        -57511.9    
 -0.178152E-04   -0.104359E-04   -0.244528E-04   -0.261904E-05
   80.00        0.3693         2.400    
  -64477.9        -46428.5        -64518.3        -44663.1    
 -0.251645E-04   -0.160636E-04   -0.345906E-04   -0.405234E-05
   80.00        0.4081         2.400    
  -49472.7        -35678.8        -49508.6        -34117.4    
 -0.360761E-04   -0.250792E-04   -0.496734E-04   -0.636308E-05
   80.00        0.4510         2.400    
  -37165.1        -26858.3        -37200.4        -25478.8    
 -0.527941E-04   -0.399535E-04   -0.728357E-04   -0.102016E-04
   80.00        0.4985         2.400    
  -27118.5        -19654.8        -27154.0        -18438.3    
 -0.794983E-04   -0.654744E-04   -0.109935E-03   -0.168366E-04
   80.00        0.5509         2.400    
  -19003.0        -13832.8        -19036.3        -12760.4    
 -0.124553E-03   -0.111555E-03   -0.172694E-03   -0.289116E-04
   80.00        0.6088         2.400    
  -12486.6        -9155.01        -12515.0        -8209.97    
 -0.207940E-03   -0.202420E-03   -0.289207E-03   -0.529190E-04
   80.00        0.6729         2.400    
  -7294.89        -5425.14        -7323.90        -4590.23    
 -0.389759E-03   -0.412179E-03   -0.544050E-03   -0.108804E-03
   80.00        0.7436         2.400    
  -3220.80        -2495.33        -3247.45        -1760.44    
 -0.963198E-03   -0.110564E-02   -0.135016E-02   -0.295007E-03
   80.00        0.8218         2.400    
  -59.3800        -219.003        -86.7056         431.417    
 -0.394963E-01   -0.491773E-01   -0.556360E-01   -0.132792E-01
   80.00        0.9083         2.400    
   2349.02         1517.97         2324.54         2085.58    
  0.161134E-02    0.217455E-02    0.228273E-02    0.595051E-03
   80.00         1.004         2.400    
   4139.78         2812.39         4115.15         3310.95    
  0.994441E-03    0.145336E-02    0.141814E-02    0.403645E-03
   80.00         1.109         2.400    
   5418.33         3739.57         5394.96         4176.37    
  0.827127E-03    0.130705E-02    0.118852E-02    0.369019E-03
   80.00         1.226         2.400    
   6300.17         4382.29         6275.00         4764.19    
  0.774868E-03    0.132326E-02    0.112338E-02    0.380559E-03
   80.00         1.355         2.400    
   6853.10         4788.93         6830.02         5123.27    
  0.774253E-03    0.142678E-02    0.113403E-02    0.418860E-03
   80.00         1.497         2.400    
   7146.54         5009.18         7124.52         5303.89    
  0.805514E-03    0.159900E-02    0.119376E-02    0.480298E-03
   80.00         1.655         2.400    
   7238.63         5084.71         7217.34         5340.65    
  0.861620E-03    0.184032E-02    0.129438E-02    0.567243E-03
   80.00         1.829         2.400    
   7173.77         5047.25         7153.30         5270.36    
  0.939540E-03    0.215459E-02    0.143354E-02    0.683541E-03
   80.00         2.021         2.400    
   6991.03         4924.78         6970.42         5119.35    
  0.103922E-02    0.255307E-02    0.161404E-02    0.836560E-03
   80.00         2.234         2.400    
   6720.26         4738.73         6700.50         4908.12    
  0.116213E-02    0.305186E-02    0.184196E-02    0.103714E-02
   80.00         2.469         2.400    
   6388.12         4508.16         6369.96         4656.09    
  0.130959E-02    0.366542E-02    0.212406E-02    0.129777E-02
   80.00         2.729         2.400    
   6014.27         4247.19         5996.77         4375.77    
  0.148478E-02    0.441539E-02    0.247201E-02    0.163737E-02
   80.00         3.016         2.400    
   5615.96         3968.19         5600.01         4080.43    
  0.169007E-02    0.531881E-02    0.289749E-02    0.207814E-02
   80.00         3.333         2.400    
   5205.93         3680.31         5191.47         3778.46    
  0.192867E-02    0.639557E-02    0.341707E-02    0.265088E-02
   80.00         3.683         2.400    
   4794.45         3390.93         4781.57         3477.00    
  0.220368E-02    0.766050E-02    0.404991E-02    0.339473E-02
   80.00         4.071         2.400    
   4387.71         3104.53         4377.04         3180.32    
  0.251902E-02    0.912701E-02    0.482168E-02    0.436419E-02
   80.00         4.499         2.400    
   3993.61         2826.77         3985.00         2894.00    
  0.287613E-02    0.107874E-01    0.575674E-02    0.562155E-02
   80.00         4.972         2.400    
   3615.64         2560.19         3609.60         2620.35    
  0.327694E-02    0.126269E-01    0.688677E-02    0.725225E-02
   80.00         5.495         2.400    
   3256.64         2306.85         3253.44         2361.19    
  0.372258E-02    0.146176E-01    0.824734E-02    0.936479E-02
   80.00         6.073         2.400    
   2918.79         2068.33         2918.52         2118.08    
  0.421272E-02    0.167275E-01    0.987538E-02    0.120936E-01
   80.00         6.711         2.400    
   2603.59         1845.73         2606.73         1891.98    
  0.474527E-02    0.189537E-01    0.118055E-01    0.155995E-01
   80.00         7.417         2.400    
   2310.74         1638.87         2317.60         1682.62    
  0.532156E-02    0.214228E-01    0.140804E-01    0.200946E-01
   80.00         8.197         2.400    
   2040.69         1448.09         2051.67         1490.26    
  0.594438E-02    0.245544E-01    0.167336E-01    0.258129E-01
   80.00         9.059         2.400    
   1793.10         1273.14         1808.46         1314.45    
  0.663156E-02    0.290531E-01    0.198574E-01    0.328659E-01
   80.00         10.01         2.400    
   1567.54         1113.74         1587.56         1154.97    
  0.741338E-02    0.343992E-01    0.236740E-01    0.411379E-01
   80.00         11.06         2.400    
   1362.84         969.068         1387.73         1010.77    
  0.829492E-02    0.406570E-01    0.283103E-01    0.507145E-01
   80.00         12.23         2.400    
   1176.37         837.263         1206.24         879.863    
  0.930295E-02    0.482115E-01    0.340074E-01    0.618939E-01
   80.00         13.51         2.400    
   1010.32         719.878         1045.28         763.777    
  0.104309E-01    0.569894E-01    0.408559E-01    0.746241E-01
   80.00         14.94         2.400    
   860.022         613.613         900.241         659.211    
  0.117170E-01    0.673842E-01    0.492407E-01    0.893012E-01
   80.00         16.51         2.400    
   727.023         519.552         772.420         567.047    
  0.131571E-01    0.794478E-01    0.592649E-01    0.105817    
   80.00         18.24         2.400    
   609.364         436.304         659.715         485.743    
  0.147725E-01    0.932988E-01    0.712448E-01    0.124327    
   80.00         20.16         2.400    
   505.109         362.492         560.117         413.845    
  0.165972E-01    0.109264        0.855559E-01    0.145046    
   80.00         22.28         2.400    
   413.784         297.770         473.005         350.898    
  0.186409E-01    0.127317        0.102418        0.167818    
   80.00         24.63         2.400    
   334.032         241.170         396.891         295.808    
  0.209344E-01    0.147587        0.122184        0.192675    
   80.00         27.22         2.400    
   265.331         192.314         331.016         248.037    
  0.234912E-01    0.170120        0.144976        0.219326    
   80.00         30.08         2.400    
   206.557         150.402         274.194         206.713    
  0.263322E-01    0.194707        0.170972        0.247402    
   80.00         33.24         2.400    
   156.793         114.782         225.376         171.082    
  0.294823E-01    0.221146        0.200257        0.276547    
   80.00         36.74         2.400    
   115.126         84.8138         183.534         140.403    
  0.329697E-01    0.249270        0.232901        0.306294    
   80.00         40.60         2.400    
   80.9686         60.0903         148.067         114.247    
  0.367809E-01    0.278455        0.268568        0.335889    
   80.00         44.87         2.400    
   53.4603         40.0135         118.126         92.0087    
  0.409196E-01    0.308327        0.307060        0.364687    
   80.00         49.59         2.400    
   31.8912         24.1092         93.0616         73.2340    
  0.453582E-01    0.338434        0.347975        0.392080    
   80.00         54.81         2.400    
   15.5462         11.8970         72.2734         57.5052    
  0.500703E-01    0.368189        0.390871        0.417461    
   80.00         60.57         2.400    
   3.83680         2.97922         55.2922         44.5084    
  0.549628E-01    0.396937        0.434977        0.440202    
   80.00         66.94         2.400    
  -4.08316        -3.19473         41.5698         33.8702    
  0.599633E-01    0.424343        0.479898        0.460030    
   80.00         73.98         2.400    
  -8.96821        -7.13374         30.6623         25.2960    
  0.649655E-01    0.450154        0.525128        0.476770    
   80.00         81.76         2.400    
  -11.4862        -9.28433         22.1632         18.5157    
  0.698189E-01    0.473857        0.569948        0.490238    
   80.00         89.36         2.400    
  -12.2291        -10.0295         16.3035         13.7733    
  0.739112E-01    0.493191        0.609198        0.499564    
   80.00         90.36         2.400    
  -12.2364        -10.0543         15.6682         13.2551    
  0.744058E-01    0.495495        0.614069        0.500566    
   80.00         91.20         2.400    
  -12.2314        -10.0658         15.1554         12.8361    
  0.748138E-01    0.497389        0.618112        0.501373    
   80.00         92.00         2.400    
  -12.2181        -10.0696         14.6840         12.4504    
  0.751957E-01    0.499161        0.621922        0.502114    
   80.00         99.86         2.400    
  -11.7398        -9.80897         10.8178         9.26549    
  0.786094E-01    0.515034        0.657204        0.508024    
   80.00         110.4         2.400    
  -10.5309        -8.94929         7.27361         6.30510    
  0.823012E-01    0.532391        0.698976        0.512581    
   80.00         120.0         2.400    
  -9.23449        -7.95823         5.12284         4.48342    
  0.849313E-01    0.545364        0.732630        0.514371    
   80.00         130.0         2.400    
  -7.87834        -6.87986         3.59181         3.17113    
  0.870347E-01    0.556523        0.763831        0.514491    
   80.00         140.0         2.400    
  -6.64238        -5.87033         2.54194         2.26157    
  0.885809E-01    0.565727        0.791620        0.513389    
   80.00         150.0         2.400    
  -5.56150        -4.96850         1.81349         1.62441    
  0.896922E-01    0.573568        0.816688        0.511748    
   80.00         160.0         2.400    
  -4.63259        -4.17925         1.30318         1.17426    
  0.904433E-01    0.580229        0.839417        0.509883    
   80.00         170.0         2.400    
  -3.83941        -3.49455        0.942690        0.853870    
  0.908823E-01    0.585843        0.859969        0.508255    
   80.00         180.0         2.400    
  -3.17828        -2.91625        0.685889        0.624126    
  0.910701E-01    0.590655        0.878665        0.506643    
   80.00         190.0         2.400    
  -2.62922        -2.43020        0.501529        0.458214    
  0.910714E-01    0.594858        0.895896        0.504947    
   80.00         200.0         2.400    
  -2.17333        -2.02227        0.368400        0.337776    
  0.909004E-01    0.598438        0.911613        0.503129    
   80.00         210.0         2.400    
  -1.79356        -1.67914        0.271650        0.249841    
  0.906005E-01    0.601609        0.926177        0.501295    
   80.00         220.0         2.400    
  -1.47986        -1.39319        0.200986        0.185351    
  0.901964E-01    0.604369        0.939592        0.499282    
   80.00         230.0         2.400    
  -1.22146        -1.15583        0.149136        0.137857    
  0.896924E-01    0.606732        0.951970        0.497111    
   80.00         240.0         2.400    
  -1.00829       -0.958605        0.110934        0.102750    
  0.891173E-01    0.608752        0.963379        0.494771    
   80.00         250.0         2.400    
 -0.832200       -0.794598        0.826776E-01    0.767121E-01
  0.884849E-01    0.610485        0.973953        0.492333    
   80.00         260.0         2.400    
 -0.686177       -0.657781        0.617111E-01    0.573414E-01
  0.878060E-01    0.612051        0.983814        0.489861    
   80.00         270.0         2.400    
 -0.565557       -0.544121        0.461107E-01    0.428977E-01
  0.871027E-01    0.613408        0.993032        0.487372    
   80.00         280.0         2.400    
 -0.466095       -0.449944        0.344793E-01    0.321088E-01
  0.863778E-01    0.614582         1.00160        0.484846    
   80.00         290.0         2.400    
 -0.384077       -0.371908        0.257885E-01    0.240341E-01
  0.856238E-01    0.615646         1.00964        0.482363    
   80.00         300.0         2.400    
 -0.316303       -0.307161        0.192927E-01    0.179903E-01
  0.848464E-01    0.616368         1.01691        0.479739    
   80.00         310.0         2.400    
 -0.260315       -0.253451        0.144278E-01    0.134592E-01
  0.840521E-01    0.616981         1.02357        0.477139    
   80.00         320.0         2.400    
 -0.213912       -0.208778        0.107828E-01    0.100611E-01
  0.832421E-01    0.617336         1.02961        0.474435    
   80.00         330.0         2.400    
 -0.175565       -0.171733        0.804776E-02    0.750962E-02
  0.824399E-01    0.617718         1.03543        0.471861    
   80.00         340.0         2.400    
 -0.143937       -0.141083        0.599725E-02    0.559569E-02
  0.816361E-01    0.617994         1.04082        0.469350    
   80.00         350.0         2.400    
 -0.117871       -0.115754        0.446026E-02    0.416054E-02
  0.808361E-01    0.618219         1.04519        0.466877    
   80.00         360.0         2.400    
 -0.963971E-01   -0.948287E-01    0.330953E-02    0.308594E-02
  0.978730E-01    0.617944         1.05057        0.464119    
   80.00         370.0         2.400    
 -0.786731E-01   -0.775192E-01    0.244962E-02    0.228294E-02
  0.792319E-01    0.618292         1.05464        0.461946    
   80.00         380.0         2.400    
 -0.640922E-01   -0.632454E-01    0.180785E-02    0.168377E-02
  0.784109E-01    0.617976         1.05814        0.459357    
   80.00         400.0         2.400    
 -0.422110E-01   -0.417601E-01    0.972778E-03    0.904472E-03
  0.759386E-01    0.617644         1.06511        0.454668    
   80.00         450.0         2.400    
 -0.140901E-01   -0.140062E-01    0.189096E-03    0.174701E-03
  0.727206E-01    0.608857         1.06681        0.438612    
   80.00         500.0         2.400    
 -0.419972E-02   -0.418704E-02    0.301678E-04    0.276013E-04
  0.492686E-01    0.771916         1.07537        0.546052    
   80.00        0.9106E-01     2.960    
  -923940.        -797600.        -924192.        -785743.    
 -0.735719E-06   -0.154888E-07   -0.186459E-05   -0.774089E-07
   80.00        0.1006         2.960    
  -775410.        -669417.        -775632.        -658863.    
 -0.967248E-06   -0.222849E-07   -0.245137E-05   -0.111256E-06
   80.00        0.1112         2.960    
  -648221.        -559649.        -648419.        -550265.    
 -0.127750E-05   -0.322170E-07   -0.323673E-05   -0.160650E-06
   80.00        0.1229         2.960    
  -540274.        -466484.        -540421.        -458117.    
 -0.169172E-05   -0.466987E-07   -0.428554E-05   -0.232559E-06
   80.00        0.1358         2.960    
  -448883.        -387607.        -449005.        -380162.    
 -0.224642E-05   -0.678622E-07   -0.568981E-05   -0.337467E-06
   80.00        0.1501         2.960    
  -371255.        -320605.        -371355.        -313989.    
 -0.299705E-05   -0.991090E-07   -0.758976E-05   -0.492065E-06
   80.00        0.1659         2.960    
  -305698.        -264020.        -305784.        -258146.    
 -0.401529E-05   -0.145348E-06   -0.101666E-04   -0.720361E-06
   80.00        0.1834         2.960    
  -250342.        -216239.        -250421.        -211023.    
 -0.540887E-05   -0.214368E-06   -0.136926E-04   -0.106036E-05
   80.00        0.2027         2.960    
  -203918.        -176165.        -203996.        -171540.    
 -0.732163E-05   -0.317652E-06   -0.185315E-04   -0.156786E-05
   80.00        0.2240         2.960    
  -165046.        -142609.        -165125.        -138510.    
 -0.997020E-05   -0.473482E-06   -0.252304E-04   -0.233143E-05
   80.00        0.2475         2.960    
  -132593.        -114592.        -132660.        -110959.    
 -0.136735E-04   -0.710728E-06   -0.345959E-04   -0.349044E-05
   80.00        0.2736         2.960    
  -105423.        -91134.0        -105485.        -87917.2    
 -0.189496E-04   -0.107866E-05   -0.479378E-04   -0.528192E-05
   80.00        0.3023         2.960    
  -82984.6        -71760.4        -83045.3        -68914.8    
 -0.265034E-04   -0.165151E-05   -0.670363E-04   -0.806107E-05
   80.00        0.3341         2.960    
  -64384.3        -55699.0        -64435.3        -53177.0    
 -0.376066E-04   -0.256628E-05   -0.951075E-04   -0.124815E-04
   80.00        0.3693         2.960    
  -49062.3        -42467.0        -49106.7        -40234.3    
 -0.543124E-04   -0.405996E-05   -0.137343E-03   -0.196683E-04
   80.00        0.4081         2.960    
  -36558.6        -31667.6        -36602.6        -29694.3    
 -0.801437E-04   -0.656213E-05   -0.202652E-03   -0.316517E-04
   80.00        0.4510         2.960    
  -26382.6        -22877.3        -26424.5        -21136.4    
 -0.122044E-03   -0.109485E-04   -0.308600E-03   -0.525546E-04
   80.00        0.4985         2.960    
  -18151.1        -15765.5        -18189.2        -14226.8    
 -0.194839E-03   -0.191581E-04   -0.492704E-03   -0.914721E-04
   80.00        0.5509         2.960    
  -11572.4        -10080.6        -11602.7        -8718.58    
 -0.335385E-03   -0.361496E-04   -0.848247E-03   -0.171584E-03
   80.00        0.6088         2.960    
  -6356.94        -5572.51        -6385.39        -4372.37    
 -0.668684E-03   -0.790300E-04   -0.169097E-02   -0.372673E-03
   80.00        0.6729         2.960    
  -2265.80        -2035.11        -2293.45        -978.095    
 -0.204151E-02   -0.264703E-03   -0.516680E-02   -0.123923E-02
   80.00        0.7436         2.960    
   882.930         688.589         855.920         1619.37    
  0.599210E-02    0.852538E-03    0.151739E-01    0.395943E-02
   80.00        0.8218         2.960    
   3266.14         2751.26         3240.02         3569.71    
  0.173240E-02    0.270610E-03    0.439040E-02    0.124571E-02
   80.00        0.9083         2.960    
   5022.17         4272.28         5001.25         4990.49    
  0.122705E-02    0.210561E-03    0.311287E-02    0.959811E-03
   80.00         1.004         2.960    
   6267.89         5352.56         6242.96         5981.98    
  0.107350E-02    0.202500E-03    0.272691E-02    0.913079E-03
   80.00         1.109         2.960    
   7096.13         6072.16         7072.16         6624.33    
  0.103286E-02    0.214170E-03    0.262797E-02    0.954212E-03
   80.00         1.226         2.960    
   7601.73         6513.03         7583.18         7000.22    
  0.104904E-02    0.239477E-03    0.267465E-02    0.105280E-02
   80.00         1.355         2.960    
   7845.33         6727.45         7824.06         7150.20    
  0.110517E-02    0.277905E-03    0.282488E-02    0.120382E-02
   80.00         1.497         2.960    
   7885.97         6766.41         7865.62         7136.53    
  0.119230E-02    0.330423E-03    0.305688E-02    0.140816E-02
   80.00         1.655         2.960    
   7770.55         6670.43         7750.06         6992.39    
  0.131034E-02    0.400864E-03    0.337194E-02    0.167753E-02
   80.00         1.829         2.960    
   7538.40         6473.42         7518.95         6754.07    
  0.145859E-02    0.492933E-03    0.376992E-02    0.202173E-02
   80.00         2.021         2.960    
   7221.52         6203.04         7204.08         6448.27    
  0.163945E-02    0.612698E-03    0.425934E-02    0.245755E-02
   80.00         2.234         2.960    
   6843.72         5879.87         6826.16         6092.10    
  0.185817E-02    0.769241E-03    0.485700E-02    0.300979E-02
   80.00         2.469         2.960    
   6427.71         5523.49         6411.12         5707.68    
  0.211747E-02    0.972102E-03    0.557332E-02    0.370032E-02
   80.00         2.729         2.960    
   5988.94         5147.26         5974.51         5307.49    
  0.242258E-02    0.123542E-02    0.642756E-02    0.456104E-02
   80.00         3.016         2.960    
   5541.46         4763.32         5527.54         4902.16    
  0.277953E-02    0.157684E-02    0.744265E-02    0.562743E-02
   80.00         3.333         2.960    
   5095.13         4380.21         5082.43         4500.53    
  0.319321E-02    0.201850E-02    0.863883E-02    0.693757E-02
   80.00         3.683         2.960    
   4657.84         4004.73         4646.58         4109.17    
  0.366916E-02    0.258858E-02    0.100412E-01    0.853332E-02
   80.00         4.071         2.960    
   4233.69         3640.44         4224.57         3731.67    
  0.421400E-02    0.332490E-02    0.116807E-01    0.104635E-01
   80.00         4.499         2.960    
   3829.04         3292.84         3822.50         3372.95    
  0.482897E-02    0.426714E-02    0.135749E-01    0.127574E-01
   80.00         4.972         2.960    
   3445.92         2963.70         3441.75         3034.53    
  0.551786E-02    0.546812E-02    0.157527E-01    0.154486E-01
   80.00         5.495         2.960    
   3086.01         2654.47         3084.39         2717.43    
  0.628029E-02    0.698580E-02    0.182370E-01    0.185478E-01
   80.00         6.073         2.960    
   2750.53         2366.21         2751.69         2422.72    
  0.711255E-02    0.887907E-02    0.210499E-01    0.220372E-01
   80.00         6.711         2.960    
   2440.18         2099.53         2444.47         2151.22    
  0.800759E-02    0.111963E-01    0.242220E-01    0.258644E-01
   80.00         7.417         2.960    
   2154.02         1853.64         2161.65         1901.55    
  0.896170E-02    0.139691E-01    0.278386E-01    0.299738E-01
   80.00         8.197         2.960    
   1892.03         1628.52         1903.29         1673.78    
  0.997299E-02    0.171561E-01    0.320741E-01    0.343166E-01
   80.00         9.059         2.960    
   1653.27         1423.36         1668.50         1467.04    
  0.110659E-01    0.207021E-01    0.371990E-01    0.390796E-01
   80.00         10.01         2.960    
   1437.04         1237.57         1456.44         1280.49    
  0.123063E-01    0.249883E-01    0.432994E-01    0.445137E-01
   80.00         11.06         2.960    
   1241.91         1069.92         1265.66         1112.80    
  0.137185E-01    0.300978E-01    0.505875E-01    0.508656E-01
   80.00         12.23         2.960    
   1065.11         918.015         1093.40         961.550    
  0.153499E-01    0.362950E-01    0.593173E-01    0.583879E-01
   80.00         13.51         2.960    
   908.506         783.461         941.378         828.133    
  0.171947E-01    0.437033E-01    0.696129E-01    0.672264E-01
   80.00         14.94         2.960    
   767.501         662.305         804.960         708.483    
  0.193267E-01    0.525383E-01    0.819244E-01    0.778029E-01
   80.00         16.51         2.960    
   643.383         555.647         685.342         603.615    
  0.217483E-01    0.629700E-01    0.963696E-01    0.902730E-01
   80.00         18.24         2.960    
   534.173         461.781         580.469         511.698    
  0.245069E-01    0.750708E-01    0.113246        0.104904    
   80.00         20.16         2.960    
   437.952         379.051         488.331         430.954    
  0.276663E-01    0.892298E-01    0.132975        0.121980    
   80.00         22.28         2.960    
   354.176         306.981         408.124         360.661    
  0.312703E-01    0.105533        0.155790        0.141625    
   80.00         24.63         2.960    
   281.505         244.414         338.456         299.589    
  0.353768E-01    0.124128        0.182022        0.163905    
   80.00         27.22         2.960    
   219.383         190.865         278.637         247.122    
  0.400159E-01    0.144933        0.211653        0.188630    
   80.00         30.08         2.960    
   166.708         145.386         227.421         202.160    
  0.452318E-01    0.167903        0.244926        0.215535    
   80.00         33.24         2.960    
   122.589         107.211         183.788         163.808    
  0.510635E-01    0.192954        0.281764        0.244225    
   80.00         36.74         2.960    
   86.1502         75.5910         146.818         131.256    
  0.575400E-01    0.219786        0.322177        0.274083    
   80.00         40.60         2.960    
   56.7878         50.0113         115.862         103.936    
  0.646189E-01    0.247872        0.365671        0.304254    
   80.00         44.87         2.960    
   33.6764         29.7751         90.0948         81.1303    
  0.722837E-01    0.276900        0.412036        0.333940    
   80.00         49.59         2.960    
   16.1211         14.3072         68.9200         62.3227    
  0.804284E-01    0.306142        0.460636        0.362104    
   80.00         54.81         2.960    
   3.49514         3.08805         51.7348         46.9939    
  0.889276E-01    0.335010        0.510927        0.387932    
   80.00         60.57         2.960    
  -5.02988        -4.56971         38.0355         34.7165    
  0.975923E-01    0.362962        0.562190        0.410624    
   80.00         66.94         2.960    
  -10.2219        -9.31012         27.3061         25.0484    
  0.106192        0.389387        0.613687        0.429507    
   80.00         73.98         2.960    
  -12.7776        -11.7116         19.0872         17.5990    
  0.114491        0.413901        0.664818        0.444251    
   80.00         81.76         2.960    
  -13.3524        -12.3302         12.9508         12.0027    
  0.122243        0.436253        0.715025        0.454726    
   80.00         89.36         2.960    
  -12.6622        -11.7755         8.92701         8.31085    
  0.128427        0.453964        0.758156        0.460314    
   80.00         90.36         2.960    
  -12.5211        -11.6547         8.50400         7.92147    
  0.129148        0.456050        0.763448        0.460792    
   80.00         91.20         2.960    
  -12.3964        -11.5473         8.16473         7.60895    
  0.129739        0.457758        0.767832        0.461150    
   80.00         92.00         2.960    
  -12.2731        -11.4404         7.85460         7.32309    
  0.130289        0.459361        0.771959        0.461466    
   80.00         99.86         2.960    
  -10.8989        -10.2280         5.38324         5.03875    
  0.135058        0.473421        0.809962        0.462868    
   80.00         110.4         2.960    
  -8.90786        -8.42873         3.26527         3.07042    
  0.139802        0.488431        0.854194        0.462851    
   80.00         120.0         2.960    
  -7.19632        -6.85538         2.08164         1.96424    
  0.142749        0.499092        0.888772        0.463930    
   80.00         130.0         2.960    
  -5.64833        -5.41476         1.30689         1.23686    
  0.144744        0.507964        0.920243        0.466320    
   80.00         140.0         2.960    
  -4.37439        -4.21718        0.822571        0.780367    
  0.145811        0.514949        0.947402        0.469696    
   80.00         150.0         2.960    
  -3.34989        -3.24573        0.518198        0.492541    
  0.146169        0.520518        0.971109        0.473436    
   80.00         160.0         2.960    
  -2.53705        -2.46909        0.326273        0.310569    
  0.145982        0.525000        0.991890        0.477159    
   80.00         170.0         2.960    
  -1.90624        -1.86242        0.204981        0.195310    
  0.145402        0.528735         1.01041        0.481011    
   80.00         180.0         2.960    
  -1.42197        -1.39405        0.128399        0.122417    
  0.144426        0.531568         1.02631        0.484647    
   80.00         190.0         2.960    
  -1.05243        -1.03491        0.800382E-01    0.763318E-01
  0.143192        0.533801         1.04022        0.488227    
   80.00         200.0         2.960    
 -0.771957       -0.761111        0.495629E-01    0.472664E-01
  0.141773        0.535611         1.05253        0.491853    
   80.00         210.0         2.960    
 -0.561524       -0.554908        0.304342E-01    0.290138E-01
  0.140225        0.537086         1.06344        0.495526    
   80.00         220.0         2.960    
 -0.404944       -0.400968        0.185034E-01    0.176291E-01
  0.138529        0.538061         1.07271        0.499076    
   80.00         230.0         2.960    
 -0.289164       -0.286818        0.111092E-01    0.105748E-01
  0.136774        0.534995         1.08096        0.499145    
   80.00         240.0         2.960    
 -0.204173       -0.202818        0.657309E-02    0.624978E-02
  0.134936        0.539284         1.08788        0.506312    
   80.00         250.0         2.960    
 -0.142236       -0.141471        0.382135E-02    0.362827E-02
  0.133054        0.539457         1.09366        0.509857    
   80.00         260.0         2.960    
 -0.976684E-01   -0.972474E-01    0.217522E-02    0.206183E-02
  0.131163        0.636997         1.09865        0.606260    
   80.00         270.0         2.960    
 -0.659835E-01   -0.657587E-01    0.120815E-02    0.114293E-02
  0.128010        0.539107         1.10235        0.516837    
   80.00         280.0         2.960    
 -0.437309E-01   -0.436148E-01    0.651082E-03    0.614533E-03
  0.126491        0.538425         1.10556        0.520092    
   80.00         290.0         2.960    
 -0.283343E-01   -0.282767E-01    0.338812E-03    0.318974E-03
  0.124898        0.534384         1.10062        0.520202    
   80.00         300.0         2.960    
 -0.178661E-01   -0.178389E-01    0.168784E-03    0.158422E-03
  0.123104        0.534857         1.10862        0.524827    
   80.00         310.0         2.960    
 -0.108951E-01   -0.108830E-01    0.797917E-04    0.746360E-04
  0.145023        0.535797         1.10881        0.530041    
   80.00         320.0         2.960    
 -0.638421E-02   -0.637913E-02    0.352991E-04    0.328854E-04
  0.406470E-01    0.629269         1.30290        0.627647    
   80.00         330.0         2.960    
 -0.355725E-02   -0.355531E-02    0.143727E-04    0.133264E-04
  0.486912E-01    0.528766         1.09376        0.531814    
   80.00         340.0         2.960    
 -0.185794E-02   -0.185727E-02    0.524194E-05    0.483274E-05
  0.588709E-01    0.255064         1.08550        0.258713    
   80.00         350.0         2.960    
 -0.890023E-03   -0.889825E-03    0.165021E-05    0.151089E-05
  0.717265E-01    0.319616        0.670080        0.326983    
   80.00         360.0         2.960    
 -0.377771E-03   -0.377723E-03    0.420516E-06    0.381616E-06
  0.880374E-01    0.402984        0.844058        0.415838    
   80.00         370.0         2.960    
 -0.133889E-03   -0.133880E-03    0.777438E-07    0.697268E-07
  0.107898        0.506596         1.06015        0.527310    
   80.00         380.0         2.960    
 -0.495102E-04   -0.495090E-04    0.521207E-08    0.104190E-08
  0.102008E-08    0.500370E-08    0.102047E-07     0.00000    
   80.00         400.0         2.960    
 -0.192734E-06   -0.192734E-06    0.309999E-12    0.598015E-13
  0.586660E-13    0.298461E-12    0.608183E-12     0.00000    
   80.00         450.0         2.960    
   0.00000         0.00000         0.00000         0.00000    
   0.00000         0.00000         0.00000         0.00000    
   80.00         500.0         2.960    
   0.00000         0.00000         0.00000         0.00000    
   0.00000         0.00000         0.00000         0.00000    
   80.00        0.9106E-01     3.200    
  -782390.        -710322.        -782537.        -698618.    
 -0.966008E-06   -0.738651E-08   -0.202925E-05   -0.613133E-07
   80.00        0.1006         3.200    
  -654971.        -594666.        -655108.        -584256.    
 -0.127323E-05   -0.106705E-07   -0.267495E-05   -0.883456E-07
   80.00        0.1112         3.200    
  -546019.        -495770.        -546142.        -486516.    
 -0.168587E-05   -0.154956E-07   -0.354240E-05   -0.127929E-06
   80.00        0.1229         3.200    
  -453694.        -411965.        -453804.        -403740.    
 -0.223898E-05   -0.225716E-07   -0.470540E-05   -0.185763E-06
   80.00        0.1358         3.200    
  -375662.        -341133.        -375767.        -333823.    
 -0.298228E-05   -0.329806E-07   -0.626975E-05   -0.270493E-06
   80.00        0.1501         3.200    
  -309501.        -281074.        -309593.        -274584.    
 -0.399414E-05   -0.484629E-07   -0.839750E-05   -0.395956E-06
   80.00        0.1659         3.200    
  -253739.        -230454.        -253820.        -224690.    
 -0.537357E-05   -0.715651E-07   -0.113006E-04   -0.582250E-06
   80.00        0.1834         3.200    
  -206756.        -187802.        -206844.        -182699.    
 -0.727296E-05   -0.106369E-06   -0.152996E-04   -0.861396E-06
   80.00        0.2027         3.200    
  -167446.        -152114.        -167542.        -147604.    
 -0.989904E-05   -0.159008E-06   -0.208310E-04   -0.128110E-05
   80.00        0.2240         3.200    
  -134616.        -122308.        -134684.        -118291.    
 -0.135702E-04   -0.239469E-06   -0.285679E-04   -0.191853E-05
   80.00        0.2475         3.200    
  -107285.        -97493.8        -107348.        -93932.3    
 -0.187543E-04   -0.363684E-06   -0.394996E-04   -0.289570E-05
   80.00        0.2736         3.200    
  -84476.0        -76783.5        -84533.5        -73628.7    
 -0.262377E-04   -0.559656E-06   -0.552906E-04   -0.442564E-05
   80.00        0.3023         3.200    
  -65706.5        -59740.2        -65748.6        -56936.1    
 -0.371328E-04   -0.871265E-06   -0.782985E-04   -0.683830E-05
   80.00        0.3341         3.200    
  -50209.5        -45667.3        -50247.3        -43183.8    
 -0.534756E-04   -0.138140E-05   -0.112840E-03   -0.107529E-04
   80.00        0.3693         3.200    
  -37501.9        -34126.6        -37539.3        -31930.9    
 -0.787398E-04   -0.224161E-05   -0.166322E-03   -0.172905E-04
   80.00        0.4081         3.200    
  -27186.1        -24757.1        -27220.6        -22817.2    
 -0.119406E-03   -0.374667E-05   -0.252423E-03   -0.286125E-04
   80.00        0.4510         3.200    
  -18841.6        -17177.1        -18874.8        -15466.1    
 -0.189229E-03   -0.655111E-05   -0.401368E-03   -0.494831E-04
   80.00        0.4985         3.200    
  -12139.9        -11088.6        -12169.0        -9575.57    
 -0.322381E-03   -0.123274E-04   -0.683191E-03   -0.919963E-04
   80.00        0.5509         3.200    
  -6829.79        -6263.46        -6856.63        -4927.08    
 -0.627901E-03   -0.265413E-04   -0.133271E-02   -0.195468E-03
   80.00        0.6088         3.200    
  -2663.97        -2477.26        -2690.50        -1298.99    
 -0.175475E-02   -0.820793E-04   -0.373110E-02   -0.595786E-03
   80.00        0.6729         3.200    
   561.188         454.839         541.557         1491.20    
  0.955311E-02    0.495163E-03    0.203553E-01    0.353746E-02
   80.00        0.7436         3.200    
   3001.77         2674.50         2974.80         3584.47    
  0.190369E-02    0.109457E-03    0.406605E-02    0.768481E-03
   80.00        0.8218         3.200    
   4807.59         4317.73         4781.70         5117.55    
  0.129512E-02    0.827290E-04    0.277395E-02    0.569869E-03
   80.00        0.9083         3.200    
   6096.16         5491.21         6076.64         6201.11    
  0.111324E-02    0.791301E-04    0.239224E-02    0.533836E-03
   80.00         1.004         3.200    
   6966.52         6284.82         6944.27         6902.22    
  0.106282E-02    0.842125E-04    0.229256E-02    0.555325E-03
   80.00         1.109         3.200    
   7498.42         6770.96         7476.36         7311.75    
  0.107482E-02    0.950283E-04    0.232855E-02    0.611369E-03
   80.00         1.226         3.200    
   7769.21         7019.87         7746.80         7491.92    
  0.112835E-02    0.111634E-03    0.245695E-02    0.698982E-03
   80.00         1.355         3.200    
   7831.56         7079.36         7810.20         7492.03    
  0.121495E-02    0.134748E-03    0.266104E-02    0.819200E-03
   80.00         1.497         3.200    
   7734.94         6994.34         7716.55         7356.60    
  0.133180E-02    0.165871E-03    0.293409E-02    0.976725E-03
   80.00         1.655         3.200    
   7517.07         6799.08         7497.54         7113.09    
  0.148192E-02    0.207916E-03    0.329307E-02    0.118229E-02
   80.00         1.829         3.200    
   7211.86         6524.34         7192.67         6797.19    
  0.166395E-02    0.263746E-03    0.373358E-02    0.144417E-02
   80.00         2.021         3.200    
   6845.38         6193.80         6827.41         6430.90    
  0.188575E-02    0.337952E-03    0.427085E-02    0.177641E-02
   80.00         2.234         3.200    
   6436.58         5824.71         6419.31         6030.47    
  0.214940E-02    0.437297E-03    0.492479E-02    0.219879E-02
   80.00         2.469         3.200    
   6004.51         5434.33         5988.28         5612.65    
  0.245997E-02    0.569685E-03    0.571112E-02    0.273047E-02
   80.00         2.729         3.200    
   5561.32         5033.72         5546.21         5188.06    
  0.282431E-02    0.746821E-03    0.665563E-02    0.339893E-02
   80.00         3.016         3.200    
   5118.40         4633.22         5104.28         4766.50    
  0.324797E-02    0.983502E-03    0.778389E-02    0.423363E-02
   80.00         3.333         3.200    
   4683.40         4239.78         4670.84         4355.20    
  0.373696E-02    0.129974E-02    0.912657E-02    0.526979E-02
   80.00         3.683         3.200    
   4262.38         3858.93         4251.14         3958.67    
  0.429753E-02    0.172190E-02    0.107193E-01    0.654734E-02
   80.00         4.071         3.200    
   3858.09         3493.15         3848.78         3579.79    
  0.493641E-02    0.228624E-02    0.126059E-01    0.811412E-02
   80.00         4.499         3.200    
   3475.58         3147.06         3468.12         3222.40    
  0.565487E-02    0.303446E-02    0.148199E-01    0.100075E-01
   80.00         4.972         3.200    
   3116.01         2821.69         3110.84         2887.77    
  0.645466E-02    0.402160E-02    0.174038E-01    0.122687E-01
   80.00         5.495         3.200    
   2780.31         2517.91         2777.38         2576.11    
  0.733602E-02    0.531364E-02    0.204022E-01    0.149313E-01
   80.00         6.073         3.200    
   2469.11         2236.28         2468.73         2288.16    
  0.829475E-02    0.698114E-02    0.238500E-01    0.180061E-01
   80.00         6.711         3.200    
   2182.62         1977.03         2185.01         2023.89    
  0.932672E-02    0.908950E-02    0.277812E-01    0.214791E-01
   80.00         7.417         3.200    
   1919.64         1739.04         1925.20         1782.21    
  0.104370E-01    0.116851E-01    0.322532E-01    0.253214E-01
   80.00         8.197         3.200    
   1679.83         1522.03         1688.70         1562.54    
  0.116487E-01    0.147367E-01    0.373563E-01    0.294849E-01
   80.00         9.059         3.200    
   1462.18         1325.07         1474.64         1363.92    
  0.130032E-01    0.181576E-01    0.433026E-01    0.340792E-01
   80.00         10.01         3.200    
   1265.80         1147.35         1282.01         1185.38    
  0.145538E-01    0.223622E-01    0.503687E-01    0.394125E-01
   80.00         11.06         3.200    
   1089.20         987.548         1109.36         1025.50    
  0.163318E-01    0.274549E-01    0.587617E-01    0.457004E-01
   80.00         12.23         3.200    
   929.744         843.259         953.938         881.683    
  0.183950E-01    0.337115E-01    0.688131E-01    0.531839E-01
   80.00         13.51         3.200    
   788.991         715.889         817.243         755.297    
  0.207447E-01    0.412743E-01    0.805980E-01    0.619781E-01
   80.00         14.94         3.200    
   662.706         601.605         695.108         642.447    
  0.234753E-01    0.503909E-01    0.946412E-01    0.724725E-01
   80.00         16.51         3.200    
   551.953         501.366         588.412         543.921    
  0.265918E-01    0.612507E-01    0.111043        0.847760E-01
   80.00         18.24         3.200    
   454.883         413.495         495.160         457.852    
  0.301582E-01    0.740245E-01    0.130114        0.991226E-01
   80.00         20.16         3.200    
   369.721         336.381         413.545         382.552    
  0.342621E-01    0.890205E-01    0.152326        0.115764    
   80.00         22.28         3.200    
   295.929         269.532         342.909         317.398    
  0.389419E-01    0.106370        0.177821        0.134745    
   80.00         24.63         3.200    
   232.272         211.827         281.824         261.063    
  0.442853E-01    0.126161        0.206969        0.156143    
   80.00         27.22         3.200    
   178.204         162.770         229.649         212.941    
  0.503131E-01    0.148283        0.239722        0.179714    
   80.00         30.08         3.200    
   132.717         121.443         185.294         172.020    
  0.570718E-01    0.172577        0.276126        0.205189    
   80.00         33.24         3.200    
   94.9821         87.0976         147.812         137.423    
  0.645907E-01    0.198833        0.316114        0.232142    
   80.00         36.74         3.200    
   64.1878         59.0030         116.310         108.319    
  0.728950E-01    0.226693        0.359600        0.260085    
   80.00         40.60         3.200    
   39.7601         36.6504         90.2128         84.1800    
  0.819002E-01    0.255450        0.405953        0.288158    
   80.00         44.87         3.200    
   20.9302         19.3516         68.7823         64.3254    
  0.915248E-01    0.284536        0.454694        0.315585    
   80.00         49.59         3.200    
   7.04118         6.52243         51.4192         48.2060    
  0.101639        0.313231        0.505259        0.341587    
   80.00         54.81         3.200    
  -2.59404        -2.43684         37.5778         35.3239    
  0.112041        0.340817        0.556906        0.365423    
   80.00         60.57         3.200    
  -8.58847        -8.06753         26.7892         25.2534    
  0.122411        0.366503        0.608586        0.386279    
   80.00         66.94         3.200    
  -11.7201        -11.0575         18.5457         17.5345    
  0.132507        0.389938        0.659816        0.403825    
   80.00         73.98         3.200    
  -12.7014        -12.0470         12.4206         11.7784    
  0.142015        0.410721        0.709891        0.417779    
   80.00         81.76         3.200    
  -12.1630        -11.6014         8.01572         7.62358    
  0.150554        0.428536        0.757853        0.427864    
   80.00         89.36         3.200    
  -10.8601        -10.4122         5.24142         4.99738    
  0.157154        0.441979        0.798530        0.433785    
   80.00         90.36         3.200    
  -10.6567        -10.2241         4.95703         4.72767    
  0.157912        0.443522        0.803481        0.434347    
   80.00         91.20         3.200    
  -10.4835        -10.0635         4.73027         4.51251    
  0.158527        0.444768        0.807574        0.434775    
   80.00         92.00         3.200    
  -10.3170        -9.90881         4.52408         4.31680    
  0.159093        0.445914        0.811407        0.435143    
   80.00         99.86         3.200    
  -8.65726        -8.35477         2.92144         2.79332    
  0.163846        0.455719        0.846276        0.437349    
   80.00         110.4         3.200    
  -6.57809        -6.38540         1.62558         1.55767    
  0.168169        0.465296        0.885729        0.438034    
   80.00         120.0         3.200    
  -4.97598        -4.85294        0.950446        0.912054    
  0.170582        0.471720        0.916042        0.438907    
   80.00         130.0         3.200    
  -3.62893        -3.55437        0.541150        0.519815    
  0.171748        0.476335        0.942850        0.439782    
   80.00         140.0         3.200    
  -2.59600        -2.55211        0.305915        0.294016    
  0.171891        0.479528        0.965182        0.440605    
   80.00         150.0         3.200    
  -1.82548        -1.80032        0.171168        0.164529    
  0.171312        0.481826        0.984275        0.441265    
   80.00         160.0         3.200    
  -1.26175        -1.24771        0.945404E-01    0.908486E-01
  0.170120        0.483000         1.00029        0.441191    
   80.00         170.0         3.200    
 -0.855316       -0.847734        0.513550E-01    0.493178E-01
  0.168500        0.484132         1.01382        0.441352    
   80.00         180.0         3.200    
 -0.569324       -0.565359        0.273269E-01    0.262169E-01
  0.166540        0.484510         1.02507        0.441072    
   80.00         190.0         3.200    
 -0.371236       -0.369236        0.141729E-01    0.135789E-01
  0.164348        0.484561         1.03453        0.440753    
   80.00         200.0         3.200    
 -0.236338       -0.235371        0.712408E-02    0.681403E-02
  0.161947        0.484174         1.04202        0.440282    
   80.00         210.0         3.200    
 -0.146179       -0.145734        0.344399E-02    0.328740E-02
  0.159421        0.483587         1.04805        0.439807    
   80.00         220.0         3.200    
 -0.874531E-01   -0.872601E-01    0.158672E-02    0.151085E-02
  0.156769        0.482526         1.05226        0.439113    
   80.00         230.0         3.200    
 -0.502622E-01   -0.501841E-01    0.687610E-03    0.652815E-03
  0.153889        0.570616         1.05532        0.519798    
   80.00         240.0         3.200    
 -0.274575E-01   -0.274286E-01    0.275611E-03    0.260756E-03
  0.149665        0.479452         1.05597        0.437341    
   80.00         250.0         3.200    
 -0.140468E-01   -0.140373E-01    0.996946E-04    0.939274E-04
  0.147643        0.474671         1.04959        0.433696    
   80.00         260.0         3.200    
 -0.658373E-02   -0.658101E-02    0.313485E-04    0.293808E-04
  0.355102E-01    0.475516         1.05532        0.435329    
   80.00         270.0         3.200    
 -0.272927E-02   -0.272864E-02    0.807834E-05    0.752089E-05
  0.477669E-01    0.149727         1.23486        0.137382    
   80.00         280.0         3.200    
 -0.942035E-03   -0.941927E-03    0.153644E-05    0.141763E-05
  0.665214E-01    0.215568        0.483405        0.198288    
   80.00         290.0         3.200    
 -0.239645E-03   -0.239634E-03    0.173984E-06    0.158419E-06
  0.964809E-01    0.322695        0.723191        0.297646    
   80.00         300.0         3.200    
 -0.417720E-04   -0.417716E-04    0.374946E-08    0.947289E-09
  0.916237E-09    0.351009E-08    0.725273E-08     0.00000    
   80.00         310.0         3.200    
 -0.868325E-06   -0.868325E-06    0.530002E-11    0.130079E-11
  0.126064E-11    0.498080E-11    0.102729E-10     0.00000    
   80.00         320.0         3.200    
   0.00000         0.00000         0.00000         0.00000    
   0.00000         0.00000         0.00000         0.00000    
   80.00         330.0         3.200    
   0.00000         0.00000         0.00000         0.00000    
   0.00000         0.00000         0.00000         0.00000    
   80.00         340.0         3.200    
   0.00000         0.00000         0.00000         0.00000    
   0.00000         0.00000         0.00000         0.00000    
   80.00         350.0         3.200    
   0.00000         0.00000         0.00000         0.00000    
   0.00000         0.00000         0.00000         0.00000    
   80.00         360.0         3.200    
   0.00000         0.00000         0.00000         0.00000    
   0.00000         0.00000         0.00000         0.00000    
   80.00         370.0         3.200    
   0.00000         0.00000         0.00000         0.00000    
   0.00000         0.00000         0.00000         0.00000    
   80.00         380.0         3.200    
   0.00000         0.00000         0.00000         0.00000    
   0.00000         0.00000         0.00000         0.00000    
   80.00         400.0         3.200    
   0.00000         0.00000         0.00000         0.00000    
   0.00000         0.00000         0.00000         0.00000    
   80.00         450.0         3.200    
   0.00000         0.00000         0.00000         0.00000    
   0.00000         0.00000         0.00000         0.00000    
   80.00         500.0         3.200    
   0.00000         0.00000         0.00000         0.00000    
   0.00000         0.00000         0.00000         0.00000    
   80.00        0.9106E-01     3.900    
  -179238.        -176418.        -179308.        -172071.    
 -0.141811E-05   -0.130767E-07   -0.540948E-05   -0.535701E-07
   80.00        0.1006         3.900    
  -147666.        -145349.        -147732.        -141483.    
 -0.189805E-05   -0.191448E-07   -0.723845E-05   -0.784091E-07
   80.00        0.1112         3.900    
  -120899.        -119008.        -120961.        -115574.    
 -0.255919E-05   -0.282261E-07   -0.975754E-05   -0.115571E-06
   80.00        0.1229         3.900    
  -98426.2        -96891.3        -98479.2        -93837.0    
 -0.346871E-05   -0.418318E-07   -0.132217E-04   -0.171228E-06
   80.00        0.1358         3.900    
  -79622.1        -78385.3        -79667.6        -75668.7    
 -0.473157E-05   -0.623489E-07   -0.180309E-04   -0.255124E-06
   80.00        0.1501         3.900    
  -63853.0        -62865.8        -63896.6        -60455.8    
 -0.650970E-05   -0.937612E-07   -0.247997E-04   -0.383516E-06
   80.00        0.1659         3.900    
  -50722.1        -49942.5        -50764.8        -47806.3    
 -0.903938E-05   -0.142290E-06   -0.344261E-04   -0.581778E-06
   80.00        0.1834         3.900    
  -39805.3        -39197.9        -39844.0        -37302.9    
 -0.127058E-04   -0.218594E-06   -0.483728E-04   -0.893351E-06
   80.00        0.2027         3.900    
  -30806.1        -30340.3        -30839.4        -28657.9    
 -0.181021E-04   -0.340275E-06   -0.688925E-04   -0.138993E-05
   80.00        0.2240         3.900    
  -23413.7        -23064.0        -23438.9        -21567.4    
 -0.262550E-04   -0.539096E-06   -0.998810E-04   -0.220083E-05
   80.00        0.2475         3.900    
  -17373.4        -17118.2        -17397.6        -15792.7    
 -0.389758E-04   -0.873951E-06   -0.148211E-03   -0.356564E-05
   80.00        0.2736         3.900    
  -12438.2        -12260.0        -12460.4        -11085.9    
 -0.599755E-04   -0.146905E-05   -0.227962E-03   -0.598944E-05
   80.00        0.3023         3.900    
  -8474.79        -8358.19        -8494.71        -7317.97    
 -0.968782E-04   -0.259064E-05   -0.368049E-03   -0.105542E-04
   80.00        0.3341         3.900    
  -5293.65        -5226.23        -5311.47        -4305.37    
 -0.170605E-03   -0.498150E-05   -0.647808E-03   -0.202772E-04
   80.00        0.3693         3.900    
  -2770.67        -2742.04        -2787.64        -1928.33    
 -0.357845E-03   -0.114075E-04   -0.135804E-02   -0.463901E-04
   80.00        0.4081         3.900    
  -802.665        -804.065        -818.952        -85.4150    
 -0.133999E-02   -0.466216E-04   -0.508244E-02   -0.189392E-03
   80.00        0.4510         3.900    
   713.616         689.304         697.841         1323.36    
  0.172923E-02    0.656558E-04    0.655481E-02    0.266402E-03
   80.00        0.4985         3.900    
   1859.29         1817.89         1844.24         2376.96    
  0.720290E-03    0.298018E-04    0.272471E-02    0.120764E-03
   80.00        0.5509         3.900    
   2698.15         2644.47         2683.69         3137.05    
  0.542927E-03    0.245406E-04    0.205536E-02    0.992985E-04
   80.00        0.6088         3.900    
   3289.71         3227.61         3278.52         3663.89    
  0.487848E-03    0.240509E-04    0.184559E-02    0.971581E-04
   80.00        0.6729         3.900    
   3682.49         3615.06         3669.31         3996.48    
  0.478220E-03    0.257131E-04    0.180788E-02    0.103683E-03
   80.00        0.7436         3.900    
   3915.20         3844.92         3902.48         4179.98    
  0.492836E-03    0.288897E-04    0.186179E-02    0.116254E-03
   80.00        0.8218         3.900    
   4022.17         3950.97         4009.68         4244.78    
  0.525319E-03    0.335670E-04    0.198303E-02    0.134766E-03
   80.00        0.9083         3.900    
   4030.86         3960.24         4018.99         4217.77    
  0.573481E-03    0.399379E-04    0.216321E-02    0.159931E-03
   80.00         1.004         3.900    
   3963.99         3895.10         3952.38         4120.23    
  0.637460E-03    0.483746E-04    0.240270E-02    0.193154E-03
   80.00         1.109         3.900    
   3841.48         3775.15         3830.06         3971.76    
  0.717786E-03    0.593029E-04    0.270340E-02    0.236021E-03
   80.00         1.226         3.900    
   3676.76         3613.60         3665.35         3784.63    
  0.817923E-03    0.736022E-04    0.307814E-02    0.291850E-03
   80.00         1.355         3.900    
   3483.77         3424.19         3472.57         3572.83    
  0.939864E-03    0.920682E-04    0.353425E-02    0.363552E-03
   80.00         1.497         3.900    
   3273.07         3217.29         3262.79         3346.89    
  0.108682E-02    0.115820E-03    0.408357E-02    0.455188E-03
   80.00         1.655         3.900    
   3050.40         2998.59         3039.59         3110.02    
  0.126588E-02    0.146790E-03    0.475237E-02    0.573802E-03
   80.00         1.829         3.900    
   2824.39         2776.55         2813.82         2872.65    
  0.148025E-02    0.186650E-03    0.555219E-02    0.725151E-03
   80.00         2.021         3.900    
   2599.51         2555.59         2589.25         2638.28    
  0.173703E-02    0.238058E-03    0.650899E-02    0.918413E-03
   80.00         2.234         3.900    
   2378.35         2338.26         2368.52         2409.24    
  0.204565E-02    0.304694E-03    0.765677E-02    0.116604E-02
   80.00         2.469         3.900    
   2164.99         2128.57         2155.22         2188.95    
  0.241422E-02    0.390628E-03    0.902433E-02    0.148107E-02
   80.00         2.729         3.900    
   1960.86         1927.95         1951.52         1979.34    
  0.285367E-02    0.501490E-03    0.106495E-01    0.188104E-02
   80.00         3.016         3.900    
   1767.84         1738.22         1758.92         1781.77    
  0.337540E-02    0.644063E-03    0.125705E-01    0.238581E-02
   80.00         3.333         3.900    
   1586.64         1560.10         1578.09         1596.77    
  0.399312E-02    0.827213E-03    0.148313E-01    0.301987E-02
   80.00         3.683         3.900    
   1417.78         1394.11         1409.73         1424.92    
  0.472051E-02    0.106179E-02    0.174726E-01    0.381052E-02
   80.00         4.071         3.900    
   1260.80         1239.80         1253.38         1265.64    
  0.557603E-02    0.136276E-02    0.205464E-01    0.479274E-02
   80.00         4.499         3.900    
   1116.43         1097.87         1109.75         1119.56    
  0.657089E-02    0.174611E-02    0.240725E-01    0.599586E-02
   80.00         4.972         3.900    
   984.067         967.743         978.125         985.906    
  0.772214E-02    0.223438E-02    0.280827E-01    0.745726E-02
   80.00         5.495         3.900    
   863.241         848.956         858.210         864.306    
  0.904272E-02    0.285528E-02    0.325867E-01    0.921110E-02
   80.00         6.073         3.900    
   753.504         741.070         749.494         754.199    
  0.105439E-01    0.364450E-02    0.375874E-01    0.112890E-01
   80.00         6.711         3.900    
   654.379         643.615         651.452         655.019    
  0.122355E-01    0.464884E-02    0.430983E-01    0.137192E-01
   80.00         7.417         3.900    
   564.990         555.731         563.270         565.909    
  0.141362E-01    0.593739E-02    0.492235E-01    0.165439E-01
   80.00         8.197         3.900    
   484.850         476.938         484.483         486.373    
  0.162750E-01    0.760610E-02    0.562552E-01    0.198236E-01
   80.00         9.059         3.900    
   413.275         406.566         414.367         415.657    
  0.187395E-01    0.974874E-02    0.646798E-01    0.237199E-01
   80.00         10.01         3.900    
   349.718         344.075         352.320         353.140    
  0.216523E-01    0.125027E-01    0.745702E-01    0.284312E-01
   80.00         11.06         3.900    
   293.470         288.770         297.651         298.109    
  0.250940E-01    0.160791E-01    0.861537E-01    0.340955E-01
   80.00         12.23         3.900    
   243.511         239.646         249.341         249.524    
  0.292006E-01    0.207178E-01    0.998191E-01    0.409355E-01
   80.00         13.51         3.900    
   200.162         197.019         207.657         207.643    
  0.340012E-01    0.266133E-01    0.115630        0.489641E-01
   80.00         14.94         3.900    
   161.980         159.471         171.139         170.986    
  0.397058E-01    0.341964E-01    0.134157        0.585090E-01
   80.00         16.51         3.900    
   129.170         127.201         139.916         139.675    
  0.463369E-01    0.437616E-01    0.155431        0.695278E-01
   80.00         18.24         3.900    
   101.068         99.5581         113.274         112.985    
  0.540350E-01    0.557144E-01    0.179817        0.821550E-01
   80.00         20.16         3.900    
   77.0679         75.9446         90.5557         90.2494    
  0.629529E-01    0.705649E-01    0.207743        0.965181E-01
   80.00         22.28         3.900    
   56.9317         56.1276         71.4672         71.1657    
  0.731278E-01    0.886342E-01    0.239285        0.112517    
   80.00         24.63         3.900    
   40.2416         39.6943         55.5268         55.2458    
  0.846338E-01    0.110210        0.274706        0.130101    
   80.00         27.22         3.900    
   26.7578         26.4107         42.4339         42.1834    
  0.973721E-01    0.135189        0.313883        0.148973    
   80.00         30.08         3.900    
   16.1217         15.9253         31.7938         31.5792    
  0.111243        0.163270        0.356791        0.168858    
   80.00         33.24         3.900    
   8.01995         7.93147         23.2750         23.0980    
  0.126022        0.193674        0.403172        0.189351    
   80.00         36.74         3.900    
   2.14987         2.13331         16.5108         16.3705    
  0.141874        0.226021        0.454241        0.210720    
   80.00         40.60         3.900    
  -1.74913        -1.72453         11.4161         11.3088    
  0.156953        0.256468        0.504944        0.230400    
   80.00         44.87         3.900    
  -4.01909        -3.97633         7.56699         7.48850    
  0.172066        0.285593        0.558838        0.249862    
   80.00         49.59         3.900    
  -4.99446        -4.94941         4.78200         4.72728    
  0.186360        0.311452        0.614149        0.268213    
   80.00         54.81         3.900    
  -5.00826        -4.97015         2.85468         2.81861    
  0.199088        0.332786        0.669319        0.284795    
   80.00         60.57         3.900    
  -4.38499        -4.35759         1.58983         1.56756    
  0.209851        0.349350        0.723609        0.299468    
   80.00         66.94         3.900    
  -3.42546        -3.40858        0.810604        0.797943    
  0.218327        0.361396        0.776290        0.312123    
   80.00         73.98         3.900    
  -2.38543        -2.37664        0.369503        0.363020    
  0.224180        0.369291        0.826134        0.322578    
   80.00         81.76         3.900    
  -1.45655        -1.45282        0.145273        0.142383    
  0.227293        0.373680        0.872105        0.330070    
   80.00         89.36         3.900    
 -0.821973       -0.820580        0.534629E-01    0.522615E-01
  0.227734        0.375244        0.908875        0.333554    
   80.00         90.36         3.900    
 -0.757041       -0.755830        0.465020E-01    0.454401E-01
  0.227641        0.375301        0.913179        0.333792    
   80.00         91.20         3.900    
 -0.705435       -0.704361        0.412934E-01    0.403375E-01
  0.227537        0.375324        0.916695        0.333954    
   80.00         92.00         3.900    
 -0.658716       -0.657762        0.368230E-01    0.359596E-01
  0.227421        0.375341        0.919981        0.334084    
   80.00         99.86         3.900    
 -0.314219       -0.313950        0.109640E-01    0.106716E-01
  0.225272        0.374596        0.948123        0.333842    
   80.00         110.4         3.900    
 -0.904548E-01   -0.904224E-01    0.153352E-02    0.148435E-02
  0.220137        0.369052        0.975024        0.327831    
   80.00         120.0         3.900    
 -0.191515E-01   -0.191492E-01    0.138782E-03    0.133366E-03
  0.213436        0.366624        0.988708        0.323527    
   80.00         130.0         3.900    
 -0.142446E-02   -0.142443E-02    0.252154E-05    0.238957E-05
  0.274374E-01    0.466459E-01    0.129722        0.407756E-01
   80.00         140.0         3.900    
 -0.476836E-06   -0.476834E-06    0.886579E-11    0.438501E-11
  0.381108E-11    0.669690E-11    0.154104E-10     0.00000    
   80.00         150.0         3.900    
   0.00000         0.00000         0.00000         0.00000    
   0.00000         0.00000         0.00000         0.00000    
   80.00         160.0         3.900    
   0.00000         0.00000         0.00000         0.00000    
   0.00000         0.00000         0.00000         0.00000    
   80.00         170.0         3.900    
   0.00000         0.00000         0.00000         0.00000    
   0.00000         0.00000         0.00000         0.00000    
   80.00         180.0         3.900    
   0.00000         0.00000         0.00000         0.00000    
   0.00000         0.00000         0.00000         0.00000    
   80.00         190.0         3.900    
   0.00000         0.00000         0.00000         0.00000    
   0.00000         0.00000         0.00000         0.00000    
   80.00         200.0         3.900    
   0.00000         0.00000         0.00000         0.00000    
   0.00000         0.00000         0.00000         0.00000    
   80.00         210.0         3.900    
   0.00000         0.00000         0.00000         0.00000    
   0.00000         0.00000         0.00000         0.00000    
   80.00         220.0         3.900    
   0.00000         0.00000         0.00000         0.00000    
   0.00000         0.00000         0.00000         0.00000    
   80.00         230.0         3.900    
   0.00000         0.00000         0.00000         0.00000    
   0.00000         0.00000         0.00000         0.00000    
   80.00         240.0         3.900    
   0.00000         0.00000         0.00000         0.00000    
   0.00000         0.00000         0.00000         0.00000    
   80.00         250.0         3.900    
   0.00000         0.00000         0.00000         0.00000    
   0.00000         0.00000         0.00000         0.00000    
   80.00         260.0         3.900    
   0.00000         0.00000         0.00000         0.00000    
   0.00000         0.00000         0.00000         0.00000    
   80.00         270.0         3.900    
   0.00000         0.00000         0.00000         0.00000    
   0.00000         0.00000         0.00000         0.00000    
   80.00         280.0         3.900    
   0.00000         0.00000         0.00000         0.00000    
   0.00000         0.00000         0.00000         0.00000    
   80.00         290.0         3.900    
   0.00000         0.00000         0.00000         0.00000    
   0.00000         0.00000         0.00000         0.00000    
   80.00         300.0         3.900    
   0.00000         0.00000         0.00000         0.00000    
   0.00000         0.00000         0.00000         0.00000    
   80.00         310.0         3.900    
   0.00000         0.00000         0.00000         0.00000    
   0.00000         0.00000         0.00000         0.00000    
   80.00         320.0         3.900    
   0.00000         0.00000         0.00000         0.00000    
   0.00000         0.00000         0.00000         0.00000    
   80.00         330.0         3.900    
   0.00000         0.00000         0.00000         0.00000    
   0.00000         0.00000         0.00000         0.00000    
   80.00         340.0         3.900    
   0.00000         0.00000         0.00000         0.00000    
   0.00000         0.00000         0.00000         0.00000    
   80.00         350.0         3.900    
   0.00000         0.00000         0.00000         0.00000    
   0.00000         0.00000         0.00000         0.00000    
   80.00         360.0         3.900    
   0.00000         0.00000         0.00000         0.00000    
   0.00000         0.00000         0.00000         0.00000    
   80.00         370.0         3.900    
   0.00000         0.00000         0.00000         0.00000    
   0.00000         0.00000         0.00000         0.00000    
   80.00         380.0         3.900    
   0.00000         0.00000         0.00000         0.00000    
   0.00000         0.00000         0.00000         0.00000    
   80.00         400.0         3.900    
   0.00000         0.00000         0.00000         0.00000    
   0.00000         0.00000         0.00000         0.00000    
   80.00         450.0         3.900    
   0.00000         0.00000         0.00000         0.00000    
   0.00000         0.00000         0.00000         0.00000    
   80.00         500.0         3.900    
   0.00000         0.00000         0.00000         0.00000    
   0.00000         0.00000         0.00000         0.00000    
   100.0        0.9106E-01    -3.900    
  -30586.9         30416.3        -30595.0         29584.5    
  0.131197E-05   -0.944968E-08   -0.508127E-05   -0.387115E-07
   100.0        0.1006        -3.900    
  -25003.7         24864.8        -25010.9         24124.4    
  0.177105E-05   -0.139421E-07   -0.685773E-05   -0.571010E-07
   100.0        0.1112        -3.900    
  -20286.2         20174.1        -20292.8         19515.7    
  0.240934E-05   -0.207419E-07   -0.932877E-05   -0.849273E-07
   100.0        0.1229        -3.900    
  -16340.3         16250.6        -16347.3         15666.3    
  0.330170E-05   -0.310645E-07   -0.127779E-04   -0.127155E-06
   100.0        0.1358        -3.900    
  -13052.4         12981.3        -13059.0         12461.6    
  0.456001E-05   -0.468835E-07   -0.176425E-04   -0.191841E-06
   100.0        0.1501        -3.900    
  -10308.0         10252.3        -10313.6         9790.08    
  0.637123E-05   -0.715934E-07   -0.246420E-04   -0.292842E-06
   100.0        0.1659        -3.900    
  -8034.72         7991.86        -8039.56         7580.91    
  0.901715E-05   -0.110726E-06   -0.348631E-04   -0.452720E-06
   100.0        0.1834        -3.900    
  -6156.02         6123.68        -6159.67         5758.16    
  0.129842E-04   -0.174239E-06   -0.501813E-04   -0.712081E-06
   100.0        0.2027        -3.900    
  -4617.84         4594.08        -4625.02         4273.25    
  0.190696E-04   -0.279565E-06   -0.736691E-04   -0.114195E-05
   100.0        0.2240        -3.900    
  -3364.19         3347.40        -3368.15         3060.20    
  0.288660E-04   -0.462200E-06   -0.111463E-03   -0.188691E-05
   100.0        0.2475        -3.900    
  -2349.12         2337.94        -2353.07         2083.34    
  0.455294E-04   -0.796013E-06   -0.175719E-03   -0.324767E-05
   100.0        0.2736        -3.900    
  -1528.66         1521.99        -1532.48         1296.51    
  0.770488E-04   -0.147132E-05   -0.297203E-03   -0.599870E-05
   100.0        0.3023        -3.900    
  -878.210         875.079        -881.582         675.054    
  0.147498E-03   -0.307457E-05   -0.568611E-03   -0.125257E-04
   100.0        0.3341        -3.900    
  -364.250         363.892        -367.007         186.369    
  0.390142E-03   -0.887814E-05   -0.150306E-02   -0.361384E-04
   100.0        0.3693        -3.900    
   35.4926        -33.7189         32.7724        -190.697    
 -0.480998E-02    0.119487E-03    0.185177E-01    0.485910E-03
   100.0        0.4081        -3.900    
   339.630        -336.261         336.836        -474.907    
 -0.514863E-03    0.139568E-04    0.198065E-02    0.566970E-04
   100.0        0.4510        -3.900    
   566.378        -561.846         563.069        -683.746    
 -0.338712E-03    0.100180E-04    0.130194E-02    0.406486E-04
   100.0        0.4985        -3.900    
   730.083        -724.739         726.940        -832.346    
 -0.288424E-03    0.930742E-05    0.110766E-02    0.377158E-04
   100.0        0.5509        -3.900    
   842.172        -836.302         839.378        -931.408    
 -0.274404E-03    0.965789E-05    0.105281E-02    0.390787E-04
   100.0        0.6088        -3.900    
   913.058        -906.888         910.271        -990.636    
 -0.277794E-03    0.106614E-04    0.106471E-02    0.430689E-04
   100.0        0.6729        -3.900    
   951.205        -944.912         948.558        -1018.67    
 -0.292515E-03    0.122408E-04    0.111988E-02    0.493586E-04
   100.0        0.7436        -3.900    
   963.485        -957.211         960.938        -1022.08    
 -0.316538E-03    0.144371E-04    0.121039E-02    0.580958E-04
   100.0        0.8218        -3.900    
   955.786        -949.636         953.424        -1006.72    
 -0.349475E-03    0.173695E-04    0.133460E-02    0.697355E-04
   100.0        0.9083        -3.900    
   932.855        -926.909         930.437        -976.874    
 -0.391948E-03    0.212240E-04    0.149445E-02    0.849911E-04
   100.0         1.004        -3.900    
   898.598        -892.915         896.166        -936.594    
 -0.444967E-03    0.262460E-04    0.169431E-02    0.104797E-03
   100.0         1.109        -3.900    
   856.577        -851.194         854.241        -889.439    
 -0.509531E-03    0.327072E-04    0.193698E-02    0.130172E-03
   100.0         1.226        -3.900    
   808.733        -803.679         806.530        -837.114    
 -0.588746E-03    0.411433E-04    0.223411E-02    0.163143E-03
   100.0         1.355        -3.900    
   757.628        -752.916         755.408        -781.975    
 -0.684624E-03    0.520558E-04    0.259287E-02    0.205554E-03
   100.0         1.497        -3.900    
   705.017        -700.649         702.741        -725.810    
 -0.800004E-03    0.661377E-04    0.302342E-02    0.259931E-03
   100.0         1.655        -3.900    
   651.642        -647.620         649.395        -669.386    
 -0.939947E-03    0.845021E-04    0.354392E-02    0.330318E-03
   100.0         1.829        -3.900    
   599.071        -595.386         596.899        -614.207    
 -0.110773E-02    0.108215E-03    0.416561E-02    0.420424E-03
   100.0         2.021        -3.900    
   547.947        -544.587         545.776        -560.745    
 -0.130923E-02    0.138905E-03    0.490899E-02    0.535887E-03
   100.0         2.234        -3.900    
   498.575        -495.526         496.388        -509.312    
 -0.155212E-02    0.178823E-03    0.580041E-02    0.684337E-03
   100.0         2.469        -3.900    
   451.640        -448.885         449.481        -460.621    
 -0.184262E-02    0.230402E-03    0.686005E-02    0.873571E-03
   100.0         2.729        -3.900    
   407.278        -404.800         405.186        -414.766    
 -0.219030E-02    0.297157E-03    0.811891E-02    0.111461E-02
   100.0         3.016        -3.900    
   365.754        -363.534         363.725        -371.948    
 -0.260460E-02    0.383257E-03    0.960559E-02    0.141970E-02
   100.0         3.333        -3.900    
   327.110        -325.130         325.135        -332.177    
 -0.309706E-02    0.494178E-03    0.113537E-01    0.180408E-02
   100.0         3.683        -3.900    
   291.367        -289.607         289.465        -295.478    
 -0.367960E-02    0.636671E-03    0.133943E-01    0.228487E-02
   100.0         4.071        -3.900    
   258.354        -256.798         256.562        -261.678    
 -0.436779E-02    0.820020E-03    0.157664E-01    0.288396E-02
   100.0         4.499        -3.900    
   228.165        -226.794         226.489        -230.828    
 -0.517253E-02    0.105434E-02    0.184858E-01    0.362042E-02
   100.0         4.972        -3.900    
   200.627        -199.425         199.089        -202.753    
 -0.610837E-02    0.135363E-02    0.215741E-01    0.451774E-02
   100.0         5.495        -3.900    
   175.602        -174.553         174.208        -177.288    
 -0.718929E-02    0.173576E-02    0.250438E-01    0.559956E-02
   100.0         6.073        -3.900    
   152.966        -152.056         151.743        -154.314    
 -0.842614E-02    0.222330E-02    0.288950E-01    0.688676E-02
   100.0         6.711        -3.900    
   132.594        -131.807         131.563        -133.703    
 -0.982934E-02    0.284611E-02    0.331384E-01    0.839915E-02
   100.0         7.417        -3.900    
   114.283        -113.608         113.478        -115.244    
 -0.114174E-01    0.364835E-02    0.378562E-01    0.101657E-01
   100.0         8.197        -3.900    
   97.9160        -97.3411         97.3535        -98.7996    
 -0.132202E-01    0.469259E-02    0.432866E-01    0.122302E-01
   100.0         9.059        -3.900    
   83.3388        -82.8524         83.0487        -84.2225    
 -0.153123E-01    0.604037E-02    0.498050E-01    0.146970E-01
   100.0         10.01        -3.900    
   70.4269        -70.0188         70.4278        -71.3715    
 -0.178013E-01    0.778237E-02    0.574787E-01    0.176971E-01
   100.0         11.06        -3.900    
   59.0261        -58.6869         59.3398        -60.0902    
 -0.207627E-01    0.100581E-01    0.664987E-01    0.213282E-01
   100.0         12.23        -3.900    
   48.9209        -48.6427         49.5630        -50.1507    
 -0.243267E-01    0.130317E-01    0.771988E-01    0.257489E-01
   100.0         13.51        -3.900    
   40.1689        -39.9432         41.1445        -41.5991    
 -0.285326E-01    0.168435E-01    0.896668E-01    0.309893E-01
   100.0         14.94        -3.900    
   32.4724        -32.2926         33.7869        -34.1317    
 -0.335841E-01    0.217939E-01    0.104400        0.372886E-01
   100.0         16.51        -3.900    
   25.8676        -25.7270         27.5173        -27.7740    
 -0.395190E-01    0.281009E-01    0.121462        0.446463E-01
   100.0         18.24        -3.900    
   20.2166        -20.1091         22.1848        -22.3717    
 -0.464929E-01    0.360735E-01    0.141223        0.531931E-01
   100.0         20.16        -3.900    
   15.3938        -15.3141         17.6546        -17.7866    
 -0.546786E-01    0.461052E-01    0.164110        0.630623E-01
   100.0         22.28        -3.900    
   11.3484        -11.2916         13.8612        -13.9513    
 -0.641661E-01    0.584934E-01    0.190322        0.742545E-01
   100.0         24.63        -3.900    
   7.99343        -7.95522         10.7054        -10.7642    
 -0.750848E-01    0.735399E-01    0.220224        0.868120E-01
   100.0         27.22        -3.900    
   5.28131        -5.25753         8.12739        -8.16340    
 -0.873931E-01    0.912713E-01    0.253794        0.100577    
   100.0         30.08        -3.900    
   3.14070        -3.12774         6.04434        -6.06446    
 -0.101067        0.111605        0.291146        0.115424    
   100.0         33.24        -3.900    
   1.50866        -1.50338         4.38607        -4.39561    
 -0.115979        0.134143        0.332252        0.131149    
   100.0         36.74        -3.900    
  0.326070       -0.325800         3.08931        -3.09224    
 -0.131893        0.158176        0.376910        0.147469    
   100.0         40.60        -3.900    
 -0.460336        0.457798         2.10261        -2.10184    
 -0.148356        0.182543        0.424550        0.163989    
   100.0         44.87        -3.900    
 -0.912356        0.908701         1.37082        -1.36838    
 -0.164944        0.206199        0.474705        0.180400    
   100.0         49.59        -3.900    
  -1.09494         1.09131        0.848012       -0.845172    
 -0.181079        0.227980        0.526578        0.196330    
   100.0         54.81        -3.900    
  -1.07575         1.07281        0.491195       -0.488702    
 -0.196180        0.247099        0.579274        0.211465    
   100.0         60.57        -3.900    
 -0.922517        0.920497        0.262159       -0.260311    
 -0.209607        0.263039        0.631558        0.225481    
   100.0         66.94        -3.900    
 -0.700118        0.698947        0.125628       -0.124457    
 -0.220882        0.275772        0.682434        0.238173    
   100.0         73.98        -3.900    
 -0.465616        0.465060        0.521442E-01   -0.515211E-01
 -0.229533        0.285437        0.730599        0.249331    
   100.0         81.76        -3.900    
 -0.263401        0.263198        0.176885E-01   -0.174211E-01
 -0.235331        0.292433        0.775004        0.258305    
   100.0         89.36        -3.900    
 -0.131727        0.131666        0.527153E-02   -0.517365E-02
 -0.237785        0.296590        0.809853        0.263639    
   100.0         90.36        -3.900    
 -0.118842        0.118791        0.442945E-02   -0.434502E-02
 -0.237905        0.296969        0.813850        0.264124    
   100.0         91.20        -3.900    
 -0.108747        0.108704        0.381482E-02   -0.374044E-02
 -0.237986        0.297276        0.817141        0.264509    
   100.0         92.00        -3.900    
 -0.997190E-01    0.996813E-01    0.330001E-02   -0.323432E-02
 -0.238017        0.346595        0.820116        0.308498    
   100.0         99.86        -3.900    
 -0.374969E-01    0.374899E-01    0.665350E-03   -0.649106E-03
 -0.235769        0.296985        0.845032        0.264675    
   100.0         110.4        -3.900    
 -0.574040E-02    0.574011E-02    0.339066E-04   -0.327884E-04
 -0.123289E-01    0.148753E-01    0.855513        0.132138E-01
   100.0         120.0        -3.900    
 -0.235310E-03    0.235308E-03    0.226470E-06   -0.215274E-06
 -0.458779E-01    0.587867E-01    0.175505        0.518762E-01
   100.0         130.0        -3.900    
   0.00000         0.00000         0.00000         0.00000    
   0.00000         0.00000         0.00000         0.00000    
   100.0         140.0        -3.900    
   0.00000         0.00000         0.00000         0.00000    
   0.00000         0.00000         0.00000         0.00000    
   100.0         150.0        -3.900    
   0.00000         0.00000         0.00000         0.00000    
   0.00000         0.00000         0.00000         0.00000    
   100.0         160.0        -3.900    
   0.00000         0.00000         0.00000         0.00000    
   0.00000         0.00000         0.00000         0.00000    
   100.0         170.0        -3.900    
   0.00000         0.00000         0.00000         0.00000    
   0.00000         0.00000         0.00000         0.00000    
   100.0         180.0        -3.900    
   0.00000         0.00000         0.00000         0.00000    
   0.00000         0.00000         0.00000         0.00000    
   100.0         190.0        -3.900    
   0.00000         0.00000         0.00000         0.00000    
   0.00000         0.00000         0.00000         0.00000    
   100.0         200.0        -3.900    
   0.00000         0.00000         0.00000         0.00000    
   0.00000         0.00000         0.00000         0.00000    
   100.0         210.0        -3.900    
   0.00000         0.00000         0.00000         0.00000    
   0.00000         0.00000         0.00000         0.00000    
   100.0         220.0        -3.900    
   0.00000         0.00000         0.00000         0.00000    
   0.00000         0.00000         0.00000         0.00000    
   100.0         230.0        -3.900    
   0.00000         0.00000         0.00000         0.00000    
   0.00000         0.00000         0.00000         0.00000    
   100.0         240.0        -3.900    
   0.00000         0.00000         0.00000         0.00000    
   0.00000         0.00000         0.00000         0.00000    
   100.0         250.0        -3.900    
   0.00000         0.00000         0.00000         0.00000    
   0.00000         0.00000         0.00000         0.00000    
   100.0         260.0        -3.900    
   0.00000         0.00000         0.00000         0.00000    
   0.00000         0.00000         0.00000         0.00000    
   100.0         270.0        -3.900    
   0.00000         0.00000         0.00000         0.00000    
   0.00000         0.00000         0.00000         0.00000    
   100.0         280.0        -3.900    
   0.00000         0.00000         0.00000         0.00000    
   0.00000         0.00000         0.00000         0.00000    
   100.0         290.0        -3.900    
   0.00000         0.00000         0.00000         0.00000    
   0.00000         0.00000         0.00000         0.00000    
   100.0         300.0        -3.900    
   0.00000         0.00000         0.00000         0.00000    
   0.00000         0.00000         0.00000         0.00000    
   100.0         310.0        -3.900    
   0.00000         0.00000         0.00000         0.00000    
   0.00000         0.00000         0.00000         0.00000    
   100.0         320.0        -3.900    
   0.00000         0.00000         0.00000         0.00000    
   0.00000         0.00000         0.00000         0.00000    
   100.0         330.0        -3.900    
   0.00000         0.00000         0.00000         0.00000    
   0.00000         0.00000         0.00000         0.00000    
   100.0         340.0        -3.900    
   0.00000         0.00000         0.00000         0.00000    
   0.00000         0.00000         0.00000         0.00000    
   100.0         350.0        -3.900    
   0.00000         0.00000         0.00000         0.00000    
   0.00000         0.00000         0.00000         0.00000    
   100.0         360.0        -3.900    
   0.00000         0.00000         0.00000         0.00000    
   0.00000         0.00000         0.00000         0.00000    
   100.0         370.0        -3.900    
   0.00000         0.00000         0.00000         0.00000    
   0.00000         0.00000         0.00000         0.00000    
   100.0         380.0        -3.900    
   0.00000         0.00000         0.00000         0.00000    
   0.00000         0.00000         0.00000         0.00000    
   100.0         400.0        -3.900    
   0.00000         0.00000         0.00000         0.00000    
   0.00000         0.00000         0.00000         0.00000    
   100.0         450.0        -3.900    
   0.00000         0.00000         0.00000         0.00000    
   0.00000         0.00000         0.00000         0.00000    
   100.0         500.0        -3.900    
   0.00000         0.00000         0.00000         0.00000    
   0.00000         0.00000         0.00000         0.00000    
   100.0        0.9106E-01    -3.200    
  -344468.         323994.        -344511.         318730.    
  0.794060E-06   -0.474992E-08   -0.176909E-05   -0.394277E-07
   100.0        0.1006        -3.200    
  -288399.         271273.        -288392.         266541.    
  0.104667E-05   -0.686199E-08   -0.233212E-05   -0.568133E-07
   100.0        0.1112        -3.200    
  -240445.         226181.        -240503.         222033.    
  0.138543E-05   -0.996136E-08   -0.308730E-05   -0.822395E-07
   100.0        0.1229        -3.200    
  -199799.         187960.        -199867.         184285.    
  0.183974E-05   -0.145079E-07   -0.410022E-05   -0.119399E-06
   100.0        0.1358        -3.200    
  -165438.         155648.        -165506.         152386.    
  0.245080E-05   -0.211966E-07   -0.546293E-05   -0.173846E-06
   100.0        0.1501        -3.200    
  -136298.         128244.        -136356.         125342.    
  0.328189E-05   -0.311472E-07   -0.731677E-05   -0.254482E-06
   100.0        0.1659        -3.200    
  -111732.         105141.        -111770.         102550.    
  0.441624E-05   -0.460028E-07   -0.984771E-05   -0.374277E-06
   100.0        0.1834        -3.200    
  -91029.1         85670.0        -91041.4         83348.2    
  0.598012E-05   -0.684058E-07   -0.133381E-04   -0.553962E-06
   100.0        0.2027        -3.200    
  -73703.6         69374.7        -73716.7         67314.6    
  0.814238E-05   -0.102292E-06   -0.181657E-04   -0.824150E-06
   100.0        0.2240        -3.200    
  -59230.9         55761.8        -59248.4         53937.9    
  0.111644E-04   -0.154080E-06   -0.249155E-04   -0.123442E-05
   100.0        0.2475        -3.200    
  -47180.2         44426.3        -47201.9         42812.7    
  0.154368E-04   -0.234103E-06   -0.344623E-04   -0.186396E-05
   100.0        0.2736        -3.200    
  -37121.2         34963.7        -37143.1         33535.0    
  0.216127E-04   -0.360505E-06   -0.482692E-04   -0.285080E-05
   100.0        0.3023        -3.200    
  -28842.3         27175.0        -28860.7         25906.7    
  0.306183E-04   -0.561775E-06   -0.684144E-04   -0.440920E-05
   100.0        0.3341        -3.200    
  -22005.9         20742.7        -22022.2         19618.4    
  0.441641E-04   -0.892071E-06   -0.987348E-04   -0.694392E-05
   100.0        0.3693        -3.200    
  -16399.3         15467.0        -16413.9         14471.1    
  0.651971E-04   -0.145097E-05   -0.145848E-03   -0.111920E-04
   100.0        0.4081        -3.200    
  -11847.5         11183.4        -11859.9         10300.7    
  0.992075E-04   -0.243378E-05   -0.222091E-03   -0.185862E-04
   100.0        0.4510        -3.200    
  -8165.54         7717.79        -8177.05         6936.79    
  0.158126E-03   -0.427978E-05   -0.354286E-03   -0.323269E-04
   100.0        0.4985        -3.200    
  -5208.56         4934.08        -5218.16         4242.71    
  0.272187E-03   -0.813641E-05   -0.610434E-03   -0.607199E-04
   100.0        0.5509        -3.200    
  -2865.89         2728.21        -2876.47         2118.54    
  0.541930E-03   -0.179062E-04   -0.121675E-02   -0.131873E-03
   100.0        0.6088        -3.200    
  -1028.55         997.698        -1039.27         460.018    
  0.164500E-02   -0.601423E-04   -0.369818E-02   -0.436552E-03
   100.0        0.6729        -3.200    
   393.239        -341.890         382.161        -815.346    
 -0.490284E-02    0.198611E-03    0.110388E-01    0.141888E-02
   100.0        0.7436        -3.200    
   1468.33        -1355.29         1457.72        -1772.54    
 -0.140715E-02    0.632276E-04    0.317374E-02    0.443911E-03
   100.0        0.8218        -3.200    
   2262.83        -2104.67         2252.44        -2471.88    
 -0.995798E-03    0.497160E-04    0.225103E-02    0.342463E-03
   100.0        0.9083        -3.200    
   2828.61        -2638.81         2819.52        -2962.65    
 -0.869372E-03    0.482812E-04    0.196936E-02    0.325720E-03
   100.0         1.004        -3.200    
   3209.40        -2998.84         3201.08        -3283.81    
 -0.835642E-03    0.517253E-04    0.189808E-02    0.341094E-03
   100.0         1.109        -3.200    
   3440.46        -3217.92         3431.97        -3467.92    
 -0.848854E-03    0.586217E-04    0.193408E-02    0.377145E-03
   100.0         1.226        -3.200    
   3555.92        -3328.17         3547.39        -3547.03    
 -0.893615E-03    0.690470E-04    0.204345E-02    0.432328E-03
   100.0         1.355        -3.200    
   3579.12        -3351.51         3570.68        -3543.04    
 -0.964127E-03    0.834956E-04    0.221388E-02    0.507613E-03
   100.0         1.497        -3.200    
   3531.94        -3308.55         3523.26        -3475.66    
 -0.105871E-02    0.102942E-03    0.244272E-02    0.606173E-03
   100.0         1.655        -3.200    
   3431.04        -3214.96         3422.85        -3360.96    
 -0.117882E-02    0.129094E-03    0.273496E-02    0.734078E-03
   100.0         1.829        -3.200    
   3291.47        -3084.90         3283.65        -3212.30    
 -0.132555E-02    0.163824E-03    0.309491E-02    0.897040E-03
   100.0         2.021        -3.200    
   3124.79        -2929.23         3117.40        -3040.29    
 -0.150185E-02    0.209982E-03    0.353209E-02    0.110375E-02
   100.0         2.234        -3.200    
   2939.37        -2755.86         2932.15        -2852.24    
 -0.171265E-02    0.271764E-03    0.406153E-02    0.136646E-02
   100.0         2.469        -3.200    
   2743.69        -2572.75         2736.68        -2656.28    
 -0.196104E-02    0.354098E-03    0.469493E-02    0.169717E-02
   100.0         2.729        -3.200    
   2543.13        -2384.97         2536.45        -2457.29    
 -0.225245E-02    0.464247E-03    0.545118E-02    0.211288E-02
   100.0         3.016        -3.200    
   2342.77        -2197.29         2336.34        -2259.73    
 -0.259153E-02    0.611443E-03    0.634894E-02    0.263205E-02
   100.0         3.333        -3.200    
   2145.99        -2012.93         2139.84        -2066.70    
 -0.298346E-02    0.808255E-03    0.741125E-02    0.327706E-02
   100.0         3.683        -3.200    
   1955.52        -1834.42         1949.65        -1880.63    
 -0.343351E-02    0.107108E-02    0.866228E-02    0.407265E-02
   100.0         4.071        -3.200    
   1772.55        -1662.91         1767.44        -1702.95    
 -0.394675E-02    0.142250E-02    0.101322E-01    0.504863E-02
   100.0         4.499        -3.200    
   1599.36        -1500.55         1594.69        -1534.95    
 -0.452579E-02    0.188914E-02    0.118460E-01    0.623030E-02
   100.0         4.972        -3.200    
   1436.46        -1347.82         1432.57        -1377.64    
 -0.517174E-02    0.250541E-02    0.138298E-01    0.764326E-02
   100.0         5.495        -3.200    
   1284.27        -1205.12         1281.06        -1230.92    
 -0.588630E-02    0.331352E-02    0.161149E-01    0.931095E-02
   100.0         6.073        -3.200    
   1143.08        -1072.71         1140.64        -1095.18    
 -0.666701E-02    0.435889E-02    0.187235E-01    0.112427E-01
   100.0         6.711        -3.200    
   1012.99        -950.715         1011.48        -970.498    
 -0.751129E-02    0.568411E-02    0.216761E-01    0.134319E-01
   100.0         7.417        -3.200    
   893.469        -838.617         892.954        -856.241    
 -0.842597E-02    0.732233E-02    0.250169E-01    0.158673E-01
   100.0         8.197        -3.200    
   784.369        -736.292         784.881        -752.185    
 -0.943124E-02    0.925834E-02    0.288137E-01    0.185239E-01
   100.0         9.059        -3.200    
   685.210        -643.289         686.873        -657.919    
 -0.105637E-01    0.114440E-01    0.332304E-01    0.214786E-01
   100.0         10.01        -3.200    
   595.619        -559.257         598.552        -573.049    
 -0.118693E-01    0.141475E-01    0.384789E-01    0.249345E-01
   100.0         11.06        -3.200    
   514.931        -483.574         519.216        -496.882    
 -0.133795E-01    0.174494E-01    0.447265E-01    0.290456E-01
   100.0         12.23        -3.200    
   441.950        -415.119         447.651        -428.230    
 -0.151478E-01    0.215438E-01    0.522347E-01    0.339880E-01
   100.0         13.51        -3.200    
   377.396        -354.567         384.608        -367.797    
 -0.171812E-01    0.265438E-01    0.610791E-01    0.398587E-01
   100.0         14.94        -3.200    
   319.338        -300.105         328.078        -313.647    
 -0.195749E-01    0.326564E-01    0.717096E-01    0.469665E-01
   100.0         16.51        -3.200    
   268.271        -252.199         278.544        -266.227    
 -0.223466E-01    0.400507E-01    0.842559E-01    0.554335E-01
   100.0         18.24        -3.200    
   223.354        -210.057         235.161        -224.720    
 -0.255635E-01    0.488986E-01    0.990273E-01    0.654777E-01
   100.0         20.16        -3.200    
   183.772        -172.917         197.118        -188.343    
 -0.293230E-01    0.594882E-01    0.116472        0.773594E-01
   100.0         22.28        -3.200    
   149.282        -140.548         164.078        -156.764    
 -0.336939E-01    0.720273E-01    0.136873        0.912413E-01
   100.0         24.63        -3.200    
   119.318        -112.418         135.432        -129.397    
 -0.387856E-01    0.867046E-01    0.160676        0.107310    
   100.0         27.22        -3.200    
   93.6360        -88.2976         110.904        -105.974    
 -0.446575E-01    0.103586        0.188042        0.125543    
   100.0         30.08        -3.200    
   71.7775        -67.7558         89.9774        -85.9970    
 -0.514137E-01    0.122746        0.219282        0.145941    
   100.0         33.24        -3.200    
   53.3718        -50.4439         72.2365        -69.0632    
 -0.591361E-01    0.144204        0.254593        0.168361    
   100.0         36.74        -3.200    
   38.0585        -36.0239         57.2799        -54.7889    
 -0.679088E-01    0.167839        0.294123        0.192562    
   100.0         40.60        -3.200    
   25.6017        -24.2764         44.8454        -42.9209    
 -0.776986E-01    0.193208        0.337498        0.217946    
   100.0         44.87        -3.200    
   15.6732        -14.8952         34.5577        -33.0992    
 -0.885436E-01    0.220078        0.384710        0.244093    
   100.0         49.59        -3.200    
   8.01319        -7.63869         26.1572        -25.0761    
 -0.100348        0.247840        0.435257        0.270276    
   100.0         54.81        -3.200    
   2.35315        -2.25684         19.4038        -18.6209    
 -0.112879        0.275685        0.488211        0.295588    
   100.0         60.57        -3.200    
  -1.56499         1.48617         14.0641        -13.5126    
 -0.125901        0.303001        0.542861        0.319351    
   100.0         66.94        -3.200    
  -4.01578         3.84373         9.91528        -9.53848    
 -0.139130        0.329267        0.598505        0.340993    
   100.0         73.98        -3.200    
  -5.25400         5.05103         6.77677        -6.52792    
 -0.152058        0.353603        0.653709        0.359680    
   100.0         81.76        -3.200    
  -5.58776         5.39379         4.46686        -4.30858    
 -0.164293        0.375725        0.707720        0.375135    
   100.0         89.36        -3.200    
  -5.33914         5.17276         2.97663        -2.87440    
 -0.174307        0.393426        0.754302        0.386132    
   100.0         90.36        -3.200    
  -5.28091         5.11868         2.82200        -2.72545    
 -0.175480        0.395485        0.759972        0.387304    
   100.0         91.20        -3.200    
  -5.22867         5.06996         2.69835        -2.60633    
 -0.176441        0.397166        0.764653        0.388242    
   100.0         92.00        -3.200    
  -5.17632         5.02100         2.58565        -2.49772    
 -0.177332        0.398728        0.769036        0.389096    
   100.0         99.86        -3.200    
  -4.56967         4.44805         1.69973        -1.64342    
 -0.185050        0.412340        0.808918        0.395719    
   100.0         110.4        -3.200    
  -3.65386         3.57166        0.965105       -0.933975    
 -0.192862        0.426715        0.854693        0.401713    
   100.0         120.0        -3.200    
  -2.86417         2.80930        0.573049       -0.554837    
 -0.197872        0.436891        0.890047        0.406500    
   100.0         130.0        -3.200    
  -2.15949         2.12495        0.330492       -0.320048    
 -0.201202        0.444915        0.920844        0.410773    
   100.0         140.0        -3.200    
  -1.58775         1.56680        0.188595       -0.182613    
 -0.203083        0.451146        0.946871        0.414527    
   100.0         150.0        -3.200    
  -1.14120         1.12887        0.106181       -0.102769    
 -0.203824        0.456021        0.968984        0.417632    
   100.0         160.0        -3.200    
 -0.801732        0.794734        0.588220E-01   -0.568902E-01
 -0.203592        0.459677        0.987419        0.419887    
   100.0         170.0        -3.200    
 -0.551599        0.547766        0.319361E-01   -0.308558E-01
 -0.202654        0.462459         1.00295        0.421594    
   100.0         180.0        -3.200    
 -0.371149        0.369127        0.169219E-01   -0.163282E-01
 -0.201135        0.464497         1.01584        0.422853    
   100.0         190.0        -3.200    
 -0.243628        0.242606        0.870366E-02   -0.838485E-02
 -0.199172        0.465941         1.02649        0.423816    
   100.0         200.0        -3.200    
 -0.155386        0.154894        0.431763E-02   -0.415161E-02
 -0.196701        0.466804         1.03496        0.424486    
   100.0         210.0        -3.200    
 -0.959374E-01    0.957135E-01    0.204787E-02   -0.196464E-02
 -0.194258        0.466997         1.04175        0.424718    
   100.0         220.0        -3.200    
 -0.570154E-01    0.569202E-01    0.918862E-03   -0.879190E-03
 -0.226525        0.467201         1.04653        0.425166    
   100.0         230.0        -3.200    
 -0.323325E-01    0.322951E-01    0.384188E-03   -0.366466E-03
 -0.188225        0.466709         1.04959        0.425145    
   100.0         240.0        -3.200    
 -0.172821E-01    0.172689E-01    0.146572E-03   -0.139292E-03
 -0.183797        0.460306         1.05070        0.419876    
   100.0         250.0        -3.200    
 -0.854162E-02    0.853751E-02    0.494960E-04   -0.468269E-04
 -0.181960        0.462124         1.04567        0.422232    
   100.0         260.0        -3.200    
 -0.379627E-02    0.379521E-02    0.141004E-04   -0.132650E-04
 -0.504713E-01    0.559024         1.26457        0.511780    
   100.0         270.0        -3.200    
 -0.144769E-02    0.144748E-02    0.312378E-05   -0.291702E-05
 -0.694603E-01    0.174205        0.399391        0.159842    
   100.0         280.0        -3.200    
 -0.433528E-03    0.433499E-03    0.461306E-06   -0.426321E-06
 -0.994569E-01    0.257795        0.589786        0.237130    
   100.0         290.0        -3.200    
 -0.836558E-04    0.836540E-04    0.318728E-07   -0.289763E-07
 -0.147840        0.395246        0.902644        0.364565    
   100.0         300.0        -3.200    
 -0.639440E-05    0.639439E-05    0.207154E-09   -0.644402E-10
 -0.612258E-10    0.187106E-09    0.393636E-09     0.00000    
   100.0         310.0        -3.200    
   0.00000         0.00000         0.00000         0.00000    
   0.00000         0.00000         0.00000         0.00000    
   100.0         320.0        -3.200    
   0.00000         0.00000         0.00000         0.00000    
   0.00000         0.00000         0.00000         0.00000    
   100.0         330.0        -3.200    
   0.00000         0.00000         0.00000         0.00000    
   0.00000         0.00000         0.00000         0.00000    
   100.0         340.0        -3.200    
   0.00000         0.00000         0.00000         0.00000    
   0.00000         0.00000         0.00000         0.00000    
   100.0         350.0        -3.200    
   0.00000         0.00000         0.00000         0.00000    
   0.00000         0.00000         0.00000         0.00000    
   100.0         360.0        -3.200    
   0.00000         0.00000         0.00000         0.00000    
   0.00000         0.00000         0.00000         0.00000    
   100.0         370.0        -3.200    
   0.00000         0.00000         0.00000         0.00000    
   0.00000         0.00000         0.00000         0.00000    
   100.0         380.0        -3.200    
   0.00000         0.00000         0.00000         0.00000    
   0.00000         0.00000         0.00000         0.00000    
   100.0         400.0        -3.200    
   0.00000         0.00000         0.00000         0.00000    
   0.00000         0.00000         0.00000         0.00000    
   100.0         450.0        -3.200    
   0.00000         0.00000         0.00000         0.00000    
   0.00000         0.00000         0.00000         0.00000    
   100.0         500.0        -3.200    
   0.00000         0.00000         0.00000         0.00000    
   0.00000         0.00000         0.00000         0.00000    
   100.0        0.9106E-01    -2.960    
  -452009.         409216.        -452088.         403258.    
  0.595283E-06   -0.982003E-08   -0.164093E-05   -0.490779E-07
   100.0        0.1006        -2.960    
  -379608.         343692.        -379661.         338361.    
  0.782226E-06   -0.141193E-07   -0.215590E-05   -0.704893E-07
   100.0        0.1112        -2.960    
  -317576.         287549.        -317620.         282811.    
  0.103224E-05   -0.203967E-07   -0.285639E-05   -0.101708E-06
   100.0        0.1229        -2.960    
  -264896.         239871.        -264936.         235656.    
  0.136583E-05   -0.295398E-07   -0.376297E-05   -0.147108E-06
   100.0        0.1358        -2.960    
  -220270.         199478.        -220317.         195739.    
  0.181206E-05   -0.428871E-07   -0.499137E-05   -0.213270E-06
   100.0        0.1501        -2.960    
  -182339.         165145.        -182341.         161786.    
  0.241592E-05   -0.625890E-07   -0.665322E-05   -0.310748E-06
   100.0        0.1659        -2.960    
  -150285.         136130.        -150292.         133150.    
  0.323359E-05   -0.916965E-07   -0.890286E-05   -0.454459E-06
   100.0        0.1834        -2.960    
  -123199.         111611.        -123251.         109005.    
  0.434992E-05   -0.135049E-06   -0.119734E-04   -0.668010E-06
   100.0        0.2027        -2.960    
  -100467.         91031.6        -100508.         88712.7    
  0.588893E-05   -0.199897E-06   -0.161802E-04   -0.986647E-06
   100.0        0.2240        -2.960    
  -81417.2         73784.9        -81434.1         71707.9    
  0.800240E-05   -0.297668E-06   -0.220147E-04   -0.146572E-05
   100.0        0.2475        -2.960    
  -65499.7         59372.9        -65513.3         57527.8    
  0.109600E-04   -0.446192E-06   -0.301420E-04   -0.219129E-05
   100.0        0.2736        -2.960    
  -52160.9         47294.9        -52173.3         45658.5    
  0.151663E-04   -0.676119E-06   -0.416970E-04   -0.331078E-05
   100.0        0.3023        -2.960    
  -41134.5         37309.8        -41149.0         35861.2    
  0.211741E-04   -0.103329E-05   -0.581950E-04   -0.504349E-05
   100.0        0.3341        -2.960    
  -31984.4         29022.8        -32001.6         27742.7    
  0.299764E-04   -0.160187E-05   -0.823593E-04   -0.779092E-05
   100.0        0.3693        -2.960    
  -24438.0         22187.6        -24456.2         21056.0    
  0.431752E-04   -0.252717E-05   -0.118581E-03   -0.122428E-04
   100.0        0.4081        -2.960    
  -18271.9         16601.8        -18288.7         15600.1    
  0.635050E-04   -0.407126E-05   -0.174355E-03   -0.196373E-04
   100.0        0.4510        -2.960    
  -13246.4         12048.5        -13260.2         11160.7    
  0.962963E-04   -0.676329E-05   -0.264293E-03   -0.324650E-04
   100.0        0.4985        -2.960    
  -9174.71         8358.72        -9185.34         7571.79    
  0.152780E-03   -0.117602E-04   -0.419173E-03   -0.561503E-04
   100.0        0.5509        -2.960    
  -5914.59         5403.72        -5924.46         4708.08    
  0.260115E-03   -0.219487E-04   -0.713426E-03   -0.104179E-03
   100.0        0.6088        -2.960    
  -3324.52         3055.39        -3334.78         2441.77    
  0.507106E-03   -0.469100E-04   -0.139045E-02   -0.221208E-03
   100.0        0.6729        -2.960    
  -1287.65         1207.99        -1297.60         666.819    
  0.142927E-02   -0.145042E-03   -0.391791E-02   -0.679023E-03
   100.0        0.7436        -2.960    
   284.876        -218.888         274.391        -695.317    
 -0.740502E-02    0.824436E-03    0.202943E-01    0.382892E-02
   100.0        0.8218        -2.960    
   1479.75        -1303.72         1469.56        -1723.32    
 -0.151347E-02    0.184974E-03    0.414721E-02    0.851494E-03
   100.0        0.9083        -2.960    
   2364.73        -2107.86         2354.51        -2476.75    
 -0.103299E-02    0.138672E-03    0.283047E-02    0.632119E-03
   100.0         1.004        -2.960    
   2997.16        -2683.18         2987.18        -3007.34    
 -0.889407E-03    0.131231E-03    0.243717E-02    0.591721E-03
   100.0         1.109        -2.960    
   3422.44        -3070.80         3413.28        -3356.13    
 -0.848628E-03    0.137618E-03    0.232589E-02    0.613142E-03
   100.0         1.226        -2.960    
   3687.47        -3313.18         3679.41        -3564.14    
 -0.857661E-03    0.153089E-03    0.235152E-02    0.673016E-03
   100.0         1.355        -2.960    
   3821.89        -3437.15         3813.12        -3656.38    
 -0.899938E-03    0.176907E-03    0.246883E-02    0.766320E-03
   100.0         1.497        -2.960    
   3854.79        -3469.05         3846.00        -3660.75    
 -0.968172E-03    0.209703E-03    0.265823E-02    0.893685E-03
   100.0         1.655        -2.960    
   3809.43        -3429.96         3800.82        -3597.33    
 -0.106146E-02    0.253732E-03    0.291757E-02    0.106181E-02
   100.0         1.829        -2.960    
   3705.13        -3337.35         3696.50        -3483.22    
 -0.117947E-02    0.311368E-03    0.324656E-02    0.127705E-02
   100.0         2.021        -2.960    
   3557.75        -3205.59         3549.39        -3332.72    
 -0.132390E-02    0.386363E-03    0.365069E-02    0.154971E-02
   100.0         2.234        -2.960    
   3379.16        -3045.46         3371.37        -3156.28    
 -0.149830E-02    0.484180E-03    0.414087E-02    0.189444E-02
   100.0         2.469        -2.960    
   3180.59        -2867.11         3173.27        -2963.54    
 -0.170539E-02    0.610959E-03    0.472598E-02    0.232562E-02
   100.0         2.729        -2.960    
   2969.76        -2677.54         2962.83        -2761.27    
 -0.194980E-02    0.775608E-03    0.542074E-02    0.286346E-02
   100.0         3.016        -2.960    
   2753.69        -2483.12         2746.96        -2555.53    
 -0.223555E-02    0.988840E-03    0.623876E-02    0.352896E-02
   100.0         3.333        -2.960    
   2537.34        -2288.34         2530.90        -2350.92    
 -0.256729E-02    0.126471E-02    0.719596E-02    0.434680E-02
   100.0         3.683        -2.960    
   2324.67        -2096.81         2318.69        -2150.92    
 -0.294940E-02    0.162076E-02    0.830843E-02    0.534287E-02
   100.0         4.071        -2.960    
   2117.82        -1910.45         2112.55        -1957.38    
 -0.338765E-02    0.208079E-02    0.959736E-02    0.654830E-02
   100.0         4.499        -2.960    
   1919.98        -1732.17         1915.45        -1772.91    
 -0.388377E-02    0.267006E-02    0.110734E-01    0.798266E-02
   100.0         4.972        -2.960    
   1732.25        -1562.96         1728.43        -1598.35    
 -0.444092E-02    0.342179E-02    0.127537E-01    0.966727E-02
   100.0         5.495        -2.960    
   1555.50        -1403.63         1552.62        -1434.60    
 -0.505928E-02    0.437275E-02    0.146504E-01    0.116099E-01
   100.0         6.073        -2.960    
   1390.42        -1254.80         1388.45        -1281.99    
 -0.573755E-02    0.556173E-02    0.167786E-01    0.138038E-01
   100.0         6.711        -2.960    
   1237.40        -1116.83         1236.56        -1141.02    
 -0.647048E-02    0.702059E-02    0.191566E-01    0.162181E-01
   100.0         7.417        -2.960    
   1096.03        -989.356         1096.28        -1011.02    
 -0.725799E-02    0.877338E-02    0.218512E-01    0.188253E-01
   100.0         8.197        -2.960    
   966.340        -872.411         967.859        -892.164    
 -0.809927E-02    0.107978E-01    0.249941E-01    0.215984E-01
   100.0         9.059        -2.960    
   847.920        -765.622         850.834        -783.971    
 -0.901683E-02    0.130657E-01    0.287939E-01    0.246643E-01
   100.0         10.01        -2.960    
   740.455        -668.709         744.869        -686.101    
 -0.100668E-01    0.158254E-01    0.333153E-01    0.281912E-01
   100.0         11.06        -2.960    
   643.263        -581.058         649.239        -597.861    
 -0.112744E-01    0.191441E-01    0.387254E-01    0.323537E-01
   100.0         12.23        -2.960    
   554.996        -501.456         562.652        -518.027    
 -0.126836E-01    0.232081E-01    0.452269E-01    0.373350E-01
   100.0         13.51        -2.960    
   476.608        -430.760         486.035        -447.436    
 -0.142950E-01    0.281194E-01    0.529266E-01    0.432546E-01
   100.0         14.94        -2.960    
   405.822        -366.919         417.113        -383.974    
 -0.161797E-01    0.340532E-01    0.621953E-01    0.504287E-01
   100.0         16.51        -2.960    
   343.303        -310.531         356.391        -328.100    
 -0.183546E-01    0.411760E-01    0.731904E-01    0.590294E-01
   100.0         18.24        -2.960    
   288.076        -260.715         302.990        -278.982    
 -0.208709E-01    0.495912E-01    0.861915E-01    0.692985E-01
   100.0         20.16        -2.960    
   239.185        -216.608         255.914        -235.700    
 -0.238031E-01    0.596432E-01    0.101620        0.815343E-01
   100.0         22.28        -2.960    
   196.370        -177.973         214.841        -197.948    
 -0.272060E-01    0.714789E-01    0.119761        0.959245E-01
   100.0         24.63        -2.960    
   158.962        -144.204         179.049        -165.060    
 -0.311628E-01    0.853355E-01    0.141037        0.112681    
   100.0         27.22        -2.960    
   126.689        -115.056         148.185        -136.702    
 -0.357330E-01    0.101318        0.165686        0.131864    
   100.0         30.08        -2.960    
   99.0066        -90.0370         121.668        -112.337    
 -0.410003E-01    0.119554        0.194041        0.153471    
   100.0         33.24        -2.960    
   75.4767        -68.7497         99.0159        -91.5204    
 -0.470369E-01    0.140138        0.226342        0.177374    
   100.0         36.74        -2.960    
   55.6730        -50.8094         79.7526        -73.8097    
 -0.539196E-01    0.163032        0.262791        0.203308    
   100.0         40.60        -2.960    
   39.3246        -35.9721         63.5384        -58.8940    
 -0.616721E-01    0.188005        0.303302        0.230769    
   100.0         44.87        -2.960    
   26.0426        -23.8874         49.9674        -46.3974    
 -0.703176E-01    0.214897        0.347827        0.259165    
   100.0         49.59        -2.960    
   15.5288        -14.2895         38.7271        -36.0336    
 -0.798086E-01    0.243214        0.395995        0.287674    
   100.0         54.81        -2.960    
   7.46953        -6.90197         29.5138        -27.5244    
 -0.900516E-01    0.272419        0.447335        0.315453    
   100.0         60.57        -2.960    
   1.60832        -1.49932         22.0781        -20.6423    
 -0.100844        0.301904        0.501033        0.341547    
   100.0         66.94        -2.960    
  -2.39332         2.21853         16.1566        -15.1478    
 -0.111972        0.331064        0.556413        0.365175    
   100.0         73.98        -2.960    
  -4.86192         4.53731         11.5323        -10.8440    
 -0.123134        0.359267        0.612564        0.385612    
   100.0         81.76        -2.960    
  -6.09992         5.72599         8.00307        -7.54850    
 -0.133962        0.385918        0.668475        0.402259    
   100.0         89.36        -2.960    
  -6.40428         6.04263         5.63115        -5.32594    
 -0.143027        0.407949        0.717305        0.413655    
   100.0         90.36        -2.960    
  -6.39980         6.04247         5.37837        -5.08859    
 -0.144110        0.410584        0.723323        0.414853    
   100.0         91.20        -2.960    
  -6.38985         6.03645         5.17507        -4.89764    
 -0.145001        0.412750        0.728306        0.415809    
   100.0         92.00        -2.960    
  -6.37542         6.02599         4.98880        -4.72262    
 -0.145834        0.414776        0.732998        0.416677    
   100.0         99.86        -2.960    
  -6.03281         5.73019         3.48608        -3.30834    
 -0.153234        0.432967        0.776358        0.423316    
   100.0         110.4        -2.960    
  -5.23581         5.00409         2.16502        -2.06069    
 -0.161056        0.452901        0.826916        0.429181    
   100.0         120.0        -2.960    
  -4.42521         4.25133         1.40629        -1.34153    
 -0.166402        0.467633        0.866736        0.434687    
   100.0         130.0        -2.960    
  -3.61538         3.49042        0.898247       -0.858539    
 -0.170445        0.480123        0.902763        0.440762    
   100.0         140.0        -2.960    
  -2.89281         2.80531        0.573893       -0.549378    
 -0.173155        0.490206        0.933739        0.447128    
   100.0         150.0        -2.960    
  -2.27310         2.21329        0.366151       -0.350930    
 -0.174841        0.498528        0.960790        0.453434    
   100.0         160.0        -2.960    
  -1.76412         1.72393        0.232989       -0.223489    
 -0.175700        0.505439        0.984537        0.459380    
   100.0         170.0        -2.960    
  -1.35432         1.32772        0.147699       -0.141752    
 -0.175902        0.511161         1.00531        0.465024    
   100.0         180.0        -2.960    
  -1.02866         1.01138        0.931812E-01   -0.894565E-01
 -0.175501        0.515779         1.02322        0.470252    
   100.0         190.0        -2.960    
 -0.772699        0.761651        0.584014E-01   -0.560603E-01
 -0.174684        0.519618         1.03893        0.475255    
   100.0         200.0        -2.960    
 -0.574537        0.567599        0.363068E-01   -0.348406E-01
 -0.173521        0.522807         1.05271        0.480095    
   100.0         210.0        -2.960    
 -0.423084        0.418789        0.223496E-01   -0.214351E-01
 -0.172102        0.525447         1.06476        0.484787    
   100.0         220.0        -2.960    
 -0.308252        0.305646        0.135999E-01   -0.130330E-01
 -0.170436        0.527481         1.07505        0.489262    
   100.0         230.0        -2.960    
 -0.221978        0.220429        0.815944E-02   -0.781119E-02
 -0.168638        0.529198         1.08415        0.493737    
   100.0         240.0        -2.960    
 -0.157724        0.156824        0.481682E-02   -0.460540E-02
 -0.198774        0.530394         1.09161        0.497966    
   100.0         250.0        -2.960    
 -0.110439        0.109930        0.278839E-02   -0.266197E-02
 -0.164429        0.531324         1.09803        0.502171    
   100.0         260.0        -2.960    
 -0.761225E-01    0.758421E-01    0.157772E-02   -0.150354E-02
 -0.162489        0.531887         1.10323        0.506223    
   100.0         270.0        -2.960    
 -0.515284E-01    0.513789E-01    0.868882E-03   -0.826358E-03
 -0.158928        0.532009         1.10630        0.510033    
   100.0         280.0        -2.960    
 -0.341468E-01    0.340700E-01    0.463025E-03   -0.439342E-03
 -0.157141        0.531868         1.10154        0.513759    
   100.0         290.0        -2.960    
 -0.220681E-01    0.220304E-01    0.237486E-03   -0.224748E-03
 -0.155685        0.528638         1.11182        0.514607    
   100.0         300.0        -2.960    
 -0.138393E-01    0.138216E-01    0.116103E-03   -0.109537E-03
 -0.188477        0.530763         1.11382        0.520809    
   100.0         310.0        -2.960    
 -0.836587E-02    0.835816E-02    0.535853E-04   -0.503802E-04
 -0.178509        0.638163         1.33543        0.631307    
   100.0         320.0        -2.960    
 -0.483755E-02    0.483443E-02    0.229679E-04   -0.215053E-04
 -0.541649E-01    0.619026         1.09343        0.617430    
   100.0         330.0        -2.960    
 -0.264566E-02    0.264450E-02    0.897067E-05   -0.835879E-05
 -0.652342E-01    0.521229         1.09969        0.524233    
   100.0         340.0        -2.960    
 -0.134412E-02    0.134374E-02    0.309055E-05   -0.286283E-05
 -0.793364E-01    0.275017        0.585125        0.278951    
   100.0         350.0        -2.960    
 -0.617916E-03    0.617811E-03    0.897309E-06   -0.825185E-06
 -0.972069E-01    0.346497        0.735921        0.354483    
   100.0         360.0        -2.960    
 -0.246207E-03    0.246184E-03    0.202586E-06   -0.184559E-06
 -0.119708        0.438191        0.929183        0.452168    
   100.0         370.0        -2.960    
 -0.785697E-04    0.785663E-04    0.306736E-07   -0.275879E-07
 -0.146012        0.547938         1.16025        0.570344    
   100.0         380.0        -2.960    
 -0.213258E-04    0.213255E-04    0.150655E-08   -0.372920E-09
 -0.361056E-09    0.141421E-08    0.291705E-08     0.00000    
   100.0         400.0        -2.960    
 -0.917473E-08    0.917473E-08     0.00000         0.00000    
   0.00000         0.00000        0.103321E-14     0.00000    
   100.0         450.0        -2.960    
   0.00000         0.00000         0.00000         0.00000    
   0.00000         0.00000         0.00000         0.00000    
   100.0         500.0        -2.960    
   0.00000         0.00000         0.00000         0.00000    
   0.00000         0.00000         0.00000         0.00000    
   100.0        0.9106E-01    -2.400    
  -584398.         456324.        -584496.         450894.    
  0.299263E-06   -0.446415E-07   -0.491141E-06   -0.108141E-07
   100.0        0.1006        -2.400    
  -492868.         384913.        -492963.         380094.    
  0.391732E-06   -0.638313E-07   -0.639317E-06   -0.154840E-07
   100.0        0.1112        -2.400    
  -414248.         323569.        -414327.         319270.    
  0.512103E-06   -0.916543E-07   -0.839971E-06   -0.222673E-07
   100.0        0.1229        -2.400    
  -347300.         271328.        -347354.         267492.    
  0.674222E-06   -0.131863E-06   -0.110614E-05   -0.320901E-07
   100.0        0.1358        -2.400    
  -290421.         226940.        -290461.         223521.    
  0.889623E-06   -0.190054E-06   -0.145992E-05   -0.463378E-07
   100.0        0.1501        -2.400    
  -241925.         189090.        -241964.         186052.    
  0.117849E-05   -0.275028E-06   -0.193454E-05   -0.671943E-07
   100.0        0.1659        -2.400    
  -200805.         156992.        -200842.         154295.    
  0.156645E-05   -0.399241E-06   -0.257227E-05   -0.977654E-07
   100.0        0.1834        -2.400    
  -165931.         129767.        -165967.         127375.    
  0.209142E-05   -0.582111E-06   -0.343570E-05   -0.142909E-06
   100.0        0.2027        -2.400    
  -136545.         106824.        -136577.         104698.    
  0.280280E-05   -0.851548E-06   -0.460643E-05   -0.209642E-06
   100.0        0.2240        -2.400    
  -111813.         87510.3        -111847.         85626.7    
  0.377306E-05   -0.125081E-05   -0.622292E-05   -0.308894E-06
   100.0        0.2475        -2.400    
  -91049.5         71293.1        -91080.1         69621.6    
  0.510579E-05   -0.184613E-05   -0.840078E-05   -0.457474E-06
   100.0        0.2736        -2.400    
  -73558.2         57629.2        -73585.7         56148.1    
  0.696539E-05   -0.274727E-05   -0.114684E-04   -0.683378E-06
   100.0        0.3023        -2.400    
  -59015.0         46266.0        -59043.1         44953.9    
  0.956030E-05   -0.411009E-05   -0.157534E-04   -0.102668E-05
   100.0        0.3341        -2.400    
  -46868.0         36772.8        -46889.9         35607.4    
  0.132563E-04   -0.621118E-05   -0.218640E-04   -0.155879E-05
   100.0        0.3693        -2.400    
  -36776.7         28884.1        -36800.2         27854.7    
  0.185954E-04   -0.949334E-05   -0.307025E-04   -0.239488E-05
   100.0        0.4081        -2.400    
  -28462.7         22382.7        -28477.7         21466.6    
  0.264339E-04   -0.146961E-04   -0.437021E-04   -0.372868E-05
   100.0        0.4510        -2.400    
  -21622.4         17031.9        -21644.6         16227.5    
  0.382494E-04   -0.231439E-04   -0.633207E-04   -0.590950E-05
   100.0        0.4985        -2.400    
  -16019.2         12647.0        -16034.7         11932.0    
  0.567569E-04   -0.373680E-04   -0.941151E-04   -0.960912E-05
   100.0        0.5509        -2.400    
  -11475.0         9089.19        -11492.6         8459.54    
  0.869821E-04   -0.622708E-04   -0.144512E-03   -0.161387E-04
   100.0        0.6088        -2.400    
  -7809.25         6217.52        -7825.99         5661.73    
  0.140211E-03   -0.109083E-03   -0.233463E-03   -0.285177E-04
   100.0        0.6729        -2.400    
  -4872.65         3915.49        -4885.70         3423.08    
  0.246383E-03   -0.208207E-03   -0.411312E-03   -0.549611E-04
   100.0        0.7436        -2.400    
  -2552.98         2095.57        -2563.53         1659.92    
  0.514623E-03   -0.471958E-03   -0.861671E-03   -0.125928E-03
   100.0        0.8218        -2.400    
  -738.262         670.330        -748.434         286.442    
  0.193017E-02   -0.191974E-02   -0.324302E-02   -0.518381E-03
   100.0        0.9083        -2.400    
   658.602        -428.204         647.802        -765.376    
 -0.243958E-02    0.262941E-02    0.411541E-02    0.719520E-03
   100.0         1.004        -2.400    
   1711.60        -1257.79         1699.38        -1553.00    
 -0.101629E-02    0.118599E-02    0.172241E-02    0.329389E-03
   100.0         1.109        -2.400    
   2477.94        -1863.04         2465.49        -2122.08    
 -0.764073E-03    0.963885E-03    0.130189E-02    0.272133E-03
   100.0         1.226        -2.400    
   3021.95        -2294.30         3010.77        -2522.15    
 -0.682002E-03    0.929567E-03    0.116933E-02    0.267335E-03
   100.0         1.355        -2.400    
   3380.25        -2580.08         3370.86        -2780.93    
 -0.662767E-03    0.974556E-03    0.114456E-02    0.286100E-03
   100.0         1.497        -2.400    
   3591.07        -2750.25         3581.91        -2926.31    
 -0.677202E-03    0.107239E-02    0.117919E-02    0.322118E-03
   100.0         1.655        -2.400    
   3686.99        -2830.33         3677.31        -2983.76    
 -0.715173E-03    0.121822E-02    0.125732E-02    0.375493E-03
   100.0         1.829        -2.400    
   3692.15        -2839.12         3682.33        -2972.88    
 -0.772372E-03    0.141218E-02    0.137291E-02    0.448012E-03
   100.0         2.021        -2.400    
   3628.38        -2793.70         3619.03        -2910.60    
 -0.847697E-03    0.165985E-02    0.152591E-02    0.543880E-03
   100.0         2.234        -2.400    
   3512.51        -2707.26         3503.98        -2809.51    
 -0.941984E-03    0.197104E-02    0.172047E-02    0.669835E-03
   100.0         2.469        -2.400    
   3359.27        -2591.29         3351.22        -2680.49    
 -0.105629E-02    0.235473E-02    0.196122E-02    0.833713E-03
   100.0         2.729        -2.400    
   3179.81        -2454.54         3171.92        -2532.05    
 -0.119272E-02    0.282367E-02    0.225673E-02    0.104711E-02
   100.0         3.016        -2.400    
   2983.83        -2304.60         2976.98        -2372.53    
 -0.135269E-02    0.338780E-02    0.261464E-02    0.132366E-02
   100.0         3.333        -2.400    
   2778.63        -2147.17         2771.80        -2206.00    
 -0.153957E-02    0.406097E-02    0.304839E-02    0.168322E-02
   100.0         3.683        -2.400    
   2570.08        -1986.89         2563.92        -2038.22    
 -0.175499E-02    0.485043E-02    0.357021E-02    0.214946E-02
   100.0         4.071        -2.400    
   2361.90        -1826.66         2356.43        -1871.47    
 -0.200267E-02    0.576592E-02    0.419954E-02    0.275704E-02
   100.0         4.499        -2.400    
   2158.57        -1670.01         2153.81        -1709.20    
 -0.228364E-02    0.680217E-02    0.495247E-02    0.354475E-02
   100.0         4.972        -2.400    
   1962.27        -1518.64         1958.44        -1553.15    
 -0.259984E-02    0.795082E-02    0.585106E-02    0.456653E-02
   100.0         5.495        -2.400    
   1774.74        -1373.94         1772.03        -1404.60    
 -0.295244E-02    0.919497E-02    0.691919E-02    0.589078E-02
   100.0         6.073        -2.400    
   1597.36        -1237.01         1595.78        -1264.40    
 -0.334194E-02    0.105166E-01    0.818180E-02    0.760331E-02
   100.0         6.711        -2.400    
   1431.13        -1108.63         1430.72        -1133.32    
 -0.376786E-02    0.119174E-01    0.966228E-02    0.980848E-02
   100.0         7.417        -2.400    
   1276.03        -988.810         1276.93        -1011.36    
 -0.423208E-02    0.134791E-01    0.113892E-01    0.126435E-01
   100.0         8.197        -2.400    
   1132.50        -877.888         1134.86        -898.816    
 -0.473818E-02    0.154700E-01    0.133845E-01    0.162629E-01
   100.0         9.059        -2.400    
   1000.36        -775.756         1004.37        -795.565    
 -0.530199E-02    0.183414E-01    0.157190E-01    0.207485E-01
   100.0         10.01        -2.400    
   879.549        -682.359         885.324        -701.447    
 -0.595040E-02    0.217783E-01    0.185659E-01    0.260446E-01
   100.0         11.06        -2.400    
   769.515        -597.283         777.107        -615.960    
 -0.669095E-02    0.258386E-01    0.220238E-01    0.322305E-01
   100.0         12.23        -2.400    
   668.912        -519.489         678.494        -538.105    
 -0.754830E-02    0.307853E-01    0.262764E-01    0.395222E-01
   100.0         13.51        -2.400    
   578.989        -449.946         590.628        -468.770    
 -0.852294E-02    0.366034E-01    0.314071E-01    0.479298E-01
   100.0         14.94        -2.400    
   497.271        -386.741         511.030        -405.991    
 -0.965485E-02    0.435965E-01    0.377300E-01    0.577764E-01
   100.0         16.51        -2.400    
   424.640        -330.556         440.541        -350.407    
 -0.109478E-01    0.518497E-01    0.453541E-01    0.690592E-01
   100.0         18.24        -2.400    
   360.069        -280.597         378.151        -301.213    
 -0.124283E-01    0.615045E-01    0.545595E-01    0.819587E-01
   100.0         20.16        -2.400    
   302.528        -236.065         322.787        -257.558    
 -0.141365E-01    0.728729E-01    0.657004E-01    0.967373E-01
   100.0         22.28        -2.400    
   251.784        -196.778         274.151        -219.198    
 -0.160960E-01    0.860487E-01    0.790361E-01    0.113422    
   100.0         24.63        -2.400    
   207.109        -162.170         231.392        -185.457    
 -0.183568E-01    0.101294        0.949919E-01    0.132240    
   100.0         27.22        -2.400    
   168.241        -132.035         194.259        -156.134    
 -0.209414E-01    0.118755        0.113778        0.153104    
   100.0         30.08        -2.400    
   134.579        -105.906         162.086        -130.700    
 -0.238919E-01    0.138481        0.135724        0.175960    
   100.0         33.24        -2.400    
   105.647        -83.4084         134.323        -108.718    
 -0.272539E-01    0.160509        0.161113        0.200720    
   100.0         36.74        -2.400    
   80.9680        -64.1704         110.416        -89.7529    
 -0.310783E-01    0.184894        0.190221        0.227190    
   100.0         40.60        -2.400    
   60.2532        -47.9715         90.0478        -73.5532    
 -0.353743E-01    0.211299        0.222937        0.254881    
   100.0         44.87        -2.400    
   43.0649        -34.4736         72.7305        -59.7335    
 -0.401746E-01    0.239597        0.259400        0.283394    
   100.0         49.59        -2.400    
   29.0760        -23.4269         58.1177        -48.0249    
 -0.454742E-01    0.269425        0.299291        0.312132    
   100.0         54.81        -2.400    
   17.9501        -14.5748         45.8815        -38.1695    
 -0.512435E-01    0.300237        0.342293        0.340415    
   100.0         60.57        -2.400    
   9.38240        -7.69448         35.7483        -29.9585    
 -0.574046E-01    0.331431        0.387735        0.367556    
   100.0         66.94        -2.400    
   3.03672        -2.53616         27.4208        -23.1617    
 -0.638883E-01    0.362559        0.435216        0.393051    
   100.0         73.98        -2.400    
  -1.36716         1.10241         20.6760        -17.6112    
 -0.705439E-01    0.392996        0.483917        0.416232    
   100.0         81.76        -2.400    
  -4.20467         3.50030         15.2960        -13.1432    
 -0.772033E-01    0.422139        0.533104        0.436732    
   100.0         89.36        -2.400    
  -5.66657         4.77888         11.4943        -9.95564    
 -0.829949E-01    0.446751        0.576792        0.452523    
   100.0         90.36        -2.400    
  -5.79021         4.89043         11.0763        -9.60334    
 -0.837056E-01    0.449729        0.582240        0.454331    
   100.0         91.20        -2.400    
  -5.88387         4.97569         10.7381        -9.31791    
 -0.842924E-01    0.452180        0.586761        0.455802    
   100.0         92.00        -2.400    
  -5.96491         5.05008         10.4264        -9.05467    
 -0.848434E-01    0.454477        0.591021        0.457166    
   100.0         99.86        -2.400    
  -6.41044         5.48672         7.83880        -6.85834    
 -0.898354E-01    0.475234        0.630526        0.468766    
   100.0         110.4        -2.400    
  -6.32131         5.48237         5.40068        -4.76865    
 -0.954593E-01    0.498682        0.677767        0.480126    
   100.0         120.0        -2.400    
  -5.88074         5.15657         3.88003        -3.45160    
 -0.996243E-01    0.516474        0.715856        0.487122    
   100.0         130.0        -2.400    
  -5.28075         4.67987         2.77150        -2.48273    
 -0.103084        0.531927        0.751018        0.491752    
   100.0         140.0        -2.400    
  -4.64171         4.15399         1.99371        -1.79714    
 -0.105795        0.544900        0.782393        0.494489    
   100.0         150.0        -2.400    
  -4.01849         3.62865         1.44311        -1.30807    
 -0.107887        0.555992        0.810597        0.496066    
   100.0         160.0        -2.400    
  -3.43908         3.13113         1.05043       -0.956865    
 -0.109450        0.565462        0.836046        0.496907    
   100.0         170.0        -2.400    
  -2.92508         2.68352        0.768590       -0.703227    
 -0.110551        0.573464        0.858938        0.497516    
   100.0         180.0        -2.400    
  -2.47674         2.28812        0.564921       -0.518906    
 -0.111275        0.580364        0.879690        0.497815    
   100.0         190.0        -2.400    
  -2.08929         1.94262        0.416836       -0.384208    
 -0.111704        0.586348        0.898680        0.497723    
   100.0         200.0        -2.400    
  -1.75542         1.64190        0.308653       -0.285367    
 -0.111872        0.591527        0.916012        0.497318    
   100.0         210.0        -2.400    
  -1.47149         1.38383        0.229236       -0.212511    
 -0.111833        0.596078        0.931943        0.496686    
   100.0         220.0        -2.400    
  -1.23199         1.16446        0.170703       -0.158623    
 -0.111613        0.600033        0.946543        0.495699    
   100.0         230.0        -2.400    
  -1.03036        0.978403        0.127396       -0.118625    
 -0.111247        0.603468        0.959988        0.494437    
   100.0         240.0        -2.400    
 -0.860714        0.820821        0.952557E-01   -0.888555E-01
 -0.110751        0.606409        0.972308        0.492867    
   100.0         250.0        -2.400    
 -0.717855        0.687296        0.713251E-01   -0.666345E-01
 -0.110156        0.608955        0.983675        0.491099    
   100.0         260.0        -2.400    
 -0.597732        0.574377        0.534571E-01   -0.500058E-01
 -0.109490        0.611282        0.994299        0.489246    
   100.0         270.0        -2.400    
 -0.497366        0.479549        0.400937E-01   -0.375447E-01
 -0.108763        0.613279         1.00413        0.487269    
   100.0         280.0        -2.400    
 -0.413592        0.400020        0.300795E-01   -0.281919E-01
 -0.107988        0.615055         1.01329        0.485219    
   100.0         290.0        -2.400    
 -0.343603        0.333287        0.225695E-01   -0.211670E-01
 -0.107143        0.616404         1.02162        0.482957    
   100.0         300.0        -2.400    
 -0.285160        0.277339        0.169283E-01   -0.158845E-01
 -0.105396        0.617742         1.02940        0.480808    
   100.0         310.0        -2.400    
 -0.236337        0.230417        0.126898E-01   -0.119112E-01
 -0.105380        0.618762         1.03642        0.478516    
   100.0         320.0        -2.400    
 -0.195448        0.190991        0.950276E-02   -0.892125E-02
 -0.104456        0.619547         1.04289        0.476134    
   100.0         330.0        -2.400    
 -0.161457        0.158103        0.710565E-02   -0.667099E-02
 -0.103516        0.620254         1.04892        0.473798    
   100.0         340.0        -2.400    
 -0.133174        0.130663        0.530335E-02   -0.497832E-02
 -0.102581        0.620817         1.05464        0.471494    
   100.0         350.0        -2.400    
 -0.109703        0.107826        0.394942E-02   -0.370638E-02
 -0.101637        0.621366         1.05996        0.469254    
   100.0         360.0        -2.400    
 -0.901925E-01    0.887951E-01    0.293380E-02   -0.275216E-02
 -0.100710        0.621753         1.06485        0.466980    
   100.0         370.0        -2.400    
 -0.739918E-01    0.729587E-01    0.217365E-02   -0.203803E-02
 -0.997123E-01    0.621848         1.06897        0.464603    
   100.0         380.0        -2.400    
 -0.605776E-01    0.598143E-01    0.160527E-02   -0.150419E-02
 -0.987195E-01    0.621751         1.07260        0.462163    
   100.0         400.0        -2.400    
 -0.402450E-01    0.398353E-01    0.864480E-03   -0.808686E-03
 -0.957139E-01    0.621721         1.07976        0.457669    
   100.0         450.0        -2.400    
 -0.136930E-01    0.136154E-01    0.167778E-03   -0.155985E-03
 -0.917259E-01    0.613583         1.08165        0.442016    
   100.0         500.0        -2.400    
 -0.413708E-02    0.412524E-02    0.265508E-04   -0.244549E-04
 -0.629049E-01    0.773482         1.36417        0.547160    
   100.0        0.9106E-01    -1.200    
  -616897.         223055.        -616972.         221168.    
  0.158116E-06   -0.185148E-07    0.135557E-06   -0.569831E-07
   100.0        0.1006        -1.200    
  -521838.         188732.        -521913.         187054.    
  0.206269E-06   -0.264229E-07    0.176790E-06   -0.812986E-07
   100.0        0.1112        -1.200    
  -440032.         159190.        -440101.         157699.    
  0.270058E-06   -0.378592E-07    0.231395E-06   -0.116449E-06
   100.0        0.1229        -1.200    
  -370233.         133980.        -370301.         132656.    
  0.354253E-06   -0.543375E-07    0.303431E-06   -0.167075E-06
   100.0        0.1358        -1.200    
  -310804.         112514.        -310866.         111335.    
  0.465582E-06   -0.781116E-07    0.398627E-06   -0.240081E-06
   100.0        0.1501        -1.200    
  -260017.         94165.6        -260071.         93118.9    
  0.614099E-06   -0.112711E-06    0.525553E-06   -0.346274E-06
   100.0        0.1659        -1.200    
  -216849.         78567.0        -216905.         77632.6    
  0.812327E-06   -0.163080E-06    0.694816E-06   -0.500780E-06
   100.0        0.1834        -1.200    
  -180142.         65300.5        -180180.         64469.1    
  0.107886E-05   -0.236921E-06    0.922205E-06   -0.727143E-06
   100.0        0.2027        -1.200    
  -149123.         54087.5        -149159.         53350.3    
  0.143714E-05   -0.345119E-06    0.122760E-05   -0.105859E-05
   100.0        0.2240        -1.200    
  -122935.         44618.7        -122974.         43966.6    
  0.192154E-05   -0.504477E-06    0.163999E-05   -0.154639E-05
   100.0        0.2475        -1.200    
  -100876.         36640.5        -100917.         36064.0    
  0.258008E-05   -0.740341E-06    0.219992E-05   -0.226775E-05
   100.0        0.2736        -1.200    
  -82225.7         29893.0        -82268.2         29384.7    
  0.348802E-05   -0.109426E-05    0.297085E-05   -0.334916E-05
   100.0        0.3023        -1.200    
  -66656.1         24258.4        -66698.0         23808.3    
  0.473758E-05   -0.162401E-05    0.402990E-05   -0.496611E-05
   100.0        0.3341        -1.200    
  -53594.2         19529.5        -53625.7         19128.1    
  0.648800E-05   -0.243037E-05    0.551042E-05   -0.742456E-05
   100.0        0.3693        -1.200    
  -42689.3         15579.8        -42718.5         15224.8    
  0.896533E-05   -0.366991E-05    0.760103E-05   -0.111989E-04
   100.0        0.4081        -1.200    
  -33655.2         12306.2        -33674.8         11989.0    
  0.125102E-04   -0.559396E-05    0.105850E-04   -0.170494E-04
   100.0        0.4510        -1.200    
  -26176.3         9594.56        -26199.6         9316.21    
  0.176797E-04   -0.863457E-05    0.149226E-04   -0.262808E-04
   100.0        0.4985        -1.200    
  -20006.7         7356.23        -20026.8         7109.91    
  0.254207E-04   -0.135603E-04    0.213963E-04   -0.412105E-04
   100.0        0.5509        -1.200    
  -14962.3         5524.77        -14981.5         5307.63    
  0.373189E-04   -0.217363E-04    0.313075E-04   -0.659464E-04
   100.0        0.6088        -1.200    
  -10854.7         4032.10        -10873.9         3840.84    
  0.564257E-04   -0.358781E-04    0.471553E-04   -0.108647E-03
   100.0        0.6729        -1.200    
  -7527.36         2821.74        -7545.45         2653.18    
  0.891853E-04   -0.619055E-04    0.741970E-04   -0.187070E-03
   100.0        0.7436        -1.200    
  -4863.91         1851.64        -4880.24         1702.89    
  0.151078E-03   -0.114437E-03    0.125336E-03   -0.345002E-03
   100.0        0.8218        -1.200    
  -2746.15         1079.12        -2760.26         947.803    
  0.292398E-03   -0.241671E-03    0.240491E-03   -0.726668E-03
   100.0        0.9083        -1.200    
  -1082.54         471.089        -1095.99         355.542    
  0.805316E-03   -0.726186E-03    0.657563E-03   -0.217711E-02
   100.0         1.004        -1.200    
   204.980       -0.640202         191.641        -102.055    
 -0.503103E-02    0.494903E-02   -0.407331E-02    0.147881E-01
   100.0         1.109        -1.200    
   1175.65        -357.436         1162.55        -446.440    
 -0.904192E-03    0.969548E-03   -0.724759E-03    0.288640E-02
   100.0         1.226        -1.200    
   1900.21        -624.961         1886.98        -702.909    
 -0.606877E-03    0.709616E-03   -0.480729E-03    0.210372E-02
   100.0         1.355        -1.200    
   2416.02        -816.658         2402.92        -884.921    
 -0.518210E-03    0.660500E-03   -0.404824E-03    0.194888E-02
   100.0         1.497        -1.200    
   2763.91        -947.294         2751.05        -1007.12    
 -0.491108E-03    0.681938E-03   -0.377437E-03    0.200145E-02
   100.0         1.655        -1.200    
   2980.20        -1030.05         2967.64        -1082.45    
 -0.493204E-03    0.746348E-03   -0.371752E-03    0.217722E-02
   100.0         1.829        -1.200    
   3089.75        -1073.89         3077.56        -1119.76    
 -0.513861E-03    0.846950E-03   -0.378536E-03    0.245375E-02
   100.0         2.021        -1.200    
   3116.57        -1087.51         3104.80        -1127.56    
 -0.548838E-03    0.984879E-03   -0.393454E-03    0.283108E-02
   100.0         2.234        -1.200    
   3079.59        -1077.79         3067.71        -1112.64    
 -0.596930E-03    0.116631E-02   -0.414232E-03    0.332257E-02
   100.0         2.469        -1.200    
   2994.50        -1050.40         2982.80        -1080.81    
 -0.657459E-03    0.139805E-02   -0.438847E-03    0.394184E-02
   100.0         2.729        -1.200    
   2873.96        -1009.93         2862.19        -1036.50    
 -0.788082E-03    0.169155E-02   -0.465675E-03    0.471287E-02
   100.0         3.016        -1.200    
   2728.70        -960.276         2717.53        -983.582    
 -0.818030E-03    0.205879E-02   -0.492420E-03    0.565748E-02
   100.0         3.333        -1.200    
   2567.06        -904.472         2556.81        -925.053    
 -0.919319E-03    0.251585E-02   -0.516480E-03    0.680343E-02
   100.0         3.683        -1.200    
   2395.83        -844.988         2384.84        -862.507    
 -0.103662E-02    0.308357E-02   -0.534802E-03    0.818374E-02
   100.0         4.071        -1.200    
   2219.64        -783.517         2209.71        -799.164    
 -0.116980E-02    0.378267E-02   -0.542121E-03    0.981935E-02
   100.0         4.499        -1.200    
   2043.51        -721.881         2034.45        -735.818    
 -0.131949E-02    0.463712E-02   -0.532993E-03    0.117268E-01
   100.0         4.972        -1.200    
   1870.29        -661.124         1862.01        -673.570    
 -0.148618E-02    0.567621E-02   -0.500166E-03    0.139152E-01
   100.0         5.495        -1.200    
   1702.29        -602.098         1694.93        -613.338    
 -0.166936E-02    0.693119E-02   -0.434877E-03    0.163725E-01
   100.0         6.073        -1.200    
   1541.34        -545.476         1534.98        -555.743    
 -0.186808E-02    0.843689E-02   -0.327072E-03    0.190641E-01
   100.0         6.711        -1.200    
   1388.84        -491.773         1383.62        -501.276    
 -0.208067E-02    0.102327E-01   -0.165548E-03    0.219332E-01
   100.0         7.417        -1.200    
   1245.20        -441.152         1241.18        -450.108    
 -0.230683E-02    0.123811E-01    0.630808E-04    0.249419E-01
   100.0         8.197        -1.200    
   1111.12        -393.873         1108.45        -402.438    
 -0.254696E-02    0.149698E-01    0.374731E-03    0.281123E-01
   100.0         9.059        -1.200    
   986.737        -349.998         985.574        -358.338    
 -0.280896E-02    0.181272E-01    0.792934E-03    0.316383E-01
   100.0         10.01        -1.200    
   872.209        -309.587         872.748        -317.868    
 -0.310140E-02    0.218760E-01    0.134263E-02    0.357931E-01
   100.0         11.06        -1.200    
   767.217        -272.535         769.606        -280.884    
 -0.342924E-02    0.264145E-01    0.207510E-02    0.406998E-01
   100.0         12.23        -1.200    
   670.631        -238.447         674.997        -246.975    
 -0.379733E-02    0.320941E-01    0.303159E-02    0.467374E-01
   100.0         13.51        -1.200    
   583.791        -207.799         590.207        -216.588    
 -0.420151E-02    0.386007E-01    0.425710E-02    0.540606E-01
   100.0         14.94        -1.200    
   504.429        -179.791         513.108        -188.960    
 -0.465263E-02    0.463285E-01    0.584542E-02    0.633139E-01
   100.0         16.51        -1.200    
   433.500        -154.760         444.522        -164.379    
 -0.514470E-02    0.558049E-01    0.785399E-02    0.746498E-01
   100.0         18.24        -1.200    
   370.100        -132.386         383.482        -142.493    
 -0.567967E-02    0.665718E-01    0.103824E-01    0.885054E-01
   100.0         20.16        -1.200    
   313.295        -112.338         329.039        -122.961    
 -0.625954E-02    0.797207E-01    0.135613E-01    0.105292    
   100.0         22.28        -1.200    
   262.922        -94.5548         280.952        -105.695    
 -0.688014E-02    0.943892E-01    0.175059E-01    0.125125    
   100.0         24.63        -1.200    
   218.324        -78.8015         238.599        -90.4517    
 -0.753700E-02    0.111557        0.223727E-01    0.148056    
   100.0         27.22        -1.200    
   179.292        -65.0012         201.622        -77.1293    
 -0.821940E-02    0.131232        0.282875E-01    0.173631    
   100.0         30.08        -1.200    
   145.278        -52.9560         169.431        -65.4920    
 -0.891691E-02    0.153077        0.354153E-01    0.201351    
   100.0         33.24        -1.200    
   115.841        -42.5066         141.514        -55.3585    
 -0.961632E-02    0.177312        0.439203E-01    0.230407    
   100.0         36.74        -1.200    
   90.5355        -33.4922         117.355        -46.5446    
 -0.103018E-01    0.203934        0.539843E-01    0.259660    
   100.0         40.60        -1.200    
   69.1120        -25.8219         96.6557        -38.9423    
 -0.109508E-01    0.232352        0.657039E-01    0.287266    
   100.0         44.87        -1.200    
   51.1566        -19.3480         78.9742        -32.3894    
 -0.115448E-01    0.262179        0.792079E-01    0.312334    
   100.0         49.59        -1.200    
   36.3644        -13.9628         63.9497        -26.7619    
 -0.120684E-01    0.293082        0.945924E-01    0.337050    
   100.0         54.81        -1.200    
   24.4112        -9.55536         51.2588        -21.9390    
 -0.125108E-01    0.324520        0.111943        0.361301    
   100.0         60.57        -1.200    
   15.0230        -6.03215         40.6571        -17.8388    
 -0.128614E-01    0.355669        0.131200        0.384401    
   100.0         66.94        -1.200    
   7.87617        -3.28483         31.8601        -14.3662    
 -0.131309E-01    0.385971        0.152368        0.405971    
   100.0         73.98        -1.200    
   2.72988        -1.23256         24.6395        -11.4420    
 -0.133435E-01    0.414836        0.175388        0.425722    
   100.0         81.76        -1.200    
 -0.818328        0.244262         18.7860        -9.00141    
 -0.135271E-01    0.442022        0.200168        0.444628    
   100.0         89.36        -1.200    
  -2.88136         1.15230         14.5768        -7.19239    
 -0.136891E-01    0.464196        0.223534        0.461117    
   100.0         90.36        -1.200    
  -3.07763         1.24246         14.1089        -6.98781    
 -0.137114E-01    0.466870        0.226547        0.463093    
   100.0         91.20        -1.200    
  -3.23122         1.31374         13.7292        -6.82116    
 -0.137301E-01    0.469067        0.229066        0.464735    
   100.0         92.00        -1.200    
  -3.36841         1.37800         13.3785        -6.66679    
 -0.137482E-01    0.471114        0.231453        0.466270    
   100.0         99.86        -1.200    
  -4.32238         1.85008         10.4300        -5.34640    
 -0.139398E-01    0.489337        0.254398        0.480087    
   100.0         110.4        -1.200    
  -4.78933         2.14691         7.57375        -4.02233    
 -0.142652E-01    0.509655        0.283709        0.495758    
   100.0         120.0        -1.200    
  -4.74993         2.21153         5.73194        -3.13609    
 -0.146330E-01    0.524534        0.308871        0.507612    
   100.0         130.0        -1.200    
  -4.49606         2.16771         4.33738        -2.44191    
 -0.150825E-01    0.537384        0.333683        0.518202    
   100.0         140.0        -1.200    
  -4.13890         2.06026         3.31745        -1.91753    
 -0.155890E-01    0.548200        0.357159        0.527255    
   100.0         150.0        -1.200    
  -3.73847         1.91866         2.56291        -1.51753    
 -0.161450E-01    0.557232        0.379325        0.534949    
   100.0         160.0        -1.200    
  -3.32938         1.76103         1.99814        -1.20977    
 -0.167368E-01    0.565029        0.400304        0.541653    
   100.0         170.0        -1.200    
  -2.95128         1.60499         1.57123       -0.970852    
 -0.173481E-01    0.571609        0.420136        0.547015    
   100.0         180.0        -1.200    
  -2.60916         1.45579         1.24506       -0.783953    
 -0.179728E-01    0.577419        0.439005        0.551128    
   100.0         190.0        -1.200    
  -2.30234         1.31583        0.994054       -0.636782    
 -0.185891E-01    0.582440        0.456817        0.554164    
   100.0         200.0        -1.200    
  -2.02523         1.18510        0.798826       -0.519987    
 -0.192102E-01    0.586963        0.473858        0.556482    
   100.0         210.0        -1.200    
  -1.78080         1.06575        0.646112       -0.426795    
 -0.198158E-01    0.590907        0.489983        0.558056    
   100.0         220.0        -1.200    
  -1.56875        0.958513        0.525569       -0.351935    
 -0.204039E-01    0.594490        0.505434        0.559093    
   100.0         230.0        -1.200    
  -1.38436        0.862266        0.429932       -0.291535    
 -0.209754E-01    0.597650        0.520086        0.559455    
   100.0         240.0        -1.200    
  -1.22346        0.775884        0.353505       -0.242534    
 -0.215217E-01    0.600367        0.534061        0.559429    
   100.0         250.0        -1.200    
  -1.08182        0.698079        0.292054       -0.202556    
 -0.220487E-01    0.602902        0.547425        0.559027    
   100.0         260.0        -1.200    
 -0.956661        0.627979        0.242341       -0.169778    
 -0.225457E-01    0.605195        0.560223        0.558242    
   100.0         270.0        -1.200    
 -0.848041        0.565610        0.201916       -0.142789    
 -0.230214E-01    0.607317        0.572570        0.557313    
   100.0         280.0        -1.200    
 -0.753602        0.510088        0.168876       -0.120472    
 -0.234737E-01    0.609277        0.584436        0.556034    
   100.0         290.0        -1.200    
 -0.671119        0.460542        0.141781       -0.101971    
 -0.238957E-01    0.611055        0.595779        0.554577    
   100.0         300.0        -1.200    
 -0.598805        0.416225        0.119453       -0.865734E-01
 -0.242901E-01    0.612526        0.606642        0.552687    
   100.0         310.0        -1.200    
 -0.535104        0.376495        0.100974       -0.737061E-01
 -0.246591E-01    0.613883        0.617032        0.550642    
   100.0         320.0        -1.200    
 -0.478287        0.340564        0.856130E-01   -0.629149E-01
 -0.250036E-01    0.615097        0.627080        0.548451    
   100.0         330.0        -1.200    
 -0.428385        0.308448        0.727974E-01   -0.538347E-01
 -0.253261E-01    0.616157        0.636745        0.546016    
   100.0         340.0        -1.200    
 -0.384368        0.279724        0.620623E-01   -0.461683E-01
 -0.256277E-01    0.617219        0.646133        0.543452    
   100.0         350.0        -1.200    
 -0.345471        0.253988        0.530457E-01   -0.396802E-01
 -0.259104E-01    0.618186        0.655203        0.540880    
   100.0         360.0        -1.200    
 -0.310994        0.230872        0.454499E-01   -0.341765E-01
 -0.261719E-01    0.619014        0.663984        0.537988    
   100.0         370.0        -1.200    
 -0.280362        0.210072        0.390319E-01   -0.294957E-01
 -0.264128E-01    0.619712        0.672448        0.535135    
   100.0         380.0        -1.200    
 -0.253080        0.191307        0.335937E-01   -0.255042E-01
 -0.266323E-01    0.620384        0.680623        0.531994    
   100.0         400.0        -1.200    
 -0.206764        0.158880        0.250385E-01   -0.191725E-01
 -0.270268E-01    0.621434        0.696166        0.525392    
   100.0         450.0        -1.200    
 -0.127519        0.101508        0.123817E-01   -0.964976E-02
 -0.273008E-01    0.623064        0.731290        0.507382    
   100.0         500.0        -1.200    
 -0.805501E-01    0.659895E-01    0.635034E-02   -0.501778E-02
 -0.278967E-01    0.623255        0.761526        0.487379    
   100.0        0.9106E-01     0.000    
  -625086.        0.645657E-10    -625180.        -3.34032    
  -0.00000       -0.262533E-07    0.211621E-06   -0.328760E-06
   100.0        0.1006         0.000    
  -529237.       -0.171891E-10    -529340.        -3.48971    
  -0.00000       -0.374464E-07    0.275846E-06   -0.468610E-06
   100.0        0.1112         0.000    
  -446703.        0.155505E-10    -446814.        -2.42349    
  -0.00000       -0.536209E-07    0.360825E-06   -0.670512E-06
   100.0        0.1229         0.000    
  -376239.       -0.253263E-10    -376346.       -0.458424    
  -0.00000       -0.769094E-07    0.472877E-06   -0.960925E-06
   100.0        0.1358         0.000    
  -316205.       -0.764015E-11    -316304.        0.890352    
  -0.00000       -0.110479E-06    0.620850E-06   -0.137908E-05
   100.0        0.1501         0.000    
  -264865.       -0.345614E-10    -264965.         1.78407    
  -0.00000       -0.159277E-06    0.817944E-06   -0.198617E-05
   100.0        0.1659         0.000    
  -221195.        0.833861E-11    -221288.         1.88044    
  -0.00000       -0.230246E-06    0.108066E-05   -0.286789E-05
   100.0        0.1834         0.000    
  -184030.        0.377147E-10    -184115.         1.96434    
  -0.00000       -0.334125E-06    0.143316E-05   -0.415653E-05
   100.0        0.2027         0.000    
  -152598.        0.170619E-10    -152673.         1.04656    
  -0.00000       -0.486137E-06    0.190622E-05   -0.603915E-05
   100.0        0.2240         0.000    
  -126038.         0.00000        -126097.        0.813666    
  -0.00000       -0.709710E-06    0.254464E-05   -0.880292E-05
   100.0        0.2475         0.000    
  -103642.        0.558940E-11    -103693.        0.273190    
  -0.00000       -0.103996E-05    0.341033E-05   -0.128771E-04
   100.0        0.2736         0.000    
  -84686.4       -0.379215E-11    -84728.0       -0.597567E-01
  -0.00000       -0.153441E-05    0.460063E-05   -0.189634E-04
   100.0        0.3023         0.000    
  -68843.5        0.320332E-10    -68878.1       -0.284142    
  -0.00000       -0.227246E-05    0.623318E-05   -0.280256E-04
   100.0        0.3341         0.000    
  -55535.0       -0.103515E-11    -55565.5       -0.397692    
  -0.00000       -0.339150E-05    0.850923E-05   -0.417284E-04
   100.0        0.3693         0.000    
  -44408.5        0.468243E-11    -44438.8        0.102784    
  -0.00000       -0.510448E-05    0.117145E-04   -0.626407E-04
   100.0        0.4081         0.000    
  -35176.2        0.847449E-12    -35196.2       -0.461019    
  -0.00000       -0.774957E-05    0.162733E-04   -0.948254E-04
   100.0        0.4510         0.000    
  -27519.7        0.920206E-11    -27550.1        0.174098    
  -0.00000       -0.118983E-04    0.228632E-04   -0.145122E-03
   100.0        0.4985         0.000    
  -21191.1        0.104065E-10    -21222.7        0.165166    
  -0.00000       -0.185567E-04    0.326270E-04   -0.225519E-03
   100.0        0.5509         0.000    
  -16005.0       -0.119278E-10    -16034.0        0.104931    
  -0.00000       -0.294770E-04    0.474354E-04   -0.356802E-03
   100.0        0.6088         0.000    
  -11771.0       -0.170422E-10    -11798.2        0.172753    
  -0.00000       -0.480368E-04    0.707597E-04   -0.578867E-03
   100.0        0.6729         0.000    
  -8331.01       -0.102792E-11    -8356.97        0.165045    
  -0.00000       -0.812750E-04    0.109578E-03   -0.974526E-03
   100.0        0.7436         0.000    
  -5567.59       -0.930188E-12    -5592.49        0.134009    
  -0.00000       -0.145358E-03    0.179420E-03   -0.173322E-02
   100.0        0.8218         0.000    
  -3361.03       -0.420837E-12    -3384.54        0.867004E-01
  -0.00000       -0.287199E-03    0.324548E-03   -0.340321E-02
   100.0        0.9083         0.000    
  -1618.63        0.114228E-11    -1641.06        0.523904E-01
  -0.00000       -0.707539E-03    0.731970E-03   -0.832561E-02
   100.0         1.004         0.000    
  -261.352        0.206680E-11    -282.716        0.284298E-01
  -0.00000       -0.490029E-02    0.464073E-02   -0.572098E-01
   100.0         1.109         0.000    
   770.539       -0.311852E-12     750.434        0.338597E-01
   0.00000        0.219681E-02   -0.190568E-02    0.254229E-01
   100.0         1.226         0.000    
   1549.56         0.00000         1530.25        0.398818E-01
   0.00000        0.128197E-02   -0.101772E-02    0.146885E-01
   100.0         1.355         0.000    
   2113.20        0.102094E-11     2094.85       -0.238016E-01
   0.00000        0.111154E-02   -0.807924E-03    0.125934E-01
   100.0         1.497         0.000    
   2502.99       -0.300332E-11     2485.41        0.884044E-02
   0.00000        0.110929E-02   -0.738266E-03    0.124097E-01
   100.0         1.655         0.000    
   2756.29       -0.135830E-11     2738.93        0.138551E-01
   0.00000        0.119060E-02   -0.724984E-03    0.131279E-01
   100.0         1.829         0.000    
   2898.12       -0.283634E-12     2881.22        0.430322E-01
   0.00000        0.133458E-02   -0.743604E-03    0.144758E-01
   100.0         2.021         0.000    
   2953.13       -0.513376E-12     2936.11        0.529308E-01
   0.00000        0.153969E-02   -0.784861E-03    0.163908E-01
   100.0         2.234         0.000    
   2940.83       -0.851451E-12     2924.38        0.294845E-01
   0.00000        0.181298E-02   -0.844878E-03    0.188887E-01
   100.0         2.469         0.000    
   2877.17       -0.210112E-12     2861.42        0.240890E-01
   0.00000        0.216502E-02   -0.922039E-03    0.220045E-01
   100.0         2.729         0.000    
   2775.26        0.633646E-13     2760.13        0.199211E-01
   0.00000        0.261299E-02   -0.101623E-02    0.258064E-01
   100.0         3.016         0.000    
   2646.10       -0.200672E-12     2631.49        0.589075E-02
   0.00000        0.317652E-02   -0.112737E-02    0.303433E-01
   100.0         3.333         0.000    
   2498.37       -0.129704E-12     2484.37        0.550175E-02
   0.00000        0.388076E-02   -0.125568E-02    0.356531E-01
   100.0         3.683         0.000    
   2339.11         0.00000         2325.69        0.746675E-02
   0.00000        0.475545E-02   -0.140115E-02    0.417297E-01
   100.0         4.071         0.000    
   2173.23        0.233621E-12     2160.36        0.164126E-01
   0.00000        0.584010E-02   -0.156396E-02    0.485233E-01
   100.0         4.499         0.000    
   2005.90       -0.288267E-12     1994.22        0.299894E-01
   0.00000        0.716786E-02   -0.174148E-02    0.557938E-01
   100.0         4.972         0.000    
   1840.17        0.956427E-13     1829.23        0.255463E-01
   0.00000        0.878888E-02   -0.193233E-02    0.632321E-01
   100.0         5.495         0.000    
   1678.53       -0.314690E-13     1668.23        0.194738E-01
   0.00000        0.107531E-01   -0.213234E-02    0.702919E-01
   100.0         6.073         0.000    
   1522.95        0.854217E-13     1513.46        0.361463E-01
   0.00000        0.131119E-01   -0.233511E-02    0.762110E-01
   100.0         6.711         0.000    
   1374.96       -0.821322E-13     1366.51        0.413087E-02
   0.00000        0.159191E-01   -0.253205E-02    0.801139E-01
   100.0         7.417         0.000    
   1235.08        0.546428E-13     1227.89        0.355469E-02
   0.00000        0.192505E-01   -0.271333E-02    0.813248E-01
   100.0         8.197         0.000    
   1104.11       -0.649354E-13     1098.24        0.515589E-02
   0.00000        0.232000E-01   -0.286711E-02    0.800864E-01
   100.0         9.059         0.000    
   982.292         0.00000         978.078        0.496874E-02
   0.00000        0.279164E-01   -0.298976E-02    0.784033E-01
   100.0         10.01         0.000    
   869.840        0.215937E-13     867.293        0.365027E-02
   0.00000        0.335651E-01   -0.308801E-02    0.777091E-01
   100.0         11.06         0.000    
   766.511        0.101627E-12     765.794        0.214886E-02
   0.00000        0.403194E-01   -0.315254E-02    0.778117E-01
   100.0         12.23         0.000    
   671.246       -0.424175E-13     672.634        0.132045E-02
   0.00000        0.484168E-01   -0.316221E-02    0.780175E-01
   100.0         13.51         0.000    
   585.415        0.239992E-13     588.835        0.125899E-02
   0.00000        0.579891E-01   -0.309853E-02    0.790213E-01
   100.0         14.94         0.000    
   506.814       -0.723402E-14     512.384        0.101100E-02
   0.00000        0.694192E-01   -0.293168E-02    0.805137E-01
   100.0         16.51         0.000    
   436.427        0.130922E-14     444.248        0.121034E-02
   0.00000        0.828368E-01   -0.262963E-02    0.823840E-01
   100.0         18.24         0.000    
   373.388       -0.829533E-14     383.567        0.977768E-03
   0.00000        0.984758E-01   -0.215308E-02    0.846014E-01
   100.0         20.16         0.000    
   316.794       -0.310934E-13     329.364        0.567632E-03
   0.00000        0.117304       -0.145003E-02    0.869978E-01
   100.0         22.28         0.000    
   266.508       -0.388065E-14     281.509        0.106380E-02
   0.00000        0.137656       -0.467828E-03    0.905289E-01
   100.0         24.63         0.000    
   221.893       -0.526559E-14     239.204        0.117279E-02
   0.00000        0.162115        0.860804E-03    0.949333E-01
   100.0         27.22         0.000    
   182.765        0.111173E-13     202.212        0.686176E-03
   0.00000        0.188250        0.259752E-02    0.100584    
   100.0         30.08         0.000    
   148.589       -0.790451E-14     169.969        0.452442E-03
   0.00000        0.218557        0.481610E-02    0.108082    
   100.0         33.24         0.000    
   118.942       -0.910390E-14     141.978        0.161287E-02
   0.00000        0.250749        0.759017E-02    0.117902    
   100.0         36.74         0.000    
   93.3869       -0.111783E-13     117.753        0.372630E-03
   0.00000        0.287135        0.109979E-01    0.130090    
   100.0         40.60         0.000    
   71.6914        0.212958E-14     96.9648        0.177986E-03
   0.00000        0.324493        0.150901E-01    0.144647    
   100.0         44.87         0.000    
   53.4552       -0.433558E-14     79.1598        0.470786E-04
   0.00000        0.365793        0.199362E-01    0.162007    
   100.0         49.59         0.000    
   38.3840        0.174352E-14     64.0339        0.652917E-04
   0.00000        0.406588        0.255690E-01    0.184949    
   100.0         54.81         0.000    
   26.1600       -0.157747E-14     51.2706        0.129914E-03
   0.00000        0.447157        0.320167E-01    0.236657    
   100.0         60.57         0.000    
   16.5162        0.214118E-14     40.6071       -0.130003E-04
   0.00000        0.488153        0.392718E-01    0.403789    
   100.0         66.94         0.000    
   9.12790        0.274469E-14     31.7517       -0.176727E-04
   0.00000        0.528258        0.473542E-01    0.831843    
   100.0         73.98         0.000    
   3.76080        0.730442E-16     24.4971        0.856199E-04
   0.00000        0.566446        0.562194E-01     1.46675    
   100.0         81.76         0.000    
  0.200265E-01    0.462655E-15     18.6313       -0.339988E-04
   0.00000        0.603162        0.658289E-01     1.83150    
   100.0         89.36         0.000    
  -2.19074        0.604724E-16     14.4202       -0.326680E-04
   0.00000        0.633949        0.749836E-01     1.77961    
   100.0         90.36         0.000    
  -2.40371       -0.986752E-15     13.9524       -0.325667E-04
   0.00000        0.637597        0.761701E-01     1.75571    
   100.0         91.20         0.000    
  -2.57091        0.474019E-15     13.5724       -0.191498E-04
   0.00000        0.640500        0.771666E-01     1.73332    
   100.0         92.00         0.000    
  -2.72070        0.528634E-15     13.2218       -0.173812E-04
   0.00000        0.643224        0.781102E-01     1.71020    
   100.0         99.86         0.000    
  -3.78234        0.771123E-15     10.2795        0.528171E-05
   0.00000        0.669396        0.872344E-01     1.42311    
   100.0         110.4         0.000    
  -4.35845        0.611845E-16     7.44334       -0.238434E-04
   0.00000        0.699193        0.989643E-01     1.01427    
   100.0         120.0         0.000    
  -4.39450        0.298336E-15     5.62097       -0.225370E-04
   0.00000        0.722379        0.109163        0.739444    
   100.0         130.0         0.000    
  -4.20004        0.623517E-16     4.24466       -0.254777E-04
   0.00000        0.743578        0.119391        0.567893    
   100.0         140.0         0.000    
  -3.88776       -0.385987E-16     3.24254       -0.120065E-04
   0.00000        0.762265        0.129183        0.480830    
   100.0         150.0         0.000    
  -3.52222       -0.126089E-15     2.50378       -0.473932E-05
   0.00000        0.778797        0.138554        0.441401    
   100.0         160.0         0.000    
  -3.14119       -0.373623E-15     1.95217       -0.273203E-04
   0.00000        0.793594        0.147568        0.427213    
   100.0         170.0         0.000    
  -2.78612        0.524984E-15     1.53600       -0.460257E-05
   0.00000        0.806957        0.156257        0.422574    
   100.0         180.0         0.000    
  -2.46296       -0.895945E-16     1.21898       -0.140531E-04
   0.00000        0.819093        0.164626        0.423394    
   100.0         190.0         0.000    
  -2.17187        0.107987E-15    0.975411       -0.124430E-06
   0.00000        0.830219        0.172653        0.423860    
   100.0         200.0         0.000    
  -1.90835       -0.168869E-16    0.786119       -0.129552E-04
   0.00000        0.840292        0.180449        0.426033    
   100.0         210.0         0.000    
  -1.67589       -0.120621E-17    0.638119       -0.548191E-05
   0.00000        0.849559        0.187960        0.427342    
   100.0         220.0         0.000    
  -1.47429       -0.134328E-16    0.521233       -0.137005E-05
   0.00000        0.858224        0.195294        0.426840    
   100.0         230.0         0.000    
  -1.29917       -0.220264E-17    0.428462       -0.322200E-05
   0.00000        0.866018        0.202363        0.426888    
   100.0         240.0         0.000    
  -1.14643        0.914708E-17    0.354304       -0.269637E-05
   0.00000        0.873113        0.209178        0.426331    
   100.0         250.0         0.000    
  -1.01218       -0.263436E-16    0.294546       -0.622501E-05
   0.00000        0.879751        0.215803        0.425338    
   100.0         260.0         0.000    
 -0.893820        0.337738E-16    0.246146       -0.290505E-05
   0.00000        0.885489        0.222208        0.423873    
   100.0         270.0         0.000    
 -0.791379       -0.375265E-17    0.206636       -0.302834E-05
   0.00000        0.891050        0.228487        0.421996    
   100.0         280.0         0.000    
 -0.702501        0.271397E-16    0.174231       -0.357541E-05
   0.00000        0.896444        0.234630        0.419867    
   100.0         290.0         0.000    
 -0.625037        0.535723E-16    0.147560        0.401789E-06
   0.00000        0.901138        0.240566        0.417345    
   100.0         300.0         0.000    
 -0.557198        0.123837E-16    0.125461       -0.183962E-05
   0.00000        0.905406        0.246372        0.414433    
   100.0         310.0         0.000    
 -0.497508       -0.141632E-16    0.107095       -0.718927E-06
   0.00000        0.909359        0.251979        0.411144    
   100.0         320.0         0.000    
 -0.444241        0.105543E-17    0.917474E-01   -0.782572E-06
   0.00000        0.913092        0.257447        0.407600    
   100.0         330.0         0.000    
 -0.397597        0.107462E-16    0.788639E-01   -0.113973E-05
   0.00000        0.916311        0.262790        0.403729    
   100.0         340.0         0.000    
 -0.356690       -0.516541E-16    0.680057E-01   -0.142204E-05
   0.00000        0.919633        0.268015        0.399617    
   100.0         350.0         0.000    
 -0.320697        0.482483E-17    0.588248E-01   -0.172212E-06
   0.00000        0.922442        0.273090        0.395162    
   100.0         360.0         0.000    
 -0.288901       -0.124306E-16    0.510248E-01   -0.632080E-06
   0.00000        0.925079        0.278083        0.390420    
   100.0         370.0         0.000    
 -0.260722        0.141485E-16    0.443851E-01   -0.995356E-06
   0.00000        0.927495        0.282923        0.385723    
   100.0         380.0         0.000    
 -0.235631       -0.955444E-17    0.387130E-01   -0.487060E-06
   0.00000        0.929860        0.287639        0.380437    
   100.0         400.0         0.000    
 -0.192907       -0.128763E-16    0.296646E-01   -0.469690E-06
   0.00000        0.933703        0.296788        0.369475    
   100.0         450.0         0.000    
 -0.120404       -0.225159E-17    0.158401E-01   -0.325538E-06
   0.00000        0.941096        0.317886        0.338269    
   100.0         500.0         0.000    
 -0.774716E-01   -0.132562E-16    0.885123E-02   -0.993679E-07
   0.00000        0.945793        0.336766        0.303552    
   100.0        0.9106E-01     1.200    
  -616897.        -223055.        -617129.        -221227.    
 -0.158076E-06   -0.185101E-07    0.135522E-06   -0.569686E-07
   100.0        0.1006         1.200    
  -521838.        -188732.        -522068.        -187114.    
 -0.206208E-06   -0.264151E-07    0.176738E-06   -0.812746E-07
   100.0        0.1112         1.200    
  -440032.        -159190.        -440235.        -157744.    
 -0.269975E-06   -0.378477E-07    0.231324E-06   -0.116414E-06
   100.0        0.1229         1.200    
  -370233.        -133980.        -370424.        -132695.    
 -0.354136E-06   -0.543194E-07    0.303330E-06   -0.167019E-06
   100.0        0.1358         1.200    
  -310804.        -112514.        -310986.        -111371.    
 -0.465402E-06   -0.780814E-07    0.398473E-06   -0.239989E-06
   100.0        0.1501         1.200    
  -260017.        -94165.6        -260193.        -93149.3    
 -0.613812E-06   -0.112658E-06    0.525307E-06   -0.346112E-06
   100.0        0.1659         1.200    
  -216849.        -78567.0        -216990.        -77662.5    
 -0.812008E-06   -0.163016E-06    0.694544E-06   -0.500584E-06
   100.0        0.1834         1.200    
  -180142.        -65300.5        -180265.        -64498.1    
 -0.107835E-05   -0.236809E-06    0.921769E-06   -0.726799E-06
   100.0        0.2027         1.200    
  -149123.        -54087.5        -149233.        -53377.9    
 -0.143643E-05   -0.344947E-06    0.122699E-05   -0.105807E-05
   100.0        0.2240         1.200    
  -122935.        -44618.7        -123103.        -44011.0    
 -0.191953E-05   -0.503948E-06    0.163827E-05   -0.154477E-05
   100.0        0.2475         1.200    
  -100876.        -36640.5        -101023.        -36101.7    
 -0.257737E-05   -0.739565E-06    0.219761E-05   -0.226537E-05
   100.0        0.2736         1.200    
  -82225.7        -29893.0        -82361.2        -29416.7    
 -0.348408E-05   -0.109303E-05    0.296749E-05   -0.334538E-05
   100.0        0.3023         1.200    
  -66656.1        -24258.4        -66781.4        -23836.2    
 -0.473167E-05   -0.162198E-05    0.402486E-05   -0.495991E-05
   100.0        0.3341         1.200    
  -53594.2        -19529.5        -53641.5        -19132.1    
 -0.648609E-05   -0.242965E-05    0.550880E-05   -0.742237E-05
   100.0        0.3693         1.200    
  -42689.3        -15579.8        -42731.7        -15226.0    
 -0.896256E-05   -0.366878E-05    0.759868E-05   -0.111954E-04
   100.0        0.4081         1.200    
  -33655.2        -12306.2        -33692.4        -11995.1    
 -0.125036E-04   -0.559104E-05    0.105795E-04   -0.170405E-04
   100.0        0.4510         1.200    
  -26176.3        -9594.56        -26200.9        -9319.52    
 -0.176788E-04   -0.863414E-05    0.149219E-04   -0.262795E-04
   100.0        0.4985         1.200    
  -20006.7        -7356.23        -20029.6        -7113.05    
 -0.254171E-04   -0.135584E-04    0.213933E-04   -0.412047E-04
   100.0        0.5509         1.200    
  -14962.3        -5524.77        -14985.3        -5310.33    
 -0.373092E-04   -0.217307E-04    0.312995E-04   -0.659294E-04
   100.0        0.6088         1.200    
  -10854.7        -4032.10        -10878.6        -3843.15    
 -0.564014E-04   -0.358627E-04    0.471350E-04   -0.108600E-03
   100.0        0.6729         1.200    
  -7527.36        -2821.74        -7549.60        -2655.26    
 -0.891362E-04   -0.618714E-04    0.741562E-04   -0.186967E-03
   100.0        0.7436         1.200    
  -4863.91        -1851.64        -4884.31        -1703.79    
 -0.150952E-03   -0.114342E-03    0.125232E-03   -0.344714E-03
   100.0        0.8218         1.200    
  -2746.15        -1079.12        -2764.29        -949.458    
 -0.291972E-03   -0.241318E-03    0.240140E-03   -0.725609E-03
   100.0        0.9083         1.200    
  -1082.54        -471.089        -1100.39        -357.306    
 -0.802097E-03   -0.723283E-03    0.654934E-03   -0.216840E-02
   100.0         1.004         1.200    
   204.980        0.640202         188.153         100.526    
  0.512428E-02    0.504076E-02   -0.414881E-02    0.150622E-01
   100.0         1.109         1.200    
   1175.65         357.436         1159.10         445.230    
  0.906883E-03    0.972433E-03   -0.726916E-03    0.289499E-02
   100.0         1.226         1.200    
   1900.21         624.961         1883.40         701.809    
  0.608030E-03    0.710964E-03   -0.481642E-03    0.210771E-02
   100.0         1.355         1.200    
   2416.02         816.658         2399.89         884.164    
  0.518863E-03    0.661332E-03   -0.405335E-03    0.195133E-02
   100.0         1.497         1.200    
   2763.91         947.294         2748.11         1006.37    
  0.491635E-03    0.682669E-03   -0.377842E-03    0.200360E-02
   100.0         1.655         1.200    
   2980.20         1030.05         2964.79         1081.70    
  0.493678E-03    0.747065E-03   -0.372109E-03    0.217932E-02
   100.0         1.829         1.200    
   3089.75         1073.89         3075.20         1119.16    
  0.514254E-03    0.847598E-03   -0.378826E-03    0.245562E-02
   100.0         2.021         1.200    
   3116.57         1087.51         3102.43         1126.98    
  0.549257E-03    0.985631E-03   -0.393754E-03    0.283324E-02
   100.0         2.234         1.200    
   3079.59         1077.79         3067.04         1112.18    
  0.597061E-03    0.116657E-02   -0.414322E-03    0.332329E-02
   100.0         2.469         1.200    
   2994.50         1050.40         2982.43         1080.83    
  0.657541E-03    0.139823E-02   -0.438902E-03    0.394234E-02
   100.0         2.729         1.200    
   2873.96         1009.93         2862.28         1036.50    
  0.788056E-03    0.169149E-02   -0.465660E-03    0.471272E-02
   100.0         3.016         1.200    
   2728.70         960.276         2717.97         983.565    
  0.817899E-03    0.205846E-02   -0.492341E-03    0.565658E-02
   100.0         3.333         1.200    
   2567.06         904.472         2556.98         925.032    
  0.919257E-03    0.251568E-02   -0.516446E-03    0.680298E-02
   100.0         3.683         1.200    
   2395.83         844.988         2386.11         862.996    
  0.103607E-02    0.308192E-02   -0.534517E-03    0.817937E-02
   100.0         4.071         1.200    
   2219.64         783.517         2210.32         799.376    
  0.116948E-02    0.378164E-02   -0.541972E-03    0.981666E-02
   100.0         4.499         1.200    
   2043.51         721.881         2034.79         735.969    
  0.131928E-02    0.463636E-02   -0.532906E-03    0.117249E-01
   100.0         4.972         1.200    
   1870.29         661.124         1862.30         673.714    
  0.148594E-02    0.567531E-02   -0.500088E-03    0.139130E-01
   100.0         5.495         1.200    
   1702.29         602.098         1695.16         613.479    
  0.166913E-02    0.693025E-02   -0.434818E-03    0.163703E-01
   100.0         6.073         1.200    
   1541.34         545.476         1535.19         555.832    
  0.186782E-02    0.843571E-02   -0.327026E-03    0.190614E-01
   100.0         6.711         1.200    
   1388.84         491.773         1383.86         501.366    
  0.208032E-02    0.102310E-01   -0.165520E-03    0.219294E-01
   100.0         7.417         1.200    
   1245.20         441.152         1241.46         450.203    
  0.230633E-02    0.123784E-01    0.630670E-04    0.249364E-01
   100.0         8.197         1.200    
   1111.12         393.873         1108.70         402.525    
  0.254637E-02    0.149663E-01    0.374643E-03    0.281057E-01
   100.0         9.059         1.200    
   986.737         349.998         985.802         358.417    
  0.280832E-02    0.181231E-01    0.792751E-03    0.316311E-01
   100.0         10.01         1.200    
   872.209         309.587         872.944         317.928    
  0.310071E-02    0.218711E-01    0.134233E-02    0.357850E-01
   100.0         11.06         1.200    
   767.217         272.535         769.772         280.935    
  0.342850E-02    0.264088E-01    0.207465E-02    0.406911E-01
   100.0         12.23         1.200    
   670.631         238.447         675.154         247.028    
  0.379644E-02    0.320866E-01    0.303088E-02    0.467265E-01
   100.0         13.51         1.200    
   583.791         207.799         590.394         216.656    
  0.420018E-02    0.385885E-01    0.425575E-02    0.540435E-01
   100.0         14.94         1.200    
   504.429         179.791         513.255         189.013    
  0.465130E-02    0.463153E-01    0.584375E-02    0.632957E-01
   100.0         16.51         1.200    
   433.500         154.760         444.620         164.413    
  0.514357E-02    0.557926E-01    0.785226E-02    0.746333E-01
   100.0         18.24         1.200    
   370.100         132.386         383.566         142.526    
  0.567842E-02    0.665572E-01    0.103801E-01    0.884859E-01
   100.0         20.16         1.200    
   313.295         112.338         329.108         122.988    
  0.625823E-02    0.797039E-01    0.135584E-01    0.105270    
   100.0         22.28         1.200    
   262.922         94.5548         281.017         105.718    
  0.687856E-02    0.943675E-01    0.175019E-01    0.125096    
   100.0         24.63         1.200    
   218.324         78.8015         238.632         90.4725    
  0.753594E-02    0.111542        0.223695E-01    0.148035    
   100.0         27.22         1.200    
   179.292         65.0012         201.650         77.1401    
  0.821824E-02    0.131214        0.282835E-01    0.173606    
   100.0         30.08         1.200    
   145.278         52.9560         169.457         65.5013    
  0.891555E-02    0.153053        0.354099E-01    0.201320    
   100.0         33.24         1.200    
   115.841         42.5066         141.532         55.3658    
  0.961510E-02    0.177290        0.439147E-01    0.230377    
   100.0         36.74         1.200    
   90.5355         33.4922         117.373         46.5510    
  0.103001E-01    0.203902        0.539758E-01    0.259619    
   100.0         40.60         1.200    
   69.1120         25.8219         96.6711         38.9486    
  0.109490E-01    0.232315        0.656934E-01    0.287220    
   100.0         44.87         1.200    
   51.1566         19.3480         78.9764         32.3934    
  0.115445E-01    0.262172        0.792057E-01    0.312325    
   100.0         49.59         1.200    
   36.3644         13.9628         63.9500         26.7623    
  0.120684E-01    0.293081        0.945919E-01    0.337048    
   100.0         54.81         1.200    
   24.4112         9.55536         51.2605         21.9396    
  0.125104E-01    0.324509        0.111939        0.361289    
   100.0         60.57         1.200    
   15.0230         6.03215         40.6594         17.8397    
  0.128606E-01    0.355649        0.131192        0.384379    
   100.0         66.94         1.200    
   7.87617         3.28483         31.8605         14.3662    
  0.131307E-01    0.385965        0.152366        0.405965    
   100.0         73.98         1.200    
   2.72988         1.23256         24.6397         11.4420    
  0.133435E-01    0.414833        0.175386        0.425719    
   100.0         81.76         1.200    
 -0.818328       -0.244262         18.7866         9.00160    
  0.135267E-01    0.442007        0.200161        0.444613    
   100.0         89.36         1.200    
  -2.88136        -1.15230         14.5772         7.19250    
  0.136887E-01    0.464182        0.223528        0.461103    
   100.0         90.36         1.200    
  -3.07763        -1.24246         14.1093         6.98789    
  0.137111E-01    0.466857        0.226540        0.463080    
   100.0         91.20         1.200    
  -3.23122        -1.31374         13.7295         6.82124    
  0.137298E-01    0.469055        0.229060        0.464724    
   100.0         92.00         1.200    
  -3.36841        -1.37800         13.3788         6.66685    
  0.137478E-01    0.471102        0.231448        0.466259    
   100.0         99.86         1.200    
  -4.32238        -1.85008         10.4301         5.34638    
  0.139396E-01    0.489331        0.254394        0.480080    
   100.0         110.4         1.200    
  -4.78933        -2.14691         7.57394         4.02236    
  0.142648E-01    0.509642        0.283702        0.495745    
   100.0         120.0         1.200    
  -4.74993        -2.21153         5.73201         3.13607    
  0.146328E-01    0.524528        0.308868        0.507606    
   100.0         130.0         1.200    
  -4.49606        -2.16771         4.33740         2.44188    
  0.150824E-01    0.537381        0.333680        0.518199    
   100.0         140.0         1.200    
  -4.13890        -2.06026         3.31748         1.91752    
  0.155888E-01    0.548194        0.357156        0.527249    
   100.0         150.0         1.200    
  -3.73847        -1.91866         2.56295         1.51753    
  0.161448E-01    0.557224        0.379319        0.534940    
   100.0         160.0         1.200    
  -3.32938        -1.76103         1.99815         1.20975    
  0.167368E-01    0.565029        0.400304        0.541653    
   100.0         170.0         1.200    
  -2.95128        -1.60499         1.57122        0.970835    
  0.173482E-01    0.571611        0.420138        0.547017    
   100.0         180.0         1.200    
  -2.60916        -1.45579         1.24504        0.783936    
  0.179730E-01    0.577424        0.439009        0.551133    
   100.0         190.0         1.200    
  -2.30234        -1.31583        0.994042        0.636768    
  0.185893E-01    0.582447        0.456823        0.554171    
   100.0         200.0         1.200    
  -2.02523        -1.18510        0.798832        0.519981    
  0.192101E-01    0.586959        0.473855        0.556478    
   100.0         210.0         1.200    
  -1.78080        -1.06575        0.646116        0.426792    
  0.198157E-01    0.590903        0.489980        0.558052    
   100.0         220.0         1.200    
  -1.56875       -0.958513        0.525575        0.351934    
  0.204036E-01    0.594483        0.505428        0.559087    
   100.0         230.0         1.200    
  -1.38436       -0.862266        0.429928        0.291531    
  0.209755E-01    0.597654        0.520091        0.559459    
   100.0         240.0         1.200    
  -1.22346       -0.775884        0.353495        0.242523    
  0.215223E-01    0.600385        0.534077        0.559446    
   100.0         250.0         1.200    
  -1.08182       -0.698079        0.292041        0.202544    
  0.220497E-01    0.602928        0.547449        0.559051    
   100.0         260.0         1.200    
 -0.956661       -0.627979        0.242331        0.169768    
  0.225467E-01    0.605220        0.560246        0.558265    
   100.0         270.0         1.200    
 -0.848041       -0.565610        0.201911        0.142784    
  0.230219E-01    0.607330        0.572582        0.557325    
   100.0         280.0         1.200    
 -0.753602       -0.510088        0.168877        0.120471    
  0.234736E-01    0.609275        0.584434        0.556032    
   100.0         290.0         1.200    
 -0.671119       -0.460542        0.141781        0.101971    
  0.238957E-01    0.611054        0.595778        0.554577    
   100.0         300.0         1.200    
 -0.598805       -0.416225        0.119453        0.865723E-01
  0.242902E-01    0.612529        0.606644        0.552689    
   100.0         310.0         1.200    
 -0.535104       -0.376495        0.100972        0.737045E-01
  0.246594E-01    0.613890        0.617039        0.550649    
   100.0         320.0         1.200    
 -0.478287       -0.340564        0.856113E-01    0.629130E-01
  0.250041E-01    0.615109        0.627093        0.548462    
   100.0         330.0         1.200    
 -0.428385       -0.308448        0.727954E-01    0.538326E-01
  0.253269E-01    0.616174        0.636763        0.546031    
   100.0         340.0         1.200    
 -0.384368       -0.279724        0.620604E-01    0.461664E-01
  0.256284E-01    0.617238        0.646153        0.543469    
   100.0         350.0         1.200    
 -0.345471       -0.253988        0.530443E-01    0.396787E-01
  0.259111E-01    0.618203        0.655221        0.540895    
   100.0         360.0         1.200    
 -0.310994       -0.230872        0.454485E-01    0.341750E-01
  0.261727E-01    0.619034        0.664005        0.538006    
   100.0         370.0         1.200    
 -0.280362       -0.210072        0.390309E-01    0.294946E-01
  0.264135E-01    0.619728        0.672467        0.535150    
   100.0         380.0         1.200    
 -0.253080       -0.191307        0.335930E-01    0.255035E-01
  0.266329E-01    0.620396        0.680637        0.532004    
   100.0         400.0         1.200    
 -0.206764       -0.158880        0.250381E-01    0.191721E-01
  0.270273E-01    0.621445        0.696178        0.525401    
   100.0         450.0         1.200    
 -0.127519       -0.101508        0.123816E-01    0.965005E-02
  0.273010E-01    0.623068        0.731295        0.507386    
   100.0         500.0         1.200    
 -0.805501E-01   -0.659895E-01    0.635016E-02    0.501760E-02
  0.278975E-01    0.623273        0.761548        0.487392    
   100.0        0.9106E-01     2.400    
  -584398.        -456324.        -584550.        -450931.    
 -0.299235E-06   -0.446373E-07   -0.491096E-06   -0.108131E-07
   100.0        0.1006         2.400    
  -492868.        -384913.        -493039.        -380151.    
 -0.391671E-06   -0.638215E-07   -0.639218E-06   -0.154817E-07
   100.0        0.1112         2.400    
  -414248.        -323569.        -414373.        -319306.    
 -0.512046E-06   -0.916442E-07   -0.839878E-06   -0.222648E-07
   100.0        0.1229         2.400    
  -347300.        -271328.        -347424.        -267541.    
 -0.674087E-06   -0.131837E-06   -0.110592E-05   -0.320837E-07
   100.0        0.1358         2.400    
  -290421.        -226940.        -290506.        -223558.    
 -0.889485E-06   -0.190025E-06   -0.145969E-05   -0.463306E-07
   100.0        0.1501         2.400    
  -241925.        -189090.        -241996.        -186077.    
 -0.117834E-05   -0.274991E-06   -0.193429E-05   -0.671854E-07
   100.0        0.1659         2.400    
  -200805.        -156992.        -200872.        -154313.    
 -0.156621E-05   -0.399180E-06   -0.257187E-05   -0.977505E-07
   100.0        0.1834         2.400    
  -165931.        -129767.        -165999.        -127397.    
 -0.209102E-05   -0.582002E-06   -0.343506E-05   -0.142882E-06
   100.0        0.2027         2.400    
  -136545.        -106824.        -136607.        -104720.    
 -0.280219E-05   -0.851362E-06   -0.460542E-05   -0.209597E-06
   100.0        0.2240         2.400    
  -111813.        -87510.3        -111873.        -85648.0    
 -0.377215E-05   -0.125051E-05   -0.622142E-05   -0.308819E-06
   100.0        0.2475         2.400    
  -91049.5        -71293.1        -91105.4        -69634.8    
 -0.510437E-05   -0.184562E-05   -0.839845E-05   -0.457347E-06
   100.0        0.2736         2.400    
  -73558.2        -57629.2        -73592.9        -56153.0    
 -0.696470E-05   -0.274700E-05   -0.114673E-04   -0.683311E-06
   100.0        0.3023         2.400    
  -59015.0        -46266.0        -59049.4        -44958.3    
 -0.955929E-05   -0.410965E-05   -0.157518E-04   -0.102657E-05
   100.0        0.3341         2.400    
  -46868.0        -36772.8        -46893.8        -35610.3    
 -0.132552E-04   -0.621067E-05   -0.218621E-04   -0.155866E-05
   100.0        0.3693         2.400    
  -36776.7        -28884.1        -36801.1        -27855.2    
 -0.185949E-04   -0.949310E-05   -0.307017E-04   -0.239482E-05
   100.0        0.4081         2.400    
  -28462.7        -22382.7        -28486.0        -21472.9    
 -0.264262E-04   -0.146918E-04   -0.436894E-04   -0.372759E-05
   100.0        0.4510         2.400    
  -21622.4        -17031.9        -21640.0        -16227.0    
 -0.382575E-04   -0.231488E-04   -0.633341E-04   -0.591075E-05
   100.0        0.4985         2.400    
  -16019.2        -12647.0        -16039.0        -11935.1    
 -0.567414E-04   -0.373579E-04   -0.940895E-04   -0.960651E-05
   100.0        0.5509         2.400    
  -11475.0        -9089.19        -11492.8        -8459.59    
 -0.869804E-04   -0.622696E-04   -0.144509E-03   -0.161384E-04
   100.0        0.6088         2.400    
  -7809.25        -6217.52        -7825.85        -5661.51    
 -0.140214E-03   -0.109085E-03   -0.233467E-03   -0.285182E-04
   100.0        0.6729         2.400    
  -4872.65        -3915.49        -4888.58        -3425.24    
 -0.246238E-03   -0.208085E-03   -0.411070E-03   -0.549288E-04
   100.0        0.7436         2.400    
  -2552.98        -2095.57        -2568.32        -1663.57    
 -0.513663E-03   -0.471077E-03   -0.860064E-03   -0.125693E-03
   100.0        0.8218         2.400    
  -738.262        -670.330        -751.008        -288.530    
 -0.192356E-02   -0.191316E-02   -0.323190E-02   -0.516604E-03
   100.0        0.9083         2.400    
   658.602         428.204         645.680         763.883    
  0.244759E-02    0.263805E-02    0.412893E-02    0.721884E-03
   100.0         1.004         2.400    
   1711.60         1257.79         1699.49         1553.16    
  0.101623E-02    0.118592E-02    0.172230E-02    0.329368E-03
   100.0         1.109         2.400    
   2477.94         1863.04         2468.16         2124.20    
  0.763246E-03    0.962843E-03    0.130049E-02    0.271839E-03
   100.0         1.226         2.400    
   3021.95         2294.30         3010.91         2522.30    
  0.681970E-03    0.929524E-03    0.116927E-02    0.267323E-03
   100.0         1.355         2.400    
   3380.25         2580.08         3369.96         2780.27    
  0.662944E-03    0.974816E-03    0.114486E-02    0.286176E-03
   100.0         1.497         2.400    
   3591.07         2750.25         3580.99         2925.60    
  0.677377E-03    0.107267E-02    0.117950E-02    0.322201E-03
   100.0         1.655         2.400    
   3686.99         2830.33         3676.95         2983.50    
  0.715244E-03    0.121834E-02    0.125744E-02    0.375530E-03
   100.0         1.829         2.400    
   3692.15         2839.12         3682.94         2973.12    
  0.772244E-03    0.141195E-02    0.137268E-02    0.447938E-03
   100.0         2.021         2.400    
   3628.38         2793.70         3619.39         2910.84    
  0.847614E-03    0.165968E-02    0.152576E-02    0.543827E-03
   100.0         2.234         2.400    
   3512.51         2707.26         3504.29         2809.69    
  0.941900E-03    0.197086E-02    0.172032E-02    0.669775E-03
   100.0         2.469         2.400    
   3359.27         2591.29         3351.72         2680.72    
  0.105613E-02    0.235438E-02    0.196093E-02    0.833590E-03
   100.0         2.729         2.400    
   3179.81         2454.54         3172.02         2532.21    
  0.119268E-02    0.282358E-02    0.225666E-02    0.104707E-02
   100.0         3.016         2.400    
   2983.83         2304.60         2976.58         2372.15    
  0.135287E-02    0.338826E-02    0.261499E-02    0.132384E-02
   100.0         3.333         2.400    
   2778.63         2147.17         2771.88         2206.03    
  0.153953E-02    0.406087E-02    0.304831E-02    0.168318E-02
   100.0         3.683         2.400    
   2570.08         1986.89         2564.06         2038.29    
  0.175490E-02    0.485018E-02    0.357003E-02    0.214934E-02
   100.0         4.071         2.400    
   2361.90         1826.66         2356.70         1871.63    
  0.200244E-02    0.576527E-02    0.419906E-02    0.275673E-02
   100.0         4.499         2.400    
   2158.57         1670.01         2154.05         1709.41    
  0.228339E-02    0.680143E-02    0.495193E-02    0.354437E-02
   100.0         4.972         2.400    
   1962.27         1518.64         1958.72         1553.35    
  0.259947E-02    0.794970E-02    0.585023E-02    0.456588E-02
   100.0         5.495         2.400    
   1774.74         1373.94         1772.11         1404.62    
  0.295231E-02    0.919456E-02    0.691889E-02    0.589052E-02
   100.0         6.073         2.400    
   1597.36         1237.01         1595.86         1264.46    
  0.334178E-02    0.105161E-01    0.818140E-02    0.760294E-02
   100.0         6.711         2.400    
   1431.13         1108.63         1430.88         1133.44    
  0.376745E-02    0.119161E-01    0.966123E-02    0.980741E-02
   100.0         7.417         2.400    
   1276.03         988.810         1277.07         1011.47    
  0.423163E-02    0.134777E-01    0.113880E-01    0.126421E-01
   100.0         8.197         2.400    
   1132.50         877.888         1134.96         898.899    
  0.473776E-02    0.154686E-01    0.133833E-01    0.162614E-01
   100.0         9.059         2.400    
   1000.36         775.756         1004.45         795.626    
  0.530159E-02    0.183400E-01    0.157178E-01    0.207469E-01
   100.0         10.01         2.400    
   879.549         682.359         885.363         701.480    
  0.595014E-02    0.217774E-01    0.185650E-01    0.260435E-01
   100.0         11.06         2.400    
   769.515         597.283         777.158         616.000    
  0.669051E-02    0.258369E-01    0.220224E-01    0.322284E-01
   100.0         12.23         2.400    
   668.912         519.489         678.535         538.138    
  0.754784E-02    0.307834E-01    0.262748E-01    0.395198E-01
   100.0         13.51         2.400    
   578.989         449.946         590.695         468.826    
  0.852197E-02    0.365992E-01    0.314035E-01    0.479244E-01
   100.0         14.94         2.400    
   497.271         386.741         511.091         406.038    
  0.965370E-02    0.435913E-01    0.377255E-01    0.577695E-01
   100.0         16.51         2.400    
   424.640         330.556         440.579         350.438    
  0.109469E-01    0.518452E-01    0.453502E-01    0.690532E-01
   100.0         18.24         2.400    
   360.069         280.597         378.191         301.241    
  0.124270E-01    0.614980E-01    0.545537E-01    0.819500E-01
   100.0         20.16         2.400    
   302.528         236.065         322.814         257.580    
  0.141353E-01    0.728667E-01    0.656948E-01    0.967291E-01
   100.0         22.28         2.400    
   251.784         196.778         274.157         219.203    
  0.160956E-01    0.860468E-01    0.790344E-01    0.113420    
   100.0         24.63         2.400    
   207.109         162.170         231.413         185.474    
  0.183551E-01    0.101285        0.949832E-01    0.132228    
   100.0         27.22         2.400    
   168.241         132.035         194.277         156.148    
  0.209394E-01    0.118744        0.113768        0.153090    
   100.0         30.08         2.400    
   134.579         105.906         162.102         130.712    
  0.238895E-01    0.138467        0.135711        0.175942    
   100.0         33.24         2.400    
   105.647         83.4084         134.336         108.729    
  0.272512E-01    0.160493        0.161097        0.200700    
   100.0         36.74         2.400    
   80.9680         64.1704         110.426         89.7611    
  0.310756E-01    0.184878        0.190204        0.227170    
   100.0         40.60         2.400    
   60.2532         47.9715         90.0549         73.5587    
  0.353715E-01    0.211282        0.222920        0.254861    
   100.0         44.87         2.400    
   43.0649         34.4736         72.7370         59.7389    
  0.401710E-01    0.239576        0.259377        0.283368    
   100.0         49.59         2.400    
   29.0760         23.4269         58.1236         48.0295    
  0.454696E-01    0.269397        0.299260        0.312100    
   100.0         54.81         2.400    
   17.9501         14.5748         45.8855         38.1729    
  0.512391E-01    0.300212        0.342264        0.340386    
   100.0         60.57         2.400    
   9.38240         7.69448         35.7510         29.9607    
  0.574002E-01    0.331405        0.387706        0.367527    
   100.0         66.94         2.400    
   3.03672         2.53616         27.4234         23.1639    
  0.638823E-01    0.362525        0.435175        0.393014    
   100.0         73.98         2.400    
  -1.36716        -1.10241         20.6777         17.6127    
  0.705379E-01    0.392963        0.483876        0.416197    
   100.0         81.76         2.400    
  -4.20467        -3.50030         15.2970         13.1440    
  0.771983E-01    0.422112        0.533070        0.436704    
   100.0         89.36         2.400    
  -5.66657        -4.77888         11.4953         9.95658    
  0.829873E-01    0.446709        0.576739        0.452482    
   100.0         90.36         2.400    
  -5.79021        -4.89043         11.0774         9.60429    
  0.836976E-01    0.449686        0.582185        0.454287    
   100.0         91.20         2.400    
  -5.88387        -4.97569         10.7391         9.31886    
  0.842843E-01    0.452136        0.586704        0.455758    
   100.0         92.00         2.400    
  -5.96491        -5.05008         10.4274         9.05560    
  0.848352E-01    0.454433        0.590964        0.457122    
   100.0         99.86         2.400    
  -6.41044        -5.48672         7.83908         6.85869    
  0.898322E-01    0.475218        0.630504        0.468750    
   100.0         110.4         2.400    
  -6.32131        -5.48237         5.40105         4.76883    
  0.954528E-01    0.498649        0.677721        0.480093    
   100.0         120.0         2.400    
  -5.88074        -5.15657         3.88036         3.45194    
  0.996158E-01    0.516430        0.715795        0.487081    
   100.0         130.0         2.400    
  -5.28075        -4.67987         2.77161         2.48283    
  0.103080        0.531905        0.750989        0.491733    
   100.0         140.0         2.400    
  -4.64171        -4.15399         1.99374         1.79719    
  0.105794        0.544892        0.782380        0.494482    
   100.0         150.0         2.400    
  -4.01849        -3.62865         1.44315         1.30813    
  0.107884        0.555975        0.810573        0.496051    
   100.0         160.0         2.400    
  -3.43908        -3.13113         1.05049        0.956937    
  0.109443        0.565428        0.835995        0.496876    
   100.0         170.0         2.400    
  -2.92508        -2.68352        0.768635        0.703276    
  0.110544        0.573430        0.858887        0.497486    
   100.0         180.0         2.400    
  -2.47674        -2.28812        0.564919        0.518909    
  0.111275        0.580366        0.879694        0.497817    
   100.0         190.0         2.400    
  -2.08929        -1.94262        0.416842        0.384206    
  0.111702        0.586340        0.898668        0.497717    
   100.0         200.0         2.400    
  -1.75542        -1.64190        0.308660        0.285374    
  0.111870        0.591513        0.915990        0.497307    
   100.0         210.0         2.400    
  -1.47149        -1.38383        0.229239        0.212516    
  0.111831        0.596071        0.931932        0.496680    
   100.0         220.0         2.400    
  -1.23199        -1.16446        0.170703        0.158624    
  0.111614        0.600035        0.946547        0.495701    
   100.0         230.0         2.400    
  -1.03036       -0.978403        0.127394        0.118624    
  0.111250        0.603480        0.960007        0.494447    
   100.0         240.0         2.400    
 -0.860714       -0.820821        0.952533E-01    0.888529E-01
  0.110754        0.606424        0.972333        0.492879    
   100.0         250.0         2.400    
 -0.717855       -0.687296        0.713228E-01    0.666340E-01
  0.110159        0.608974        0.983707        0.491115    
   100.0         260.0         2.400    
 -0.597732       -0.574377        0.534555E-01    0.500053E-01
  0.109494        0.611300        0.994328        0.489261    
   100.0         270.0         2.400    
 -0.497366       -0.479549        0.400924E-01    0.375442E-01
  0.108767        0.613300         1.00416        0.487286    
   100.0         280.0         2.400    
 -0.413592       -0.400020        0.300781E-01    0.281911E-01
  0.107994        0.615084         1.01334        0.485242    
   100.0         290.0         2.400    
 -0.343603       -0.333287        0.225639E-01    0.211640E-01
  0.107169        0.616557         1.02187        0.483077    
   100.0         300.0         2.400    
 -0.285160       -0.277339        0.169261E-01    0.158821E-01
  0.105410        0.617821         1.02953        0.480869    
   100.0         310.0         2.400    
 -0.236337       -0.230417        0.126888E-01    0.119102E-01
  0.105388        0.618810         1.03650        0.478553    
   100.0         320.0         2.400    
 -0.195448       -0.190991        0.950238E-02    0.892087E-02
  0.104460        0.619572         1.04293        0.476153    
   100.0         330.0         2.400    
 -0.161457       -0.158103        0.710549E-02    0.667083E-02
  0.103518        0.620267         1.04894        0.473808    
   100.0         340.0         2.400    
 -0.133174       -0.130663        0.530329E-02    0.497824E-02
  0.102582        0.620824         1.05466        0.471499    
   100.0         350.0         2.400    
 -0.109703       -0.107826        0.394936E-02    0.370632E-02
  0.101638        0.621375         1.05998        0.469261    
   100.0         360.0         2.400    
 -0.901925E-01   -0.887951E-01    0.293380E-02    0.275216E-02
  0.100710        0.621753         1.06485        0.466980    
   100.0         370.0         2.400    
 -0.739918E-01   -0.729587E-01    0.217365E-02    0.203803E-02
  0.997123E-01    0.621848         1.06897        0.464603    
   100.0         380.0         2.400    
 -0.605776E-01   -0.598143E-01    0.160527E-02    0.150419E-02
  0.987195E-01    0.621751         1.07260        0.462163    
   100.0         400.0         2.400    
 -0.402450E-01   -0.398353E-01    0.864480E-03    0.808686E-03
  0.957139E-01    0.621721         1.07976        0.457669    
   100.0         450.0         2.400    
 -0.136930E-01   -0.136154E-01    0.167778E-03    0.155985E-03
  0.917259E-01    0.613583         1.08165        0.442016    
   100.0         500.0         2.400    
 -0.413708E-02   -0.412524E-02    0.265508E-04    0.244549E-04
  0.629049E-01    0.773482         1.36417        0.547160    
   100.0        0.9106E-01     2.960    
  -452009.        -409216.        -452115.        -403280.    
 -0.595249E-06   -0.981946E-08   -0.164084E-05   -0.490750E-07
   100.0        0.1006         2.960    
  -379608.        -343692.        -379701.        -338405.    
 -0.782143E-06   -0.141178E-07   -0.215567E-05   -0.704818E-07
   100.0        0.1112         2.960    
  -317576.        -287549.        -317674.        -282860.    
 -0.103207E-05   -0.203932E-07   -0.285590E-05   -0.101691E-06
   100.0        0.1229         2.960    
  -264896.        -239871.        -264982.        -235698.    
 -0.136559E-05   -0.295346E-07   -0.376232E-05   -0.147082E-06
   100.0        0.1358         2.960    
  -220270.        -199478.        -220345.        -195766.    
 -0.181183E-05   -0.428816E-07   -0.499073E-05   -0.213243E-06
   100.0        0.1501         2.960    
  -182339.        -165145.        -182395.        -161838.    
 -0.241520E-05   -0.625704E-07   -0.665124E-05   -0.310655E-06
   100.0        0.1659         2.960    
  -150285.        -136130.        -150328.        -133183.    
 -0.323281E-05   -0.916746E-07   -0.890072E-05   -0.454351E-06
   100.0        0.1834         2.960    
  -123199.        -111611.        -123230.        -108986.    
 -0.435068E-05   -0.135073E-06   -0.119755E-04   -0.668128E-06
   100.0        0.2027         2.960    
  -100467.        -91031.6        -100495.        -88701.2    
 -0.588973E-05   -0.199924E-06   -0.161824E-04   -0.986781E-06
   100.0        0.2240         2.960    
  -81417.2        -73784.9        -81444.7        -71717.9    
 -0.800136E-05   -0.297629E-06   -0.220119E-04   -0.146553E-05
   100.0        0.2475         2.960    
  -65499.7        -59372.9        -65526.4        -57540.6    
 -0.109578E-04   -0.446103E-06   -0.301359E-04   -0.219085E-05
   100.0        0.2736         2.960    
  -52160.9        -47294.9        -52186.9        -45670.9    
 -0.151624E-04   -0.675943E-06   -0.416862E-04   -0.330992E-05
   100.0        0.3023         2.960    
  -41134.5        -37309.8        -41159.2        -35870.5    
 -0.211688E-04   -0.103303E-05   -0.581806E-04   -0.504224E-05
   100.0        0.3341         2.960    
  -31984.4        -29022.8        -32005.9        -27746.6    
 -0.299723E-04   -0.160166E-05   -0.823482E-04   -0.778987E-05
   100.0        0.3693         2.960    
  -24438.0        -22187.6        -24457.2        -21056.4    
 -0.431736E-04   -0.252708E-05   -0.118577E-03   -0.122423E-04
   100.0        0.4081         2.960    
  -18271.9        -16601.8        -18291.7        -15602.6    
 -0.634947E-04   -0.407060E-05   -0.174327E-03   -0.196341E-04
   100.0        0.4510         2.960    
  -13246.4        -12048.5        -13263.6        -11163.6    
 -0.962717E-04   -0.676156E-05   -0.264225E-03   -0.324567E-04
   100.0        0.4985         2.960    
  -9174.71        -8358.72        -9190.05        -7576.16    
 -0.152702E-03   -0.117542E-04   -0.418958E-03   -0.561215E-04
   100.0        0.5509         2.960    
  -5914.59        -5403.72        -5929.12        -4712.35    
 -0.259911E-03   -0.219315E-04   -0.712866E-03   -0.104097E-03
   100.0        0.6088         2.960    
  -3324.52        -3055.39        -3338.95        -2445.16    
 -0.506472E-03   -0.468513E-04   -0.138871E-02   -0.220932E-03
   100.0        0.6729         2.960    
  -1287.65        -1207.99        -1301.39        -669.786    
 -0.142512E-02   -0.144620E-03   -0.390653E-02   -0.677050E-03
   100.0        0.7436         2.960    
   284.876         218.888         273.762         694.853    
  0.742203E-02    0.826330E-03    0.203409E-01    0.383772E-02
   100.0        0.8218         2.960    
   1479.75         1303.72         1469.72         1723.18    
  0.151329E-02    0.184953E-03    0.414674E-02    0.851398E-03
   100.0        0.9083         2.960    
   2364.73         2107.86         2356.94         2477.28    
  0.103193E-02    0.138529E-03    0.282755E-02    0.631466E-03
   100.0         1.004         2.960    
   2997.16         2683.18         2987.31         3007.73    
  0.889368E-03    0.131225E-03    0.243707E-02    0.591696E-03
   100.0         1.109         2.960    
   3422.44         3070.80         3412.51         3355.63    
  0.848818E-03    0.137649E-03    0.232641E-02    0.613279E-03
   100.0         1.226         2.960    
   3687.47         3313.18         3677.53         3562.53    
  0.858100E-03    0.153167E-03    0.235272E-02    0.673360E-03
   100.0         1.355         2.960    
   3821.89         3437.15         3812.22         3655.56    
  0.900152E-03    0.176949E-03    0.246942E-02    0.766502E-03
   100.0         1.497         2.960    
   3854.79         3469.05         3845.73         3660.52    
  0.968241E-03    0.209718E-03    0.265842E-02    0.893749E-03
   100.0         1.655         2.960    
   3809.43         3429.96         3800.79         3597.34    
  0.106147E-02    0.253734E-03    0.291760E-02    0.106182E-02
   100.0         1.829         2.960    
   3705.13         3337.35         3696.91         3483.59    
  0.117934E-02    0.311334E-03    0.324620E-02    0.127691E-02
   100.0         2.021         2.960    
   3557.75         3205.59         3549.73         3333.02    
  0.132377E-02    0.386327E-03    0.365035E-02    0.154957E-02
   100.0         2.234         2.960    
   3379.16         3045.46         3371.27         3156.19    
  0.149834E-02    0.484193E-03    0.414098E-02    0.189449E-02
   100.0         2.469         2.960    
   3180.59         2867.11         3173.47         2963.73    
  0.170528E-02    0.610920E-03    0.472568E-02    0.232548E-02
   100.0         2.729         2.960    
   2969.76         2677.54         2962.87         2761.30    
  0.194977E-02    0.775597E-03    0.542067E-02    0.286342E-02
   100.0         3.016         2.960    
   2753.69         2483.12         2746.96         2555.54    
  0.223556E-02    0.988841E-03    0.623877E-02    0.352897E-02
   100.0         3.333         2.960    
   2537.34         2288.34         2531.11         2350.97    
  0.256708E-02    0.126461E-02    0.719538E-02    0.434644E-02
   100.0         3.683         2.960    
   2324.67         2096.81         2318.95         2151.17    
  0.294906E-02    0.162057E-02    0.830747E-02    0.534225E-02
   100.0         4.071         2.960    
   2117.82         1910.45         2112.67         1957.49    
  0.338746E-02    0.208068E-02    0.959682E-02    0.654793E-02
   100.0         4.499         2.960    
   1919.98         1732.17         1915.49         1772.95    
  0.388369E-02    0.267001E-02    0.110732E-01    0.798251E-02
   100.0         4.972         2.960    
   1732.25         1562.96         1728.47         1598.39    
  0.444083E-02    0.342172E-02    0.127534E-01    0.966707E-02
   100.0         5.495         2.960    
   1555.50         1403.63         1552.67         1434.67    
  0.505910E-02    0.437260E-02    0.146499E-01    0.116095E-01
   100.0         6.073         2.960    
   1390.42         1254.80         1388.56         1282.10    
  0.573708E-02    0.556128E-02    0.167772E-01    0.138027E-01
   100.0         6.711         2.960    
   1237.40         1116.83         1236.65         1141.11    
  0.646998E-02    0.702004E-02    0.191551E-01    0.162169E-01
   100.0         7.417         2.960    
   1096.03         989.356         1096.37         1011.11    
  0.725738E-02    0.877264E-02    0.218494E-01    0.188237E-01
   100.0         8.197         2.960    
   966.340         872.411         967.921         892.221    
  0.809875E-02    0.107971E-01    0.249925E-01    0.215971E-01
   100.0         9.059         2.960    
   847.920         765.622         850.868         784.003    
  0.901646E-02    0.130652E-01    0.287927E-01    0.246633E-01
   100.0         10.01         2.960    
   740.455         668.709         744.905         686.136    
  0.100664E-01    0.158247E-01    0.333137E-01    0.281898E-01
   100.0         11.06         2.960    
   643.263         581.058         649.282         597.901    
  0.112736E-01    0.191428E-01    0.387228E-01    0.323515E-01
   100.0         12.23         2.960    
   554.996         501.456         562.688         518.059    
  0.126828E-01    0.232066E-01    0.452240E-01    0.373326E-01
   100.0         13.51         2.960    
   476.608         430.760         486.069         447.466    
  0.142940E-01    0.281174E-01    0.529229E-01    0.432516E-01
   100.0         14.94         2.960    
   405.822         366.919         417.115         383.977    
  0.161796E-01    0.340530E-01    0.621950E-01    0.504284E-01
   100.0         16.51         2.960    
   343.303         310.531         356.415         328.120    
  0.183534E-01    0.411733E-01    0.731856E-01    0.590255E-01
   100.0         18.24         2.960    
   288.076         260.715         303.010         279.000    
  0.208695E-01    0.495878E-01    0.861856E-01    0.692938E-01
   100.0         20.16         2.960    
   239.185         216.608         255.933         235.716    
  0.238014E-01    0.596389E-01    0.101613        0.815284E-01
   100.0         22.28         2.960    
   196.370         177.973         214.853         197.959    
  0.272044E-01    0.714749E-01    0.119754        0.959192E-01
   100.0         24.63         2.960    
   158.962         144.204         179.057         165.067    
  0.311614E-01    0.853317E-01    0.141031        0.112676    
   100.0         27.22         2.960    
   126.689         115.056         148.194         136.709    
  0.357310E-01    0.101312        0.165677        0.131857    
   100.0         30.08         2.960    
   99.0066         90.0370         121.678         112.346    
  0.409970E-01    0.119545        0.194026        0.153458    
   100.0         33.24         2.960    
   75.4767         68.7497         99.0236         91.5271    
  0.470333E-01    0.140127        0.226325        0.177361    
   100.0         36.74         2.960    
   55.6730         50.8094         79.7556         73.8127    
  0.539176E-01    0.163026        0.262781        0.203300    
   100.0         40.60         2.960    
   39.3246         35.9721         63.5417         58.8970    
  0.616688E-01    0.187995        0.303286        0.230757    
   100.0         44.87         2.960    
   26.0426         23.8874         49.9711         46.4008    
  0.703125E-01    0.214881        0.347801        0.259146    
   100.0         49.59         2.960    
   15.5288         14.2895         38.7294         36.0358    
  0.798038E-01    0.243200        0.395971        0.287656    
   100.0         54.81         2.960    
   7.46953         6.90197         29.5158         27.5262    
  0.900458E-01    0.272401        0.447306        0.315433    
   100.0         60.57         2.960    
   1.60832         1.49932         22.0795         20.6438    
  0.100837        0.301883        0.500999        0.341524    
   100.0         66.94         2.960    
  -2.39332        -2.21853         16.1576         15.1487    
  0.111965        0.331044        0.556379        0.365152    
   100.0         73.98         2.960    
  -4.86192        -4.53731         11.5333         10.8448    
  0.123124        0.359237        0.612511        0.385579    
   100.0         81.76         2.960    
  -6.09992        -5.72599         8.00380         7.54914    
  0.133950        0.385882        0.668414        0.402223    
   100.0         89.36         2.960    
  -6.40428        -6.04263         5.63150         5.32627    
  0.143018        0.407924        0.717261        0.413630    
   100.0         90.36         2.960    
  -6.39980        -6.04247         5.37863         5.08886    
  0.144103        0.410563        0.723287        0.414833    
   100.0         91.20         2.960    
  -6.38985        -6.03645         5.17528         4.89786    
  0.144995        0.412734        0.728277        0.415792    
   100.0         92.00         2.960    
  -6.37542        -6.02599         4.98897         4.72279    
  0.145829        0.414762        0.732973        0.416663    
   100.0         99.86         2.960    
  -6.03281        -5.73019         3.48632         3.30857    
  0.153224        0.432938        0.776306        0.423287    
   100.0         110.4         2.960    
  -5.23581        -5.00409         2.16514         2.06081    
  0.161047        0.452875        0.826869        0.429157    
   100.0         120.0         2.960    
  -4.42521        -4.25133         1.40641         1.34165    
  0.166388        0.467594        0.866663        0.434651    
   100.0         130.0         2.960    
  -3.61538        -3.49042        0.898292        0.858590    
  0.170436        0.480099        0.902718        0.440740    
   100.0         140.0         2.960    
  -2.89281        -2.80531        0.573895        0.549380    
  0.173155        0.490204        0.933736        0.447126    
   100.0         150.0         2.960    
  -2.27310        -2.21329        0.366135        0.350911    
  0.174849        0.498550        0.960833        0.453455    
   100.0         160.0         2.960    
  -1.76412        -1.72393        0.232949        0.223451    
  0.175731        0.505525        0.984706        0.459459    
   100.0         170.0         2.960    
  -1.35432        -1.32772        0.147696        0.141749    
  0.175906        0.511172         1.00533        0.465034    
   100.0         180.0         2.960    
  -1.02866        -1.01138        0.931796E-01    0.894550E-01
  0.175504        0.515788         1.02324        0.470260    
   100.0         190.0         2.960    
 -0.772699       -0.761651        0.584015E-01    0.560605E-01
  0.174684        0.519617         1.03893        0.475253    
   100.0         200.0         2.960    
 -0.574537       -0.567599        0.363068E-01    0.348406E-01
  0.173521        0.522807         1.05271        0.480095    
   100.0         210.0         2.960    
 -0.423084       -0.418789        0.223496E-01    0.214351E-01
  0.172102        0.525447         1.06476        0.484787    
   100.0         220.0         2.960    
 -0.308252       -0.305646        0.135999E-01    0.130330E-01
  0.170436        0.527481         1.07505        0.489262    
   100.0         230.0         2.960    
 -0.221978       -0.220429        0.815944E-02    0.781119E-02
  0.168638        0.529198         1.08415        0.493737    
   100.0         240.0         2.960    
 -0.157724       -0.156824        0.481682E-02    0.460540E-02
  0.198774        0.530394         1.09161        0.497966    
   100.0         250.0         2.960    
 -0.110439       -0.109930        0.278839E-02    0.266197E-02
  0.164429        0.531324         1.09803        0.502171    
   100.0         260.0         2.960    
 -0.761225E-01   -0.758421E-01    0.157772E-02    0.150354E-02
  0.162489        0.531887         1.10323        0.506223    
   100.0         270.0         2.960    
 -0.515284E-01   -0.513789E-01    0.868882E-03    0.826358E-03
  0.158928        0.532009         1.10630        0.510033    
   100.0         280.0         2.960    
 -0.341468E-01   -0.340700E-01    0.463025E-03    0.439342E-03
  0.157141        0.531868         1.10154        0.513759    
   100.0         290.0         2.960    
 -0.220681E-01   -0.220304E-01    0.237486E-03    0.224748E-03
  0.155685        0.528638         1.11182        0.514607    
   100.0         300.0         2.960    
 -0.138393E-01   -0.138216E-01    0.116103E-03    0.109537E-03
  0.188477        0.530763         1.11382        0.520809    
   100.0         310.0         2.960    
 -0.836587E-02   -0.835816E-02    0.535853E-04    0.503802E-04
  0.178509        0.638163         1.33543        0.631307    
   100.0         320.0         2.960    
 -0.483755E-02   -0.483443E-02    0.229679E-04    0.215053E-04
  0.541649E-01    0.619026         1.09343        0.617430    
   100.0         330.0         2.960    
 -0.264566E-02   -0.264450E-02    0.897067E-05    0.835879E-05
  0.652342E-01    0.521229         1.09969        0.524233    
   100.0         340.0         2.960    
 -0.134412E-02   -0.134374E-02    0.309055E-05    0.286283E-05
  0.793364E-01    0.275017        0.585125        0.278951    
   100.0         350.0         2.960    
 -0.617916E-03   -0.617811E-03    0.897309E-06    0.825185E-06
  0.972069E-01    0.346497        0.735921        0.354483    
   100.0         360.0         2.960    
 -0.246207E-03   -0.246184E-03    0.202586E-06    0.184559E-06
  0.119708        0.438191        0.929183        0.452168    
   100.0         370.0         2.960    
 -0.785697E-04   -0.785663E-04    0.306736E-07    0.275879E-07
  0.146012        0.547938         1.16025        0.570344    
   100.0         380.0         2.960    
 -0.213258E-04   -0.213255E-04    0.150655E-08    0.372920E-09
  0.361056E-09    0.141421E-08    0.291705E-08     0.00000    
   100.0         400.0         2.960    
 -0.917473E-08   -0.917473E-08     0.00000         0.00000    
   0.00000         0.00000        0.103321E-14     0.00000    
   100.0         450.0         2.960    
   0.00000         0.00000         0.00000         0.00000    
   0.00000         0.00000         0.00000         0.00000    
   100.0         500.0         2.960    
   0.00000         0.00000         0.00000         0.00000    
   0.00000         0.00000         0.00000         0.00000    
   100.0        0.9106E-01     3.200    
  -344468.        -323994.        -344538.        -318756.    
 -0.793997E-06   -0.474954E-08   -0.176895E-05   -0.394246E-07
   100.0        0.1006         3.200    
  -288399.        -271273.        -288467.        -266614.    
 -0.104640E-05   -0.686020E-08   -0.233151E-05   -0.567984E-07
   100.0        0.1112         3.200    
  -240445.        -226181.        -240516.        -222045.    
 -0.138536E-05   -0.996081E-08   -0.308712E-05   -0.822349E-07
   100.0        0.1229         3.200    
  -199799.        -187960.        -199873.        -184291.    
 -0.183968E-05   -0.145074E-07   -0.410009E-05   -0.119395E-06
   100.0        0.1358         3.200    
  -165438.        -155648.        -165495.        -152375.    
 -0.245096E-05   -0.211980E-07   -0.546329E-05   -0.173857E-06
   100.0        0.1501         3.200    
  -136298.        -128244.        -136360.        -125346.    
 -0.328181E-05   -0.311464E-07   -0.731659E-05   -0.254475E-06
   100.0        0.1659         3.200    
  -111732.        -105141.        -111772.        -102551.    
 -0.441618E-05   -0.460022E-07   -0.984758E-05   -0.374272E-06
   100.0        0.1834         3.200    
  -91029.1        -85670.0        -91063.4        -83369.1    
 -0.597868E-05   -0.683893E-07   -0.133349E-04   -0.553828E-06
   100.0        0.2027         3.200    
  -73703.6        -69374.7        -73736.4        -67333.4    
 -0.814021E-05   -0.102265E-06   -0.181608E-04   -0.823930E-06
   100.0        0.2240         3.200    
  -59230.9        -55761.8        -59262.5        -53951.2    
 -0.111618E-04   -0.154043E-06   -0.249096E-04   -0.123413E-05
   100.0        0.2475         3.200    
  -47180.2        -44426.3        -47213.1        -42823.7    
 -0.154331E-04   -0.234047E-06   -0.344541E-04   -0.186352E-05
   100.0        0.2736         3.200    
  -37121.2        -34963.7        -37152.3        -33543.7    
 -0.216074E-04   -0.360416E-06   -0.482573E-04   -0.285009E-05
   100.0        0.3023         3.200    
  -28842.3        -27175.0        -28868.2        -25914.2    
 -0.306103E-04   -0.561628E-06   -0.683966E-04   -0.440805E-05
   100.0        0.3341         3.200    
  -22005.9        -20742.7        -22028.7        -19624.5    
 -0.441510E-04   -0.891807E-06   -0.987056E-04   -0.694186E-05
   100.0        0.3693         3.200    
  -16399.3        -15467.0        -16418.6        -14475.5    
 -0.651783E-04   -0.145055E-05   -0.145806E-03   -0.111887E-04
   100.0        0.4081         3.200    
  -11847.5        -11183.4        -11863.3        -10303.8    
 -0.991793E-04   -0.243309E-05   -0.222028E-03   -0.185809E-04
   100.0        0.4510         3.200    
  -8165.54        -7717.79        -8180.53        -6940.00    
 -0.158059E-03   -0.427796E-05   -0.354135E-03   -0.323131E-04
   100.0        0.4985         3.200    
  -5208.56        -4934.08        -5222.53        -4246.56    
 -0.271959E-03   -0.812961E-05   -0.609924E-03   -0.606691E-04
   100.0        0.5509         3.200    
  -2865.89        -2728.21        -2878.71        -2120.48    
 -0.541509E-03   -0.178923E-04   -0.121581E-02   -0.131771E-03
   100.0        0.6088         3.200    
  -1028.55        -997.698        -1040.77        -461.307    
 -0.164263E-02   -0.600558E-04   -0.369286E-02   -0.435924E-03
   100.0        0.6729         3.200    
   393.239         341.890         387.237         820.194    
  0.483857E-02    0.196007E-03    0.108941E-01    0.140028E-02
   100.0        0.7436         3.200    
   1468.33         1355.29         1457.93         1772.85    
  0.140696E-02    0.632187E-04    0.317329E-02    0.443849E-03
   100.0        0.8218         3.200    
   2262.83         2104.67         2252.86         2472.33    
  0.995612E-03    0.497068E-04    0.225061E-02    0.342399E-03
   100.0        0.9083         3.200    
   2828.61         2638.81         2818.65         2961.85    
  0.869639E-03    0.482960E-04    0.196996E-02    0.325820E-03
   100.0         1.004         3.200    
   3209.40         2998.84         3199.52         3282.37    
  0.836049E-03    0.517506E-04    0.189900E-02    0.341260E-03
   100.0         1.109         3.200    
   3440.46         3217.92         3431.08         3467.09    
  0.849075E-03    0.586370E-04    0.193459E-02    0.377244E-03
   100.0         1.226         3.200    
   3555.92         3328.17         3546.96         3546.64    
  0.893723E-03    0.690554E-04    0.204370E-02    0.432380E-03
   100.0         1.355         3.200    
   3579.12         3351.51         3570.82         3543.16    
  0.964088E-03    0.834923E-04    0.221379E-02    0.507593E-03
   100.0         1.497         3.200    
   3531.94         3308.55         3523.50         3475.86    
  0.105864E-02    0.102935E-03    0.244256E-02    0.606132E-03
   100.0         1.655         3.200    
   3431.04         3214.96         3422.76         3360.89    
  0.117885E-02    0.129098E-03    0.273504E-02    0.734097E-03
   100.0         1.829         3.200    
   3291.47         3084.90         3284.05         3212.67    
  0.132539E-02    0.163804E-03    0.309454E-02    0.896932E-03
   100.0         2.021         3.200    
   3124.79         2929.23         3117.20         3040.11    
  0.150195E-02    0.209996E-03    0.353232E-02    0.110382E-02
   100.0         2.234         3.200    
   2939.37         2755.86         2932.00         2852.13    
  0.171273E-02    0.271777E-03    0.406173E-02    0.136653E-02
   100.0         2.469         3.200    
   2743.69         2572.75         2736.56         2656.18    
  0.196112E-02    0.354112E-03    0.469512E-02    0.169724E-02
   100.0         2.729         3.200    
   2543.13         2384.97         2536.52         2457.37    
  0.225239E-02    0.464234E-03    0.545103E-02    0.211283E-02
   100.0         3.016         3.200    
   2342.77         2197.29         2336.47         2259.86    
  0.259139E-02    0.611409E-03    0.634859E-02    0.263190E-02
   100.0         3.333         3.200    
   2145.99         2012.93         2139.97         2066.83    
  0.298328E-02    0.808204E-03    0.741079E-02    0.327686E-02
   100.0         3.683         3.200    
   1955.52         1834.42         1949.75         1880.72    
  0.343334E-02    0.107102E-02    0.866184E-02    0.407244E-02
   100.0         4.071         3.200    
   1772.55         1662.91         1767.33         1702.83    
  0.394700E-02    0.142260E-02    0.101329E-01    0.504895E-02
   100.0         4.499         3.200    
   1599.36         1500.55         1594.82         1535.06    
  0.452543E-02    0.188899E-02    0.118451E-01    0.622981E-02
   100.0         4.972         3.200    
   1436.46         1347.82         1432.64         1377.71    
  0.517149E-02    0.250528E-02    0.138291E-01    0.764289E-02
   100.0         5.495         3.200    
   1284.27         1205.12         1281.14         1231.00    
  0.588593E-02    0.331331E-02    0.161139E-01    0.931036E-02
   100.0         6.073         3.200    
   1143.08         1072.71         1140.76         1095.30    
  0.666629E-02    0.435842E-02    0.187214E-01    0.112415E-01
   100.0         6.711         3.200    
   1012.99         950.715         1011.52         970.545    
  0.751096E-02    0.568386E-02    0.216751E-01    0.134313E-01
   100.0         7.417         3.200    
   893.469         838.617         892.975         856.264    
  0.842578E-02    0.732217E-02    0.250164E-01    0.158669E-01
   100.0         8.197         3.200    
   784.369         736.292         784.916         752.212    
  0.943083E-02    0.925793E-02    0.288124E-01    0.185230E-01
   100.0         9.059         3.200    
   685.210         643.289         686.914         657.959    
  0.105631E-01    0.114433E-01    0.332284E-01    0.214773E-01
   100.0         10.01         3.200    
   595.619         559.257         598.573         573.071    
  0.118689E-01    0.141470E-01    0.384775E-01    0.249336E-01
   100.0         11.06         3.200    
   514.931         483.574         519.233         496.897    
  0.133790E-01    0.174488E-01    0.447250E-01    0.290446E-01
   100.0         12.23         3.200    
   441.950         415.119         447.681         428.259    
  0.151467E-01    0.215424E-01    0.522311E-01    0.339857E-01
   100.0         13.51         3.200    
   377.396         354.567         384.615         367.804    
  0.171808E-01    0.265433E-01    0.610779E-01    0.398579E-01
   100.0         14.94         3.200    
   319.338         300.105         328.098         313.665    
  0.195738E-01    0.326544E-01    0.717053E-01    0.469637E-01
   100.0         16.51         3.200    
   268.271         252.199         278.559         266.242    
  0.223454E-01    0.400485E-01    0.842513E-01    0.554304E-01
   100.0         18.24         3.200    
   223.354         210.057         235.179         224.738    
  0.255616E-01    0.488948E-01    0.990198E-01    0.654727E-01
   100.0         20.16         3.200    
   183.772         172.917         197.131         188.354    
  0.293212E-01    0.594844E-01    0.116465        0.773545E-01
   100.0         22.28         3.200    
   149.282         140.548         164.087         156.773    
  0.336920E-01    0.720233E-01    0.136865        0.912363E-01
   100.0         24.63         3.200    
   119.318         112.418         135.438         129.404    
  0.387839E-01    0.867008E-01    0.160669        0.107306    
   100.0         27.22         3.200    
   93.6360         88.2976         110.908         105.979    
  0.446557E-01    0.103582        0.188035        0.125538    
   100.0         30.08         3.200    
   71.7775         67.7558         89.9840         86.0029    
  0.514099E-01    0.122737        0.219266        0.145930    
   100.0         33.24         3.200    
   53.3718         50.4439         72.2412         69.0676    
  0.591323E-01    0.144195        0.254577        0.168351    
   100.0         36.74         3.200    
   38.0585         36.0239         57.2849         54.7936    
  0.679029E-01    0.167825        0.294098        0.192545    
   100.0         40.60         3.200    
   25.6017         24.2764         44.8465         42.9218    
  0.776967E-01    0.193203        0.337490        0.217940    
   100.0         44.87         3.200    
   15.6732         14.8952         34.5587         33.1003    
  0.885411E-01    0.220072        0.384699        0.244087    
   100.0         49.59         3.200    
   8.01319         7.63869         26.1603         25.0789    
  0.100336        0.247811        0.435206        0.270244    
   100.0         54.81         3.200    
   2.35315         2.25684         19.4046         18.6217    
  0.112874        0.275673        0.488191        0.295576    
   100.0         60.57         3.200    
  -1.56499        -1.48617         14.0649         13.5133    
  0.125894        0.302984        0.542831        0.319333    
   100.0         66.94         3.200    
  -4.01578        -3.84373         9.91618         9.53936    
  0.139117        0.329237        0.598451        0.340962    
   100.0         73.98         3.200    
  -5.25400        -5.05103         6.77710         6.52818    
  0.152050        0.353586        0.653678        0.359662    
   100.0         81.76         3.200    
  -5.58776        -5.39379         4.46720         4.30892    
  0.164280        0.375696        0.707666        0.375106    
   100.0         89.36         3.200    
  -5.33914        -5.17276         2.97699         2.87475    
  0.174286        0.393378        0.754212        0.386086    
   100.0         90.36         3.200    
  -5.28091        -5.11868         2.82234         2.72578    
  0.175460        0.395438        0.759881        0.387258    
   100.0         91.20         3.200    
  -5.22867        -5.06996         2.69866         2.60663    
  0.176421        0.397120        0.764564        0.388197    
   100.0         92.00         3.200    
  -5.17632        -5.02100         2.58593         2.49800    
  0.177313        0.398684        0.768951        0.389053    
   100.0         99.86         3.200    
  -4.56967        -4.44805         1.69973         1.64343    
  0.185049        0.412339        0.808916        0.395718    
   100.0         110.4         3.200    
  -3.65386        -3.57166        0.965048        0.933921    
  0.192873        0.426740        0.854743        0.401736    
   100.0         120.0         3.200    
  -2.86417        -2.80930        0.572968        0.554756    
  0.197901        0.436953        0.890174        0.406558    
   100.0         130.0         3.200    
  -2.15949        -2.12495        0.330489        0.320047    
  0.201203        0.444919        0.920852        0.410777    
   100.0         140.0         3.200    
  -1.58775        -1.56680        0.188595        0.182614    
  0.203082        0.451144        0.946867        0.414526    
   100.0         150.0         3.200    
  -1.14120        -1.12887        0.106181        0.102769    
  0.203824        0.456021        0.968984        0.417632    
   100.0         160.0         3.200    
 -0.801732       -0.794734        0.588220E-01    0.568902E-01
  0.203592        0.459677        0.987419        0.419887    
   100.0         170.0         3.200    
 -0.551599       -0.547766        0.319361E-01    0.308558E-01
  0.202654        0.462459         1.00295        0.421594    
   100.0         180.0         3.200    
 -0.371149       -0.369127        0.169219E-01    0.163282E-01
  0.201135        0.464497         1.01584        0.422853    
   100.0         190.0         3.200    
 -0.243628       -0.242606        0.870366E-02    0.838485E-02
  0.199172        0.465941         1.02649        0.423816    
   100.0         200.0         3.200    
 -0.155386       -0.154894        0.431763E-02    0.415161E-02
  0.196701        0.466804         1.03496        0.424486    
   100.0         210.0         3.200    
 -0.959374E-01   -0.957135E-01    0.204787E-02    0.196464E-02
  0.194258        0.466997         1.04175        0.424718    
   100.0         220.0         3.200    
 -0.570154E-01   -0.569202E-01    0.918862E-03    0.879190E-03
  0.226525        0.467201         1.04653        0.425166    
   100.0         230.0         3.200    
 -0.323325E-01   -0.322951E-01    0.384188E-03    0.366466E-03
  0.188225        0.466709         1.04959        0.425145    
   100.0         240.0         3.200    
 -0.172821E-01   -0.172689E-01    0.146572E-03    0.139292E-03
  0.183797        0.460306         1.05070        0.419876    
   100.0         250.0         3.200    
 -0.854162E-02   -0.853751E-02    0.494960E-04    0.468269E-04
  0.181960        0.462124         1.04567        0.422232    
   100.0         260.0         3.200    
 -0.379627E-02   -0.379521E-02    0.141004E-04    0.132650E-04
  0.504713E-01    0.559024         1.26457        0.511780    
   100.0         270.0         3.200    
 -0.144769E-02   -0.144748E-02    0.312378E-05    0.291702E-05
  0.694603E-01    0.174205        0.399391        0.159842    
   100.0         280.0         3.200    
 -0.433528E-03   -0.433499E-03    0.461306E-06    0.426321E-06
  0.994569E-01    0.257795        0.589786        0.237130    
   100.0         290.0         3.200    
 -0.836558E-04   -0.836540E-04    0.318728E-07    0.289763E-07
  0.147840        0.395246        0.902644        0.364565    
   100.0         300.0         3.200    
 -0.639440E-05   -0.639439E-05    0.207154E-09    0.644402E-10
  0.612258E-10    0.187106E-09    0.393636E-09     0.00000    
   100.0         310.0         3.200    
   0.00000         0.00000         0.00000         0.00000    
   0.00000         0.00000         0.00000         0.00000    
   100.0         320.0         3.200    
   0.00000         0.00000         0.00000         0.00000    
   0.00000         0.00000         0.00000         0.00000    
   100.0         330.0         3.200    
   0.00000         0.00000         0.00000         0.00000    
   0.00000         0.00000         0.00000         0.00000    
   100.0         340.0         3.200    
   0.00000         0.00000         0.00000         0.00000    
   0.00000         0.00000         0.00000         0.00000    
   100.0         350.0         3.200    
   0.00000         0.00000         0.00000         0.00000    
   0.00000         0.00000         0.00000         0.00000    
   100.0         360.0         3.200    
   0.00000         0.00000         0.00000         0.00000    
   0.00000         0.00000         0.00000         0.00000    
   100.0         370.0         3.200    
   0.00000         0.00000         0.00000         0.00000    
   0.00000         0.00000         0.00000         0.00000    
   100.0         380.0         3.200    
   0.00000         0.00000         0.00000         0.00000    
   0.00000         0.00000         0.00000         0.00000    
   100.0         400.0         3.200    
   0.00000         0.00000         0.00000         0.00000    
   0.00000         0.00000         0.00000         0.00000    
   100.0         450.0         3.200    
   0.00000         0.00000         0.00000         0.00000    
   0.00000         0.00000         0.00000         0.00000    
   100.0         500.0         3.200    
   0.00000         0.00000         0.00000         0.00000    
   0.00000         0.00000         0.00000         0.00000    
   100.0        0.9106E-01     3.900    
  -30586.9        -30416.3        -30600.4        -29590.2    
 -0.131174E-05   -0.944802E-08   -0.508038E-05   -0.387047E-07
   100.0        0.1006         3.900    
  -25003.7        -24864.8        -25016.2        -24129.7    
 -0.177068E-05   -0.139391E-07   -0.685629E-05   -0.570890E-07
   100.0        0.1112         3.900    
  -20286.2        -20174.1        -20297.6        -19520.4    
 -0.240877E-05   -0.207370E-07   -0.932657E-05   -0.849073E-07
   100.0        0.1229         3.900    
  -16340.3        -16250.6        -16350.3        -15668.9    
 -0.330108E-05   -0.310587E-07   -0.127755E-04   -0.127131E-06
   100.0        0.1358         3.900    
  -13052.4        -12981.3        -13065.1        -12467.6    
 -0.455790E-05   -0.468619E-07   -0.176343E-04   -0.191753E-06
   100.0        0.1501         3.900    
  -10308.0        -10252.3        -10316.5        -9792.91    
 -0.636947E-05   -0.715736E-07   -0.246352E-04   -0.292761E-06
   100.0        0.1659         3.900    
  -8034.72        -7991.86        -8041.71        -7583.04    
 -0.901474E-05   -0.110696E-06   -0.348538E-04   -0.452599E-06
   100.0        0.1834         3.900    
  -6156.02        -6123.68        -6162.16        -5760.52    
 -0.129789E-04   -0.174169E-06   -0.501611E-04   -0.711794E-06
   100.0        0.2027         3.900    
  -4617.84        -4594.08        -4623.74        -4272.01    
 -0.190749E-04   -0.279643E-06   -0.736895E-04   -0.114227E-05
   100.0        0.2240         3.900    
  -3364.19        -3347.40        -3369.92        -3061.92    
 -0.288509E-04   -0.461958E-06   -0.111404E-03   -0.188592E-05
   100.0        0.2475         3.900    
  -2349.12        -2337.94        -2354.75        -2085.01    
 -0.454969E-04   -0.795444E-06   -0.175593E-03   -0.324535E-05
   100.0        0.2736         3.900    
  -1528.66        -1521.99        -1533.64        -1297.66    
 -0.769905E-04   -0.147021E-05   -0.296978E-03   -0.599416E-05
   100.0        0.3023         3.900    
  -878.210        -875.079        -882.171        -675.632    
 -0.147399E-03   -0.307252E-05   -0.568231E-03   -0.125173E-04
   100.0        0.3341         3.900    
  -364.250        -363.892        -367.895        -187.246    
 -0.389200E-03   -0.885670E-05   -0.149943E-02   -0.360511E-04
   100.0        0.3693         3.900    
   35.4926         33.7189         32.1475         190.079    
  0.490348E-02    0.121810E-03    0.188777E-01    0.495356E-03
   100.0        0.4081         3.900    
   339.630         336.261         338.563         476.636    
  0.512237E-03    0.138856E-04    0.197055E-02    0.564078E-04
   100.0        0.4510         3.900    
   566.378         561.846         563.462         684.141    
  0.338476E-03    0.100110E-04    0.130103E-02    0.406202E-04
   100.0        0.4985         3.900    
   730.083         724.739         727.204         832.612    
  0.288319E-03    0.930403E-05    0.110725E-02    0.377021E-04
   100.0        0.5509         3.900    
   842.172         836.302         839.345         931.401    
  0.274415E-03    0.965827E-05    0.105285E-02    0.390803E-04
   100.0        0.6088         3.900    
   913.058         906.888         910.337         990.699    
  0.277774E-03    0.106607E-04    0.106463E-02    0.430658E-04
   100.0        0.6729         3.900    
   951.205         944.912         948.586         1018.69    
  0.292506E-03    0.122404E-04    0.111984E-02    0.493571E-04
   100.0        0.7436         3.900    
   963.485         957.211         960.940         1022.09    
  0.316538E-03    0.144371E-04    0.121039E-02    0.580957E-04
   100.0        0.8218         3.900    
   955.786         949.636         953.281         1006.59    
  0.349527E-03    0.173721E-04    0.133480E-02    0.697459E-04
   100.0        0.9083         3.900    
   932.855         926.909         930.550         976.975    
  0.391900E-03    0.212214E-04    0.149426E-02    0.849807E-04
   100.0         1.004         3.900    
   898.598         892.915         896.149         936.574    
  0.444976E-03    0.262465E-04    0.169434E-02    0.104799E-03
   100.0         1.109         3.900    
   856.577         851.194         854.178         889.376    
  0.509569E-03    0.327097E-04    0.193712E-02    0.130182E-03
   100.0         1.226         3.900    
   808.733         803.679         806.440         837.025    
  0.588812E-03    0.411480E-04    0.223436E-02    0.163161E-03
   100.0         1.355         3.900    
   757.628         752.916         755.385         781.952    
  0.684644E-03    0.520574E-04    0.259295E-02    0.205560E-03
   100.0         1.497         3.900    
   705.017         700.649         702.725         725.795    
  0.800023E-03    0.661392E-04    0.302349E-02    0.259937E-03
   100.0         1.655         3.900    
   651.642         647.620         649.368         669.360    
  0.939986E-03    0.845056E-04    0.354407E-02    0.330331E-03
   100.0         1.829         3.900    
   599.071         595.386         596.908         614.219    
  0.110771E-02    0.108213E-03    0.416555E-02    0.420417E-03
   100.0         2.021         3.900    
   547.947         544.587         545.754         560.725    
  0.130928E-02    0.138911E-03    0.490919E-02    0.535909E-03
   100.0         2.234         3.900    
   498.575         495.526         496.383         509.308    
  0.155213E-02    0.178824E-03    0.580046E-02    0.684343E-03
   100.0         2.469         3.900    
   451.640         448.885         449.475         460.615    
  0.184265E-02    0.230406E-03    0.686015E-02    0.873583E-03
   100.0         2.729         3.900    
   407.278         404.800         405.186         414.767    
  0.219030E-02    0.297157E-03    0.811889E-02    0.111460E-02
   100.0         3.016         3.900    
   365.754         363.534         363.725         371.949    
  0.260460E-02    0.383256E-03    0.960558E-02    0.141970E-02
   100.0         3.333         3.900    
   327.110         325.130         325.139         332.182    
  0.309703E-02    0.494173E-03    0.113536E-01    0.180406E-02
   100.0         3.683         3.900    
   291.367         289.607         289.468         295.483    
  0.367956E-02    0.636664E-03    0.133942E-01    0.228484E-02
   100.0         4.071         3.900    
   258.354         256.798         256.565         261.681    
  0.436774E-02    0.820011E-03    0.157662E-01    0.288392E-02
   100.0         4.499         3.900    
   228.165         226.794         226.491         230.830    
  0.517248E-02    0.105433E-02    0.184856E-01    0.362039E-02
   100.0         4.972         3.900    
   200.627         199.425         199.088         202.752    
  0.610841E-02    0.135364E-02    0.215742E-01    0.451777E-02
   100.0         5.495         3.900    
   175.602         174.553         174.212         177.292    
  0.718911E-02    0.173572E-02    0.250432E-01    0.559942E-02
   100.0         6.073         3.900    
   152.966         152.056         151.747         154.321    
  0.842590E-02    0.222324E-02    0.288941E-01    0.688656E-02
   100.0         6.711         3.900    
   132.594         131.807         131.567         133.707    
  0.982902E-02    0.284601E-02    0.331373E-01    0.839887E-02
   100.0         7.417         3.900    
   114.283         113.608         113.480         115.246    
  0.114172E-01    0.364830E-02    0.378557E-01    0.101656E-01
   100.0         8.197         3.900    
   97.9160         97.3411         97.3553         98.8015    
  0.132200E-01    0.469250E-02    0.432858E-01    0.122300E-01
   100.0         9.059         3.900    
   83.3388         82.8524         83.0492         84.2230    
  0.153122E-01    0.604033E-02    0.498047E-01    0.146969E-01
   100.0         10.01         3.900    
   70.4269         70.0188         70.4282         71.3721    
  0.178012E-01    0.778233E-02    0.574784E-01    0.176970E-01
   100.0         11.06         3.900    
   59.0261         58.6869         59.3393         60.0897    
  0.207629E-01    0.100582E-01    0.664993E-01    0.213283E-01
   100.0         12.23         3.900    
   48.9209         48.6427         49.5634         50.1511    
  0.243265E-01    0.130316E-01    0.771982E-01    0.257487E-01
   100.0         13.51         3.900    
   40.1689         39.9432         41.1454         41.6000    
  0.285320E-01    0.168431E-01    0.896649E-01    0.309886E-01
   100.0         14.94         3.900    
   32.4724         32.2926         33.7882         34.1330    
  0.335827E-01    0.217930E-01    0.104396        0.372871E-01
   100.0         16.51         3.900    
   25.8676         25.7270         27.5183         27.7751    
  0.395175E-01    0.280999E-01    0.121458        0.446447E-01
   100.0         18.24         3.900    
   20.2166         20.1091         22.1858         22.3727    
  0.464908E-01    0.360719E-01    0.141217        0.531907E-01
   100.0         20.16         3.900    
   15.3938         15.3141         17.6549         17.7870    
  0.546775E-01    0.461042E-01    0.164107        0.630609E-01
   100.0         22.28         3.900    
   11.3484         11.2916         13.8610         13.9511    
  0.641671E-01    0.584943E-01    0.190325        0.742557E-01
   100.0         24.63         3.900    
   7.99343         7.95522         10.6598         10.7226    
  0.754062E-01    0.738547E-01    0.221167        0.871835E-01
   100.0         27.22         3.900    
   5.28131         5.25753         8.12735         8.16335    
  0.873935E-01    0.912717E-01    0.253795        0.100578    
   100.0         30.08         3.900    
   3.14070         3.12774         6.04466         6.06478    
  0.101061        0.111599        0.291130        0.115418    
   100.0         33.24         3.900    
   1.50866         1.50338         4.38614         4.39567    
  0.115977        0.134141        0.332247        0.131147    
   100.0         36.74         3.900    
  0.326070        0.325800         3.08949         3.09242    
  0.131885        0.158167        0.376888        0.147460    
   100.0         40.60         3.900    
 -0.460336       -0.457798         2.10252         2.10176    
  0.148362        0.182551        0.424568        0.163996    
   100.0         44.87         3.900    
 -0.912356       -0.908701         1.37081         1.36836    
  0.164945        0.206200        0.474710        0.180402    
   100.0         49.59         3.900    
  -1.09494        -1.09131        0.848012        0.845172    
  0.181079        0.227980        0.526578        0.196330    
   100.0         54.81         3.900    
  -1.07575        -1.07281        0.491195        0.488702    
  0.196180        0.247099        0.579274        0.211465    
   100.0         60.57         3.900    
 -0.922517       -0.920497        0.262159        0.260311    
  0.209607        0.263039        0.631558        0.225481    
   100.0         66.94         3.900    
 -0.700118       -0.698947        0.125628        0.124457    
  0.220882        0.275772        0.682434        0.238173    
   100.0         73.98         3.900    
 -0.465616       -0.465060        0.521442E-01    0.515211E-01
  0.229533        0.285437        0.730599        0.249331    
   100.0         81.76         3.900    
 -0.263401       -0.263198        0.176885E-01    0.174211E-01
  0.235331        0.292433        0.775004        0.258305    
   100.0         89.36         3.900    
 -0.131727       -0.131666        0.527153E-02    0.517365E-02
  0.237785        0.296590        0.809853        0.263639    
   100.0         90.36         3.900    
 -0.118842       -0.118791        0.442945E-02    0.434502E-02
  0.237905        0.296969        0.813850        0.264124    
   100.0         91.20         3.900    
 -0.108747       -0.108704        0.381482E-02    0.374044E-02
  0.237986        0.297276        0.817141        0.264509    
   100.0         92.00         3.900    
 -0.997190E-01   -0.996813E-01    0.330001E-02    0.323432E-02
  0.238017        0.346595        0.820116        0.308498    
   100.0         99.86         3.900    
 -0.374969E-01   -0.374899E-01    0.665350E-03    0.649106E-03
  0.235769        0.296985        0.845032        0.264675    
   100.0         110.4         3.900    
 -0.574040E-02   -0.574011E-02    0.339066E-04    0.327884E-04
  0.123289E-01    0.148753E-01    0.855513        0.132138E-01
   100.0         120.0         3.900    
 -0.235310E-03   -0.235308E-03    0.226470E-06    0.215274E-06
  0.458779E-01    0.587867E-01    0.175505        0.518762E-01
   100.0         130.0         3.900    
   0.00000         0.00000         0.00000         0.00000    
   0.00000         0.00000         0.00000         0.00000    
   100.0         140.0         3.900    
   0.00000         0.00000         0.00000         0.00000    
   0.00000         0.00000         0.00000         0.00000    
   100.0         150.0         3.900    
   0.00000         0.00000         0.00000         0.00000    
   0.00000         0.00000         0.00000         0.00000    
   100.0         160.0         3.900    
   0.00000         0.00000         0.00000         0.00000    
   0.00000         0.00000         0.00000         0.00000    
   100.0         170.0         3.900    
   0.00000         0.00000         0.00000         0.00000    
   0.00000         0.00000         0.00000         0.00000    
   100.0         180.0         3.900    
   0.00000         0.00000         0.00000         0.00000    
   0.00000         0.00000         0.00000         0.00000    
   100.0         190.0         3.900    
   0.00000         0.00000         0.00000         0.00000    
   0.00000         0.00000         0.00000         0.00000    
   100.0         200.0         3.900    
   0.00000         0.00000         0.00000         0.00000    
   0.00000         0.00000         0.00000         0.00000    
   100.0         210.0         3.900    
   0.00000         0.00000         0.00000         0.00000    
   0.00000         0.00000         0.00000         0.00000    
   100.0         220.0         3.900    
   0.00000         0.00000         0.00000         0.00000    
   0.00000         0.00000         0.00000         0.00000    
   100.0         230.0         3.900    
   0.00000         0.00000         0.00000         0.00000    
   0.00000         0.00000         0.00000         0.00000    
   100.0         240.0         3.900    
   0.00000         0.00000         0.00000         0.00000    
   0.00000         0.00000         0.00000         0.00000    
   100.0         250.0         3.900    
   0.00000         0.00000         0.00000         0.00000    
   0.00000         0.00000         0.00000         0.00000    
   100.0         260.0         3.900    
   0.00000         0.00000         0.00000         0.00000    
   0.00000         0.00000         0.00000         0.00000    
   100.0         270.0         3.900    
   0.00000         0.00000         0.00000         0.00000    
   0.00000         0.00000         0.00000         0.00000    
   100.0         280.0         3.900    
   0.00000         0.00000         0.00000         0.00000    
   0.00000         0.00000         0.00000         0.00000    
   100.0         290.0         3.900    
   0.00000         0.00000         0.00000         0.00000    
   0.00000         0.00000         0.00000         0.00000    
   100.0         300.0         3.900    
   0.00000         0.00000         0.00000         0.00000    
   0.00000         0.00000         0.00000         0.00000    
   100.0         310.0         3.900    
   0.00000         0.00000         0.00000         0.00000    
   0.00000         0.00000         0.00000         0.00000    
   100.0         320.0         3.900    
   0.00000         0.00000         0.00000         0.00000    
   0.00000         0.00000         0.00000         0.00000    
   100.0         330.0         3.900    
   0.00000         0.00000         0.00000         0.00000    
   0.00000         0.00000         0.00000         0.00000    
   100.0         340.0         3.900    
   0.00000         0.00000         0.00000         0.00000    
   0.00000         0.00000         0.00000         0.00000    
   100.0         350.0         3.900    
   0.00000         0.00000         0.00000         0.00000    
   0.00000         0.00000         0.00000         0.00000    
   100.0         360.0         3.900    
   0.00000         0.00000         0.00000         0.00000    
   0.00000         0.00000         0.00000         0.00000    
   100.0         370.0         3.900    
   0.00000         0.00000         0.00000         0.00000    
   0.00000         0.00000         0.00000         0.00000    
   100.0         380.0         3.900    
   0.00000         0.00000         0.00000         0.00000    
   0.00000         0.00000         0.00000         0.00000    
   100.0         400.0         3.900    
   0.00000         0.00000         0.00000         0.00000    
   0.00000         0.00000         0.00000         0.00000    
   100.0         450.0         3.900    
   0.00000         0.00000         0.00000         0.00000    
   0.00000         0.00000         0.00000         0.00000    
   100.0         500.0         3.900    
   0.00000         0.00000         0.00000         0.00000    
   0.00000         0.00000         0.00000         0.00000    
   120.0        0.9106E-01    -3.900    
  -3244.84         3239.97        -3245.84         3130.93    
  0.139889E-05   -0.816385E-08   -0.545070E-05   -0.334440E-07
   120.0        0.1006        -3.900    
  -2606.62         2602.73        -2607.61         2505.68    
  0.192117E-05   -0.122545E-07   -0.748394E-05   -0.501895E-07
   120.0        0.1112        -3.900    
  -2071.13         2068.07        -2072.13         1981.79    
  0.266966E-05   -0.186115E-07   -0.103970E-04   -0.762045E-07
   120.0        0.1229        -3.900    
  -1626.73         1624.35        -1627.72         1547.67    
  0.375103E-05   -0.285799E-07   -0.146043E-04   -0.116984E-06
   120.0        0.1358        -3.900    
  -1259.67         1257.85        -1260.55         1189.60    
  0.534404E-05   -0.444861E-07   -0.208000E-04   -0.182031E-06
   120.0        0.1501        -3.900    
  -956.309         954.948        -956.891         894.053    
  0.776842E-05   -0.706633E-07   -0.302257E-04   -0.289038E-06
   120.0        0.1659        -3.900    
  -707.855         706.870        -708.418         652.761    
  0.115766E-04   -0.115049E-06   -0.450258E-04   -0.470397E-06
   120.0        0.1834        -3.900    
  -505.178         504.499        -505.735         456.468    
  0.178907E-04   -0.194261E-06   -0.695547E-04   -0.793907E-06
   120.0        0.2027        -3.900    
  -341.728         341.294        -342.249         298.637    
  0.291544E-04   -0.345759E-06   -0.113293E-03   -0.141234E-05
   120.0        0.2240        -3.900    
  -210.859         210.620        -211.387         172.784    
  0.520361E-04   -0.673864E-06   -0.202110E-03   -0.275102E-05
   120.0        0.2475        -3.900    
  -107.117         107.032        -107.532         73.3683    
  0.112723E-03   -0.159351E-05   -0.437581E-03   -0.650139E-05
   120.0        0.2736        -3.900    
  -25.3991         25.4338        -25.7735        -4.43509    
  0.518898E-03   -0.800147E-05   -0.201308E-02   -0.326227E-04
   120.0        0.3023        -3.900    
   37.3424        -37.2169         36.9810        -63.7019    
 -0.397865E-03    0.670214E-05    0.154225E-02    0.273043E-04
   120.0        0.3341        -3.900    
   84.9321        -84.7389         84.5545        -108.176    
 -0.191627E-03    0.352290E-05    0.742412E-03    0.143399E-04
   120.0        0.3693        -3.900    
   119.992        -119.750         119.592        -140.456    
 -0.149167E-03    0.299270E-05    0.577455E-03    0.121702E-04
   120.0        0.4081        -3.900    
   144.731        -144.456         144.378        -162.814    
 -0.135948E-03    0.297527E-05    0.525825E-03    0.120866E-04
   120.0        0.4510        -3.900    
   161.220        -160.924         160.907        -177.186    
 -0.134161E-03    0.320243E-05    0.518426E-03    0.129940E-04
   120.0        0.4985        -3.900    
   171.095        -170.789         170.797        -185.163    
 -0.138967E-03    0.361777E-05    0.536442E-03    0.146600E-04
   120.0        0.5509        -3.900    
   175.694        -175.385         175.366        -188.042    
 -0.148705E-03    0.422047E-05    0.573385E-03    0.170773E-04
   120.0        0.6088        -3.900    
   176.179        -175.873         175.823        -187.002    
 -0.162859E-03    0.503786E-05    0.627184E-03    0.203514E-04
   120.0        0.6729        -3.900    
   173.489        -173.190         173.156        -183.006    
 -0.181488E-03    0.611830E-05    0.697982E-03    0.246708E-04
   120.0        0.7436        -3.900    
   168.411        -168.124         168.108        -176.784    
 -0.204976E-03    0.752725E-05    0.787149E-03    0.302901E-04
   120.0        0.8218        -3.900    
   161.576        -161.302         161.271        -168.909    
 -0.234076E-03    0.936286E-05    0.897585E-03    0.375903E-04
   120.0        0.9083        -3.900    
   153.499        -153.240         153.168        -159.887    
 -0.269871E-03    0.117517E-04    0.103269E-02    0.470595E-04
   120.0         1.004        -3.900    
   144.598        -144.355         144.256        -150.162    
 -0.313429E-03    0.148547E-04    0.119718E-02    0.593131E-04
   120.0         1.109        -3.900    
   135.288        -135.061         134.959        -140.149    
 -0.365825E-03    0.188530E-04    0.139432E-02    0.750336E-04
   120.0         1.226        -3.900    
   125.690        -125.481         125.368        -129.920    
 -0.429814E-03    0.240928E-04    0.163431E-02    0.955338E-04
   120.0         1.355        -3.900    
   116.118        -115.925         115.785        -119.777    
 -0.507121E-03    0.308979E-04    0.192321E-02    0.122007E-03
   120.0         1.497        -3.900    
   106.744        -106.568         106.407        -109.904    
 -0.600213E-03    0.397160E-04    0.226959E-02    0.156090E-03
   120.0         1.655        -3.900    
   97.5923        -97.4309         97.2545        -100.312    
 -0.713462E-03    0.512734E-04    0.268900E-02    0.200427E-03
   120.0         1.829        -3.900    
   88.8475        -88.7010         88.5165        -91.1868    
 -0.849752E-03    0.662674E-04    0.319098E-02    0.257454E-03
   120.0         2.021        -3.900    
   80.5503        -80.4177         80.2181        -82.5478    
 -0.101411E-02    0.857587E-04    0.379256E-02    0.330852E-03
   120.0         2.234        -3.900    
   72.6995        -72.5802         72.3685        -74.3966    
 -0.121303E-02    0.111214E-03    0.451574E-02    0.425605E-03
   120.0         2.469        -3.900    
   65.3644        -65.2574         65.0388        -66.8017    
 -0.145238E-02    0.144245E-03    0.537803E-02    0.546905E-03
   120.0         2.729        -3.900    
   58.5336        -58.4379         58.2106        -59.7396    
 -0.174080E-02    0.187188E-03    0.640622E-02    0.702123E-03
   120.0         3.016        -3.900    
   52.2218        -52.1366         51.9041        -53.2272    
 -0.208620E-02    0.242781E-03    0.762449E-02    0.899334E-03
   120.0         3.333        -3.900    
   46.4141        -46.3385         46.1038        -47.2460    
 -0.249963E-02    0.314645E-03    0.906106E-02    0.114866E-02
   120.0         3.683        -3.900    
   41.0961        -41.0294         40.7973        -41.7806    
 -0.299159E-02    0.407272E-03    0.107429E-01    0.146161E-02
   120.0         4.071        -3.900    
   36.2289        -36.1702         35.9442        -36.7876    
 -0.357698E-02    0.526873E-03    0.127048E-01    0.185298E-02
   120.0         4.499        -3.900    
   31.8144        -31.7630         31.5464        -32.2673    
 -0.426619E-02    0.680184E-03    0.149603E-01    0.233564E-02
   120.0         4.972        -3.900    
   27.8177        -27.7729         27.5689        -28.1826    
 -0.507372E-02    0.876618E-03    0.175302E-01    0.292572E-02
   120.0         5.495        -3.900    
   24.2109        -24.1721         23.9840        -24.5040    
 -0.601311E-02    0.112809E-02    0.204252E-01    0.363922E-02
   120.0         6.073        -3.900    
   20.9695        -20.9360         20.7683        -21.2067    
 -0.709635E-02    0.144980E-02    0.236478E-01    0.449082E-02
   120.0         6.711        -3.900    
   18.0700        -18.0412         17.8989        -18.2665    
 -0.833431E-02    0.186172E-02    0.272070E-01    0.549412E-02
   120.0         7.417        -3.900    
   15.4789        -15.4544         15.3421        -15.6481    
 -0.974652E-02    0.239371E-02    0.311744E-01    0.666980E-02
   120.0         8.197        -3.900    
   13.1758        -13.1551         13.0780        -13.3310    
 -0.113594E-01    0.308733E-02    0.357419E-01    0.804645E-02
   120.0         9.059        -3.900    
   11.1357        -11.1183         11.0792        -11.2866    
 -0.132438E-01    0.398514E-02    0.412335E-01    0.969635E-02
   120.0         10.01        -3.900    
   9.33830        -9.32381         9.32623        -9.49486    
 -0.154962E-01    0.514839E-02    0.477069E-01    0.117074E-01
   120.0         11.06        -3.900    
   7.75981        -7.74788         7.79546        -7.93117    
 -0.181888E-01    0.667174E-02    0.553268E-01    0.141474E-01
   120.0         12.23        -3.900    
   6.36847        -6.35879         6.45485        -6.56261    
 -0.214422E-01    0.866676E-02    0.643743E-01    0.171243E-01
   120.0         13.51        -3.900    
   5.17043        -5.16269         5.30944        -5.39411    
 -0.252927E-01    0.112283E-01    0.749159E-01    0.206582E-01
   120.0         14.94        -3.900    
   4.12347        -4.11740         4.31537        -4.38076    
 -0.299362E-01    0.145634E-01    0.873905E-01    0.249174E-01
   120.0         16.51        -3.900    
   3.23133        -3.22668         3.47430        -3.52408    
 -0.354186E-01    0.188269E-01    0.101876        0.299120E-01
   120.0         18.24        -3.900    
   2.47420        -2.47073         2.76538        -2.80259    
 -0.418833E-01    0.242314E-01    0.118671        0.357310E-01
   120.0         20.16        -3.900    
   1.83413        -1.83164         2.16900        -2.19619    
 -0.494983E-01    0.310530E-01    0.138151        0.424741E-01
   120.0         22.28        -3.900    
   1.30335        -1.30166         1.67524        -1.69461    
 -0.583499E-01    0.395040E-01    0.160484        0.501484E-01
   120.0         24.63        -3.900    
  0.869522       -0.868451         1.26998        -1.28337    
 -0.685522E-01    0.497931E-01    0.185930        0.587794E-01
   120.0         27.22        -3.900    
  0.525364       -0.524767        0.943367       -0.952296    
 -0.801028E-01    0.619774E-01    0.214485        0.682966E-01
   120.0         30.08        -3.900    
  0.260659       -0.260404        0.683829       -0.689522    
 -0.929652E-01    0.760183E-01    0.246425        0.786200E-01
   120.0         33.24        -3.900    
  0.668426E-01   -0.668130E-01    0.481375       -0.484795    
 -0.107022        0.916532E-01    0.281436        0.896072E-01
   120.0         36.74        -3.900    
 -0.653802E-01    0.652794E-01    0.326704       -0.328595    
 -0.122077        0.108451        0.319478        0.101110    
   120.0         40.60        -3.900    
 -0.144086        0.143928        0.212417       -0.213340    
 -0.137696        0.125626        0.359967        0.112857    
   120.0         44.87        -3.900    
 -0.178472        0.178311        0.130694       -0.131053    
 -0.153491        0.142495        0.402492        0.124667    
   120.0         49.59        -3.900    
 -0.178778        0.178644        0.750010E-01   -0.750723E-01
 -0.168915        0.158274        0.446299        0.136301    
   120.0         54.81        -3.900    
 -0.154869        0.154778        0.393064E-01   -0.392632E-01
 -0.183402        0.172402        0.490507        0.147540    
   120.0         60.57        -3.900    
 -0.117694        0.117641        0.182740E-01   -0.182106E-01
 -0.196379        0.184557        0.534082        0.158205    
   120.0         66.94        -3.900    
 -0.772343E-01    0.772099E-01    0.718031E-02   -0.713520E-02
 -0.207314        0.194649        0.575922        0.168110    
   120.0         73.98        -3.900    
 -0.419404E-01    0.419322E-01    0.220349E-02   -0.218211E-02
 -0.215721        0.202707        0.614761        0.177066    
   120.0         81.76        -3.900    
 -0.171630E-01    0.171613E-01    0.454190E-03   -0.447773E-03
 -0.220939        0.208711        0.648750        0.184353    
   120.0         89.36        -3.900    
 -0.513363E-02    0.513341E-02    0.607304E-04   -0.595388E-04
 -0.696346E-02    0.605644E-02    0.672592        0.538356E-02
   120.0         90.36        -3.900    
 -0.422396E-02    0.422381E-02    0.441776E-04   -0.432728E-04
 -0.768119E-02    0.673050E-02    0.788299        0.598609E-02
   120.0         91.20        -3.900    
 -0.355239E-02    0.355227E-02    0.333786E-04   -0.326696E-04
 -0.836652E-02    0.737652E-02    0.675790        0.656344E-02
   120.0         92.00        -3.900    
 -0.298996E-02    0.298987E-02    0.252247E-04   -0.246691E-04
 -0.911089E-02    0.808009E-02    0.677809        0.719194E-02
   120.0         99.86        -3.900    
 -0.283510E-03    0.283509E-03    0.585263E-06   -0.566070E-06
 -0.263829E-01    0.247364E-01    0.818203E-01    0.220452E-01
   120.0         110.4        -3.900    
   0.00000         0.00000         0.00000         0.00000    
   0.00000         0.00000         0.00000         0.00000    
   120.0         120.0        -3.900    
   0.00000         0.00000         0.00000         0.00000    
   0.00000         0.00000         0.00000         0.00000    
   120.0         130.0        -3.900    
   0.00000         0.00000         0.00000         0.00000    
   0.00000         0.00000         0.00000         0.00000    
   120.0         140.0        -3.900    
   0.00000         0.00000         0.00000         0.00000    
   0.00000         0.00000         0.00000         0.00000    
   120.0         150.0        -3.900    
   0.00000         0.00000         0.00000         0.00000    
   0.00000         0.00000         0.00000         0.00000    
   120.0         160.0        -3.900    
   0.00000         0.00000         0.00000         0.00000    
   0.00000         0.00000         0.00000         0.00000    
   120.0         170.0        -3.900    
   0.00000         0.00000         0.00000         0.00000    
   0.00000         0.00000         0.00000         0.00000    
   120.0         180.0        -3.900    
   0.00000         0.00000         0.00000         0.00000    
   0.00000         0.00000         0.00000         0.00000    
   120.0         190.0        -3.900    
   0.00000         0.00000         0.00000         0.00000    
   0.00000         0.00000         0.00000         0.00000    
   120.0         200.0        -3.900    
   0.00000         0.00000         0.00000         0.00000    
   0.00000         0.00000         0.00000         0.00000    
   120.0         210.0        -3.900    
   0.00000         0.00000         0.00000         0.00000    
   0.00000         0.00000         0.00000         0.00000    
   120.0         220.0        -3.900    
   0.00000         0.00000         0.00000         0.00000    
   0.00000         0.00000         0.00000         0.00000    
   120.0         230.0        -3.900    
   0.00000         0.00000         0.00000         0.00000    
   0.00000         0.00000         0.00000         0.00000    
   120.0         240.0        -3.900    
   0.00000         0.00000         0.00000         0.00000    
   0.00000         0.00000         0.00000         0.00000    
   120.0         250.0        -3.900    
   0.00000         0.00000         0.00000         0.00000    
   0.00000         0.00000         0.00000         0.00000    
   120.0         260.0        -3.900    
   0.00000         0.00000         0.00000         0.00000    
   0.00000         0.00000         0.00000         0.00000    
   120.0         270.0        -3.900    
   0.00000         0.00000         0.00000         0.00000    
   0.00000         0.00000         0.00000         0.00000    
   120.0         280.0        -3.900    
   0.00000         0.00000         0.00000         0.00000    
   0.00000         0.00000         0.00000         0.00000    
   120.0         290.0        -3.900    
   0.00000         0.00000         0.00000         0.00000    
   0.00000         0.00000         0.00000         0.00000    
   120.0         300.0        -3.900    
   0.00000         0.00000         0.00000         0.00000    
   0.00000         0.00000         0.00000         0.00000    
   120.0         310.0        -3.900    
   0.00000         0.00000         0.00000         0.00000    
   0.00000         0.00000         0.00000         0.00000    
   120.0         320.0        -3.900    
   0.00000         0.00000         0.00000         0.00000    
   0.00000         0.00000         0.00000         0.00000    
   120.0         330.0        -3.900    
   0.00000         0.00000         0.00000         0.00000    
   0.00000         0.00000         0.00000         0.00000    
   120.0         340.0        -3.900    
   0.00000         0.00000         0.00000         0.00000    
   0.00000         0.00000         0.00000         0.00000    
   120.0         350.0        -3.900    
   0.00000         0.00000         0.00000         0.00000    
   0.00000         0.00000         0.00000         0.00000    
   120.0         360.0        -3.900    
   0.00000         0.00000         0.00000         0.00000    
   0.00000         0.00000         0.00000         0.00000    
   120.0         370.0        -3.900    
   0.00000         0.00000         0.00000         0.00000    
   0.00000         0.00000         0.00000         0.00000    
   120.0         380.0        -3.900    
   0.00000         0.00000         0.00000         0.00000    
   0.00000         0.00000         0.00000         0.00000    
   120.0         400.0        -3.900    
   0.00000         0.00000         0.00000         0.00000    
   0.00000         0.00000         0.00000         0.00000    
   120.0         450.0        -3.900    
   0.00000         0.00000         0.00000         0.00000    
   0.00000         0.00000         0.00000         0.00000    
   120.0         500.0        -3.900    
   0.00000         0.00000         0.00000         0.00000    
   0.00000         0.00000         0.00000         0.00000    
   120.0        0.9106E-01    -3.200    
  -156060.         150023.        -156082.         147596.    
  0.685212E-06   -0.335211E-08   -0.158217E-05   -0.278249E-07
   120.0        0.1006        -3.200    
  -130588.         125543.        -130604.         123378.    
  0.903353E-06   -0.484448E-08   -0.208654E-05   -0.401094E-07
   120.0        0.1112        -3.200    
  -108805.         104609.        -108819.         102681.    
  0.119708E-05   -0.703866E-08   -0.276463E-05   -0.581101E-07
   120.0        0.1229        -3.200    
  -90346.1         86867.9        -90356.7         85150.4    
  0.159097E-05   -0.102595E-07   -0.367473E-05   -0.844355E-07
   120.0        0.1358        -3.200    
  -74744.5         71872.9        -74754.6         70345.1    
  0.212134E-05   -0.150028E-07   -0.490041E-05   -0.123047E-06
   120.0        0.1501        -3.200    
  -61516.8         59159.0        -61512.5         57787.4    
  0.284423E-05   -0.220723E-07   -0.657132E-05   -0.180337E-06
   120.0        0.1659        -3.200    
  -50368.9         48443.7        -50380.5         47238.8    
  0.383042E-05   -0.326251E-07   -0.885132E-05   -0.265436E-06
   120.0        0.1834        -3.200    
  -40977.2         39416.0        -40990.5         38348.0    
  0.519276E-05   -0.485667E-07   -0.120018E-04   -0.393301E-06
   120.0        0.2027        -3.200    
  -33120.8         31863.8        -33135.0         30917.1    
  0.708220E-05   -0.727441E-07   -0.163724E-04   -0.586087E-06
   120.0        0.2240        -3.200    
  -26561.2         25557.6        -26573.5         24716.0    
  0.973207E-05   -0.109808E-06   -0.225042E-04   -0.879739E-06
   120.0        0.2475        -3.200    
  -21102.2         20309.3        -21111.5         19560.0    
  0.135111E-04   -0.167300E-06   -0.312573E-04   -0.133207E-05
   120.0        0.2736        -3.200    
  -16548.4         15930.9        -16552.5         15261.8    
  0.189571E-04   -0.258560E-06   -0.438607E-04   -0.204464E-05
   120.0        0.3023        -3.200    
  -12803.3         12329.8        -12807.1         11735.9    
  0.269772E-04   -0.404614E-06   -0.624444E-04   -0.317569E-05
   120.0        0.3341        -3.200    
  -9713.48         9358.45        -9718.23         8832.90    
  0.391301E-04   -0.646142E-06   -0.906148E-04   -0.502960E-05
   120.0        0.3693        -3.200    
  -7182.20         6923.97        -7188.10         6459.59    
  0.582110E-04   -0.105890E-05   -0.134869E-03   -0.816774E-05
   120.0        0.4081        -3.200    
  -5129.81         4949.81        -5135.33         4538.47    
  0.895880E-04   -0.179632E-05   -0.207688E-03   -0.137181E-04
   120.0        0.4510        -3.200    
  -3472.16         3355.10        -3477.54         2991.01    
  0.145389E-03   -0.321606E-05   -0.337276E-03   -0.242921E-04
   120.0        0.4985        -3.200    
  -2143.47         2076.63        -2148.22         1754.21    
  0.258541E-03   -0.631598E-05   -0.600229E-03   -0.471345E-04
   120.0        0.5509        -3.200    
  -1093.34         1065.96        -1097.46         780.448    
  0.555467E-03   -0.149980E-04   -0.129072E-02   -0.110456E-03
   120.0        0.6088        -3.200    
  -272.239         275.494        -276.011         23.0063    
  0.242235E-02   -0.723668E-04   -0.563450E-02   -0.525286E-03
   120.0        0.6729        -3.200    
   360.619        -333.971         356.749        -556.743    
 -0.205414E-02    0.679896E-04    0.478369E-02    0.485720E-03
   120.0        0.7436        -3.200    
   836.584        -792.562         832.740        -989.068    
 -0.963230E-03    0.353694E-04    0.224612E-02    0.248323E-03
   120.0        0.8218        -3.200    
   1185.66        -1129.12         1181.97        -1302.37    
 -0.742503E-03    0.302763E-04    0.173422E-02    0.208555E-03
   120.0        0.9083        -3.200    
   1431.42        -1366.30         1427.58        -1518.70    
 -0.671747E-03    0.304735E-04    0.157181E-02    0.205583E-03
   120.0         1.004        -3.200    
   1593.72        -1523.20         1589.88        -1657.19    
 -0.658319E-03    0.332828E-04    0.154363E-02    0.219478E-03
   120.0         1.109        -3.200    
   1688.67        -1615.29         1684.66        -1732.90    
 -0.676729E-03    0.381676E-04    0.159061E-02    0.245553E-03
   120.0         1.226        -3.200    
   1731.60        -1657.32         1727.87        -1760.69    
 -0.718091E-03    0.453082E-04    0.169255E-02    0.283691E-03
   120.0         1.355        -3.200    
   1733.20        -1659.56         1729.69        -1750.33    
 -0.779187E-03    0.550959E-04    0.184246E-02    0.334956E-03
   120.0         1.497        -3.200    
   1703.42        -1631.58         1700.10        -1711.22    
 -0.859180E-03    0.682006E-04    0.203909E-02    0.401597E-03
   120.0         1.655        -3.200    
   1649.70        -1580.55         1646.34        -1650.06    
 -0.960029E-03    0.858154E-04    0.228816E-02    0.487977E-03
   120.0         1.829        -3.200    
   1578.97        -1513.10         1575.58        -1573.72    
 -0.108250E-02    0.109185E-03    0.259267E-02    0.597858E-03
   120.0         2.021        -3.200    
   1496.42        -1434.24         1493.00        -1486.99    
 -0.122929E-02    0.140245E-03    0.296074E-02    0.737182E-03
   120.0         2.234        -3.200    
   1405.80        -1347.59         1402.47        -1393.46    
 -0.140431E-02    0.181794E-03    0.340403E-02    0.914084E-03
   120.0         2.469        -3.200    
   1310.98        -1256.86         1307.84        -1296.77    
 -0.161027E-02    0.237158E-03    0.393196E-02    0.113669E-02
   120.0         2.729        -3.200    
   1214.36        -1164.36         1211.37        -1199.00    
 -0.185197E-02    0.311265E-03    0.456004E-02    0.141663E-02
   120.0         3.016        -3.200    
   1118.25        -1072.31         1115.35        -1102.27    
 -0.213320E-02    0.410327E-03    0.530259E-02    0.176631E-02
   120.0         3.333        -3.200    
   1024.15        -982.165         1021.32        -1007.98    
 -0.245865E-02    0.542856E-03    0.617746E-02    0.220101E-02
   120.0         3.683        -3.200    
   933.273        -895.087         930.583        -917.332    
 -0.283213E-02    0.719872E-03    0.720261E-02    0.273723E-02
   120.0         4.071        -3.200    
   846.131        -811.574         843.607        -830.706    
 -0.325931E-02    0.956909E-03    0.840297E-02    0.339618E-02
   120.0         4.499        -3.200    
   763.760        -732.620         761.408        -749.045    
 -0.374128E-02    0.127170E-02    0.979362E-02    0.419400E-02
   120.0         4.972        -3.200    
   686.361        -658.423         684.188        -672.496    
 -0.428069E-02    0.168813E-02    0.113970E-01    0.515001E-02
   120.0         5.495        -3.200    
   614.106        -589.150         612.224        -601.285    
 -0.487756E-02    0.223438E-02    0.132307E-01    0.627858E-02
   120.0         6.073        -3.200    
   547.106        -524.909         545.489        -535.356    
 -0.553182E-02    0.294223E-02    0.153137E-01    0.758876E-02
   120.0         6.711        -3.200    
   485.394        -465.735         484.123        -474.813    
 -0.624144E-02    0.384110E-02    0.176581E-01    0.907677E-02
   120.0         7.417        -3.200    
   428.702        -411.371         427.772        -419.287    
 -0.701351E-02    0.495517E-02    0.202986E-01    0.107377E-01
   120.0         8.197        -3.200    
   376.956        -361.746         376.397        -368.721    
 -0.786504E-02    0.627547E-02    0.232856E-01    0.125558E-01
   120.0         9.059        -3.200    
   329.918        -316.635         329.791        -322.893    
 -0.882817E-02    0.777173E-02    0.267502E-01    0.145864E-01
   120.0         10.01        -3.200    
   287.407        -275.863         287.752        -281.591    
 -0.994353E-02    0.963001E-02    0.308632E-01    0.169725E-01
   120.0         11.06        -3.200    
   249.103        -239.126         249.942        -244.474    
 -0.112409E-01    0.119111E-01    0.357599E-01    0.198267E-01
   120.0         12.23        -3.200    
   214.438        -205.876         215.820        -211.003    
 -0.127677E-01    0.147544E-01    0.416461E-01    0.232768E-01
   120.0         13.51        -3.200    
   183.751        -176.442         185.713        -181.490    
 -0.145354E-01    0.182499E-01    0.485968E-01    0.274043E-01
   120.0         14.94        -3.200    
   156.124        -149.941         158.708        -155.036    
 -0.166288E-01    0.225535E-01    0.569710E-01    0.324366E-01
   120.0         16.51        -3.200    
   131.793        -126.600         135.008        -131.833    
 -0.190720E-01    0.278056E-01    0.669037E-01    0.384853E-01
   120.0         18.24        -3.200    
   110.355        -106.034         114.214        -111.488    
 -0.219334E-01    0.341562E-01    0.786679E-01    0.457369E-01
   120.0         20.16        -3.200    
   91.4249        -87.8718         95.9325        -93.6096    
 -0.253162E-01    0.418557E-01    0.926950E-01    0.544299E-01
   120.0         22.28        -3.200    
   74.8852        -72.0011         80.0265        -78.0646    
 -0.292956E-01    0.511025E-01    0.109270        0.647346E-01
   120.0         24.63        -3.200    
   60.4654        -58.1622         66.2227        -64.5794    
 -0.339875E-01    0.620943E-01    0.128830        0.768513E-01
   120.0         27.22        -3.200    
   48.0502        -46.2443         54.3842        -53.0207    
 -0.394750E-01    0.749627E-01    0.151631        0.908523E-01
   120.0         30.08        -3.200    
   37.4206        -36.0372         44.2592        -43.1400    
 -0.458962E-01    0.898818E-01    0.178108        0.106867    
   120.0         33.24        -3.200    
   28.4010        -27.3722         35.6575        -34.7496    
 -0.533715E-01    0.106981        0.208600        0.124903    
   120.0         36.74        -3.200    
   20.8216        -20.0865         28.3932        -27.6662    
 -0.620290E-01    0.126296        0.243423        0.144899    
   120.0         40.60        -3.200    
   14.5747        -14.0768         22.3346        -21.7620    
 -0.719207E-01    0.147648        0.282545        0.166552    
   120.0         44.87        -3.200    
   9.50901        -9.19809         17.3094        -16.8656    
 -0.831384E-01    0.170956        0.326134        0.189610    
   120.0         49.59        -3.200    
   5.50801        -5.33861         13.1959        -12.8588    
 -0.956299E-01    0.195768        0.373835        0.213490    
   120.0         54.81        -3.200    
   2.45310        -2.38612         9.86931        -9.61845    
 -0.109295        0.221593        0.425168        0.237591    
   120.0         60.57        -3.200    
  0.236666       -0.238502         7.21997        -7.03802    
 -0.123957        0.247938        0.479593        0.261316    
   120.0         66.94        -3.200    
  -1.25970         1.21691         5.14791        -5.01948    
 -0.139248        0.274081        0.536051        0.283842    
   120.0         73.98        -3.200    
  -2.14944         2.08788         3.56264        -3.47480    
 -0.154732        0.299336        0.593417        0.304480    
   120.0         81.76        -3.200    
  -2.54901         2.48408         2.37970        -2.32166    
 -0.169990        0.323320        0.650856        0.322813    
   120.0         89.36        -3.200    
  -2.57974         2.52098         1.60614        -1.56731    
 -0.182908        0.343147        0.700999        0.336786    
   120.0         90.36        -3.200    
  -2.56691         2.50928         1.52520        -1.48836    
 -0.184454        0.345499        0.707139        0.338353    
   120.0         91.20        -3.200    
  -2.55387         2.49722         1.46036        -1.42511    
 -0.185725        0.347430        0.712214        0.339623    
   120.0         92.00        -3.200    
  -2.53965         2.48396         1.40115        -1.36735    
 -0.186914        0.349234        0.716988        0.340799    
   120.0         99.86        -3.200    
  -2.32882         2.28323        0.931968       -0.909568    
 -0.196647        0.365328        0.760741        0.350601    
   120.0         110.4        -3.200    
  -1.94024         1.90807        0.536369       -0.523443    
 -0.208812        0.383090        0.811656        0.360644    
   120.0         120.0        -3.200    
  -1.56892         1.54674        0.321762       -0.313927    
 -0.216580        0.396052        0.850965        0.368502    
   120.0         130.0        -3.200    
  -1.21390         1.19952        0.187030       -0.182390    
 -0.222394        0.406810        0.885600        0.375592    
   120.0         140.0        -3.200    
 -0.909928        0.900985        0.107227       -0.104494    
 -0.226379        0.415617        0.915050        0.381882    
   120.0         150.0        -3.200    
 -0.664124        0.658787        0.604665E-01   -0.588721E-01
 -0.228819        0.422731        0.939966        0.387145    
   120.0         160.0        -3.200    
 -0.472889        0.469825        0.334239E-01   -0.325056E-01
 -0.229992        0.428471        0.960953        0.391382    
   120.0         170.0        -3.200    
 -0.328363        0.326674        0.180389E-01   -0.175193E-01
 -0.230116        0.433043        0.978456        0.394778    
   120.0         180.0        -3.200    
 -0.221984        0.221094        0.945598E-02   -0.916881E-02
 -0.229447        0.436775        0.993201        0.397616    
   120.0         190.0        -3.200    
 -0.145621        0.145175        0.478738E-02   -0.463332E-02
 -0.228053        0.439606         1.00438        0.399862    
   120.0         200.0        -3.200    
 -0.924641E-01    0.922525E-01    0.232164E-02   -0.224207E-02
 -0.226152        0.438525         1.00900        0.398770    
   120.0         210.0        -3.200    
 -0.565369E-01    0.564430E-01    0.106831E-02   -0.102915E-02
 -0.223748        0.443269         1.02207        0.403139    
   120.0         220.0        -3.200    
 -0.330339E-01    0.329953E-01    0.459881E-03   -0.441731E-03
 -0.221000        0.444289         1.02759        0.404316    
   120.0         230.0        -3.200    
 -0.182441E-01    0.182297E-01    0.181848E-03   -0.174072E-03
 -0.215524        0.444093         1.03022        0.404543    
   120.0         240.0        -3.200    
 -0.936540E-02    0.936066E-02    0.642608E-04   -0.612658E-04
 -0.213363        0.441097         1.02525        0.402355    
   120.0         250.0        -3.200    
 -0.436015E-02    0.435883E-02    0.194529E-04   -0.184539E-04
 -0.524237E-01    0.441741         1.03116        0.403609    
   120.0         260.0        -3.200    
 -0.176935E-02    0.176905E-02    0.471099E-05   -0.444029E-05
 -0.718196E-01    0.145049         1.20327        0.132791    
   120.0         270.0        -3.200    
 -0.581832E-03    0.581786E-03    0.804080E-06   -0.751200E-06
 -0.102257        0.213705        0.502324        0.196086    
   120.0         280.0        -3.200    
 -0.132947E-03    0.132943E-03    0.737881E-07   -0.680261E-07
 -0.151785        0.327641        0.767402        0.301378    
   120.0         290.0        -3.200    
 -0.145939E-04    0.145938E-04    0.101743E-08   -0.382380E-09
 -0.354224E-09    0.873697E-09    0.188499E-08     0.00000    
   120.0         300.0        -3.200    
 -0.545479E-07    0.545479E-07    0.498586E-12   -0.183407E-12
 -0.170535E-12    0.431112E-12    0.927120E-12     0.00000    
   120.0         310.0        -3.200    
   0.00000         0.00000         0.00000         0.00000    
   0.00000         0.00000         0.00000         0.00000    
   120.0         320.0        -3.200    
   0.00000         0.00000         0.00000         0.00000    
   0.00000         0.00000         0.00000         0.00000    
   120.0         330.0        -3.200    
   0.00000         0.00000         0.00000         0.00000    
   0.00000         0.00000         0.00000         0.00000    
   120.0         340.0        -3.200    
   0.00000         0.00000         0.00000         0.00000    
   0.00000         0.00000         0.00000         0.00000    
   120.0         350.0        -3.200    
   0.00000         0.00000         0.00000         0.00000    
   0.00000         0.00000         0.00000         0.00000    
   120.0         360.0        -3.200    
   0.00000         0.00000         0.00000         0.00000    
   0.00000         0.00000         0.00000         0.00000    
   120.0         370.0        -3.200    
   0.00000         0.00000         0.00000         0.00000    
   0.00000         0.00000         0.00000         0.00000    
   120.0         380.0        -3.200    
   0.00000         0.00000         0.00000         0.00000    
   0.00000         0.00000         0.00000         0.00000    
   120.0         400.0        -3.200    
   0.00000         0.00000         0.00000         0.00000    
   0.00000         0.00000         0.00000         0.00000    
   120.0         450.0        -3.200    
   0.00000         0.00000         0.00000         0.00000    
   0.00000         0.00000         0.00000         0.00000    
   120.0         500.0        -3.200    
   0.00000         0.00000         0.00000         0.00000    
   0.00000         0.00000         0.00000         0.00000    
   120.0        0.9106E-01    -2.960    
  -232812.         217226.        -232816.         214076.    
  0.506409E-06   -0.683096E-08   -0.147518E-05   -0.341393E-07
   120.0        0.1006        -2.960    
  -195549.         182471.        -195550.         179661.    
  0.665335E-06   -0.981968E-08   -0.193240E-05   -0.490239E-07
   120.0        0.1112        -2.960    
  -163616.         152685.        -163632.         150198.    
  0.877798E-06   -0.141818E-07   -0.254899E-05   -0.707178E-07
   120.0        0.1229        -2.960    
  -136492.         127384.        -136528.         125190.    
  0.116115E-05   -0.205327E-07   -0.337108E-05   -0.102253E-06
   120.0        0.1358        -2.960    
  -113510.         105945.        -113544.         103996.    
  0.154040E-05   -0.298068E-07   -0.447617E-05   -0.148224E-06
   120.0        0.1501        -2.960    
  -93970.9         87718.2        -93993.5         85977.1    
  0.205521E-05   -0.434888E-07   -0.595824E-05   -0.215917E-06
   120.0        0.1659        -2.960    
  -77455.9         72311.1        -77465.5         70753.2    
  0.274849E-05   -0.637176E-07   -0.797343E-05   -0.315792E-06
   120.0        0.1834        -2.960    
  -63497.8         59288.6        -63506.0         57903.7    
  0.369865E-05   -0.938712E-07   -0.107227E-04   -0.464328E-06
   120.0        0.2027        -2.960    
  -51780.3         48355.9        -51792.0         47129.3    
  0.499986E-05   -0.138930E-06   -0.144991E-04   -0.685728E-06
   120.0        0.2240        -2.960    
  -41958.9         39191.7        -41965.7         38098.3    
  0.680340E-05   -0.206862E-06   -0.197178E-04   -0.101859E-05
   120.0        0.2475        -2.960    
  -33750.6         31531.9        -33770.6         30573.5    
  0.931538E-05   -0.309982E-06   -0.269882E-04   -0.152235E-05
   120.0        0.2736        -2.960    
  -26870.5         25111.2        -26888.4         24260.8    
  0.128935E-04   -0.469804E-06   -0.373397E-04   -0.230051E-05
   120.0        0.3023        -2.960    
  -21182.0         19802.0        -21194.8         19044.0    
  0.180115E-04   -0.718371E-06   -0.521394E-04   -0.350638E-05
   120.0        0.3341        -2.960    
  -16460.4         15394.7        -16466.2         14717.1    
  0.255260E-04   -0.111478E-05   -0.738584E-04   -0.542190E-05
   120.0        0.3693        -2.960    
  -12565.7         11758.8        -12570.8         11158.0    
  0.368043E-04   -0.176050E-05   -0.106439E-03   -0.852866E-05
   120.0        0.4081        -2.960    
  -9382.65         8786.87        -9388.20         8255.12    
  0.542073E-04   -0.283983E-05   -0.156690E-03   -0.136976E-04
   120.0        0.4510        -2.960    
  -6788.00         6363.91        -6794.09         5893.78    
  0.823558E-04   -0.472640E-05   -0.237925E-03   -0.226876E-04
   120.0        0.4985        -2.960    
  -4685.46         4400.10        -4692.38         3985.19    
  0.131054E-03   -0.824256E-05   -0.378400E-03   -0.393549E-04
   120.0        0.5509        -2.960    
  -3001.80         2827.16        -3008.13         2460.09    
  0.224450E-03   -0.154757E-04   -0.647841E-03   -0.734552E-04
   120.0        0.6088        -2.960    
  -1664.08         1577.05        -1670.16         1252.59    
  0.443757E-03   -0.335356E-04   -0.127973E-02   -0.158140E-03
   120.0        0.6729        -2.960    
  -612.060         593.586        -617.313         306.549    
  0.131680E-02   -0.109153E-03   -0.379505E-02   -0.511006E-03
   120.0        0.7436        -2.960    
   200.067        -165.966         195.588        -419.853    
 -0.455364E-02    0.414109E-03    0.131153E-01    0.192324E-02
   120.0        0.8218        -2.960    
   817.019        -743.322         812.427        -967.019    
 -0.120012E-02    0.119797E-03    0.345429E-02    0.551466E-03
   120.0        0.9083        -2.960    
   1273.76        -1171.10         1269.25        -1368.15    
 -0.840143E-03    0.921061E-04    0.241659E-02    0.419853E-03
   120.0         1.004        -2.960    
   1599.88        -1476.91         1595.47        -1650.33    
 -0.730194E-03    0.879768E-04    0.209898E-02    0.396689E-03
   120.0         1.109        -2.960    
   1818.84        -1682.63         1814.46        -1835.17    
 -0.700135E-03    0.927010E-04    0.201134E-02    0.413019E-03
   120.0         1.226        -2.960    
   1954.85        -1810.85         1950.35        -1944.64    
 -0.709756E-03    0.103425E-03    0.203778E-02    0.454681E-03
   120.0         1.355        -2.960    
   2023.22        -1875.89         2018.79        -1993.22    
 -0.745596E-03    0.119672E-03    0.214017E-02    0.518392E-03
   120.0         1.497        -2.960    
   2039.01        -1891.76         2034.92        -1994.84    
 -0.803092E-03    0.141964E-03    0.230347E-02    0.605004E-03
   120.0         1.655        -2.960    
   2014.23        -1869.69         2010.28        -1959.96    
 -0.881081E-03    0.171860E-03    0.252621E-02    0.719197E-03
   120.0         1.829        -2.960    
   1958.89        -1819.03         1954.98        -1897.90    
 -0.979468E-03    0.210954E-03    0.280747E-02    0.865211E-03
   120.0         2.021        -2.960    
   1881.21        -1747.43         1877.32        -1816.23    
 -0.109981E-02    0.261809E-03    0.315205E-02    0.105012E-02
   120.0         2.234        -2.960    
   1787.31        -1660.64         1783.47        -1720.53    
 -0.124513E-02    0.328132E-03    0.356852E-02    0.128388E-02
   120.0         2.469        -2.960    
   1683.04        -1564.09         1679.35        -1616.23    
 -0.141752E-02    0.414037E-03    0.406330E-02    0.157604E-02
   120.0         2.729        -2.960    
   1572.39        -1461.53         1568.82        -1506.81    
 -0.162096E-02    0.525569E-03    0.464810E-02    0.194034E-02
   120.0         3.016        -2.960    
   1459.00        -1356.36         1455.66        -1395.71    
 -0.185857E-02    0.669889E-03    0.533244E-02    0.239069E-02
   120.0         3.333        -2.960    
   1345.47        -1250.98         1342.29        -1285.08    
 -0.213465E-02    0.856615E-03    0.612913E-02    0.294418E-02
   120.0         3.683        -2.960    
   1233.84        -1147.34         1230.88        -1176.87    
 -0.245281E-02    0.109760E-02    0.704956E-02    0.361827E-02
   120.0         4.071        -2.960    
   1125.23        -1046.46         1122.49        -1072.00    
 -0.281829E-02    0.140913E-02    0.810993E-02    0.443457E-02
   120.0         4.499        -2.960    
   1021.30        -949.915         1018.75        -971.940    
 -0.323262E-02    0.180839E-02    0.931634E-02    0.540652E-02
   120.0         4.972        -2.960    
   922.631        -858.227         920.323        -877.233    
 -0.369845E-02    0.231788E-02    0.106788E-01    0.654849E-02
   120.0         5.495        -2.960    
   829.685        -771.844         827.698        -788.304    
 -0.421657E-02    0.296299E-02    0.122065E-01    0.786694E-02
   120.0         6.073        -2.960    
   742.812        -691.095         741.219        -705.424    
 -0.478575E-02    0.377005E-02    0.139056E-01    0.935697E-02
   120.0         6.711        -2.960    
   662.229        -616.183         661.054        -628.716    
 -0.540323E-02    0.476220E-02    0.157918E-01    0.110011E-01
   120.0         7.417        -2.960    
   587.725        -546.916         587.023        -557.975    
 -0.606827E-02    0.595586E-02    0.179131E-01    0.127797E-01
   120.0         8.197        -2.960    
   519.321        -483.314         519.130        -493.180    
 -0.678226E-02    0.733858E-02    0.203777E-01    0.146791E-01
   120.0         9.059        -2.960    
   456.802        -425.181         457.153        -434.094    
 -0.756519E-02    0.889370E-02    0.233518E-01    0.167888E-01
   120.0         10.01        -2.960    
   400.010        -372.370         400.934        -380.548    
 -0.846589E-02    0.107939E-01    0.268849E-01    0.192281E-01
   120.0         11.06        -2.960    
   348.591        -324.553         350.154        -332.225    
 -0.950649E-02    0.130888E-01    0.311056E-01    0.221202E-01
   120.0         12.23        -2.960    
   301.838        -281.073         304.100        -288.433    
 -0.107279E-01    0.159146E-01    0.361771E-01    0.256018E-01
   120.0         13.51        -2.960    
   260.260        -242.404         263.266        -249.632    
 -0.121343E-01    0.193520E-01    0.421911E-01    0.297682E-01
   120.0         14.94        -2.960    
   222.657        -207.431         226.438        -214.660    
 -0.137927E-01    0.235408E-01    0.494578E-01    0.348610E-01
   120.0         16.51        -2.960    
   189.386        -176.485         193.967        -183.843    
 -0.157196E-01    0.286093E-01    0.581032E-01    0.410140E-01
   120.0         18.24        -2.960    
   159.933        -149.089         165.348        -156.695    
 -0.179688E-01    0.346621E-01    0.683851E-01    0.484366E-01
   120.0         20.16        -2.960    
   133.794        -124.772         140.047        -132.708    
 -0.206183E-01    0.419836E-01    0.806885E-01    0.573930E-01
   120.0         22.28        -2.960    
   110.832        -103.409         117.896        -111.716    
 -0.237332E-01    0.507377E-01    0.953157E-01    0.680899E-01
   120.0         24.63        -2.960    
   90.6918        -84.6675         98.5526        -93.3913    
 -0.274017E-01    0.611569E-01    0.112679        0.807546E-01
   120.0         27.22        -2.960    
   73.2329        -68.4167         81.8477        -77.5714    
 -0.316947E-01    0.733897E-01    0.133061        0.955163E-01
   120.0         30.08        -2.960    
   58.1657        -54.3866         67.4619        -63.9515    
 -0.367187E-01    0.876386E-01    0.156887        0.112501    
   120.0         33.24        -2.960    
   45.2579        -42.3608         55.1350        -52.2829    
 -0.425824E-01    0.104108        0.184554        0.131771    
   120.0         36.74        -2.960    
   34.2849        -32.1297         44.6137        -42.3244    
 -0.494112E-01    0.122938        0.216481        0.153310    
   120.0         40.60        -2.960    
   25.1079        -23.5643         35.7414        -33.9271    
 -0.572572E-01    0.144048        0.252736        0.176814    
   120.0         44.87        -2.960    
   17.5243        -16.4768         28.2928        -26.8758    
 -0.662079E-01    0.167471        0.293539        0.201969    
   120.0         49.59        -2.960    
   11.3841        -10.7281         22.0990        -21.0106    
 -0.762770E-01    0.192935        0.338793        0.228204    
   120.0         54.81        -2.960    
   6.53573        -6.17815         16.9958        -16.1758    
 -0.874371E-01    0.220126        0.388280        0.254899    
   120.0         60.57        -2.960    
   2.84539        -2.70338         12.8484        -12.2434    
 -0.995445E-01    0.248562        0.441416        0.281201    
   120.0         66.94        -2.960    
  0.161959       -0.165630         9.51953        -9.08377    
 -0.112392        0.277651        0.497474        0.306258    
   120.0         73.98        -2.960    
  -1.65020         1.55820         6.89082        -6.58539    
 -0.125697        0.306797        0.555636        0.329293    
   120.0         81.76        -2.960    
  -2.71894         2.58519         4.85670        -4.64902    
 -0.139063        0.335355        0.614819        0.349556    
   120.0         89.36        -2.960    
  -3.17891         3.03565         3.46874        -3.32541    
 -0.150646        0.359727        0.667381        0.364759    
   120.0         90.36        -2.960    
  -3.20929         3.06623         3.31936        -3.18282    
 -0.152064        0.362695        0.673922        0.366467    
   120.0         91.20        -2.960    
  -3.23041         3.08771         3.19899        -3.06788    
 -0.153234        0.365151        0.679357        0.367857    
   120.0         92.00        -2.960    
  -3.24703         3.10484         3.08852        -2.96238    
 -0.154332        0.367454        0.684476        0.369138    
   120.0         99.86        -2.960    
  -3.26139         3.13059         2.19042        -2.10391    
 -0.164233        0.388286        0.731836        0.379631    
   120.0         110.4        -2.960    
  -3.00639         2.89925         1.38558        -1.33306    
 -0.175195        0.411885        0.787817        0.390313    
   120.0         120.0        -2.960    
  -2.64673         2.56254        0.913839       -0.880304    
 -0.183106        0.429779        0.832235        0.399501    
   120.0         130.0        -2.960    
  -2.23276         2.16997        0.592116       -0.570993    
 -0.189488        0.445296        0.872521        0.408790    
   120.0         140.0        -2.960    
  -1.83541         1.78997        0.383083       -0.369715    
 -0.194200        0.458173        0.907358        0.417910    
   120.0         150.0        -2.960    
  -1.47949         1.44749        0.247044       -0.238557    
 -0.197602        0.469060        0.937888        0.426633    
   120.0         160.0        -2.960    
  -1.17343         1.15134        0.158634       -0.153230    
 -0.199891        0.478237        0.964612        0.434658    
   120.0         170.0        -2.960    
 -0.917420        0.902511        0.101318       -0.978736E-01
 -0.201233        0.485964        0.987920        0.442101    
   120.0         180.0        -2.960    
 -0.706874        0.697025        0.642939E-01   -0.620990E-01
 -0.201754        0.492378         1.00803        0.448917    
   120.0         190.0        -2.960    
 -0.538246        0.531850        0.404602E-01   -0.390643E-01
 -0.201690        0.497879         1.02576        0.455371    
   120.0         200.0        -2.960    
 -0.405140        0.401061        0.252142E-01   -0.243301E-01
 -0.201113        0.502568         1.04127        0.461509    
   120.0         210.0        -2.960    
 -0.301331        0.298783        0.155369E-01   -0.149803E-01
 -0.200083        0.506417         1.05458        0.467230    
   120.0         220.0        -2.960    
 -0.221305        0.219748        0.944465E-02   -0.909719E-02
 -0.198732        0.509686         1.06621        0.472756    
   120.0         230.0        -2.960    
 -0.160278        0.159348        0.565140E-02   -0.543692E-02
 -0.197104        0.512139         1.07624        0.477821    
   120.0         240.0        -2.960    
 -0.114340        0.113800        0.332037E-02   -0.318985E-02
 -0.195224        0.514512         1.08452        0.483055    
   120.0         250.0        -2.960    
 -0.803004E-01    0.799943E-01    0.190841E-02   -0.183038E-02
 -0.193023        0.516350         1.09182        0.488018    
   120.0         260.0        -2.960    
 -0.553979E-01    0.552300E-01    0.106972E-02   -0.102408E-02
 -0.190997        0.517507         1.09731        0.492536    
   120.0         270.0        -2.960    
 -0.374475E-01    0.373586E-01    0.581534E-03   -0.555532E-03
 -0.187248        0.518092         1.10193        0.496691    
   120.0         280.0        -2.960    
 -0.247140E-01    0.246689E-01    0.305000E-03   -0.290658E-03
 -0.185331        0.514982         1.09818        0.497448    
   120.0         290.0        -2.960    
 -0.158579E-01    0.158361E-01    0.153142E-03   -0.145538E-03
 -0.183703        0.516731         1.10733        0.503017    
   120.0         300.0        -2.960    
 -0.983460E-02    0.982465E-02    0.729276E-04   -0.690888E-04
 -0.218242        0.518862         1.10859        0.509131    
   120.0         310.0        -2.960    
 -0.585525E-02    0.585101E-02    0.325035E-04   -0.306815E-04
 -0.209272        0.613930         1.10764        0.607335    
   120.0         320.0        -2.960    
 -0.331421E-02    0.331256E-02    0.133250E-04   -0.125242E-04
 -0.699559E-01    0.509905         1.09314        0.508591    
   120.0         330.0        -2.960    
 -0.175757E-02    0.175699E-02    0.489666E-05   -0.457892E-05
 -0.849296E-01    0.238352         1.08750        0.239726    
   120.0         340.0        -2.960    
 -0.854656E-03    0.854482E-03    0.155293E-05   -0.144314E-05
 -0.103979        0.300376        0.649545        0.304673    
   120.0         350.0        -2.960    
 -0.368260E-03    0.368217E-03    0.399070E-06   -0.367936E-06
 -0.128289        0.380973        0.821722        0.389754    
   120.0         360.0        -2.960    
 -0.132529E-03    0.132521E-03    0.745036E-07   -0.679735E-07
 -0.158252        0.482375         1.03804        0.497762    
   120.0         370.0        -2.960    
 -0.408762E-04    0.408752E-04    0.513139E-08   -0.153816E-08
 -0.146622E-08    0.467013E-08    0.978194E-08     0.00000    
   120.0         380.0        -2.960    
 -0.615599E-05    0.615596E-05    0.356057E-09   -0.101060E-09
 -0.966939E-10    0.327533E-09    0.681533E-09     0.00000    
   120.0         400.0        -2.960    
   0.00000         0.00000         0.00000         0.00000    
   0.00000         0.00000         0.00000         0.00000    
   120.0         450.0        -2.960    
   0.00000         0.00000         0.00000         0.00000    
   0.00000         0.00000         0.00000         0.00000    
   120.0         500.0        -2.960    
   0.00000         0.00000         0.00000         0.00000    
   0.00000         0.00000         0.00000         0.00000    
   120.0        0.9106E-01    -2.400    
  -345935.         286317.        -345989.         282991.    
  0.245009E-06   -0.303585E-07   -0.454202E-06   -0.735416E-08
   120.0        0.1006        -2.400    
  -292028.         241735.        -292062.         238760.    
  0.320313E-06   -0.433681E-07   -0.593894E-06   -0.105201E-07
   120.0        0.1112        -2.400    
  -245692.         203411.        -245716.         200758.    
  0.420349E-06   -0.622062E-07   -0.779505E-06   -0.151129E-07
   120.0        0.1229        -2.400    
  -206208.         170751.        -206229.         168390.    
  0.555559E-06   -0.893905E-07   -0.102534E-05   -0.217540E-07
   120.0        0.1358        -2.400    
  -172637.         142981.        -172654.         140878.    
  0.728558E-06   -0.128679E-06   -0.135163E-05   -0.313736E-07
   120.0        0.1501        -2.400    
  -143991.         119282.        -144010.         117414.    
  0.963904E-06   -0.185963E-06   -0.178871E-05   -0.454342E-07
   120.0        0.1659        -2.400    
  -119682.         99167.7        -119702.         97510.4    
  0.127944E-05   -0.269558E-06   -0.237494E-05   -0.660089E-07
   120.0        0.1834        -2.400    
  -99046.7         82092.2        -99065.1         80619.5    
  0.170569E-05   -0.392416E-06   -0.316721E-05   -0.963382E-07
   120.0        0.2027        -2.400    
  -81642.4         67688.3        -81655.7         66377.0    
  0.228215E-05   -0.573073E-06   -0.423924E-05   -0.141085E-06
   120.0        0.2240        -2.400    
  -66979.5         55551.4        -66990.0         54385.3    
  0.306671E-05   -0.840210E-06   -0.569903E-05   -0.207493E-06
   120.0        0.2475        -2.400    
  -54655.8         45349.2        -54664.8         44313.1    
  0.414625E-05   -0.123746E-05   -0.770009E-05   -0.306646E-06
   120.0        0.2736        -2.400    
  -44262.3         36743.4        -44273.3         35826.0    
  0.563608E-05   -0.183687E-05   -0.104850E-04   -0.456918E-06
   120.0        0.3023        -2.400    
  -35609.5         29577.6        -35622.2         28765.5    
  0.771451E-05   -0.274030E-05   -0.143609E-04   -0.684515E-06
   120.0        0.3341        -2.400    
  -28372.4         23582.8        -28384.1         22863.0    
  0.106617E-04   -0.412714E-05   -0.198619E-04   -0.103577E-05
   120.0        0.3693        -2.400    
  -22350.9         18593.9        -22361.0         17955.2    
  0.148996E-04   -0.628378E-05   -0.277805E-04   -0.158520E-05
   120.0        0.4081        -2.400    
  -17381.5         14475.5        -17389.7         13908.7    
  0.210787E-04   -0.967905E-05   -0.393404E-04   -0.245576E-05
   120.0        0.4510        -2.400    
  -13285.4         11079.7        -13293.7         10578.3    
  0.303229E-04   -0.151541E-04   -0.566578E-04   -0.386942E-05
   120.0        0.4985        -2.400    
  -9923.00         8291.19        -9930.33         7847.09    
  0.446246E-04   -0.242639E-04   -0.834901E-04   -0.623943E-05
   120.0        0.5509        -2.400    
  -7189.52         6023.33        -7197.41         5631.28    
  0.676328E-04   -0.399822E-04   -0.126727E-03   -0.103622E-04
   120.0        0.6088        -2.400    
  -4978.41         4187.94        -4984.28         3840.02    
  0.107211E-03   -0.688674E-04   -0.201234E-03   -0.180042E-04
   120.0        0.6729        -2.400    
  -3201.41         2712.01        -3207.36         2404.98    
  0.182790E-03   -0.127528E-03   -0.343783E-03   -0.336639E-04
   120.0        0.7436        -2.400    
  -1792.34         1540.85        -1798.24         1269.89    
  0.357268E-03   -0.270509E-03   -0.673619E-03   -0.721774E-04
   120.0        0.8218        -2.400    
  -684.856         619.530        -691.108         380.960    
  0.101824E-02   -0.835843E-03   -0.192462E-02   -0.225700E-03
   120.0        0.9083        -2.400    
   172.595        -94.5973         166.535        -304.823    
 -0.462340E-02    0.411211E-02    0.876588E-02    0.112525E-02
   120.0         1.004        -2.400    
   823.872        -637.824         818.599        -823.383    
 -0.102804E-02    0.989848E-03    0.195613E-02    0.274913E-03
   120.0         1.109        -2.400    
   1302.72        -1038.05         1297.88        -1201.67    
 -0.707394E-03    0.736155E-03    0.135152E-02    0.207838E-03
   120.0         1.226        -2.400    
   1647.74        -1327.28         1643.18        -1471.21    
 -0.609160E-03    0.684796E-03    0.116939E-02    0.196942E-03
   120.0         1.355        -2.400    
   1880.46        -1523.29         1875.72        -1649.49    
 -0.580768E-03    0.704198E-03    0.112102E-02    0.206731E-03
   120.0         1.497        -2.400    
   2023.64        -1644.93         2018.65        -1755.41    
 -0.586103E-03    0.765174E-03    0.113845E-02    0.229838E-03
   120.0         1.655        -2.400    
   2096.92        -1708.50         2091.51        -1804.83    
 -0.613540E-03    0.861406E-03    0.120048E-02    0.265511E-03
   120.0         1.829        -2.400    
   2114.55        -1725.77         2109.80        -1810.48    
 -0.658050E-03    0.991412E-03    0.129839E-02    0.314524E-03
   120.0         2.021        -2.400    
   2089.64        -1707.61         2085.53        -1782.13    
 -0.718425E-03    0.115883E-02    0.143119E-02    0.379714E-03
   120.0         2.234        -2.400    
   2032.38        -1662.48         2028.38        -1727.54    
 -0.795230E-03    0.137027E-02    0.160180E-02    0.465670E-03
   120.0         2.469        -2.400    
   1951.53        -1597.63         1947.44        -1654.24    
 -0.888885E-03    0.163129E-02    0.181318E-02    0.577573E-03
   120.0         2.729        -2.400    
   1853.89        -1518.70         1849.83        -1567.93    
 -0.100091E-02    0.195005E-02    0.207134E-02    0.723138E-03
   120.0         3.016        -2.400    
   1745.29        -1430.53         1741.50        -1473.47    
 -0.113274E-02    0.233369E-02    0.238074E-02    0.911806E-03
   120.0         3.333        -2.400    
   1630.19        -1336.82         1626.76        -1374.31    
 -0.128644E-02    0.279013E-02    0.275684E-02    0.115647E-02
   120.0         3.683        -2.400    
   1512.16        -1240.55         1508.73        -1272.99    
 -0.146444E-02    0.332637E-02    0.320473E-02    0.147407E-02
   120.0         4.071        -2.400    
   1393.54        -1143.66         1390.72        -1172.14    
 -0.166867E-02    0.394633E-02    0.373878E-02    0.188699E-02
   120.0         4.499        -2.400    
   1277.05        -1048.40         1274.44        -1073.16    
 -0.196974E-02    0.464881E-02    0.437292E-02    0.242259E-02
   120.0         4.972        -2.400    
   1164.06        -955.935         1161.83        -977.575    
 -0.216304E-02    0.542717E-02    0.512231E-02    0.311708E-02
   120.0         5.495        -2.400    
   1055.70        -867.200         1053.88        -886.169    
 -0.245585E-02    0.627075E-02    0.600450E-02    0.401737E-02
   120.0         6.073        -2.400    
   952.858        -782.932         951.523        -799.664    
 -0.277990E-02    0.716712E-02    0.703622E-02    0.518167E-02
   120.0         6.711        -2.400    
   856.171        -703.676         855.358        -718.532    
 -0.313532E-02    0.811838E-02    0.823348E-02    0.668172E-02
   120.0         7.417        -2.400    
   765.711        -629.497         765.503        -642.832    
 -0.352411E-02    0.918120E-02    0.961568E-02    0.861198E-02
   120.0         8.197        -2.400    
   681.765        -560.640         682.208        -572.746    
 -0.395016E-02    0.105404E-01    0.111982E-01    0.110806E-01
   120.0         9.059        -2.400    
   604.295        -497.078         605.430        -508.212    
 -0.442786E-02    0.125069E-01    0.130368E-01    0.141482E-01
   120.0         10.01        -2.400    
   533.289        -438.808         535.157        -449.201    
 -0.498069E-02    0.148702E-01    0.152712E-01    0.177833E-01
   120.0         11.06        -2.400    
   468.463        -385.600         471.123        -395.473    
 -0.561617E-02    0.176748E-01    0.179763E-01    0.220471E-01
   120.0         12.23        -2.400    
   409.052        -336.828         412.609        -346.411    
 -0.635762E-02    0.211101E-01    0.212964E-01    0.271012E-01
   120.0         13.51        -2.400    
   355.817        -293.122         360.331        -302.602    
 -0.720745E-02    0.251769E-01    0.252995E-01    0.329677E-01
   120.0         14.94        -2.400    
   307.317        -253.297         312.798        -262.793    
 -0.820480E-02    0.301070E-01    0.302416E-01    0.398995E-01
   120.0         16.51        -2.400    
   264.091        -217.799         270.596        -227.462    
 -0.935551E-02    0.359778E-01    0.362135E-01    0.479192E-01
   120.0         18.24        -2.400    
   225.549        -186.143         233.104        -196.082    
 -0.106899E-01    0.429257E-01    0.434608E-01    0.572014E-01
   120.0         20.16        -2.400    
   191.090        -157.835         199.694        -168.125    
 -0.122513E-01    0.512208E-01    0.522972E-01    0.679946E-01
   120.0         22.28        -2.400    
   160.584        -132.769         170.234        -143.475    
 -0.140697E-01    0.609891E-01    0.629729E-01    0.803906E-01
   120.0         24.63        -2.400    
   133.607        -110.596         144.290        -121.765    
 -0.161958E-01    0.724722E-01    0.758689E-01    0.946126E-01
   120.0         27.22        -2.400    
   110.011        -91.1921         121.678        -102.839    
 -0.186664E-01    0.858843E-01    0.912544E-01    0.110726    
   120.0         30.08        -2.400    
   89.4424        -74.2674         102.010        -86.3705    
 -0.215382E-01    0.101384        0.109520        0.128823    
   120.0         33.24        -2.400    
   71.6189        -59.5885         84.9603        -72.0860    
 -0.248779E-01    0.119154        0.131053        0.149004    
   120.0         36.74        -2.400    
   56.2599        -46.9236         70.2392        -59.7412    
 -0.287472E-01    0.139361        0.156226        0.171241    
   120.0         40.60        -2.400    
   43.2026        -36.1384         57.6556        -49.1767    
 -0.331826E-01    0.161908        0.185169        0.195303    
   120.0         44.87        -2.400    
   32.1915        -27.0222         46.9150        -40.1448    
 -0.382453E-01    0.186859        0.218154        0.221016    
   120.0         49.59        -2.400    
   23.0420        -19.4229         37.8122        -32.4746    
 -0.439607E-01    0.214077        0.255190        0.248012    
   120.0         54.81        -2.400    
   15.5669        -13.1891         30.1475        -25.9991    
 -0.503320E-01    0.243234        0.296140        0.275784    
   120.0         60.57        -2.400    
   9.60717        -8.19255         23.7586        -20.5842    
 -0.573039E-01    0.273856        0.340561        0.303705    
   120.0         66.94        -2.400    
   4.98063        -4.28624         18.4656        -16.0800    
 -0.648147E-01    0.305523        0.388094        0.331218    
   120.0         73.98        -2.400    
   1.52934        -1.34478         14.1313        -12.3742    
 -0.727305E-01    0.337648        0.438028        0.357612    
   120.0         81.76        -2.400    
 -0.907891        0.757890         10.6260        -9.36036    
 -0.808871E-01    0.369579        0.489626        0.382355    
   120.0         89.36        -2.400    
  -2.33761         2.01260         8.11246        -7.18634    
 -0.881645E-01    0.397342        0.536205        0.402477    
   120.0         90.36        -2.400    
  -2.47436         2.13412         7.83368        -6.94438    
 -0.890693E-01    0.400751        0.542052        0.404852    
   120.0         91.20        -2.400    
  -2.58159         2.22968         7.60764        -6.74804    
 -0.898192E-01    0.403565        0.546909        0.406797    
   120.0         92.00        -2.400    
  -2.67754         2.31542         7.39902        -6.56671    
 -0.905249E-01    0.406210        0.551494        0.408613    
   120.0         99.86        -2.400    
  -3.34798         2.92449         5.65037        -5.04196    
 -0.970340E-01    0.430533        0.594424        0.424674    
   120.0         110.4        -2.400    
  -3.69177         3.26066         3.97084        -3.56720    
 -0.104595        0.458714        0.646335        0.441645    
   120.0         120.0        -2.400    
  -3.67381         3.27392         2.90141        -2.62133    
 -0.110373        0.480514        0.688434        0.453206    
   120.0         130.0        -2.400    
  -3.47087         3.11956         2.10625        -1.91324    
 -0.115359        0.499863        0.727541        0.462110    
   120.0         140.0        -2.400    
  -3.16679         2.86906         1.53753        -1.40350    
 -0.119441        0.516426        0.762633        0.468649    
   120.0         150.0        -2.400    
  -2.82867         2.58171         1.12800        -1.03425    
 -0.122719        0.530661        0.794076        0.473465    
   120.0         160.0        -2.400    
  -2.49147         2.28970        0.831134       -0.765122    
 -0.125313        0.542928        0.822438        0.477105    
   120.0         170.0        -2.400    
  -2.17171         2.00874        0.614878       -0.568087    
 -0.127297        0.553436        0.847936        0.480140    
   120.0         180.0        -2.400    
  -1.87771         1.74717        0.456423       -0.423062    
 -0.128787        0.562610        0.871098        0.482587    
   120.0         190.0        -2.400    
  -1.61123         1.50761        0.339835       -0.315912    
 -0.129848        0.570549        0.892105        0.484313    
   120.0         200.0        -2.400    
  -1.37615         1.29428        0.253689       -0.236429    
 -0.130548        0.577484        0.911286        0.485512    
   120.0         210.0        -2.400    
  -1.17149         1.10713        0.189796       -0.177285    
 -0.130951        0.583616        0.928880        0.486302    
   120.0         220.0        -2.400    
 -0.994490        0.944046        0.142273       -0.133161    
 -0.131091        0.588954        0.944918        0.486547    
   120.0         230.0        -2.400    
 -0.842038        0.802659        0.106818       -0.100149    
 -0.131010        0.593622        0.959635        0.486370    
   120.0         240.0        -2.400    
 -0.711072        0.680430        0.802992E-01   -0.754010E-01
 -0.130737        0.597691        0.973131        0.485781    
   120.0         250.0        -2.400    
 -0.598760        0.575012        0.604205E-01   -0.568078E-01
 -0.130304        0.601225        0.985480        0.484865    
   120.0         260.0        -2.400    
 -0.503431        0.485068        0.454844E-01   -0.428114E-01
 -0.129772        0.604439        0.997003        0.483769    
   120.0         270.0        -2.400    
 -0.422707        0.408552        0.342447E-01   -0.322613E-01
 -0.129145        0.607301         1.00777        0.482520    
   120.0         280.0        -2.400    
 -0.354410        0.343517        0.257846E-01   -0.243084E-01
 -0.128413        0.609764         1.01749        0.481045    
   120.0         290.0        -2.400    
 -0.296673        0.288327        0.194079E-01   -0.183065E-01
 -0.127585        0.611932         1.02656        0.479453    
   120.0         300.0        -2.400    
 -0.247932        0.241545        0.145978E-01   -0.137750E-01
 -0.126722        0.613754         1.03492        0.477704    
   120.0         310.0        -2.400    
 -0.206674        0.201815        0.109709E-01   -0.103549E-01
 -0.125710        0.615250         1.04238        0.475801    
   120.0         320.0        -2.400    
 -0.172005        0.168314        0.823318E-02   -0.777174E-02
 -0.124807        0.616558         1.04937        0.473837    
   120.0         330.0        -2.400    
 -0.142899        0.140106        0.616778E-02   -0.582185E-02
 -0.123803        0.617738         1.05589        0.471876    
   120.0         340.0        -2.400    
 -0.118529        0.116425        0.461085E-02   -0.435148E-02
 -0.122789        0.618723         1.06194        0.469904    
   120.0         350.0        -2.400    
 -0.981328E-01    0.965497E-01    0.343853E-02   -0.324411E-02
 -0.121747        0.619616         1.06757        0.467933    
   120.0         360.0        -2.400    
 -0.810446E-01    0.798634E-01    0.255719E-02   -0.241158E-02
 -0.120689        0.620361         1.07270        0.465934    
   120.0         370.0        -2.400    
 -0.667904E-01    0.659110E-01    0.189639E-02   -0.178746E-02
 -0.119592        0.620688         1.07699        0.463736    
   120.0         380.0        -2.400    
 -0.549014E-01    0.542483E-01    0.140129E-02   -0.131995E-02
 -0.118474        0.620915         1.08092        0.461542    
   120.0         400.0        -2.400    
 -0.367334E-01    0.363808E-01    0.755063E-03   -0.710051E-03
 -0.115036        0.745664         1.08836        0.548909    
   120.0         450.0        -2.400    
 -0.126806E-01    0.126130E-01    0.146084E-03   -0.136548E-03
 -0.110814        0.614393         1.09109        0.442600    
   120.0         500.0        -2.400    
 -0.386192E-02    0.385158E-02    0.228664E-04   -0.211793E-04
 -0.768709E-01    0.769576         1.36691        0.544397    
   120.0        0.9106E-01    -1.200    
  -374460.         155308.        -374501.         154007.    
  0.118735E-06   -0.123563E-07    0.111990E-06   -0.380291E-07
   120.0        0.1006        -1.200    
  -317176.         131618.        -317219.         130454.    
  0.154691E-06   -0.176083E-07    0.147371E-06   -0.541776E-07
   120.0        0.1112        -1.200    
  -267833.         111205.        -267863.         110171.    
  0.202252E-06   -0.251912E-07    0.192632E-06   -0.774842E-07
   120.0        0.1229        -1.200    
  -225691.         93766.3        -225722.         92847.5    
  0.264907E-06   -0.360958E-07    0.252228E-06   -0.110986E-06
   120.0        0.1358        -1.200    
  -189774.         78898.2        -189799.         78080.2    
  0.347594E-06   -0.517974E-07    0.330839E-06   -0.159203E-06
   120.0        0.1501        -1.200    
  -159048.         66174.1        -159070.         65446.7    
  0.457626E-06   -0.745963E-07    0.435420E-06   -0.229178E-06
   120.0        0.1659        -1.200    
  -132901.         55341.8        -132925.         54696.7    
  0.604222E-06   -0.107708E-06    0.574595E-06   -0.330747E-06
   120.0        0.1834        -1.200    
  -110641.         46115.7        -110664.         45544.9    
  0.800697E-06   -0.156107E-06    0.761010E-06   -0.479113E-06
   120.0        0.2027        -1.200    
  -91805.5         38305.4        -91831.2         37799.2    
  0.106398E-05   -0.226819E-06    0.101069E-05   -0.695728E-06
   120.0        0.2240        -1.200    
  -75882.1         31699.2        -75905.0         31248.6    
  0.141896E-05   -0.330651E-06    0.134696E-05   -0.101355E-05
   120.0        0.2475        -1.200    
  -62448.9         26123.0        -62465.5         25722.3    
  0.189994E-05   -0.483809E-06    0.180204E-05   -0.148197E-05
   120.0        0.2736        -1.200    
  -51073.1         21397.9        -51088.0         21042.1    
  0.256024E-05   -0.712658E-06    0.242596E-05   -0.218120E-05
   120.0        0.3023        -1.200    
  -41560.1         17443.9        -41572.1         17127.5    
  0.346463E-05   -0.105360E-05    0.327929E-05   -0.322184E-05
   120.0        0.3341        -1.200    
  -33564.1         14117.9        -33574.4         13837.3    
  0.472354E-05   -0.156943E-05    0.446515E-05   -0.479448E-05
   120.0        0.3693        -1.200    
  -26874.6         11333.0        -26886.4         11085.0    
  0.649302E-05   -0.235708E-05    0.612867E-05   -0.719273E-05
   120.0        0.4081        -1.200    
  -21320.2         9018.43        -21332.1         8799.23    
  0.900206E-05   -0.356907E-05    0.848223E-05   -0.108779E-04
   120.0        0.4510        -1.200    
  -16710.2         7095.42        -16722.5         6901.98    
  0.126266E-04   -0.546674E-05    0.118731E-04   -0.166390E-04
   120.0        0.4985        -1.200    
  -12896.5         5502.65        -12907.2         5331.35    
  0.179803E-04   -0.850104E-05    0.168671E-04   -0.258352E-04
   120.0        0.5509        -1.200    
  -9768.30         4194.41        -9779.87         4043.44    
  0.260612E-04   -0.134512E-04    0.243805E-04   -0.408099E-04
   120.0        0.6088        -1.200    
  -7211.74         3123.52        -7217.59         2988.03    
  0.387557E-04   -0.218327E-04   -0.681301E-04   -0.661145E-04
   120.0        0.6729        -1.200    
  -5132.13         2250.81        -5138.83         2131.66    
  0.597033E-04   -0.367088E-04    0.554651E-04   -0.110929E-03
   120.0        0.7436        -1.200    
  -3459.24         1547.24        -3466.39         1442.32    
  0.969784E-04   -0.650561E-04    0.896981E-04   -0.196129E-03
   120.0        0.8218        -1.200    
  -2121.30         983.063        -2128.42         890.674    
  0.172904E-03   -0.126536E-03    0.159106E-03   -0.380475E-03
   120.0        0.9083        -1.200    
  -1062.80         535.283        -1069.97         454.037    
  0.376162E-03   -0.300299E-03    0.344069E-03   -0.900298E-03
   120.0         1.004        -1.200    
  -236.326         184.255        -243.526         112.915    
  0.180556E-02   -0.157200E-02    0.163988E-02   -0.469728E-02
   120.0         1.109        -1.200    
   393.847        -84.7766         386.931        -147.577    
 -0.123908E-02    0.117564E-02   -0.111616E-02    0.349994E-02
   120.0         1.226        -1.200    
   871.415        -290.055         864.752        -345.220    
 -0.604075E-03    0.624911E-03   -0.538882E-03    0.185260E-02
   120.0         1.355        -1.200    
   1218.77        -440.798         1212.63        -489.342    
 -0.468489E-03    0.528180E-03   -0.413175E-03    0.155845E-02
   120.0         1.497        -1.200    
   1460.88        -547.368         1455.07        -590.032    
 -0.423698E-03    0.520298E-03   -0.368704E-03    0.152705E-02
   120.0         1.655        -1.200    
   1620.28        -619.199         1614.63        -656.596    
 -0.413737E-03    0.553581E-03   -0.354371E-03    0.161489E-02
   120.0         1.829        -1.200    
   1711.96        -662.466         1706.33        -695.159    
 -0.423120E-03    0.616502E-03   -0.355686E-03    0.178610E-02
   120.0         2.021        -1.200    
   1750.78        -683.371         1745.12        -711.930    
 -0.476752E-03    0.707264E-03   -0.366673E-03    0.203306E-02
   120.0         2.234        -1.200    
   1748.52        -686.854         1742.86        -711.799    
 -0.479993E-03    0.828776E-03   -0.384452E-03    0.236100E-02
   120.0         2.469        -1.200    
   1714.81        -676.896         1709.35        -698.661    
 -0.524335E-03    0.985164E-03   -0.407060E-03    0.277770E-02
   120.0         2.729        -1.200    
   1657.56        -656.824         1652.38        -675.902    
 -0.579042E-03    0.118366E-02   -0.433060E-03    0.329783E-02
   120.0         3.016        -1.200    
   1583.42        -629.412         1578.40        -646.104    
 -0.644395E-03    0.143262E-02   -0.460848E-03    0.393679E-02
   120.0         3.333        -1.200    
   1497.65        -596.870         1492.70        -611.442    
 -0.720984E-03    0.174276E-02   -0.488518E-03    0.471283E-02
   120.0         3.683        -1.200    
   1404.54        -560.994         1399.69        -573.719    
 -0.809319E-03    0.212637E-02   -0.513524E-03    0.564336E-02
   120.0         4.071        -1.200    
   1307.07        -523.059         1302.43        -534.215    
 -0.910289E-03    0.259988E-02   -0.532652E-03    0.674896E-02
   120.0         4.499        -1.200    
   1208.39        -484.376         1203.94        -494.153    
 -0.102386E-02    0.317810E-02   -0.541639E-03    0.803709E-02
   120.0         4.972        -1.200    
   1110.38        -445.749         1106.27        -454.413    
 -0.115015E-02    0.388029E-02   -0.535118E-03    0.951252E-02
   120.0         5.495        -1.200    
   1014.56        -407.830         1010.76        -415.480    
 -0.128910E-02    0.472859E-02   -0.506751E-03    0.111696E-01
   120.0         6.073        -1.200    
   922.142        -371.142         918.851        -378.015    
 -0.143965E-02    0.574559E-02   -0.448944E-03    0.129828E-01
   120.0         6.711        -1.200    
   834.077        -336.089         831.320        -342.318    
 -0.160091E-02    0.695944E-02   -0.353421E-03    0.149171E-01
   120.0         7.417        -1.200    
   750.713        -302.837         748.519        -308.539    
 -0.177262E-02    0.841308E-02   -0.210409E-03    0.169483E-01
   120.0         8.197        -1.200    
   672.552        -271.604         670.991        -276.912    
 -0.195531E-02    0.101676E-01   -0.852992E-05    0.190941E-01
   120.0         9.059        -1.200    
   599.751        -242.470         598.905        -247.501    
 -0.215527E-02    0.123128E-01    0.268562E-03    0.214902E-01
   120.0         10.01        -1.200    
   532.467        -215.510         532.364        -220.359    
 -0.237968E-02    0.148699E-01    0.643095E-03    0.243298E-01
   120.0         11.06        -1.200    
   470.567        -190.681         471.249        -195.423    
 -0.263264E-02    0.179802E-01    0.114352E-02    0.277041E-01
   120.0         12.23        -1.200    
   413.431        -167.742         414.967        -172.452    
 -0.291854E-02    0.218924E-01    0.181180E-02    0.318811E-01
   120.0         13.51        -1.200    
   361.890        -147.033         364.359        -151.790    
 -0.323435E-02    0.264043E-01    0.268090E-02    0.369794E-01
   120.0         14.94        -1.200    
   314.630        -128.032         318.109        -132.901    
 -0.359047E-02    0.318118E-01    0.382470E-02    0.434749E-01
   120.0         16.51        -1.200    
   272.250        -110.981         276.791        -116.016    
 -0.398397E-02    0.385033E-01    0.529319E-02    0.515055E-01
   120.0         18.24        -1.200    
   234.233        -95.6767         239.884        -100.923    
 -0.441718E-02    0.461991E-01    0.717008E-02    0.614204E-01
   120.0         20.16        -1.200    
   200.040        -81.9027         206.832        -87.3854    
 -0.489460E-02    0.557109E-01    0.956785E-02    0.735807E-01
   120.0         22.28        -1.200    
   169.588        -69.6273         177.533        -75.3846    
 -0.541503E-02    0.664992E-01    0.125926E-01    0.881534E-01
   120.0         24.63        -1.200    
   142.494        -58.6963         151.599        -64.7374    
 -0.597936E-02    0.793538E-01    0.163944E-01    0.105316    
   120.0         27.22        -1.200    
   118.645        -49.0639         128.848        -55.3867    
 -0.658313E-02    0.943886E-01    0.211040E-01    0.124883    
   120.0         30.08        -1.200    
   97.7184        -40.5994         108.945        -47.1943    
 -0.722224E-02    0.111500        0.269009E-01    0.146663    
   120.0         33.24        -1.200    
   79.4550        -33.1975         91.6158        -40.0352    
 -0.789066E-02    0.130979        0.339675E-01    0.170200    
   120.0         36.74        -1.200    
   63.5942        -26.7520         76.5612        -33.7935    
 -0.857932E-02    0.152981        0.425173E-01    0.194783    
   120.0         40.60        -1.200    
   49.9927        -21.2043         63.6071        -28.3973    
 -0.927246E-02    0.177212        0.527029E-01    0.219095    
   120.0         44.87        -1.200    
   38.4072        -16.4550         52.4689        -23.7313    
 -0.996036E-02    0.203599        0.647445E-01    0.242548    
   120.0         49.59        -1.200    
   28.6635        -12.4340         42.9505        -19.7146    
 -0.106289E-01    0.231952        0.787993E-01    0.266749    
   120.0         54.81        -1.200    
   20.5853        -9.07050         34.8642        -16.2710    
 -0.112636E-01    0.261858        0.949957E-01    0.291537    
   120.0         60.57        -1.200    
   14.0247        -6.30608         28.0495        -13.3382    
 -0.118564E-01    0.292707        0.113389        0.316353    
   120.0         66.94        -1.200    
   8.80486        -4.07161         22.3313        -10.8411    
 -0.124077E-01    0.324017        0.134054        0.340807    
   120.0         73.98        -1.200    
   4.77376        -2.31011         17.5761        -8.72798    
 -0.129255E-01    0.355125        0.156955        0.364444    
   120.0         81.76        -1.200    
   1.78224       -0.964862         13.6609        -6.95349    
 -0.134300E-01    0.385600        0.181999        0.387873    
   120.0         89.36        -1.200    
 -0.105530       -0.799759E-01     10.7956        -5.62530    
 -0.138946E-01    0.411478        0.205927        0.408749    
   120.0         90.36        -1.200    
 -0.297086        0.124585E-01     10.4736        -5.47409    
 -0.139555E-01    0.414659        0.209030        0.411305    
   120.0         91.20        -1.200    
 -0.449564        0.864659E-01     10.2115        -5.35064    
 -0.140068E-01    0.417289        0.211632        0.413436    
   120.0         92.00        -1.200    
 -0.587941        0.153987         9.96912        -5.23614    
 -0.140556E-01    0.419750        0.214099        0.415435    
   120.0         99.86        -1.200    
  -1.64406        0.684383         7.91110        -4.25197    
 -0.145431E-01    0.442039        0.237901        0.433683    
   120.0         110.4        -1.200    
  -2.42603         1.11046         5.87493        -3.25163    
 -0.152233E-01    0.467579        0.268492        0.454830    
   120.0         120.0        -1.200    
  -2.73900         1.31137         4.52970        -2.57073    
 -0.158842E-01    0.487022        0.294945        0.471310    
   120.0         130.0        -1.200    
  -2.81985         1.39981         3.48874        -2.02899    
 -0.166196E-01    0.504262        0.321146        0.486262    
   120.0         140.0        -1.200    
  -2.74072         1.40650         2.71190        -1.61343    
 -0.174024E-01    0.518954        0.345900        0.499125    
   120.0         150.0        -1.200    
  -2.58424         1.36671         2.12565        -1.29171    
 -0.182170E-01    0.531541        0.369356        0.510285    
   120.0         160.0        -1.200    
  -2.39474         1.30133         1.67930        -1.04067    
 -0.190474E-01    0.542407        0.391499        0.519968    
   120.0         170.0        -1.200    
  -2.19335         1.22193         1.33597       -0.843149    
 -0.198898E-01    0.551872        0.412538        0.528128    
   120.0         180.0        -1.200    
  -1.99179         1.13591         1.07017       -0.686854    
 -0.206989E-01    0.560058        0.432396        0.534558    
   120.0         190.0        -1.200    
  -1.79342         1.04686        0.862517       -0.562351    
 -0.215643E-01    0.567378        0.451278        0.539834    
   120.0         200.0        -1.200    
  -1.60927        0.960230        0.699260       -0.462558    
 -0.223806E-01    0.573778        0.469183        0.543981    
   120.0         210.0        -1.200    
  -1.44262        0.878433        0.569959       -0.382153    
 -0.231755E-01    0.579536        0.486224        0.547317    
   120.0         220.0        -1.200    
  -1.29250        0.802001        0.466949       -0.317036    
 -0.239456E-01    0.584645        0.502459        0.549835    
   120.0         230.0        -1.200    
  -1.15760        0.731102        0.384460       -0.264085    
 -0.246891E-01    0.589173        0.517839        0.551519    
   120.0         240.0        -1.200    
  -1.03596        0.665498        0.317970       -0.220808    
 -0.383261E-01    0.593148        0.532512        0.552702    
   120.0         250.0        -1.200    
 -0.925515        0.604769        0.264101       -0.185260    
 -0.260764E-01    0.596801        0.546506        0.553370    
   120.0         260.0        -1.200    
 -0.827973        0.549689        0.220210       -0.155940    
 -0.267216E-01    0.600125        0.559965        0.553565    
   120.0         270.0        -1.200    
 -0.741896        0.499856        0.184285       -0.131655    
 -0.273351E-01    0.603173        0.572882        0.553510    
   120.0         280.0        -1.200    
 -0.665709        0.454729        0.154768       -0.111484    
 -0.279135E-01    0.605933        0.585250        0.552982    
   120.0         290.0        -1.200    
 -0.598147        0.413860        0.130425       -0.946781E-01
 -0.284556E-01    0.608444        0.597085        0.552208    
   120.0         300.0        -1.200    
 -0.537990        0.376784        0.110270       -0.806319E-01
 -0.289606E-01    0.610564        0.608409        0.550916    
   120.0         310.0        -1.200    
 -0.483857        0.342926        0.935055E-01   -0.688415E-01
 -0.294359E-01    0.612639        0.619254        0.549526    
   120.0         320.0        -1.200    
 -0.435676        0.312266        0.795166E-01   -0.589193E-01
 -0.298776E-01    0.614304        0.629686        0.547745    
   120.0         330.0        -1.200    
 -0.392873        0.284607        0.677951E-01   -0.505374E-01
 -0.302933E-01    0.615901        0.639757        0.545789    
   120.0         340.0        -1.200    
 -0.354764        0.259650        0.579445E-01   -0.434403E-01
 -0.306808E-01    0.617421        0.649503        0.543630    
   120.0         350.0        -1.200    
 -0.320776        0.237078        0.496419E-01   -0.374144E-01
 -0.310444E-01    0.618824        0.658924        0.541438    
   120.0         360.0        -1.200    
 -0.290392        0.216644        0.426268E-01   -0.322897E-01
 -0.313803E-01    0.620036        0.668016        0.538877    
   120.0         370.0        -1.200    
 -0.263183        0.198101        0.366825E-01   -0.279196E-01
 -0.316905E-01    0.621084        0.676777        0.536320    
   120.0         380.0        -1.200    
 -0.238750        0.181245        0.316316E-01   -0.241839E-01
 -0.319742E-01    0.622088        0.685237        0.533456    
   120.0         400.0        -1.200    
 -0.196848        0.151817        0.236577E-01   -0.182382E-01
 -0.324836E-01    0.623711        0.701292        0.527317    
   120.0         450.0        -1.200    
 -0.123938        0.989250E-01    0.117801E-01   -0.923940E-02
 -0.433776E-01    0.626450        0.737512        0.510140    
   120.0         500.0        -1.200    
 -0.796262E-01    0.653646E-01    0.607313E-02   -0.482819E-02
 -0.336557E-01    0.627411        0.768556        0.490628    
   120.0        0.9106E-01     0.000    
  -375635.       -0.607677E-10    -375697.         2.95320    
  -0.00000       -0.175472E-07    0.198646E-06   -0.219737E-06
   120.0        0.1006         0.000    
  -318409.        0.756319E-10    -318472.         2.60670    
  -0.00000       -0.249955E-07    0.258635E-06   -0.312796E-06
   120.0        0.1112         0.000    
  -269092.        0.715325E-10    -269134.       -0.129088    
  -0.00000       -0.357444E-07    0.337923E-06   -0.446973E-06
   120.0        0.1229         0.000    
  -226951.       -0.844208E-11    -226979.        0.219408    
  -0.00000       -0.511948E-07    0.442302E-06   -0.639640E-06
   120.0        0.1358         0.000    
  -191015.        0.382007E-11    -191030.       -0.650752    
  -0.00000       -0.734266E-07    0.579918E-06   -0.916563E-06
   120.0        0.1501         0.000    
  -160254.       -0.288011E-10    -160263.        -1.41508    
  -0.00000       -0.105683E-06    0.762899E-06   -0.131786E-05
   120.0        0.1659         0.000    
  -134061.       -0.239735E-10    -134065.        -1.48898    
  -0.00000       -0.152496E-06    0.100630E-05   -0.189945E-05
   120.0        0.1834         0.000    
  -111746.        0.103715E-10    -111751.        -1.33904    
  -0.00000       -0.220848E-06    0.133213E-05   -0.274736E-05
   120.0        0.2027         0.000    
  -92851.6       -0.110902E-10    -92855.7        -1.07476    
  -0.00000       -0.320613E-06    0.176831E-05   -0.398289E-05
   120.0        0.2240         0.000    
  -76865.7       -0.385987E-11    -76873.1       -0.664068    
  -0.00000       -0.466876E-06    0.235507E-05   -0.579092E-05
   120.0        0.2475         0.000    
  -63368.5        0.279470E-11    -63378.8       -0.128633    
  -0.00000       -0.682230E-06    0.314826E-05   -0.844761E-05
   120.0        0.2736         0.000    
  -51928.4        0.170647E-10    -51941.0        0.349165    
  -0.00000       -0.100343E-05    0.423477E-05   -0.124012E-04
   120.0        0.3023         0.000    
  -42352.1       -0.572021E-12    -42366.3        0.507719    
  -0.00000       -0.148083E-05    0.571872E-05   -0.182626E-04
   120.0        0.3341         0.000    
  -34294.3       -0.569333E-11    -34307.4        0.554966    
  -0.00000       -0.220128E-05    0.777809E-05   -0.270841E-04
   120.0        0.3693         0.000    
  -27545.2        0.327770E-11    -27557.5        0.455617    
  -0.00000       -0.329805E-05    0.106625E-04   -0.404727E-04
   120.0        0.4081         0.000    
  -21933.9        0.423725E-12    -21944.9        0.280868    
  -0.00000       -0.497898E-05    0.147334E-04   -0.609238E-04
   120.0        0.4510         0.000    
  -17269.9       -0.383419E-11    -17278.7        0.122299    
  -0.00000       -0.759828E-05    0.205815E-04   -0.926747E-04
   120.0        0.4985         0.000    
  -13405.3       -0.138754E-11    -13412.5       -0.112805    
  -0.00000       -0.117578E-04    0.291522E-04   -0.142892E-03
   120.0        0.5509         0.000    
  -10229.6       -0.282501E-11    -10235.9       -0.168268    
  -0.00000       -0.184863E-04    0.419675E-04   -0.223767E-03
   120.0        0.6088         0.000    
  -7628.74       -0.340845E-11    -7636.50        0.592856E-01
  -0.00000       -0.297076E-04    0.617596E-04   -0.357992E-03
   120.0        0.6729         0.000    
  -5507.95       -0.513961E-12    -5510.75       -0.543953    
  -0.00000       -0.493275E-04    0.939052E-04   -0.591460E-03
   120.0        0.7436         0.000    
  -3797.11       -0.162783E-11    -3804.55       -0.226298E-01
  -0.00000       -0.854983E-04    0.149091E-03   -0.101947E-02
   120.0        0.8218         0.000    
  -2424.22       -0.189377E-11    -2433.55        0.572635E-01
  -0.00000       -0.159804E-03    0.255265E-03   -0.189363E-02
   120.0        0.9083         0.000    
  -1333.65        0.209418E-11    -1343.33        0.949914E-01
  -0.00000       -0.345758E-03    0.505941E-03   -0.406853E-02
   120.0         1.004         0.000    
  -477.851        0.206680E-11    -487.048        0.919688E-01
  -0.00000       -0.113767E-02    0.152502E-02   -0.132820E-01
   120.0         1.109         0.000    
   178.852       -0.187111E-11     170.184        0.770153E-01
   0.00000        0.387391E-02   -0.476040E-02    0.448315E-01
   120.0         1.226         0.000    
   680.717        0.564183E-12     672.562        0.348679E-01
   0.00000        0.116616E-02   -0.131281E-02    0.133616E-01
   120.0         1.355         0.000    
   1050.02        0.204188E-11     1042.19        0.285443E-01
   0.00000        0.893334E-03   -0.921552E-03    0.101212E-01
   120.0         1.497         0.000    
   1311.87        0.115512E-12     1304.36        0.255597E-01
   0.00000        0.845102E-03   -0.799157E-03    0.945424E-02
   120.0         1.655         0.000    
   1489.18       -0.417938E-12     1481.90       -0.142423E-02
   0.00000        0.879813E-03   -0.762197E-03    0.970109E-02
   120.0         1.829         0.000    
   1596.88       -0.236361E-12     1589.71       -0.109223E-01
   0.00000        0.967121E-03   -0.767768E-03    0.104901E-01
   120.0         2.021         0.000    
   1650.04        0.556157E-12     1642.93       -0.243580E-03
   0.00000        0.110029E-02   -0.800457E-03    0.117132E-01
   120.0         2.234         0.000    
   1660.65        0.309619E-12     1653.60        0.334464E-02
   0.00000        0.128230E-02   -0.854456E-03    0.133598E-01
   120.0         2.469         0.000    
   1638.39        0.455242E-12     1631.41        0.897612E-02
   0.00000        0.151908E-02   -0.927073E-03    0.154394E-01
   120.0         2.729         0.000    
   1591.33        0.633646E-13     1584.41        0.139024E-01
   0.00000        0.182159E-02   -0.101774E-02    0.179903E-01
   120.0         3.016         0.000    
   1526.22        0.286674E-12     1519.50        0.103266E-01
   0.00000        0.220242E-02   -0.112615E-02    0.210384E-01
   120.0         3.333         0.000    
   1448.43        0.181586E-12     1441.90        0.104975E-01
   0.00000        0.267856E-02   -0.125280E-02    0.246083E-01
   120.0         3.683         0.000    
   1362.36       -0.281708E-12     1356.12        0.662006E-02
   0.00000        0.326944E-02   -0.139779E-02    0.286898E-01
   120.0         4.071         0.000    
   1271.11        0.233621E-12     1265.18        0.150531E-02
   0.00000        0.400153E-02   -0.156182E-02    0.332473E-01
   120.0         4.499         0.000    
   1177.88        0.134525E-12     1172.24       -0.431423E-04
   0.00000        0.489861E-02   -0.174356E-02    0.381302E-01
   120.0         4.972         0.000    
   1084.62        0.391266E-13     1079.27        0.379053E-03
   0.00000        0.599240E-02   -0.194170E-02    0.431126E-01
   120.0         5.495         0.000    
   992.955        0.110141E-12     987.950        0.280289E-02
   0.00000        0.731664E-02   -0.215338E-02    0.478281E-01
   120.0         6.073         0.000    
   904.153        0.284739E-13     899.809       -0.355868E-02
   0.00000        0.890466E-02   -0.237318E-02    0.517569E-01
   120.0         6.711         0.000    
   819.214       -0.338191E-13     815.315        0.219861E-02
   0.00000        0.107986E-01   -0.259560E-02    0.543446E-01
   120.0         7.417         0.000    
   738.551       -0.750428E-13     735.084        0.696648E-02
   0.00000        0.130513E-01   -0.281258E-02    0.551357E-01
   120.0         8.197         0.000    
   662.709       -0.412027E-13     659.780        0.432643E-02
   0.00000        0.157256E-01   -0.301354E-02    0.542850E-01
   120.0         9.059         0.000    
   591.892        0.101407E-13     589.569        0.732639E-03
   0.00000        0.189325E-01   -0.319847E-02    0.531719E-01
   120.0         10.01         0.000    
   526.294        0.107968E-14     524.635        0.179736E-02
   0.00000        0.227862E-01   -0.337767E-02    0.527541E-01
   120.0         11.06         0.000    
   465.820       -0.141691E-13     464.935        0.131458E-02
   0.00000        0.274146E-01   -0.354719E-02    0.529070E-01
   120.0         12.23         0.000    
   409.891        0.106044E-13     409.907        0.163443E-02
   0.00000        0.329981E-01   -0.369276E-02    0.531722E-01
   120.0         13.51         0.000    
   359.346        0.799972E-14     360.279        0.124319E-02
   0.00000        0.396390E-01   -0.379979E-02    0.540158E-01
   120.0         14.94         0.000    
   312.919        0.202552E-13     314.889        0.119329E-02
   0.00000        0.476259E-01   -0.384919E-02    0.552374E-01
   120.0         16.51         0.000    
   271.213       -0.981916E-14     274.238        0.103826E-02
   0.00000        0.570985E-01   -0.381532E-02    0.567865E-01
   120.0         18.24         0.000    
   233.739       -0.373290E-13     237.862        0.603650E-03
   0.00000        0.682768E-01   -0.366821E-02    0.586572E-01
   120.0         20.16         0.000    
   199.977        0.428874E-14     205.234        0.621602E-03
   0.00000        0.819054E-01   -0.336683E-02    0.607445E-01
   120.0         22.28         0.000    
   169.859       -0.873147E-14     176.224        0.321253E-03
   0.00000        0.969633E-01   -0.286611E-02    0.637673E-01
   120.0         24.63         0.000    
   143.017        0.351039E-14     150.551        0.129729E-03
   0.00000        0.115306       -0.210470E-02    0.675224E-01
   120.0         27.22         0.000    
   119.348        0.873504E-14     128.017        0.392711E-03
   0.00000        0.135381       -0.102207E-02    0.723354E-01
   120.0         30.08         0.000    
   98.5409        0.104196E-13     108.294        0.541032E-03
   0.00000        0.159144        0.456221E-03    0.787011E-01
   120.0         33.24         0.000    
   80.3481        0.162570E-14     91.0909        0.453182E-03
   0.00000        0.185151        0.241208E-02    0.870579E-01
   120.0         36.74         0.000    
   64.5169        0.176499E-14     76.1232        0.270404E-03
   0.00000        0.215341        0.493880E-02    0.975627E-01
   120.0         40.60         0.000    
   50.9116       -0.319437E-14     63.2183        0.114901E-03
   0.00000        0.247496        0.811440E-02    0.110325    
   120.0         44.87         0.000    
   39.2956       -0.240865E-14     52.1299        0.173861E-03
   0.00000        0.283961        0.120316E-01    0.125765    
   120.0         49.59         0.000    
   29.5014        0.305115E-14     42.6538       -0.399421E-03
   0.00000        0.321525        0.167654E-01    0.146256    
   120.0         54.81         0.000    
   21.3575         0.00000         34.5952       -0.659291E-03
   0.00000        0.360482        0.223863E-01    0.190785    
   120.0         60.57         0.000    
   14.7228        0.624512E-15     27.7957       -0.104793E-03
   0.00000        0.401402        0.289349E-01    0.332031    
   120.0         66.94         0.000    
   9.42668       -0.403631E-15     22.0951        0.438468E-04
   0.00000        0.442919        0.364507E-01    0.697460    
   120.0         73.98         0.000    
   5.32096       -0.219133E-15     17.3632        0.111226E-04
   0.00000        0.484050        0.449288E-01     1.25340    
   120.0         81.76         0.000    
   2.25840        0.660936E-16     13.4708       -0.531584E-04
   0.00000        0.525063        0.543627E-01     1.59436    
   120.0         89.36         0.000    
  0.308725       -0.241889E-15     10.6235        0.226989E-04
   0.00000        0.560684        0.635270E-01     1.57394    
   120.0         90.36         0.000    
  0.109736        0.209311E-15     10.3034        0.306388E-04
   0.00000        0.565017        0.647275E-01     1.55585    
   120.0         91.20         0.000    
 -0.489096E-01   -0.296262E-16     10.0433        0.926168E-05
   0.00000        0.568485        0.657335E-01     1.53844    
   120.0         92.00         0.000    
 -0.193093       -0.440528E-15     9.80275       -0.226606E-05
   0.00000        0.571751        0.666894E-01     1.52017    
   120.0         99.86         0.000    
  -1.30029       -0.676424E-16     7.76488        0.241582E-05
   0.00000        0.602956        0.759696E-01     1.28186    
   120.0         110.4         0.000    
  -2.13759       -0.550660E-16     5.75537       -0.537133E-05
   0.00000        0.639360        0.880579E-01    0.927478    
   120.0         120.0         0.000    
  -2.48990        0.258933E-15     4.43003       -0.195361E-04
   0.00000        0.668507        0.987324E-01    0.684300    
   120.0         130.0         0.000    
  -2.60291        0.519597E-16     3.40814       -0.131259E-04
   0.00000        0.695144        0.109457        0.530903    
   120.0         140.0         0.000    
  -2.55023        0.144745E-16     2.64778       -0.364030E-05
   0.00000        0.718825        0.119763        0.453429    
   120.0         150.0         0.000    
  -2.41579         0.00000         2.07564       -0.170439E-04
   0.00000        0.739942        0.129677        0.419379    
   120.0         160.0         0.000    
  -2.24470        0.197894E-15     1.64067       -0.109738E-04
   0.00000        0.758823        0.139233        0.408494    
   120.0         170.0         0.000    
  -2.05863       -0.158936E-16     1.30694       -0.737712E-05
   0.00000        0.775859        0.148448        0.406289    
   120.0         180.0         0.000    
  -1.86999       -0.103081E-15     1.04899       -0.787715E-05
   0.00000        0.791184        0.157294        0.408968    
   120.0         190.0         0.000    
  -1.68312       -0.422728E-16    0.847732       -0.986854E-05
   0.00000        0.805404        0.165835        0.411191    
   120.0         200.0         0.000    
  -1.50925       -0.307658E-16    0.689568       -0.528785E-05
   0.00000        0.818022        0.174068        0.414742    
   120.0         210.0         0.000    
  -1.35168       -0.388751E-16    0.564274       -0.377475E-05
   0.00000        0.829833        0.182060        0.417420    
   120.0         220.0         0.000    
  -1.20975       -0.496053E-16    0.464386       -0.375902E-05
   0.00000        0.840619        0.189807        0.418084    
   120.0         230.0         0.000    
  -1.08213       -0.614904E-17    0.384395        0.255365E-05
   0.00000        0.850238        0.197239        0.419110    
   120.0         240.0         0.000    
 -0.967134        0.457354E-16    0.319796       -0.383173E-05
   0.00000        0.859199        0.204449        0.419537    
   120.0         250.0         0.000    
 -0.862925       -0.574155E-17    0.267387       -0.281579E-05
   0.00000        0.867345        0.211411        0.419340    
   120.0         260.0         0.000    
 -0.771127        0.932028E-16    0.224573       -0.281527E-05
   0.00000        0.874652        0.218185        0.418686    
   120.0         270.0         0.000    
 -0.690262        0.200141E-16    0.189406       -0.398039E-05
   0.00000        0.881590        0.224799        0.417515    
   120.0         280.0         0.000    
 -0.618829       -0.473437E-16    0.160413       -0.770097E-06
   0.00000        0.888088        0.231217        0.415953    
   120.0         290.0         0.000    
 -0.555571        0.422173E-17    0.136385       -0.114724E-05
   0.00000        0.893979        0.237461        0.414029    
   120.0         300.0         0.000    
 -0.499277        0.184349E-16    0.116395       -0.213166E-05
   0.00000        0.899177        0.243512        0.411582    
   120.0         310.0         0.000    
 -0.448607       -0.130737E-16    0.996919E-01   -0.924314E-06
   0.00000        0.904048        0.249380        0.408743    
   120.0         320.0         0.000    
 -0.403576       -0.240111E-16    0.856659E-01   -0.776094E-06
   0.00000        0.908690        0.255109        0.405635    
   120.0         330.0         0.000    
 -0.363781        0.230276E-17    0.738505E-01   -0.135041E-05
   0.00000        0.912678        0.260684        0.402128    
   120.0         340.0         0.000    
 -0.328544       -0.149002E-17    0.638547E-01   -0.115958E-05
   0.00000        0.916688        0.266122        0.398337    
   120.0         350.0         0.000    
 -0.297232        0.482483E-17    0.553703E-01   -0.603043E-06
   0.00000        0.920195        0.271413        0.394200    
   120.0         360.0         0.000    
 -0.269332        0.938162E-18    0.481383E-01   -0.852189E-06
   0.00000        0.923470        0.276612        0.389740    
   120.0         370.0         0.000    
 -0.244362        0.394789E-16    0.419668E-01   -0.688127E-06
   0.00000        0.926404        0.281626        0.385269    
   120.0         380.0         0.000    
 -0.221947       -0.248860E-16    0.366776E-01   -0.361263E-06
   0.00000        0.929293        0.286525        0.380205    
   120.0         400.0         0.000    
 -0.183357       -0.180479E-16    0.282073E-01   -0.463186E-06
   0.00000        0.934074        0.296013        0.369621    
   120.0         450.0         0.000    
 -0.116921        0.272067E-17    0.151726E-01   -0.149530E-06
   0.00000        0.943279        0.317819        0.339053    
   120.0         500.0         0.000    
 -0.765218E-01   -0.287078E-17    0.852467E-02   -0.359942E-07
   0.00000        0.949254        0.337278        0.304663    
   120.0        0.9106E-01     1.200    
  -374460.        -155308.        -374626.        -154045.    
 -0.118695E-06   -0.123522E-07    0.111953E-06   -0.380164E-07
   120.0        0.1006         1.200    
  -317176.        -131618.        -317326.        -130493.    
 -0.154639E-06   -0.176023E-07    0.147322E-06   -0.541593E-07
   120.0        0.1112         1.200    
  -267833.        -111205.        -267960.        -110204.    
 -0.202179E-06   -0.251821E-07    0.192562E-06   -0.774563E-07
   120.0        0.1229         1.200    
  -225691.        -93766.3        -225804.        -92877.4    
 -0.264810E-06   -0.360827E-07    0.252136E-06   -0.110946E-06
   120.0        0.1358         1.200    
  -189774.        -78898.2        -189861.        -78103.6    
 -0.347481E-06   -0.517806E-07    0.330732E-06   -0.159151E-06
   120.0        0.1501         1.200    
  -159048.        -66174.1        -159120.        -65469.8    
 -0.457483E-06   -0.745730E-07    0.435284E-06   -0.229106E-06
   120.0        0.1659         1.200    
  -132901.        -55341.8        -132965.        -54716.6    
 -0.604038E-06   -0.107675E-06    0.574421E-06   -0.330646E-06
   120.0        0.1834         1.200    
  -110641.        -46115.7        -110699.        -45560.6    
 -0.800446E-06   -0.156058E-06    0.760771E-06   -0.478963E-06
   120.0        0.2027         1.200    
  -91805.5        -38305.4        -91861.1        -37812.9    
 -0.106363E-05   -0.226745E-06    0.101036E-05   -0.695502E-06
   120.0        0.2240         1.200    
  -75882.1        -31699.2        -75930.1        -31261.8    
 -0.141850E-05   -0.330542E-06    0.134652E-05   -0.101322E-05
   120.0        0.2475         1.200    
  -62448.9        -26123.0        -62493.1        -25734.5    
 -0.189910E-05   -0.483595E-06    0.180124E-05   -0.148131E-05
   120.0        0.2736         1.200    
  -51073.1        -21397.9        -51143.7        -21053.6    
 -0.255745E-05   -0.711881E-06    0.242332E-05   -0.217882E-05
   120.0        0.3023         1.200    
  -41560.1        -17443.9        -41625.0        -17148.8    
 -0.346023E-05   -0.105226E-05    0.327512E-05   -0.321774E-05
   120.0        0.3341         1.200    
  -33564.1        -14117.9        -33620.4        -13856.4    
 -0.471708E-05   -0.156729E-05    0.445905E-05   -0.478792E-05
   120.0        0.3693         1.200    
  -26874.6        -11333.0        -26927.3        -11101.5    
 -0.648316E-05   -0.235350E-05    0.611936E-05   -0.718180E-05
   120.0        0.4081         1.200    
  -21320.2        -9018.43        -21368.8        -8813.70    
 -0.898663E-05   -0.356295E-05    0.846769E-05   -0.108592E-04
   120.0        0.4510         1.200    
  -16710.2        -7095.42        -16728.7        -6914.55    
 -0.126219E-04   -0.546472E-05    0.118687E-04   -0.166328E-04
   120.0        0.4985         1.200    
  -12896.5        -5502.65        -12912.4        -5333.04    
 -0.179730E-04   -0.849759E-05    0.168603E-04   -0.258247E-04
   120.0        0.5509         1.200    
  -9768.30        -4194.41        -9783.29        -4044.47    
 -0.260521E-04   -0.134464E-04    0.243720E-04   -0.407956E-04
   120.0        0.6088         1.200    
  -7211.74        -3123.52        -7225.49        -2990.87    
 -0.387133E-04   -0.218089E-04   -0.680556E-04   -0.660422E-04
   120.0        0.6729         1.200    
  -5132.13        -2250.81        -5144.02        -2133.70    
 -0.596431E-04   -0.366718E-04    0.554092E-04   -0.110817E-03
   120.0        0.7436         1.200    
  -3459.24        -1547.24        -3469.28        -1443.96    
 -0.968976E-04   -0.650019E-04    0.896233E-04   -0.195966E-03
   120.0        0.8218         1.200    
  -2121.30        -983.063        -2130.24        -891.882    
 -0.172757E-03   -0.126428E-03    0.158970E-03   -0.380150E-03
   120.0        0.9083         1.200    
  -1062.80        -535.283        -1071.37        -455.049    
 -0.375669E-03   -0.299906E-03    0.343617E-03   -0.899117E-03
   120.0         1.004         1.200    
  -236.326        -184.255        -244.095        -113.452    
 -0.180135E-02   -0.156834E-02    0.163606E-02   -0.468633E-02
   120.0         1.109         1.200    
   393.847         84.7766         385.597         146.956    
  0.124336E-02    0.117971E-02   -0.112003E-02    0.351205E-02
   120.0         1.226         1.200    
   871.415         290.055         863.567         344.589    
  0.604904E-03    0.625769E-03   -0.539622E-03    0.185514E-02
   120.0         1.355         1.200    
   1218.77         440.798         1211.55         488.772    
  0.468906E-03    0.528650E-03   -0.413543E-03    0.155984E-02
   120.0         1.497         1.200    
   1460.88         547.368         1453.69         589.404    
  0.424101E-03    0.520793E-03   -0.369055E-03    0.152850E-02
   120.0         1.655         1.200    
   1620.28         619.199         1613.16         656.015    
  0.414115E-03    0.554086E-03   -0.354695E-03    0.161636E-02
   120.0         1.829         1.200    
   1711.96         662.466         1705.23         694.746    
  0.423391E-03    0.616898E-03   -0.355915E-03    0.178725E-02
   120.0         2.021         1.200    
   1750.78         683.371         1744.10         711.560    
  0.477030E-03    0.707676E-03   -0.366887E-03    0.203424E-02
   120.0         2.234         1.200    
   1748.52         686.854         1741.92         711.478    
  0.480253E-03    0.829226E-03   -0.384661E-03    0.236228E-02
   120.0         2.469         1.200    
   1714.81         676.896         1708.40         698.370    
  0.524626E-03    0.985711E-03   -0.407286E-03    0.277924E-02
   120.0         2.729         1.200    
   1657.56         656.824         1651.98         675.622    
  0.579181E-03    0.118395E-02   -0.433164E-03    0.329862E-02
   120.0         3.016         1.200    
   1583.42         629.412         1578.03         646.058    
  0.644547E-03    0.143295E-02   -0.460957E-03    0.393771E-02
   120.0         3.333         1.200    
   1497.65         596.870         1492.49         611.417    
  0.721085E-03    0.174301E-02   -0.488587E-03    0.471349E-02
   120.0         3.683         1.200    
   1404.54         560.994         1399.77         573.725    
  0.809274E-03    0.212626E-02   -0.513496E-03    0.564305E-02
   120.0         4.071         1.200    
   1307.07         523.059         1302.70         534.288    
  0.910099E-03    0.259934E-02   -0.532541E-03    0.674755E-02
   120.0         4.499         1.200    
   1208.39         484.376         1204.30         494.286    
  0.102356E-02    0.317715E-02   -0.541477E-03    0.803469E-02
   120.0         4.972         1.200    
   1110.38         445.749         1106.67         454.514    
  0.114974E-02    0.387890E-02   -0.534926E-03    0.950912E-02
   120.0         5.495         1.200    
   1014.56         407.830         1011.18         415.629    
  0.128856E-02    0.472661E-02   -0.506539E-03    0.111650E-01
   120.0         6.073         1.200    
   922.142         371.142         919.129         378.109    
  0.143921E-02    0.574385E-02   -0.448808E-03    0.129789E-01
   120.0         6.711         1.200    
   834.077         336.089         831.469         342.377    
  0.160062E-02    0.695819E-02   -0.353358E-03    0.149144E-01
   120.0         7.417         1.200    
   750.713         302.837         748.636         308.590    
  0.177234E-02    0.841176E-02   -0.210376E-03    0.169456E-01
   120.0         8.197         1.200    
   672.552         271.604         671.092         276.961    
  0.195502E-02    0.101661E-01   -0.852865E-05    0.190912E-01
   120.0         9.059         1.200    
   599.751         242.470         598.969         247.545    
  0.215504E-02    0.123115E-01    0.268533E-03    0.214879E-01
   120.0         10.01         1.200    
   532.467         215.510         532.438         220.400    
  0.237935E-02    0.148678E-01    0.643005E-03    0.243264E-01
   120.0         11.06         1.200    
   470.567         190.681         471.335         195.463    
  0.263216E-02    0.179769E-01    0.114331E-02    0.276991E-01
   120.0         12.23         1.200    
   413.431         167.742         415.048         172.488    
  0.291797E-02    0.218882E-01    0.181145E-02    0.318749E-01
   120.0         13.51         1.200    
   361.890         147.033         364.437         151.819    
  0.323366E-02    0.263986E-01    0.268032E-02    0.369715E-01
   120.0         14.94         1.200    
   314.630         128.032         318.178         132.926    
  0.358969E-02    0.318049E-01    0.382387E-02    0.434655E-01
   120.0         16.51         1.200    
   272.250         110.981         276.853         116.039    
  0.398306E-02    0.384945E-01    0.529198E-02    0.514938E-01
   120.0         18.24         1.200    
   234.233         95.6767         239.936         100.942    
  0.441621E-02    0.461889E-01    0.716850E-02    0.614068E-01
   120.0         20.16         1.200    
   200.040         81.9027         206.877         87.4090    
  0.489354E-02    0.556989E-01    0.956579E-02    0.735649E-01
   120.0         22.28         1.200    
   169.588         69.6273         177.567         75.3989    
  0.541399E-02    0.664864E-01    0.125902E-01    0.881364E-01
   120.0         24.63         1.200    
   142.494         58.6963         151.616         64.7510    
  0.597871E-02    0.793452E-01    0.163926E-01    0.105305    
   120.0         27.22         1.200    
   118.645         49.0639         128.864         55.3993    
  0.658229E-02    0.943767E-01    0.211013E-01    0.124868    
   120.0         30.08         1.200    
   97.7184         40.5994         108.962         47.2007    
  0.722110E-02    0.111483        0.268967E-01    0.146640    
   120.0         33.24         1.200    
   79.4550         33.1975         91.6271         40.0404    
  0.788968E-02    0.130963        0.339633E-01    0.170179    
   120.0         36.74         1.200    
   63.5942         26.7520         76.5701         33.7973    
  0.857833E-02    0.152963        0.425124E-01    0.194761    
   120.0         40.60         1.200    
   49.9927         21.2043         63.6150         28.4009    
  0.927131E-02    0.177190        0.526963E-01    0.219067    
   120.0         44.87         1.200    
   38.4072         16.4550         52.4757         23.7347    
  0.995907E-02    0.203573        0.647362E-01    0.242516    
   120.0         49.59         1.200    
   28.6635         12.4340         42.9565         19.7172    
  0.106274E-01    0.231920        0.787882E-01    0.266712    
   120.0         54.81         1.200    
   20.5853         9.07050         34.8662         16.2734    
  0.112629E-01    0.261843        0.949902E-01    0.291520    
   120.0         60.57         1.200    
   14.0247         6.30608         28.0508         13.3387    
  0.118559E-01    0.292693        0.113384        0.316338    
   120.0         66.94         1.200    
   8.80486         4.07161         22.3313         10.8410    
  0.124077E-01    0.324018        0.134054        0.340807    
   120.0         73.98         1.200    
   4.77376         2.31011         17.5765         8.72809    
  0.129252E-01    0.355117        0.156952        0.364436    
   120.0         81.76         1.200    
   1.78224        0.964862         13.6615         6.95365    
  0.134295E-01    0.385585        0.181992        0.387858    
   120.0         89.36         1.200    
 -0.105530        0.799759E-01     10.7959         5.62541    
  0.138942E-01    0.411465        0.205921        0.408736    
   120.0         90.36         1.200    
 -0.297086       -0.124585E-01     10.4739         5.47417    
  0.139551E-01    0.414648        0.209024        0.411293    
   120.0         91.20         1.200    
 -0.449564       -0.864659E-01     10.2118         5.35071    
  0.140064E-01    0.417279        0.211626        0.413425    
   120.0         92.00         1.200    
 -0.587941       -0.153987         9.96932         5.23619    
  0.140553E-01    0.419742        0.214095        0.415427    
   120.0         99.86         1.200    
  -1.64406       -0.684383         7.91126         4.25201    
  0.145428E-01    0.442030        0.237896        0.433674    
   120.0         110.4         1.200    
  -2.42603        -1.11046         5.87505         3.25165    
  0.152230E-01    0.467570        0.268486        0.454821    
   120.0         120.0         1.200    
  -2.73900        -1.31137         4.52978         2.57073    
  0.158839E-01    0.487013        0.294940        0.471301    
   120.0         130.0         1.200    
  -2.81985        -1.39981         3.48881         2.02900    
  0.166193E-01    0.504253        0.321140        0.486253    
   120.0         140.0         1.200    
  -2.74072        -1.40650         2.71195         1.61344    
  0.174021E-01    0.518945        0.345895        0.499117    
   120.0         150.0         1.200    
  -2.58424        -1.36671         2.12569         1.29173    
  0.182166E-01    0.531531        0.369349        0.510275    
   120.0         160.0         1.200    
  -2.39474        -1.30133         1.67932         1.04066    
  0.190472E-01    0.542402        0.391495        0.519963    
   120.0         170.0         1.200    
  -2.19335        -1.22193         1.33598        0.843143    
  0.198895E-01    0.551866        0.412534        0.528122    
   120.0         180.0         1.200    
  -1.99179        -1.13591         1.07016        0.686844    
  0.206991E-01    0.560063        0.432401        0.534563    
   120.0         190.0         1.200    
  -1.79342        -1.04686        0.862511        0.562341    
  0.215644E-01    0.567382        0.451281        0.539837    
   120.0         200.0         1.200    
  -1.60927       -0.960230        0.699264        0.462556    
  0.223804E-01    0.573774        0.469180        0.543978    
   120.0         210.0         1.200    
  -1.44262       -0.878433        0.569966        0.382153    
  0.231752E-01    0.579530        0.486219        0.547311    
   120.0         220.0         1.200    
  -1.29250       -0.802001        0.466954        0.317036    
  0.239454E-01    0.584639        0.502453        0.549828    
   120.0         230.0         1.200    
  -1.15760       -0.731102        0.384457        0.264082    
  0.246893E-01    0.589178        0.517843        0.551524    
   120.0         240.0         1.200    
  -1.03596       -0.665498        0.317960        0.220797    
  0.383273E-01    0.593167        0.532530        0.552720    
   120.0         250.0         1.200    
 -0.925515       -0.604769        0.264090        0.185250    
  0.260774E-01    0.596825        0.546528        0.553392    
   120.0         260.0         1.200    
 -0.827973       -0.549689        0.220202        0.155932    
  0.267225E-01    0.600146        0.559986        0.553585    
   120.0         270.0         1.200    
 -0.741896       -0.499856        0.184283        0.131651    
  0.273354E-01    0.603181        0.572889        0.553517    
   120.0         280.0         1.200    
 -0.665709       -0.454729        0.154770        0.111484    
  0.279133E-01    0.605928        0.585245        0.552978    
   120.0         290.0         1.200    
 -0.598147       -0.413860        0.130425        0.946782E-01
  0.284556E-01    0.608444        0.597086        0.552208    
   120.0         300.0         1.200    
 -0.537990       -0.376784        0.110269        0.806306E-01
  0.289608E-01    0.610568        0.608414        0.550920    
   120.0         310.0         1.200    
 -0.483857       -0.342926        0.935043E-01    0.688401E-01
  0.294363E-01    0.612646        0.619261        0.549533    
   120.0         320.0         1.200    
 -0.435676       -0.312266        0.795149E-01    0.589174E-01
  0.298783E-01    0.614318        0.629700        0.547757    
   120.0         330.0         1.200    
 -0.392873       -0.284607        0.677931E-01    0.505354E-01
  0.302942E-01    0.615919        0.639775        0.545805    
   120.0         340.0         1.200    
 -0.354764       -0.259650        0.579428E-01    0.434386E-01
  0.306817E-01    0.617440        0.649523        0.543647    
   120.0         350.0         1.200    
 -0.320776       -0.237078        0.496406E-01    0.374131E-01
  0.310453E-01    0.618840        0.658942        0.541452    
   120.0         360.0         1.200    
 -0.290392       -0.216644        0.426256E-01    0.322888E-01
  0.313813E-01    0.620055        0.668036        0.538893    
   120.0         370.0         1.200    
 -0.263183       -0.198101        0.366814E-01    0.279186E-01
  0.316914E-01    0.621102        0.676798        0.536336    
   120.0         380.0         1.200    
 -0.238750       -0.181245        0.316310E-01    0.241833E-01
  0.319748E-01    0.622100        0.685249        0.533465    
   120.0         400.0         1.200    
 -0.196848       -0.151817        0.236574E-01    0.182378E-01
  0.324840E-01    0.623720        0.701302        0.527325    
   120.0         450.0         1.200    
 -0.123938       -0.989250E-01    0.117800E-01    0.923951E-02
  0.433779E-01    0.626455        0.737517        0.510144    
   120.0         500.0         1.200    
 -0.796262E-01   -0.653646E-01    0.607294E-02    0.482803E-02
  0.336568E-01    0.627431        0.768580        0.490644    
   120.0        0.9106E-01     2.400    
  -345935.        -286317.        -346068.        -283010.    
 -0.244954E-06   -0.303515E-07   -0.454099E-06   -0.735249E-08
   120.0        0.1006         2.400    
  -292028.        -241735.        -292096.        -238786.    
 -0.320276E-06   -0.433631E-07   -0.593826E-06   -0.105189E-07
   120.0        0.1112         2.400    
  -245692.        -203411.        -245752.        -200785.    
 -0.420287E-06   -0.621972E-07   -0.779391E-06   -0.151107E-07
   120.0        0.1229         2.400    
  -206208.        -170751.        -206282.        -168416.    
 -0.555418E-06   -0.893677E-07   -0.102508E-05   -0.217485E-07
   120.0        0.1358         2.400    
  -172637.        -142981.        -172687.        -140923.    
 -0.728419E-06   -0.128654E-06   -0.135137E-05   -0.313677E-07
   120.0        0.1501         2.400    
  -143991.        -119282.        -144035.        -117437.    
 -0.963733E-06   -0.185930E-06   -0.178839E-05   -0.454261E-07
   120.0        0.1659         2.400    
  -119682.        -99167.7        -119724.        -97526.6    
 -0.127921E-05   -0.269509E-06   -0.237451E-05   -0.659968E-07
   120.0        0.1834         2.400    
  -99046.7        -82092.2        -99077.2        -80630.7    
 -0.170548E-05   -0.392368E-06   -0.316682E-05   -0.963264E-07
   120.0        0.2027         2.400    
  -81642.4        -67688.3        -81668.4        -66388.7    
 -0.228179E-05   -0.572984E-06   -0.423858E-05   -0.141063E-06
   120.0        0.2240         2.400    
  -66979.5        -55551.4        -67003.4        -54395.3    
 -0.306610E-05   -0.840042E-06   -0.569789E-05   -0.207452E-06
   120.0        0.2475         2.400    
  -54655.8        -45349.2        -54679.3        -44323.7    
 -0.414515E-05   -0.123714E-05   -0.769805E-05   -0.306564E-06
   120.0        0.2736         2.400    
  -44262.3        -36743.4        -44285.7        -35835.9    
 -0.563450E-05   -0.183635E-05   -0.104820E-04   -0.456790E-06
   120.0        0.3023         2.400    
  -35609.5        -29577.6        -35629.0        -28773.2    
 -0.771304E-05   -0.273978E-05   -0.143582E-04   -0.684385E-06
   120.0        0.3341         2.400    
  -28372.4        -23582.8        -28384.7        -22863.5    
 -0.106615E-04   -0.412706E-05   -0.198616E-04   -0.103575E-05
   120.0        0.3693         2.400    
  -22350.9        -18593.9        -22362.5        -17956.7    
 -0.148986E-04   -0.628335E-05   -0.277786E-04   -0.158510E-05
   120.0        0.4081         2.400    
  -17381.5        -14475.5        -17392.6        -13910.9    
 -0.210751E-04   -0.967742E-05   -0.393338E-04   -0.245535E-05
   120.0        0.4510         2.400    
  -13285.4        -11079.7        -13296.4        -10580.1    
 -0.303165E-04   -0.151510E-04   -0.566460E-04   -0.386861E-05
   120.0        0.4985         2.400    
  -9923.00        -8291.19        -9932.53        -7848.30    
 -0.446147E-04   -0.242586E-04   -0.834716E-04   -0.623805E-05
   120.0        0.5509         2.400    
  -7189.52        -6023.33        -7198.53        -5632.07    
 -0.676223E-04   -0.399760E-04   -0.126707E-03   -0.103606E-04
   120.0        0.6088         2.400    
  -4978.41        -4187.94        -4986.68        -3842.51    
 -0.107159E-03   -0.688342E-04   -0.201136E-03   -0.179955E-04
   120.0        0.6729         2.400    
  -3201.41        -2712.01        -3209.46        -2406.73    
 -0.182670E-03   -0.127444E-03   -0.343559E-03   -0.336419E-04
   120.0        0.7436         2.400    
  -1792.34        -1540.85        -1799.51        -1270.97    
 -0.357015E-03   -0.270317E-03   -0.673142E-03   -0.721263E-04
   120.0        0.8218         2.400    
  -684.856        -619.530        -691.362        -381.182    
 -0.101787E-02   -0.835536E-03   -0.192391E-02   -0.225617E-03
   120.0        0.9083         2.400    
   172.595         94.5973         166.214         304.557    
  0.463232E-02    0.412005E-02    0.878280E-02    0.112742E-02
   120.0         1.004         2.400    
   823.872         637.824         818.673         823.463    
  0.102795E-02    0.989758E-03    0.195595E-02    0.274888E-03
   120.0         1.109         2.400    
   1302.72         1038.05         1297.27         1201.19    
  0.707723E-03    0.736497E-03    0.135215E-02    0.207935E-03
   120.0         1.226         2.400    
   1647.74         1327.28         1642.16         1470.48    
  0.609540E-03    0.685223E-03    0.117012E-02    0.197064E-03
   120.0         1.355         2.400    
   1880.46         1523.29         1875.29         1649.17    
  0.580903E-03    0.704361E-03    0.112128E-02    0.206779E-03
   120.0         1.497         2.400    
   2023.64         1644.93         2018.70         1755.51    
  0.586090E-03    0.765157E-03    0.113842E-02    0.229833E-03
   120.0         1.655         2.400    
   2096.92         1708.50         2091.75         1805.08    
  0.613467E-03    0.861303E-03    0.120034E-02    0.265480E-03
   120.0         1.829         2.400    
   2114.55         1725.77         2109.70         1810.43    
  0.658080E-03    0.991456E-03    0.129845E-02    0.314538E-03
   120.0         2.021         2.400    
   2089.64         1707.61         2085.15         1781.82    
  0.718555E-03    0.115904E-02    0.143145E-02    0.379782E-03
   120.0         2.234         2.400    
   2032.38         1662.48         2028.24         1727.43    
  0.795287E-03    0.137037E-02    0.160192E-02    0.465703E-03
   120.0         2.469         2.400    
   1951.53         1597.63         1947.68         1654.43    
  0.888777E-03    0.163109E-02    0.181296E-02    0.577502E-03
   120.0         2.729         2.400    
   1853.89         1518.70         1849.96         1568.04    
  0.100084E-02    0.194991E-02    0.207120E-02    0.723089E-03
   120.0         3.016         2.400    
   1745.29         1430.53         1741.65         1473.59    
  0.113265E-02    0.233350E-02    0.238055E-02    0.911731E-03
   120.0         3.333         2.400    
   1630.19         1336.82         1626.86         1374.40    
  0.128636E-02    0.278996E-02    0.275667E-02    0.115640E-02
   120.0         3.683         2.400    
   1512.16         1240.55         1509.11         1273.31    
  0.146408E-02    0.332554E-02    0.320393E-02    0.147371E-02
   120.0         4.071         2.400    
   1393.54         1143.66         1390.76         1172.18    
  0.166863E-02    0.394623E-02    0.373868E-02    0.188694E-02
   120.0         4.499         2.400    
   1277.05         1048.40         1274.48         1073.20    
  0.196967E-02    0.464865E-02    0.437277E-02    0.242251E-02
   120.0         4.972         2.400    
   1164.06         955.935         1161.89         977.628    
  0.216292E-02    0.542688E-02    0.512205E-02    0.311691E-02
   120.0         5.495         2.400    
   1055.70         867.200         1053.95         886.230    
  0.245569E-02    0.627033E-02    0.600410E-02    0.401710E-02
   120.0         6.073         2.400    
   952.858         782.932         951.640         799.766    
  0.277955E-02    0.716624E-02    0.703535E-02    0.518103E-02
   120.0         6.711         2.400    
   856.171         703.676         855.413         718.582    
  0.313512E-02    0.811787E-02    0.823295E-02    0.668130E-02
   120.0         7.417         2.400    
   765.711         629.497         765.544         642.866    
  0.352392E-02    0.918071E-02    0.961516E-02    0.861151E-02
   120.0         8.197         2.400    
   681.765         560.640         682.260         572.789    
  0.394985E-02    0.105396E-01    0.111973E-01    0.110798E-01
   120.0         9.059         2.400    
   604.295         497.078         605.486         508.256    
  0.442746E-02    0.125057E-01    0.130356E-01    0.141469E-01
   120.0         10.01         2.400    
   533.289         438.808         535.201         449.237    
  0.498028E-02    0.148690E-01    0.152700E-01    0.177818E-01
   120.0         11.06         2.400    
   468.463         385.600         471.161         395.505    
  0.561572E-02    0.176734E-01    0.179749E-01    0.220453E-01
   120.0         12.23         2.400    
   409.052         336.828         412.643         346.439    
  0.635710E-02    0.211084E-01    0.212946E-01    0.270989E-01
   120.0         13.51         2.400    
   355.817         293.122         360.340         302.611    
  0.720727E-02    0.251763E-01    0.252988E-01    0.329668E-01
   120.0         14.94         2.400    
   307.317         253.297         312.825         262.815    
  0.820409E-02    0.301044E-01    0.302390E-01    0.398960E-01
   120.0         16.51         2.400    
   264.091         217.799         270.620         227.481    
  0.935470E-02    0.359747E-01    0.362104E-01    0.479150E-01
   120.0         18.24         2.400    
   225.549         186.143         233.125         196.100    
  0.106889E-01    0.429218E-01    0.434568E-01    0.571962E-01
   120.0         20.16         2.400    
   191.090         157.835         199.712         168.140    
  0.122502E-01    0.512163E-01    0.522926E-01    0.679886E-01
   120.0         22.28         2.400    
   160.584         132.769         170.252         143.490    
  0.140683E-01    0.609828E-01    0.629664E-01    0.803822E-01
   120.0         24.63         2.400    
   133.607         110.596         144.304         121.776    
  0.161943E-01    0.724652E-01    0.758616E-01    0.946035E-01
   120.0         27.22         2.400    
   110.011         91.1921         121.687         102.846    
  0.186650E-01    0.858782E-01    0.912479E-01    0.110718    
   120.0         30.08         2.400    
   89.4424         74.2674         102.014         86.3743    
  0.215372E-01    0.101379        0.109515        0.128817    
   120.0         33.24         2.400    
   71.6189         59.5885         84.9671         72.0916    
  0.248760E-01    0.119144        0.131043        0.148992    
   120.0         36.74         2.400    
   56.2599         46.9236         70.2454         59.7466    
  0.287447E-01    0.139348        0.156213        0.171226    
   120.0         40.60         2.400    
   43.2026         36.1384         57.6609         49.1811    
  0.331795E-01    0.161893        0.185152        0.195285    
   120.0         44.87         2.400    
   32.1915         27.0222         46.9190         40.1482    
  0.382421E-01    0.186844        0.218135        0.220997    
   120.0         49.59         2.400    
   23.0420         19.4229         37.8151         32.4771    
  0.439573E-01    0.214061        0.255170        0.247992    
   120.0         54.81         2.400    
   15.5669         13.1891         30.1501         26.0013    
  0.503277E-01    0.243213        0.296115        0.275760    
   120.0         60.57         2.400    
   9.60717         8.19255         23.7608         20.5861    
  0.572985E-01    0.273830        0.340529        0.303677    
   120.0         66.94         2.400    
   4.98063         4.28624         18.4670         16.0813    
  0.648097E-01    0.305499        0.388064        0.331192    
   120.0         73.98         2.400    
   1.52934         1.34478         14.1322         12.3750    
  0.727255E-01    0.337625        0.437998        0.357588    
   120.0         81.76         2.400    
 -0.907891       -0.757890         10.6269         9.36117    
  0.808802E-01    0.369548        0.489585        0.382322    
   120.0         89.36         2.400    
  -2.33761        -2.01260         8.11322         7.18702    
  0.881562E-01    0.397305        0.536155        0.402439    
   120.0         90.36         2.400    
  -2.47436        -2.13412         7.83436         6.94499    
  0.890616E-01    0.400717        0.542005        0.404817    
   120.0         91.20         2.400    
  -2.58159        -2.22968         7.60825         6.74860    
  0.898120E-01    0.403533        0.546865        0.406764    
   120.0         92.00         2.400    
  -2.67754        -2.31542         7.39956         6.56721    
  0.905183E-01    0.406180        0.551454        0.408583    
   120.0         99.86         2.400    
  -3.34798        -2.92449         5.65059         5.04216    
  0.970301E-01    0.430516        0.594400        0.424657    
   120.0         110.4         2.400    
  -3.69177        -3.26066         3.97114         3.56756    
  0.104587        0.458680        0.646288        0.441612    
   120.0         120.0         2.400    
  -3.67381        -3.27392         2.90159         2.62152    
  0.110367        0.480484        0.688391        0.453178    
   120.0         130.0         2.400    
  -3.47087        -3.11956         2.10631         1.91329    
  0.115356        0.499850        0.727523        0.462099    
   120.0         140.0         2.400    
  -3.16679        -2.86906         1.53756         1.40353    
  0.119438        0.516414        0.762616        0.468639    
   120.0         150.0         2.400    
  -2.82867        -2.58171         1.12804         1.03429    
  0.122714        0.530641        0.794045        0.473447    
   120.0         160.0         2.400    
  -2.49147        -2.28970        0.831185        0.765171    
  0.125306        0.542895        0.822387        0.477075    
   120.0         170.0         2.400    
  -2.17171        -2.00874        0.614911        0.568119    
  0.127291        0.553406        0.847890        0.480114    
   120.0         180.0         2.400    
  -1.87771        -1.74717        0.456430        0.423063    
  0.128785        0.562601        0.871084        0.482579    
   120.0         190.0         2.400    
  -1.61123        -1.50761        0.339841        0.315909    
  0.129845        0.570538        0.892087        0.484303    
   120.0         200.0         2.400    
  -1.37615        -1.29428        0.253696        0.236437    
  0.130544        0.577467        0.911260        0.485498    
   120.0         210.0         2.400    
  -1.17149        -1.10713        0.189801        0.177290    
  0.130947        0.583601        0.928857        0.486289    
   120.0         220.0         2.400    
 -0.994490       -0.944046        0.142274        0.133163    
  0.131090        0.588950        0.944910        0.486543    
   120.0         230.0         2.400    
 -0.842038       -0.802659        0.106816        0.100148    
  0.131011        0.593630        0.959647        0.486376    
   120.0         240.0         2.400    
 -0.711072       -0.680430        0.802972E-01    0.753993E-01
  0.130741        0.597705        0.973155        0.485793    
   120.0         250.0         2.400    
 -0.598760       -0.575012        0.604190E-01    0.568066E-01
  0.130307        0.601239        0.985503        0.484877    
   120.0         260.0         2.400    
 -0.503431       -0.485068        0.454829E-01    0.428099E-01
  0.129776        0.604459        0.997035        0.483785    
   120.0         270.0         2.400    
 -0.422707       -0.408552        0.342441E-01    0.322604E-01
  0.129147        0.607311         1.00778        0.482527    
   120.0         280.0         2.400    
 -0.354410       -0.343517        0.257793E-01    0.243037E-01
  0.128439        0.609888         1.01770        0.481143    
   120.0         290.0         2.400    
 -0.296673       -0.288327        0.194039E-01    0.183029E-01
  0.127611        0.612059         1.02677        0.479552    
   120.0         300.0         2.400    
 -0.247932       -0.241545        0.145962E-01    0.137734E-01
  0.126735        0.613820         1.03504        0.477756    
   120.0         310.0         2.400    
 -0.206674       -0.201815        0.109702E-01    0.103542E-01
  0.125717        0.615286         1.04244        0.475828    
   120.0         320.0         2.400    
 -0.172005       -0.168314        0.823296E-02    0.777151E-02
  0.124810        0.616575         1.04940        0.473850    
   120.0         330.0         2.400    
 -0.142899       -0.140106        0.616770E-02    0.582176E-02
  0.123805        0.617747         1.05591        0.471883    
   120.0         340.0         2.400    
 -0.118529       -0.116425        0.461085E-02    0.435147E-02
  0.122789        0.618723         1.06194        0.469904    
   120.0         350.0         2.400    
 -0.981328E-01   -0.965497E-01    0.343852E-02    0.324410E-02
  0.121747        0.619617         1.06757        0.467933    
   120.0         360.0         2.400    
 -0.810446E-01   -0.798634E-01    0.255719E-02    0.241158E-02
  0.120689        0.620361         1.07270        0.465934    
   120.0         370.0         2.400    
 -0.667904E-01   -0.659110E-01    0.189639E-02    0.178746E-02
  0.119592        0.620688         1.07699        0.463736    
   120.0         380.0         2.400    
 -0.549014E-01   -0.542483E-01    0.140129E-02    0.131995E-02
  0.118474        0.620915         1.08092        0.461542    
   120.0         400.0         2.400    
 -0.367334E-01   -0.363808E-01    0.755063E-03    0.710051E-03
  0.115036        0.745664         1.08836        0.548909    
   120.0         450.0         2.400    
 -0.126806E-01   -0.126130E-01    0.146084E-03    0.136548E-03
  0.110814        0.614393         1.09109        0.442600    
   120.0         500.0         2.400    
 -0.386192E-02   -0.385158E-02    0.228664E-04    0.211793E-04
  0.768709E-01    0.769576         1.36691        0.544397    
   120.0        0.9106E-01     2.960    
  -232812.        -217226.        -232875.        -214135.    
 -0.506281E-06   -0.682923E-08   -0.147481E-05   -0.341307E-07
   120.0        0.1006         2.960    
  -195549.        -182471.        -195601.        -179712.    
 -0.665159E-06   -0.981709E-08   -0.193189E-05   -0.490110E-07
   120.0        0.1112         2.960    
  -163616.        -152685.        -163661.        -150226.    
 -0.877640E-06   -0.141793E-07   -0.254853E-05   -0.707051E-07
   120.0        0.1229         2.960    
  -136492.        -127384.        -136540.        -125202.    
 -0.116105E-05   -0.205308E-07   -0.337077E-05   -0.102244E-06
   120.0        0.1358         2.960    
  -113510.        -105945.        -113554.        -104005.    
 -0.154027E-05   -0.298043E-07   -0.447579E-05   -0.148212E-06
   120.0        0.1501         2.960    
  -93970.9        -87718.2        -94007.9        -85990.6    
 -0.205490E-05   -0.434821E-07   -0.595733E-05   -0.215884E-06
   120.0        0.1659         2.960    
  -77455.9        -72311.1        -77484.9        -70771.3    
 -0.274780E-05   -0.637016E-07   -0.797143E-05   -0.315713E-06
   120.0        0.1834         2.960    
  -63497.8        -59288.6        -63525.4        -57921.7    
 -0.369752E-05   -0.938425E-07   -0.107195E-04   -0.464186E-06
   120.0        0.2027         2.960    
  -51780.3        -48355.9        -51797.6        -47134.3    
 -0.499932E-05   -0.138915E-06   -0.144976E-04   -0.685655E-06
   120.0        0.2240         2.960    
  -41958.9        -39191.7        -41977.0        -38108.5    
 -0.680158E-05   -0.206807E-06   -0.197126E-04   -0.101832E-05
   120.0        0.2475         2.960    
  -33750.6        -31531.9        -33767.9        -30570.8    
 -0.931612E-05   -0.310007E-06   -0.269903E-04   -0.152247E-05
   120.0        0.2736         2.960    
  -26870.5        -25111.2        -26883.1        -24255.5    
 -0.128960E-04   -0.469897E-06   -0.373471E-04   -0.230096E-05
   120.0        0.3023         2.960    
  -21182.0        -19802.0        -21192.7        -19041.9    
 -0.180133E-04   -0.718443E-06   -0.521446E-04   -0.350673E-05
   120.0        0.3341         2.960    
  -16460.4        -15394.7        -16470.2        -14720.7    
 -0.255197E-04   -0.111451E-05   -0.738404E-04   -0.542058E-05
   120.0        0.3693         2.960    
  -12565.7        -11758.8        -12575.7        -11162.4    
 -0.367899E-04   -0.175981E-05   -0.106398E-03   -0.852532E-05
   120.0        0.4081         2.960    
  -9382.65        -8786.87        -9392.49        -8259.01    
 -0.541825E-04   -0.283853E-05   -0.156618E-03   -0.136913E-04
   120.0        0.4510         2.960    
  -6788.00        -6363.91        -6796.33        -5895.78    
 -0.823285E-04   -0.472484E-05   -0.237847E-03   -0.226801E-04
   120.0        0.4985         2.960    
  -4685.46        -4400.10        -4694.01        -3986.65    
 -0.131009E-03   -0.823970E-05   -0.378268E-03   -0.393412E-04
   120.0        0.5509         2.960    
  -3001.80        -2827.16        -3009.48        -2461.25    
 -0.224349E-03   -0.154687E-04   -0.647550E-03   -0.734222E-04
   120.0        0.6088         2.960    
  -1664.08        -1577.05        -1671.30        -1253.67    
 -0.443453E-03   -0.335126E-04   -0.127886E-02   -0.158032E-03
   120.0        0.6729         2.960    
  -612.060        -593.586        -618.527        -307.704    
 -0.131421E-02   -0.108938E-03   -0.378760E-02   -0.510002E-03
   120.0        0.7436         2.960    
   200.067         165.966         193.898         418.251    
  0.459332E-02    0.417718E-03    0.132296E-01    0.194000E-02
   120.0        0.8218         2.960    
   817.019         743.322         811.171         965.819    
  0.120198E-02    0.119983E-03    0.345964E-02    0.552320E-03
   120.0        0.9083         2.960    
   1273.76         1171.10         1268.93         1367.83    
  0.840355E-03    0.921294E-04    0.241720E-02    0.419959E-03
   120.0         1.004         2.960    
   1599.88         1476.91         1595.12         1649.92    
  0.730355E-03    0.879962E-04    0.209945E-02    0.396777E-03
   120.0         1.109         2.960    
   1818.84         1682.63         1814.20         1834.94    
  0.700233E-03    0.927140E-04    0.201162E-02    0.413077E-03
   120.0         1.226         2.960    
   1954.85         1810.85         1950.46         1944.74    
  0.709716E-03    0.103419E-03    0.203767E-02    0.454656E-03
   120.0         1.355         2.960    
   2023.22         1875.89         2019.02         1993.44    
  0.745511E-03    0.119659E-03    0.213993E-02    0.518333E-03
   120.0         1.497         2.960    
   2039.01         1891.76         2034.85         1994.79    
  0.803121E-03    0.141969E-03    0.230356E-02    0.605025E-03
   120.0         1.655         2.960    
   2014.23         1869.69         2009.97         1959.68    
  0.881216E-03    0.171886E-03    0.252660E-02    0.719307E-03
   120.0         1.829         2.960    
   1958.89         1819.03         1954.65         1897.60    
  0.979635E-03    0.210990E-03    0.280795E-02    0.865359E-03
   120.0         2.021         2.960    
   1881.21         1747.43         1877.17         1816.10    
  0.109990E-02    0.261829E-03    0.315230E-02    0.105021E-02
   120.0         2.234         2.960    
   1787.31         1660.64         1783.60         1720.66    
  0.124503E-02    0.328108E-03    0.356826E-02    0.128378E-02
   120.0         2.469         2.960    
   1683.04         1564.09         1679.48         1616.35    
  0.141742E-02    0.414006E-03    0.406300E-02    0.157592E-02
   120.0         2.729         2.960    
   1572.39         1461.53         1568.83         1506.83    
  0.162095E-02    0.525566E-03    0.464806E-02    0.194033E-02
   120.0         3.016         2.960    
   1459.00         1356.36         1455.74         1395.79    
  0.185847E-02    0.669854E-03    0.533216E-02    0.239057E-02
   120.0         3.333         2.960    
   1345.47         1250.98         1342.25         1285.05    
  0.213471E-02    0.856640E-03    0.612931E-02    0.294426E-02
   120.0         3.683         2.960    
   1233.84         1147.34         1230.87         1176.86    
  0.245283E-02    0.109761E-02    0.704964E-02    0.361830E-02
   120.0         4.071         2.960    
   1125.23         1046.46         1122.50         1072.01    
  0.281826E-02    0.140912E-02    0.810985E-02    0.443452E-02
   120.0         4.499         2.960    
   1021.30         949.915         1018.81         971.990    
  0.323245E-02    0.180829E-02    0.931586E-02    0.540624E-02
   120.0         4.972         2.960    
   922.631         858.227         920.383         877.288    
  0.369821E-02    0.231773E-02    0.106781E-01    0.654806E-02
   120.0         5.495         2.960    
   829.685         771.844         827.747         788.349    
  0.421633E-02    0.296282E-02    0.122058E-01    0.786648E-02
   120.0         6.073         2.960    
   742.812         691.095         741.232         705.435    
  0.478568E-02    0.376999E-02    0.139054E-01    0.935682E-02
   120.0         6.711         2.960    
   662.229         616.183         661.085         628.746    
  0.540297E-02    0.476197E-02    0.157911E-01    0.110005E-01
   120.0         7.417         2.960    
   587.725         546.916         587.033         557.986    
  0.606816E-02    0.595576E-02    0.179128E-01    0.127794E-01
   120.0         8.197         2.960    
   519.321         483.314         519.143         493.193    
  0.678209E-02    0.733839E-02    0.203771E-01    0.146787E-01
   120.0         9.059         2.960    
   456.802         425.181         457.195         434.125    
  0.756450E-02    0.889289E-02    0.233497E-01    0.167872E-01
   120.0         10.01         2.960    
   400.010         372.370         400.965         380.579    
  0.846523E-02    0.107931E-01    0.268828E-01    0.192266E-01
   120.0         11.06         2.960    
   348.591         324.553         350.168         332.233    
  0.950612E-02    0.130883E-01    0.311044E-01    0.221194E-01
   120.0         12.23         2.960    
   301.838         281.073         304.114         288.447    
  0.107274E-01    0.159138E-01    0.361753E-01    0.256006E-01
   120.0         13.51         2.960    
   260.260         242.404         263.279         249.648    
  0.121337E-01    0.193510E-01    0.421889E-01    0.297666E-01
   120.0         14.94         2.960    
   222.657         207.431         226.449         214.670    
  0.137920E-01    0.235396E-01    0.494553E-01    0.348593E-01
   120.0         16.51         2.960    
   189.386         176.485         193.977         183.852    
  0.157187E-01    0.286078E-01    0.581002E-01    0.410119E-01
   120.0         18.24         2.960    
   159.933         149.089         165.354         156.702    
  0.179681E-01    0.346607E-01    0.683825E-01    0.484348E-01
   120.0         20.16         2.960    
   133.794         124.772         140.053         132.714    
  0.206175E-01    0.419819E-01    0.806852E-01    0.573907E-01
   120.0         22.28         2.960    
   110.832         103.409         117.905         111.724    
  0.237313E-01    0.507338E-01    0.953083E-01    0.680846E-01
   120.0         24.63         2.960    
   90.6918         84.6675         98.5604         93.3999    
  0.273995E-01    0.611520E-01    0.112670        0.807482E-01
   120.0         27.22         2.960    
   73.2329         68.4167         81.8536         77.5770    
  0.316924E-01    0.733844E-01    0.133051        0.955094E-01
   120.0         30.08         2.960    
   58.1657         54.3866         67.4644         63.9537    
  0.367173E-01    0.876353E-01    0.156881        0.112496    
   120.0         33.24         2.960    
   45.2579         42.3608         55.1372         52.2851    
  0.425806E-01    0.104103        0.184546        0.131765    
   120.0         36.74         2.960    
   34.2849         32.1297         44.6168         42.3274    
  0.494078E-01    0.122930        0.216466        0.153299    
   120.0         40.60         2.960    
   25.1079         23.5643         35.7439         33.9294    
  0.572532E-01    0.144038        0.252718        0.176802    
   120.0         44.87         2.960    
   17.5243         16.4768         28.2951         26.8780    
  0.662024E-01    0.167457        0.293515        0.201953    
   120.0         49.59         2.960    
   11.3841         10.7281         22.1002         21.0119    
  0.762728E-01    0.192925        0.338774        0.228191    
   120.0         54.81         2.960    
   6.53573         6.17815         16.9968         16.1768    
  0.874318E-01    0.220112        0.388257        0.254884    
   120.0         60.57         2.960    
   2.84539         2.70338         12.8498         12.2447    
  0.995337E-01    0.248535        0.441368        0.281171    
   120.0         66.94         2.960    
  0.161959        0.165630         9.51989         9.08411    
  0.112388        0.277641        0.497456        0.306247    
   120.0         73.98         2.960    
  -1.65020        -1.55820         6.89118         6.58574    
  0.125690        0.306781        0.555607        0.329276    
   120.0         81.76         2.960    
  -2.71894        -2.58519         4.85716         4.64941    
  0.139050        0.335324        0.614761        0.349523    
   120.0         89.36         2.960    
  -3.17891        -3.03565         3.46905         3.32569    
  0.150633        0.359695        0.667321        0.364726    
   120.0         90.36         2.960    
  -3.20929        -3.06623         3.31964         3.18309    
  0.152051        0.362665        0.673866        0.366436    
   120.0         91.20         2.960    
  -3.23041        -3.08771         3.19925         3.06815    
  0.153222        0.365121        0.679301        0.367826    
   120.0         92.00         2.960    
  -3.24703        -3.10484         3.08877         2.96264    
  0.154319        0.367424        0.684421        0.369108    
   120.0         99.86         2.960    
  -3.26139        -3.13059         2.19061         2.10408    
  0.164219        0.388253        0.731774        0.379599    
   120.0         110.4         2.960    
  -3.00639        -2.89925         1.38564         1.33311    
  0.175187        0.411867        0.787784        0.390297    
   120.0         120.0         2.960    
  -2.64673        -2.56254        0.913925        0.880394    
  0.183088        0.429739        0.832156        0.399463    
   120.0         130.0         2.960    
  -2.23276        -2.16997        0.592152        0.571029    
  0.189476        0.445270        0.872468        0.408766    
   120.0         140.0         2.960    
  -1.83541        -1.78997        0.383074        0.369723    
  0.194204        0.458184        0.907378        0.417919    
   120.0         150.0         2.960    
  -1.47949        -1.44749        0.247034        0.238547    
  0.197610        0.469079        0.937926        0.426650    
   120.0         160.0         2.960    
  -1.17343        -1.15134        0.158618        0.153215    
  0.199912        0.478288        0.964714        0.434704    
   120.0         170.0         2.960    
 -0.917420       -0.902511        0.101314        0.978720E-01
  0.201240        0.485981        0.987955        0.442117    
   120.0         180.0         2.960    
 -0.706874       -0.697025        0.642942E-01    0.620993E-01
  0.201753        0.492376         1.00802        0.448915    
   120.0         190.0         2.960    
 -0.538246       -0.531850        0.404602E-01    0.390643E-01
  0.201690        0.497879         1.02576        0.455371    
   120.0         200.0         2.960    
 -0.405140       -0.401061        0.252142E-01    0.243301E-01
  0.201113        0.502568         1.04127        0.461509    
   120.0         210.0         2.960    
 -0.301331       -0.298783        0.155369E-01    0.149803E-01
  0.200083        0.506417         1.05458        0.467230    
   120.0         220.0         2.960    
 -0.221305       -0.219748        0.944465E-02    0.909719E-02
  0.198732        0.509686         1.06621        0.472756    
   120.0         230.0         2.960    
 -0.160278       -0.159348        0.565140E-02    0.543692E-02
  0.197104        0.512139         1.07624        0.477821    
   120.0         240.0         2.960    
 -0.114340       -0.113800        0.332037E-02    0.318985E-02
  0.195224        0.514512         1.08452        0.483055    
   120.0         250.0         2.960    
 -0.803004E-01   -0.799943E-01    0.190841E-02    0.183038E-02
  0.193023        0.516350         1.09182        0.488018    
   120.0         260.0         2.960    
 -0.553979E-01   -0.552300E-01    0.106972E-02    0.102408E-02
  0.190997        0.517507         1.09731        0.492536    
   120.0         270.0         2.960    
 -0.374475E-01   -0.373586E-01    0.581534E-03    0.555532E-03
  0.187248        0.518092         1.10193        0.496691    
   120.0         280.0         2.960    
 -0.247140E-01   -0.246689E-01    0.305000E-03    0.290658E-03
  0.185331        0.514982         1.09818        0.497448    
   120.0         290.0         2.960    
 -0.158579E-01   -0.158361E-01    0.153142E-03    0.145538E-03
  0.183703        0.516731         1.10733        0.503017    
   120.0         300.0         2.960    
 -0.983460E-02   -0.982465E-02    0.729276E-04    0.690888E-04
  0.218242        0.518862         1.10859        0.509131    
   120.0         310.0         2.960    
 -0.585525E-02   -0.585101E-02    0.325035E-04    0.306815E-04
  0.209272        0.613930         1.10764        0.607335    
   120.0         320.0         2.960    
 -0.331421E-02   -0.331256E-02    0.133250E-04    0.125242E-04
  0.699559E-01    0.509905         1.09314        0.508591    
   120.0         330.0         2.960    
 -0.175757E-02   -0.175699E-02    0.489666E-05    0.457892E-05
  0.849296E-01    0.238352         1.08750        0.239726    
   120.0         340.0         2.960    
 -0.854656E-03   -0.854482E-03    0.155293E-05    0.144314E-05
  0.103979        0.300376        0.649545        0.304673    
   120.0         350.0         2.960    
 -0.368260E-03   -0.368217E-03    0.399070E-06    0.367936E-06
  0.128289        0.380973        0.821722        0.389754    
   120.0         360.0         2.960    
 -0.132529E-03   -0.132521E-03    0.745036E-07    0.679735E-07
  0.158252        0.482375         1.03804        0.497762    
   120.0         370.0         2.960    
 -0.408762E-04   -0.408752E-04    0.513139E-08    0.153816E-08
  0.146622E-08    0.467013E-08    0.978194E-08     0.00000    
   120.0         380.0         2.960    
 -0.615599E-05   -0.615596E-05    0.356057E-09    0.101060E-09
  0.966939E-10    0.327533E-09    0.681533E-09     0.00000    
   120.0         400.0         2.960    
   0.00000         0.00000         0.00000         0.00000    
   0.00000         0.00000         0.00000         0.00000    
   120.0         450.0         2.960    
   0.00000         0.00000         0.00000         0.00000    
   0.00000         0.00000         0.00000         0.00000    
   120.0         500.0         2.960    
   0.00000         0.00000         0.00000         0.00000    
   0.00000         0.00000         0.00000         0.00000    
   120.0        0.9106E-01     3.200    
  -156060.        -150023.        -156102.        -147613.    
 -0.685125E-06   -0.335169E-08   -0.158197E-05   -0.278214E-07
   120.0        0.1006         3.200    
  -130588.        -125543.        -130613.        -123387.    
 -0.903286E-06   -0.484412E-08   -0.208638E-05   -0.401064E-07
   120.0        0.1112         3.200    
  -108805.        -104609.        -108828.        -102689.    
 -0.119699E-05   -0.703811E-08   -0.276441E-05   -0.581056E-07
   120.0        0.1229         3.200    
  -90346.1        -86867.9        -90367.2        -85160.4    
 -0.159078E-05   -0.102583E-07   -0.367430E-05   -0.844257E-07
   120.0        0.1358         3.200    
  -74744.5        -71872.9        -74765.1        -70354.9    
 -0.212104E-05   -0.150007E-07   -0.489971E-05   -0.123029E-06
   120.0        0.1501         3.200    
  -61516.8        -59159.0        -61536.2        -57810.0    
 -0.284313E-05   -0.220638E-07   -0.656878E-05   -0.180268E-06
   120.0        0.1659         3.200    
  -50368.9        -48443.7        -50385.8        -47243.9    
 -0.383001E-05   -0.326216E-07   -0.885038E-05   -0.265408E-06
   120.0        0.1834         3.200    
  -40977.2        -39416.0        -40995.0        -38352.2    
 -0.519219E-05   -0.485613E-07   -0.120005E-04   -0.393258E-06
   120.0        0.2027         3.200    
  -33120.8        -31863.8        -33133.8        -30915.6    
 -0.708244E-05   -0.727466E-07   -0.163730E-04   -0.586107E-06
   120.0        0.2240         3.200    
  -26561.2        -25557.6        -26572.7        -24715.2    
 -0.973236E-05   -0.109812E-06   -0.225048E-04   -0.879765E-06
   120.0        0.2475         3.200    
  -21102.2        -20309.3        -21113.0        -19561.4    
 -0.135101E-04   -0.167288E-06   -0.312551E-04   -0.133197E-05
   120.0        0.2736         3.200    
  -16548.4        -15930.9        -16558.7        -15267.8    
 -0.189499E-04   -0.258463E-06   -0.438442E-04   -0.204387E-05
   120.0        0.3023         3.200    
  -12803.3        -12329.8        -12814.0        -11742.5    
 -0.269628E-04   -0.404397E-06   -0.624111E-04   -0.317400E-05
   120.0        0.3341         3.200    
  -9713.48        -9358.45        -9722.96        -8837.47    
 -0.391111E-04   -0.645828E-06   -0.905707E-04   -0.502715E-05
   120.0        0.3693         3.200    
  -7182.20        -6923.97        -7190.63        -6462.07    
 -0.581906E-04   -0.105853E-05   -0.134821E-03   -0.816487E-05
   120.0        0.4081         3.200    
  -5129.81        -4949.81        -5137.71        -4540.72    
 -0.895464E-04   -0.179549E-05   -0.207591E-03   -0.137117E-04
   120.0        0.4510         3.200    
  -3472.16        -3355.10        -3479.36        -2992.80    
 -0.145313E-03   -0.321437E-05   -0.337099E-03   -0.242794E-04
   120.0        0.4985         3.200    
  -2143.47        -2076.63        -2148.68        -1754.69    
 -0.258486E-03   -0.631465E-05   -0.600102E-03   -0.471245E-04
   120.0        0.5509         3.200    
  -1093.34        -1065.96        -1098.02        -781.021    
 -0.555185E-03   -0.149904E-04   -0.129006E-02   -0.110400E-03
   120.0        0.6088         3.200    
  -272.239        -275.494        -276.871        -23.8221    
 -0.241483E-02   -0.721421E-04   -0.561701E-02   -0.523655E-03
   120.0        0.6729         3.200    
   360.619         333.971         355.807         555.818    
  0.205958E-02    0.681695E-04    0.479635E-02    0.487006E-03
   120.0        0.7436         3.200    
   836.584         792.562         831.877         988.230    
  0.964229E-03    0.354060E-04    0.224845E-02    0.248580E-03
   120.0        0.8218         3.200    
   1185.66         1129.12         1181.38         1301.83    
  0.742877E-03    0.302916E-04    0.173510E-02    0.208660E-03
   120.0        0.9083         3.200    
   1431.42         1366.30         1427.48         1518.60    
  0.671795E-03    0.304757E-04    0.157193E-02    0.205598E-03
   120.0         1.004         3.200    
   1593.72         1523.20         1589.99         1657.29    
  0.658274E-03    0.332805E-04    0.154352E-02    0.219463E-03
   120.0         1.109         3.200    
   1688.67         1615.29         1684.89         1733.11    
  0.676638E-03    0.381624E-04    0.159040E-02    0.245520E-03
   120.0         1.226         3.200    
   1731.60         1657.32         1727.71         1760.54    
  0.718159E-03    0.453125E-04    0.169271E-02    0.283718E-03
   120.0         1.355         3.200    
   1733.20         1659.56         1729.38         1750.03    
  0.779329E-03    0.551059E-04    0.184279E-02    0.335017E-03
   120.0         1.497         3.200    
   1703.42         1631.58         1699.77         1710.91    
  0.859346E-03    0.682138E-04    0.203949E-02    0.401675E-03
   120.0         1.655         3.200    
   1649.70         1580.55         1646.33         1650.06    
  0.960032E-03    0.858157E-04    0.228817E-02    0.487979E-03
   120.0         1.829         3.200    
   1578.97         1513.10         1575.57         1573.71    
  0.108251E-02    0.109186E-03    0.259270E-02    0.597864E-03
   120.0         2.021         3.200    
   1496.42         1434.24         1493.01         1487.00    
  0.122928E-02    0.140244E-03    0.296072E-02    0.737178E-03
   120.0         2.234         3.200    
   1405.80         1347.59         1402.45         1393.46    
  0.140432E-02    0.181796E-03    0.340407E-02    0.914094E-03
   120.0         2.469         3.200    
   1310.98         1256.86         1307.80         1296.74    
  0.161032E-02    0.237165E-03    0.393208E-02    0.113672E-02
   120.0         2.729         3.200    
   1214.36         1164.36         1211.31         1198.95    
  0.185206E-02    0.311280E-03    0.456026E-02    0.141670E-02
   120.0         3.016         3.200    
   1118.25         1072.31         1115.33         1102.25    
  0.213325E-02    0.410337E-03    0.530272E-02    0.176635E-02
   120.0         3.333         3.200    
   1024.15         982.165         1021.33         1007.99    
  0.245862E-02    0.542850E-03    0.617739E-02    0.220098E-02
   120.0         3.683         3.200    
   933.273         895.087         930.646         917.394    
  0.283194E-02    0.719824E-03    0.720212E-02    0.273705E-02
   120.0         4.071         3.200    
   846.131         811.574         843.652         830.748    
  0.325914E-02    0.956858E-03    0.840252E-02    0.339600E-02
   120.0         4.499         3.200    
   763.760         732.620         761.441         749.077    
  0.374112E-02    0.127165E-02    0.979320E-02    0.419382E-02
   120.0         4.972         3.200    
   686.361         658.423         684.198         672.506    
  0.428063E-02    0.168811E-02    0.113968E-01    0.514994E-02
   120.0         5.495         3.200    
   614.106         589.150         612.183         601.248    
  0.487789E-02    0.223453E-02    0.132316E-01    0.627900E-02
   120.0         6.073         3.200    
   547.106         524.909         545.502         535.370    
  0.553170E-02    0.294216E-02    0.153134E-01    0.758859E-02
   120.0         6.711         3.200    
   485.394         465.735         484.129         474.821    
  0.624136E-02    0.384104E-02    0.176579E-01    0.907664E-02
   120.0         7.417         3.200    
   428.702         411.371         427.801         419.317    
  0.701303E-02    0.495483E-02    0.202972E-01    0.107370E-01
   120.0         8.197         3.200    
   376.956         361.746         376.419         368.744    
  0.786458E-02    0.627510E-02    0.232843E-01    0.125551E-01
   120.0         9.059         3.200    
   329.918         316.635         329.808         322.909    
  0.882771E-02    0.777133E-02    0.267489E-01    0.145856E-01
   120.0         10.01         3.200    
   287.407         275.863         287.762         281.601    
  0.994318E-02    0.962967E-02    0.308621E-01    0.169719E-01
   120.0         11.06         3.200    
   249.103         239.126         249.945         244.478    
  0.112408E-01    0.119109E-01    0.357594E-01    0.198264E-01
   120.0         12.23         3.200    
   214.438         205.876         215.826         211.009    
  0.127674E-01    0.147540E-01    0.416449E-01    0.232762E-01
   120.0         13.51         3.200    
   183.751         176.442         185.725         181.500    
  0.145345E-01    0.182487E-01    0.485936E-01    0.274025E-01
   120.0         14.94         3.200    
   156.124         149.941         158.713         155.040    
  0.166283E-01    0.225529E-01    0.569694E-01    0.324357E-01
   120.0         16.51         3.200    
   131.793         126.600         135.010         131.835    
  0.190716E-01    0.278051E-01    0.669023E-01    0.384845E-01
   120.0         18.24         3.200    
   110.355         106.034         114.218         111.491    
  0.219328E-01    0.341552E-01    0.786656E-01    0.457356E-01
   120.0         20.16         3.200    
   91.4249         87.8718         95.9368         93.6138    
  0.253151E-01    0.418538E-01    0.926908E-01    0.544274E-01
   120.0         22.28         3.200    
   74.8852         72.0011         80.0311         78.0680    
  0.292939E-01    0.510996E-01    0.109263        0.647309E-01
   120.0         24.63         3.200    
   60.4654         58.1622         66.2271         64.5836    
  0.339853E-01    0.620902E-01    0.128822        0.768462E-01
   120.0         27.22         3.200    
   48.0502         46.2443         54.3862         53.0226    
  0.394735E-01    0.749599E-01    0.151626        0.908490E-01
   120.0         30.08         3.200    
   37.4206         36.0372         44.2615         43.1420    
  0.458938E-01    0.898772E-01    0.178099        0.106861    
   120.0         33.24         3.200    
   28.4010         27.3722         35.6605         34.7525    
  0.533670E-01    0.106972        0.208583        0.124893    
   120.0         36.74         3.200    
   20.8216         20.0865         28.3952         27.6688    
  0.620247E-01    0.126287        0.243406        0.144889    
   120.0         40.60         3.200    
   14.5747         14.0768         22.3351         21.7624    
  0.719191E-01    0.147644        0.282539        0.166548    
   120.0         44.87         3.200    
   9.50901         9.19809         17.3106         16.8668    
  0.831326E-01    0.170944        0.326112        0.189597    
   120.0         49.59         3.200    
   5.50801         5.33861         13.1969         12.8597    
  0.956222E-01    0.195752        0.373805        0.213473    
   120.0         54.81         3.200    
   2.45310         2.38612         9.86944         9.61859    
  0.109294        0.221590        0.425162        0.237587    
   120.0         60.57         3.200    
  0.236666        0.238502         7.22052         7.03856    
  0.123947        0.247919        0.479557        0.261296    
   120.0         66.94         3.200    
  -1.25970        -1.21691         5.14827         5.01981    
  0.139238        0.274063        0.536014        0.283823    
   120.0         73.98         3.200    
  -2.14944        -2.08788         3.56282         3.47497    
  0.154724        0.299321        0.593387        0.304464    
   120.0         81.76         3.200    
  -2.54901        -2.48408         2.37970         2.32168    
  0.169989        0.323319        0.650854        0.322812    
   120.0         89.36         3.200    
  -2.57974        -2.52098         1.60626         1.56743    
  0.182894        0.343122        0.700947        0.336761    
   120.0         90.36         3.200    
  -2.56691        -2.50928         1.52532         1.48847    
  0.184440        0.345473        0.707084        0.338326    
   120.0         91.20         3.200    
  -2.55387        -2.49722         1.46046         1.42520    
  0.185713        0.347406        0.712166        0.339600    
   120.0         92.00         3.200    
  -2.53965        -2.48396         1.40123         1.36743    
  0.186904        0.349214        0.716947        0.340779    
   120.0         99.86         3.200    
  -2.32882        -2.28323        0.931962        0.909562    
  0.196648        0.365330        0.760746        0.350604    
   120.0         110.4         3.200    
  -1.94024        -1.90807        0.536344        0.523418    
  0.208822        0.383108        0.811694        0.360661    
   120.0         120.0         3.200    
  -1.56892        -1.54674        0.321752        0.313917    
  0.216587        0.396063        0.850990        0.368513    
   120.0         130.0         3.200    
  -1.21390        -1.19952        0.187033        0.182392    
  0.222390        0.406803        0.885584        0.375586    
   120.0         140.0         3.200    
 -0.909928       -0.900985        0.107227        0.104494    
  0.226379        0.415617        0.915049        0.381882    
   120.0         150.0         3.200    
 -0.664124       -0.658787        0.604665E-01    0.588721E-01
  0.228819        0.422731        0.939966        0.387145    
   120.0         160.0         3.200    
 -0.472889       -0.469825        0.334239E-01    0.325056E-01
  0.229992        0.428471        0.960953        0.391382    
   120.0         170.0         3.200    
 -0.328363       -0.326674        0.180389E-01    0.175193E-01
  0.230116        0.433043        0.978456        0.394778    
   120.0         180.0         3.200    
 -0.221984       -0.221094        0.945598E-02    0.916881E-02
  0.229447        0.436775        0.993201        0.397616    
   120.0         190.0         3.200    
 -0.145621       -0.145175        0.478738E-02    0.463332E-02
  0.228053        0.439606         1.00438        0.399862    
   120.0         200.0         3.200    
 -0.924641E-01   -0.922525E-01    0.232164E-02    0.224207E-02
  0.226152        0.438525         1.00900        0.398770    
   120.0         210.0         3.200    
 -0.565369E-01   -0.564430E-01    0.106831E-02    0.102915E-02
  0.223748        0.443269         1.02207        0.403139    
   120.0         220.0         3.200    
 -0.330339E-01   -0.329953E-01    0.459881E-03    0.441731E-03
  0.221000        0.444289         1.02759        0.404316    
   120.0         230.0         3.200    
 -0.182441E-01   -0.182297E-01    0.181848E-03    0.174072E-03
  0.215524        0.444093         1.03022        0.404543    
   120.0         240.0         3.200    
 -0.936540E-02   -0.936066E-02    0.642608E-04    0.612658E-04
  0.213363        0.441097         1.02525        0.402355    
   120.0         250.0         3.200    
 -0.436015E-02   -0.435883E-02    0.194529E-04    0.184539E-04
  0.524237E-01    0.441741         1.03116        0.403609    
   120.0         260.0         3.200    
 -0.176935E-02   -0.176905E-02    0.471099E-05    0.444029E-05
  0.718196E-01    0.145049         1.20327        0.132791    
   120.0         270.0         3.200    
 -0.581832E-03   -0.581786E-03    0.804080E-06    0.751200E-06
  0.102257        0.213705        0.502324        0.196086    
   120.0         280.0         3.200    
 -0.132947E-03   -0.132943E-03    0.737881E-07    0.680261E-07
  0.151785        0.327641        0.767402        0.301378    
   120.0         290.0         3.200    
 -0.145939E-04   -0.145938E-04    0.101743E-08    0.382380E-09
  0.354224E-09    0.873697E-09    0.188499E-08     0.00000    
   120.0         300.0         3.200    
 -0.545479E-07   -0.545479E-07    0.498586E-12    0.183407E-12
  0.170535E-12    0.431112E-12    0.927120E-12     0.00000    
   120.0         310.0         3.200    
   0.00000         0.00000         0.00000         0.00000    
   0.00000         0.00000         0.00000         0.00000    
   120.0         320.0         3.200    
   0.00000         0.00000         0.00000         0.00000    
   0.00000         0.00000         0.00000         0.00000    
   120.0         330.0         3.200    
   0.00000         0.00000         0.00000         0.00000    
   0.00000         0.00000         0.00000         0.00000    
   120.0         340.0         3.200    
   0.00000         0.00000         0.00000         0.00000    
   0.00000         0.00000         0.00000         0.00000    
   120.0         350.0         3.200    
   0.00000         0.00000         0.00000         0.00000    
   0.00000         0.00000         0.00000         0.00000    
   120.0         360.0         3.200    
   0.00000         0.00000         0.00000         0.00000    
   0.00000         0.00000         0.00000         0.00000    
   120.0         370.0         3.200    
   0.00000         0.00000         0.00000         0.00000    
   0.00000         0.00000         0.00000         0.00000    
   120.0         380.0         3.200    
   0.00000         0.00000         0.00000         0.00000    
   0.00000         0.00000         0.00000         0.00000    
   120.0         400.0         3.200    
   0.00000         0.00000         0.00000         0.00000    
   0.00000         0.00000         0.00000         0.00000    
   120.0         450.0         3.200    
   0.00000         0.00000         0.00000         0.00000    
   0.00000         0.00000         0.00000         0.00000    
   120.0         500.0         3.200    
   0.00000         0.00000         0.00000         0.00000    
   0.00000         0.00000         0.00000         0.00000    
   120.0        0.9106E-01     3.900    
  -3244.84        -3239.97        -3245.87        -3130.95    
 -0.139888E-05   -0.816377E-08   -0.545065E-05   -0.334437E-07
   120.0        0.1006         3.900    
  -2606.62        -2602.73        -2607.98        -2506.06    
 -0.192089E-05   -0.122527E-07   -0.748286E-05   -0.501822E-07
   120.0        0.1112         3.900    
  -2071.13        -2068.07        -2072.40        -1982.06    
 -0.266931E-05   -0.186091E-07   -0.103956E-04   -0.761945E-07
   120.0        0.1229         3.900    
  -1626.73        -1624.35        -1627.83        -1547.77    
 -0.375079E-05   -0.285781E-07   -0.146033E-04   -0.116977E-06
   120.0        0.1358         3.900    
  -1259.67        -1257.85        -1260.63        -1189.68    
 -0.534370E-05   -0.444832E-07   -0.207987E-04   -0.182020E-06
   120.0        0.1501         3.900    
  -956.309        -954.948        -957.213        -894.367    
 -0.776580E-05   -0.706395E-07   -0.302155E-04   -0.288941E-06
   120.0        0.1659         3.900    
  -707.855        -706.870        -708.795        -653.139    
 -0.115704E-04   -0.114988E-06   -0.450018E-04   -0.470146E-06
   120.0        0.1834         3.900    
  -505.178        -504.499        -505.922        -456.657    
 -0.178841E-04   -0.194189E-06   -0.695290E-04   -0.793614E-06
   120.0        0.2027         3.900    
  -341.728        -341.294        -342.419        -298.810    
 -0.291399E-04   -0.345588E-06   -0.113237E-03   -0.141164E-05
   120.0        0.2240         3.900    
  -210.859        -210.620        -211.491        -172.890    
 -0.520106E-04   -0.673534E-06   -0.202011E-03   -0.274967E-05
   120.0        0.2475         3.900    
  -107.117        -107.032        -107.710        -73.5445    
 -0.112536E-03   -0.159087E-05   -0.436857E-03   -0.649062E-05
   120.0        0.2736         3.900    
  -25.3991        -25.4338        -25.9538         4.25746    
 -0.515293E-03   -0.794588E-05   -0.199910E-02   -0.323961E-04
   120.0        0.3023         3.900    
   37.3424         37.2169         36.7865         63.5098    
  0.399968E-03    0.673756E-05    0.155040E-02    0.274486E-04
   120.0        0.3341         3.900    
   84.9321         84.7389         84.4063         108.027    
  0.191964E-03    0.352909E-05    0.743716E-03    0.143651E-04
   120.0        0.3693         3.900    
   119.992         119.750         119.501         140.369    
  0.149282E-03    0.299499E-05    0.577898E-03    0.121795E-04
   120.0        0.4081         3.900    
   144.731         144.456         144.329         162.765    
  0.135994E-03    0.297629E-05    0.526005E-03    0.120907E-04
   120.0        0.4510         3.900    
   161.220         160.924         160.833         177.113    
  0.134223E-03    0.320391E-05    0.518664E-03    0.130000E-04
   120.0        0.4985         3.900    
   171.095         170.789         170.716         185.083    
  0.139032E-03    0.361948E-05    0.536695E-03    0.146670E-04
   120.0        0.5509         3.900    
   175.694         175.385         175.339         188.015    
  0.148727E-03    0.422112E-05    0.573472E-03    0.170799E-04
   120.0        0.6088         3.900    
   176.179         175.873         175.834         187.012    
  0.162848E-03    0.503753E-05    0.627143E-03    0.203501E-04
   120.0        0.6729         3.900    
   173.489         173.190         173.140         182.992    
  0.181505E-03    0.611888E-05    0.698047E-03    0.246732E-04
   120.0        0.7436         3.900    
   168.411         168.124         168.061         176.738    
  0.205033E-03    0.752935E-05    0.787369E-03    0.302986E-04
   120.0        0.8218         3.900    
   161.576         161.302         161.233         168.872    
  0.234131E-03    0.936506E-05    0.897795E-03    0.375992E-04
   120.0        0.9083         3.900    
   153.499         153.240         153.161         159.881    
  0.269883E-03    0.117522E-04    0.103274E-02    0.470616E-04
   120.0         1.004         3.900    
   144.598         144.355         144.249         150.155    
  0.313444E-03    0.148555E-04    0.119724E-02    0.593160E-04
   120.0         1.109         3.900    
   135.288         135.061         134.948         140.138    
  0.365855E-03    0.188546E-04    0.139443E-02    0.750398E-04
   120.0         1.226         3.900    
   125.690         125.481         125.359         129.911    
  0.429846E-03    0.240946E-04    0.163443E-02    0.955408E-04
   120.0         1.355         3.900    
   116.118         115.925         115.780         119.771    
  0.507144E-03    0.308993E-04    0.192329E-02    0.122013E-03
   120.0         1.497         3.900    
   106.744         106.568         106.405         109.902    
  0.600221E-03    0.397166E-04    0.226962E-02    0.156092E-03
   120.0         1.655         3.900    
   97.5923         97.4309         97.2529         100.310    
  0.713473E-03    0.512743E-04    0.268904E-02    0.200430E-03
   120.0         1.829         3.900    
   88.8475         88.7010         88.5130         91.1835    
  0.849785E-03    0.662699E-04    0.319110E-02    0.257464E-03
   120.0         2.021         3.900    
   80.5503         80.4177         80.2154         82.5453    
  0.101415E-02    0.857616E-04    0.379269E-02    0.330863E-03
   120.0         2.234         3.900    
   72.6995         72.5802         72.3738         74.4021    
  0.121294E-02    0.111206E-03    0.451540E-02    0.425574E-03
   120.0         2.469         3.900    
   65.3644         65.2574         65.0360         66.7991    
  0.145244E-02    0.144251E-03    0.537826E-02    0.546928E-03
   120.0         2.729         3.900    
   58.5336         58.4379         58.2113         59.7403    
  0.174078E-02    0.187186E-03    0.640614E-02    0.702115E-03
   120.0         3.016         3.900    
   52.2218         52.1366         51.9037         53.2269    
  0.208622E-02    0.242783E-03    0.762455E-02    0.899341E-03
   120.0         3.333         3.900    
   46.4141         46.3385         46.1033         47.2457    
  0.249965E-02    0.314649E-03    0.906115E-02    0.114868E-02
   120.0         3.683         3.900    
   41.0961         41.0294         40.7991         41.7825    
  0.299146E-02    0.407253E-03    0.107424E-01    0.146154E-02
   120.0         4.071         3.900    
   36.2289         36.1702         35.9454         36.7888    
  0.357686E-02    0.526855E-03    0.127043E-01    0.185292E-02
   120.0         4.499         3.900    
   31.8144         31.7630         31.5456         32.2666    
  0.426630E-02    0.680201E-03    0.149607E-01    0.233570E-02
   120.0         4.972         3.900    
   27.8177         27.7729         27.5680         28.1818    
  0.507388E-02    0.876646E-03    0.175308E-01    0.292581E-02
   120.0         5.495         3.900    
   24.2109         24.1721         23.9844         24.5044    
  0.601301E-02    0.112807E-02    0.204249E-01    0.363916E-02
   120.0         6.073         3.900    
   20.9695         20.9360         20.7690         21.2073    
  0.709613E-02    0.144976E-02    0.236471E-01    0.449068E-02
   120.0         6.711         3.900    
   18.0700         18.0412         17.8990         18.2665    
  0.833426E-02    0.186171E-02    0.272068E-01    0.549409E-02
   120.0         7.417         3.900    
   15.4789         15.4544         15.3421         15.6481    
  0.974657E-02    0.239372E-02    0.311746E-01    0.666983E-02
   120.0         8.197         3.900    
   13.1758         13.1551         13.0774         13.3304    
  0.113598E-01    0.308746E-02    0.357433E-01    0.804678E-02
   120.0         9.059         3.900    
   11.1357         11.1183         11.0793         11.2867    
  0.132437E-01    0.398510E-02    0.412330E-01    0.969625E-02
   120.0         10.01         3.900    
   9.33830         9.32381         9.32637         9.49500    
  0.154959E-01    0.514831E-02    0.477062E-01    0.117073E-01
   120.0         11.06         3.900    
   7.75981         7.74788         7.79550         7.93118    
  0.181887E-01    0.667171E-02    0.553265E-01    0.141473E-01
   120.0         12.23         3.900    
   6.36847         6.35879         6.45519         6.56293    
  0.214411E-01    0.866630E-02    0.643710E-01    0.171234E-01
   120.0         13.51         3.900    
   5.17043         5.16269         5.30960         5.39427    
  0.252919E-01    0.112279E-01    0.749136E-01    0.206575E-01
   120.0         14.94         3.900    
   4.12347         4.11740         4.31548         4.38087    
  0.299354E-01    0.145630E-01    0.873883E-01    0.249168E-01
   120.0         16.51         3.900    
   3.23133         3.22668         3.47445         3.52422    
  0.354171E-01    0.188261E-01    0.101872        0.299107E-01
   120.0         18.24         3.900    
   2.47420         2.47073         2.76549         2.80269    
  0.418817E-01    0.242305E-01    0.118666        0.357296E-01
   120.0         20.16         3.900    
   1.83413         1.83164         2.16906         2.19624    
  0.494971E-01    0.310522E-01    0.138148        0.424730E-01
   120.0         22.28         3.900    
   1.30335         1.30166         1.67525         1.69463    
  0.583492E-01    0.395035E-01    0.160482        0.501479E-01
   120.0         24.63         3.900    
  0.869522        0.868451         1.26994         1.28333    
  0.685543E-01    0.497946E-01    0.185936        0.587812E-01
   120.0         27.22         3.900    
  0.525364        0.524767        0.943266        0.952195    
  0.801115E-01    0.619840E-01    0.214508        0.683040E-01
   120.0         30.08         3.900    
  0.260659        0.260404        0.683811        0.689504    
  0.929677E-01    0.760203E-01    0.246431        0.786220E-01
   120.0         33.24         3.900    
  0.668426E-01    0.668130E-01    0.481371        0.484791    
  0.107023        0.916539E-01    0.281438        0.896079E-01
   120.0         36.74         3.900    
 -0.653802E-01   -0.652794E-01    0.326704        0.328595    
  0.122077        0.108451        0.319478        0.101110    
   120.0         40.60         3.900    
 -0.144086       -0.143928        0.212417        0.213340    
  0.137696        0.125626        0.359967        0.112857    
   120.0         44.87         3.900    
 -0.178472       -0.178311        0.130694        0.131053    
  0.153491        0.142495        0.402492        0.124667    
   120.0         49.59         3.900    
 -0.178778       -0.178644        0.750010E-01    0.750723E-01
  0.168915        0.158274        0.446299        0.136301    
   120.0         54.81         3.900    
 -0.154869       -0.154778        0.393064E-01    0.392632E-01
  0.183402        0.172402        0.490507        0.147540    
   120.0         60.57         3.900    
 -0.117694       -0.117641        0.182740E-01    0.182106E-01
  0.196379        0.184557        0.534082        0.158205    
   120.0         66.94         3.900    
 -0.772343E-01   -0.772099E-01    0.718031E-02    0.713520E-02
  0.207314        0.194649        0.575922        0.168110    
   120.0         73.98         3.900    
 -0.419404E-01   -0.419322E-01    0.220349E-02    0.218211E-02
  0.215721        0.202707        0.614761        0.177066    
   120.0         81.76         3.900    
 -0.171630E-01   -0.171613E-01    0.454190E-03    0.447773E-03
  0.220939        0.208711        0.648750        0.184353    
   120.0         89.36         3.900    
 -0.513363E-02   -0.513341E-02    0.607304E-04    0.595388E-04
  0.696346E-02    0.605644E-02    0.672592        0.538356E-02
   120.0         90.36         3.900    
 -0.422396E-02   -0.422381E-02    0.441776E-04    0.432728E-04
  0.768119E-02    0.673050E-02    0.788299        0.598609E-02
   120.0         91.20         3.900    
 -0.355239E-02   -0.355227E-02    0.333786E-04    0.326696E-04
  0.836652E-02    0.737652E-02    0.675790        0.656344E-02
   120.0         92.00         3.900    
 -0.298996E-02   -0.298987E-02    0.252247E-04    0.246691E-04
  0.911089E-02    0.808009E-02    0.677809        0.719194E-02
   120.0         99.86         3.900    
 -0.283510E-03   -0.283509E-03    0.585263E-06    0.566070E-06
  0.263829E-01    0.247364E-01    0.818203E-01    0.220452E-01
   120.0         110.4         3.900    
   0.00000         0.00000         0.00000         0.00000    
   0.00000         0.00000         0.00000         0.00000    
   120.0         120.0         3.900    
   0.00000         0.00000         0.00000         0.00000    
   0.00000         0.00000         0.00000         0.00000    
   120.0         130.0         3.900    
   0.00000         0.00000         0.00000         0.00000    
   0.00000         0.00000         0.00000         0.00000    
   120.0         140.0         3.900    
   0.00000         0.00000         0.00000         0.00000    
   0.00000         0.00000         0.00000         0.00000    
   120.0         150.0         3.900    
   0.00000         0.00000         0.00000         0.00000    
   0.00000         0.00000         0.00000         0.00000    
   120.0         160.0         3.900    
   0.00000         0.00000         0.00000         0.00000    
   0.00000         0.00000         0.00000         0.00000    
   120.0         170.0         3.900    
   0.00000         0.00000         0.00000         0.00000    
   0.00000         0.00000         0.00000         0.00000    
   120.0         180.0         3.900    
   0.00000         0.00000         0.00000         0.00000    
   0.00000         0.00000         0.00000         0.00000    
   120.0         190.0         3.900    
   0.00000         0.00000         0.00000         0.00000    
   0.00000         0.00000         0.00000         0.00000    
   120.0         200.0         3.900    
   0.00000         0.00000         0.00000         0.00000    
   0.00000         0.00000         0.00000         0.00000    
   120.0         210.0         3.900    
   0.00000         0.00000         0.00000         0.00000    
   0.00000         0.00000         0.00000         0.00000    
   120.0         220.0         3.900    
   0.00000         0.00000         0.00000         0.00000    
   0.00000         0.00000         0.00000         0.00000    
   120.0         230.0         3.900    
   0.00000         0.00000         0.00000         0.00000    
   0.00000         0.00000         0.00000         0.00000    
   120.0         240.0         3.900    
   0.00000         0.00000         0.00000         0.00000    
   0.00000         0.00000         0.00000         0.00000    
   120.0         250.0         3.900    
   0.00000         0.00000         0.00000         0.00000    
   0.00000         0.00000         0.00000         0.00000    
   120.0         260.0         3.900    
   0.00000         0.00000         0.00000         0.00000    
   0.00000         0.00000         0.00000         0.00000    
   120.0         270.0         3.900    
   0.00000         0.00000         0.00000         0.00000    
   0.00000         0.00000         0.00000         0.00000    
   120.0         280.0         3.900    
   0.00000         0.00000         0.00000         0.00000    
   0.00000         0.00000         0.00000         0.00000    
   120.0         290.0         3.900    
   0.00000         0.00000         0.00000         0.00000    
   0.00000         0.00000         0.00000         0.00000    
   120.0         300.0         3.900    
   0.00000         0.00000         0.00000         0.00000    
   0.00000         0.00000         0.00000         0.00000    
   120.0         310.0         3.900    
   0.00000         0.00000         0.00000         0.00000    
   0.00000         0.00000         0.00000         0.00000    
   120.0         320.0         3.900    
   0.00000         0.00000         0.00000         0.00000    
   0.00000         0.00000         0.00000         0.00000    
   120.0         330.0         3.900    
   0.00000         0.00000         0.00000         0.00000    
   0.00000         0.00000         0.00000         0.00000    
   120.0         340.0         3.900    
   0.00000         0.00000         0.00000         0.00000    
   0.00000         0.00000         0.00000         0.00000    
   120.0         350.0         3.900    
   0.00000         0.00000         0.00000         0.00000    
   0.00000         0.00000         0.00000         0.00000    
   120.0         360.0         3.900    
   0.00000         0.00000         0.00000         0.00000    
   0.00000         0.00000         0.00000         0.00000    
   120.0         370.0         3.900    
   0.00000         0.00000         0.00000         0.00000    
   0.00000         0.00000         0.00000         0.00000    
   120.0         380.0         3.900    
   0.00000         0.00000         0.00000         0.00000    
   0.00000         0.00000         0.00000         0.00000    
   120.0         400.0         3.900    
   0.00000         0.00000         0.00000         0.00000    
   0.00000         0.00000         0.00000         0.00000    
   120.0         450.0         3.900    
   0.00000         0.00000         0.00000         0.00000    
   0.00000         0.00000         0.00000         0.00000    
   120.0         500.0         3.900    
   0.00000         0.00000         0.00000         0.00000    
   0.00000         0.00000         0.00000         0.00000    
