ECM, TYPE_V, PDF
8000.0 DY CT18nnlo.00
  Q,qT,y R_A0 R_A1 R_A2 R_A3
91 8.14308 -4.2 1.40419 1.3825 1.18888 1
91 8.34894 -4.2 1.38738 1.35099 1.17402 1
91 8.56001 -4.2 1.371 1.32034 1.15941 1
91 8.77641 -4.2 1.35497 1.29111 1.14473 1
91 8.99828 -4.2 1.33932 1.26301 1.13036 1
91 9.22576 -4.2 1.32367 1.23559 1.11609 1
91 9.45899 -4.2 1.30854 1.20964 1.10264 1
91 9.69812 -4.2 1.29315 1.18492 1.089 1
91 9.9433 -4.2 1.27838 1.16137 1.0756 1
91 10.19467 -4.2 1.2638 1.13903 1.06218 1
91 10.4524 -4.2 1.24948 1.11784 1.04942 1
91 10.71664 -4.2 1.23547 1.09798 1.03675 1
91 10.98756 -4.2 1.22175 1.07922 1.02402 1
91 11.26533 -4.2 1.20819 1.06152 1.012 1
91 11.55013 -4.2 1.19502 1.04517 1 1
91 11.84212 -4.2 1.182 1.02978 0.98831 1
91 12.1415 -4.2 1.16921 1.01547 0.97676 1
91 12.44844 -4.2 1.15689 1.00231 0.96559 1
91 12.76314 -4.2 1.14482 0.98997 0.95464 1
91 13.0858 -4.2 1.13286 0.97879 0.94376 1
91 13.41662 -4.2 1.12122 0.96855 0.9335 1
91 13.7558 -4.2 1.10992 0.9592 0.92306 1
91 14.10355 -4.2 1.09865 0.95067 0.91313 1
91 14.4601 -4.2 1.08791 0.943 0.90339 1
91 14.82566 -4.2 1.0774 0.93604 0.89401 1
91 15.20046 -4.2 1.06701 0.93 0.88463 1
91 15.58473 -4.2 1.05703 0.92454 0.87563 1
91 15.97872 -4.2 1.04744 0.91979 0.86702 1
91 16.38268 -4.2 1.03789 0.91567 0.85857 1
91 16.79684 -4.2 1.02876 0.91213 0.85031 1
91 17.22147 -4.2 1.01983 0.90919 0.84244 1
91 17.65684 -4.2 1.0112 0.9068 0.83483 1
91 18.10322 -4.2 1.00297 0.90491 0.82741 1
91 18.56088 -4.2 0.99486 0.90353 0.82027 1
91 19.0301 -4.2 0.98723 0.9026 0.8134 1
91 19.5112 -4.2 0.97972 0.90203 0.80685 1
91 20.00445 -4.2 0.97258 0.90182 0.80054 1
91 20.51017 -4.2 0.96573 0.90207 0.79454 1
91 21.02868 -4.2 0.95923 0.90255 0.78881 1
91 21.5603 -4.2 0.95299 0.90345 0.78333 1
91 22.10536 -4.2 0.94707 0.90457 0.7781 1
91 22.66419 -4.2 0.94138 0.90594 0.77321 1
91 23.23715 -4.2 0.93605 0.90757 0.76856 1
91 23.8246 -4.2 0.93106 0.90944 0.76419 1
91 24.4269 -4.2 0.92631 0.91147 0.76009 1
91 25.04443 -4.2 0.92197 0.91373 0.75626 1
91 25.67756 -4.2 0.91789 0.91615 0.75268 1
91 26.32671 -4.2 0.91416 0.91872 0.74937 1
91 26.99226 -4.2 0.91075 0.92137 0.74644 1
91 27.67464 -4.2 0.90764 0.92418 0.74363 1
91 28.37427 -4.2 0.90485 0.92708 0.74118 1
91 29.09159 -4.2 0.90243 0.93007 0.73893 1
91 29.82704 -4.2 0.90032 0.93317 0.73701 1
91 30.58108 -4.2 0.89848 0.93626 0.73531 1
91 31.35419 -4.2 0.89705 0.93945 0.73384 1
91 32.14684 -4.2 0.89591 0.94262 0.73261 1
91 32.95953 -4.2 0.89516 0.94588 0.73163 1
91 33.79277 -4.2 0.89472 0.94911 0.73089 1
91 34.64707 -4.2 0.89463 0.95235 0.73041 1
91 35.52297 -4.2 0.89482 0.95561 0.73014 1
91 36.42101 -4.2 0.89538 0.95884 0.73006 1
91 37.34175 -4.2 0.89629 0.96203 0.73021 1
91 38.28577 -4.2 0.89753 0.96519 0.7306 1
91 39.25366 -4.2 0.89907 0.96832 0.73116 1
91 40.24601 -4.2 0.90098 0.97141 0.73191 1
91 41.26345 -4.2 0.90319 0.97443 0.73287 1
91 42.30661 -4.2 0.90577 0.9774 0.73396 1
91 43.37615 -4.2 0.90866 0.98028 0.73528 1
91 44.47272 -4.2 0.9119 0.9831 0.73671 1
91 45.59702 -4.2 0.91545 0.98585 0.73832 1
91 46.74974 -4.2 0.9193 0.98849 0.74008 1
91 47.93159 -4.2 0.9235 0.99106 0.74201 1
91 49.14333 -4.2 0.92799 0.99353 0.74403 1
91 50.3857 -4.2 0.93278 0.9959 0.74619 1
91 51.65948 -4.2 0.93788 0.99815 0.74846 1
91 52.96546 -4.2 0.94329 1.00033 0.75083 1
91 54.30446 -4.2 0.94898 1.00233 0.75332 1
91 55.67731 -4.2 0.95496 1.00428 0.75585 1
91 57.08486 -4.2 0.96123 1.00608 0.75851 1
91 58.528 -4.2 0.96775 1.00775 0.76126 1
91 60.00762 -4.2 0.97455 1.00931 0.76403 1
91 61.52464 -4.2 0.98159 1.01074 0.76687 1
91 63.08002 -4.2 0.9889 1.01204 0.76979 1
91 64.67472 -4.2 0.99645 1.01322 0.77275 1
91 66.30973 -4.2 1.00422 1.01424 0.77574 1
91 67.98608 -4.2 1.01223 1.01514 0.77878 1
91 69.7048 -4.2 1.02043 1.01591 0.78181 1
91 71.46698 -4.2 1.02885 1.01654 0.78489 1
91 73.2737 -4.2 1.03745 1.01702 0.78797 1
91 75.1261 -4.2 1.04627 1.01721 0.79106 1
91 77.02533 -4.2 1.05523 1.01632 0.79414 1
91 78.97258 -4.2 1.06438 1.01419 0.79723 1
91 80.96905 -4.2 1.07364 1.01081 0.80033 1
91 83.01599 -4.2 1.08307 1.00624 0.8034 1
91 85.11468 -4.2 1.09261 1.00047 0.80647 1
91 87.26643 -4.2 1.1023 0.99355 0.8095 1
91 89.47257 -4.2 1.11207 0.98546 0.81252 1
91 91.73449 -4.2 1.12195 0.97627 0.81549 1
91 94.05359 -4.2 1.1319 0.966 0.81845 1
91 96.43131 -4.2 1.14194 0.9547 0.82137 1
91 98.86915 -4.2 1.15203 0.94239 0.82425 1
91 101.36862 -4.2 1.1622 0.92916 0.8271 1
91 103.93127 -4.2 1.17238 0.91502 0.82988 1
91 106.55872 -4.2 1.18262 0.90004 0.83265 1
91 109.25258 -4.2 1.19285 0.88428 0.83538 1
91 112.01454 -4.2 1.20307 0.86777 0.83804 1
91 114.84633 -4.2 1.21333 0.85063 0.84066 1
91 117.74971 -4.2 1.22358 0.83286 0.84322 1
91 120.72649 -4.2 1.23379 0.81454 0.84575 1
91 123.77853 -4.2 1.24398 0.79574 0.84822 1
91 126.90772 -4.2 1.25409 0.77651 0.85063 1
91 130.11601 -4.2 1.2642 0.75693 0.853 1
91 133.40542 -4.2 1.27423 0.73704 0.85531 1
91 136.77798 -4.2 1.2842 0.71693 0.85756 1
91 140.23581 -4.2 1.29412 0.69664 0.85978 1
91 143.78105 -4.2 1.30394 0.67624 0.86191 1
91 147.41591 -4.2 1.31366 0.65577 0.86402 1
91 151.14267 -4.2 1.3233 0.63532 0.86607 1
91 154.96364 -4.2 1.33282 0.6149 0.86805 1
91 158.8812 -4.2 1.34225 0.59459 0.87 1
91 162.89781 -4.2 1.35157 0.57445 0.87186 1
91 167.01596 -4.2 1.36077 0.55452 0.87369 1
91 171.23821 -4.2 1.36984 0.5348 0.8755 1
91 175.56721 -4.2 1.3788 0.51538 0.87721 1
91 180.00565 -4.2 1.38761 0.4963 0.87891 1
91 184.55629 -4.2 1.3963 0.47758 0.88054 1
91 189.22198 -4.2 1.40486 0.45925 0.88211 1
91 194.00561 -4.2 1.41325 0.44133 0.88366 1
91 198.91018 -4.2 1.42152 0.42386 0.88517 1
91 203.93874 -4.2 1.42964 0.40688 0.8866 1
91 209.09443 -4.2 1.43761 0.39038 0.888 1
91 214.38045 -4.2 1.44542 0.37438 0.88937 1
91 219.80011 -4.2 1.45311 0.35891 0.89067 1
91 225.35678 -4.2 1.46063 0.34397 0.89194 1
91 231.05392 -4.2 1.46799 0.32957 0.89319 1
91 236.8951 -4.2 1.4752 0.31574 0.89438 1
91 242.88394 -4.2 1.48227 0.30244 0.89553 1
91 249.02418 -4.2 1.48917 0.28971 0.89666 1
91 255.31965 -4.2 1.49593 0.27752 0.89774 1
91 261.77427 -4.2 1.50251 0.26589 0.89878 1
91 268.39207 -4.2 1.50899 0.25477 0.89977 1
91 275.17717 -4.2 1.51527 0.24422 0.90075 1
91 282.1338 -4.2 1.52142 0.23418 0.90169 1
91 289.2663 -4.2 1.52743 0.22466 0.90259 1
91 296.57912 -4.2 1.53328 0.21566 0.90346 1
91 304.0768 -4.2 1.53899 0.20715 0.90431 1
91 311.76403 -4.2 1.54454 0.1991 0.90514 1
91 319.6456 -4.2 1.54996 0.19153 0.90594 1
91 327.72642 -4.2 1.55526 0.1844 0.90669 1
91 336.01153 -4.2 1.56039 0.17772 0.90742 1
91 344.50609 -4.2 1.5654 0.17146 0.90813 1
91 353.21539 -4.2 1.57028 0.1656 0.90883 1
91 362.14487 -4.2 1.575 0.16011 0.90947 1
91 371.3001 -4.2 1.5796 0.155 0.91011 1
91 380.68677 -4.2 1.58409 0.15021 0.91072 1
91 390.31075 -4.2 1.58844 0.14578 0.91129 1
91 400.17802 -4.2 1.59266 0.14168 0.91187 1
91 410.29474 -4.2 1.59676 0.13786 0.91242 1
91 420.66722 -4.2 1.60075 0.13434 0.91296 1
91 431.30192 -4.2 1.60463 0.13108 0.91346 1
91 442.20548 -4.2 1.60838 0.12805 0.91393 1
91 453.38468 -4.2 1.61203 0.12529 0.91443 1
91 464.84649 -4.2 1.61557 0.12273 0.91486 1
91 476.59807 -4.2 1.61901 0.12039 0.91528 1
91 488.64674 -4.2 1.62233 0.11823 0.91573 1
91 501 -4.2 1.62556 0.11626 0.91612 1
91 8.14308 -3.8 0.99318 0.9952 0.62261 0.26316
91 8.34894 -3.8 0.99005 1 0.6254 0.27098
91 8.56001 -3.8 0.98765 1.00452 0.62802 0.27918
91 8.77641 -3.8 0.98433 1.00909 0.63048 0.28603
91 8.99828 -3.8 0.98136 1.01368 0.63342 0.29375
91 9.22576 -3.8 0.97872 1.01827 0.6363 0.30279
91 9.45899 -3.8 0.97569 1.02282 0.63908 0.30989
91 9.69812 -3.8 0.97332 1.02703 0.64178 0.31942
91 9.9433 -3.8 0.97032 1.03147 0.64459 0.32756
91 10.19467 -3.8 0.96795 1.03554 0.64749 0.33775
91 10.4524 -3.8 0.96505 1.03952 0.65024 0.34652
91 10.71664 -3.8 0.96248 1.04338 0.65323 0.3565
91 10.98756 -3.8 0.95974 1.04713 0.65623 0.36652
91 11.26533 -3.8 0.95733 1.05074 0.65922 0.37655
91 11.55013 -3.8 0.95478 1.05399 0.66241 0.38735
91 11.84212 -3.8 0.95235 1.05732 0.66539 0.39798
91 12.1415 -3.8 0.94982 1.0605 0.66838 0.40915
91 12.44844 -3.8 0.94743 1.06333 0.67142 0.42069
91 12.76314 -3.8 0.94518 1.06601 0.67463 0.43187
91 13.0858 -3.8 0.94288 1.06855 0.67788 0.44433
91 13.41662 -3.8 0.94089 1.07095 0.68111 0.45683
91 13.7558 -3.8 0.93873 1.07302 0.68435 0.46929
91 14.10355 -3.8 0.93655 1.07498 0.68763 0.48165
91 14.4601 -3.8 0.93455 1.0768 0.69108 0.49517
91 14.82566 -3.8 0.93258 1.07867 0.6944 0.50882
91 15.20046 -3.8 0.93062 1.07995 0.69784 0.52289
91 15.58473 -3.8 0.92884 1.08144 0.70116 0.53687
91 15.97872 -3.8 0.92697 1.0824 0.70472 0.5518
91 16.38268 -3.8 0.92528 1.08343 0.70826 0.56681
91 16.79684 -3.8 0.92364 1.08425 0.71182 0.58143
91 17.22147 -3.8 0.92216 1.08488 0.71543 0.59729
91 17.65684 -3.8 0.92063 1.08546 0.7191 0.6132
91 18.10322 -3.8 0.91927 1.08588 0.72283 0.62965
91 18.56088 -3.8 0.91796 1.08605 0.72652 0.64593
91 19.0301 -3.8 0.91671 1.08609 0.73023 0.66287
91 19.5112 -3.8 0.91561 1.08604 0.73412 0.68017
91 20.00445 -3.8 0.91456 1.08588 0.73793 0.69751
91 20.51017 -3.8 0.91356 1.08554 0.74182 0.71483
91 21.02868 -3.8 0.91269 1.08505 0.74573 0.73297
91 21.5603 -3.8 0.91194 1.08452 0.74969 0.75099
91 22.10536 -3.8 0.91129 1.08377 0.75366 0.76955
91 22.66419 -3.8 0.91074 1.083 0.75769 0.78822
91 23.23715 -3.8 0.91034 1.08199 0.76177 0.8065
91 23.8246 -3.8 0.90996 1.08105 0.76587 0.82541
91 24.4269 -3.8 0.90972 1.07984 0.76998 0.84451
91 25.04443 -3.8 0.90964 1.07857 0.77413 0.86336
91 25.67756 -3.8 0.90967 1.07722 0.77832 0.88253
91 26.32671 -3.8 0.90973 1.07577 0.78252 0.90136
91 26.99226 -3.8 0.90998 1.0742 0.78671 0.92009
91 27.67464 -3.8 0.91039 1.07256 0.79093 0.93865
91 28.37427 -3.8 0.91089 1.07077 0.79517 0.95729
91 29.09159 -3.8 0.91152 1.069 0.79944 0.9754
91 29.82704 -3.8 0.91226 1.0671 0.8037 0.99349
91 30.58108 -3.8 0.91313 1.06509 0.80791 1.01102
91 31.35419 -3.8 0.91413 1.06302 0.81221 1.02823
91 32.14684 -3.8 0.91527 1.06081 0.81645 1.0451
91 32.95953 -3.8 0.91653 1.05862 0.82069 1.06117
91 33.79277 -3.8 0.91794 1.05632 0.82494 1.07692
91 34.64707 -3.8 0.91944 1.05391 0.82913 1.09191
91 35.52297 -3.8 0.92112 1.05145 0.83333 1.10599
91 36.42101 -3.8 0.9229 1.04895 0.83746 1.11961
91 37.34175 -3.8 0.92482 1.04634 0.84159 1.13222
91 38.28577 -3.8 0.92687 1.04369 0.84565 1.14407
91 39.25366 -3.8 0.92906 1.04099 0.84968 1.15487
91 40.24601 -3.8 0.93135 1.03819 0.85369 1.16486
91 41.26345 -3.8 0.93375 1.03538 0.85761 1.17396
91 42.30661 -3.8 0.93629 1.03246 0.86148 1.18206
91 43.37615 -3.8 0.93894 1.02949 0.86528 1.18893
91 44.47272 -3.8 0.94169 1.02649 0.86903 1.19502
91 45.59702 -3.8 0.94457 1.02343 0.87271 1.19991
91 46.74974 -3.8 0.94753 1.02029 0.87626 1.20387
91 47.93159 -3.8 0.95062 1.01713 0.87981 1.20683
91 49.14333 -3.8 0.9538 1.01391 0.88322 1.20877
91 50.3857 -3.8 0.95706 1.0106 0.88656 1.20962
91 51.65948 -3.8 0.96039 1.00729 0.88983 1.20978
91 52.96546 -3.8 0.96381 1.00389 0.89299 1.20888
91 54.30446 -3.8 0.96734 1.00047 0.89603 1.20703
91 55.67731 -3.8 0.9709 0.99701 0.899 1.20446
91 57.08486 -3.8 0.97452 0.99349 0.90187 1.2011
91 58.528 -3.8 0.97821 0.98994 0.90463 1.19712
91 60.00762 -3.8 0.98196 0.98634 0.90731 1.19225
91 61.52464 -3.8 0.98577 0.98271 0.90988 1.18677
91 63.08002 -3.8 0.98958 0.97903 0.91236 1.18095
91 64.67472 -3.8 0.99343 0.9753 0.9147 1.1744
91 66.30973 -3.8 0.99731 0.97154 0.91699 1.16747
91 67.98608 -3.8 1.00124 0.96774 0.91914 1.1601
91 69.7048 -3.8 1.00514 0.96393 0.92121 1.15231
91 71.46698 -3.8 1.00907 0.96003 0.92319 1.14432
91 73.2737 -3.8 1.013 0.95615 0.92504 1.13606
91 75.1261 -3.8 1.01692 0.95221 0.92683 1.12753
91 77.02533 -3.8 1.02085 0.94823 0.92852 1.11874
91 78.97258 -3.8 1.02473 0.94425 0.93013 1.10997
91 80.96905 -3.8 1.02862 0.94022 0.93164 1.10105
91 83.01599 -3.8 1.03247 0.93612 0.93306 1.09215
91 85.11468 -3.8 1.03628 0.93203 0.93441 1.08317
91 87.26643 -3.8 1.04007 0.92793 0.93566 1.0742
91 89.47257 -3.8 1.04383 0.92381 0.93684 1.06531
91 91.73449 -3.8 1.04754 0.91975 0.93797 1.05641
91 94.05359 -3.8 1.0512 0.91567 0.939 1.04773
91 96.43131 -3.8 1.05482 0.91162 0.93999 1.03902
91 98.86915 -3.8 1.05836 0.90757 0.94089 1.03042
91 101.36862 -3.8 1.06187 0.90356 0.94174 1.02207
91 103.93127 -3.8 1.0653 0.89958 0.94252 1.01382
91 106.55872 -3.8 1.06869 0.89561 0.94324 1.00571
91 109.25258 -3.8 1.07201 0.8917 0.94392 0.99773
91 112.01454 -3.8 1.07526 0.88784 0.94457 0.99009
91 114.84633 -3.8 1.07844 0.88402 0.94513 0.98249
91 117.74971 -3.8 1.08154 0.88024 0.94566 0.97512
91 120.72649 -3.8 1.0846 0.87649 0.94615 0.96797
91 123.77853 -3.8 1.08758 0.8728 0.9466 0.96103
91 126.90772 -3.8 1.09047 0.86916 0.94701 0.95422
91 130.11601 -3.8 1.09331 0.86554 0.94738 0.94771
91 133.40542 -3.8 1.09607 0.86197 0.94773 0.94138
91 136.77798 -3.8 1.09876 0.85843 0.94803 0.93516
91 140.23581 -3.8 1.10136 0.85494 0.94831 0.92927
91 143.78105 -3.8 1.10391 0.8515 0.94856 0.92346
91 147.41591 -3.8 1.10637 0.84808 0.94879 0.91791
91 151.14267 -3.8 1.10877 0.8447 0.949 0.91255
91 154.96364 -3.8 1.11111 0.84139 0.94918 0.90737
91 158.8812 -3.8 1.11337 0.8381 0.94933 0.90235
91 162.89781 -3.8 1.11555 0.83488 0.94948 0.89757
91 167.01596 -3.8 1.11768 0.83165 0.94959 0.89288
91 171.23821 -3.8 1.11972 0.82852 0.9497 0.8884
91 175.56721 -3.8 1.12172 0.82539 0.9498 0.88413
91 180.00565 -3.8 1.12365 0.82231 0.94987 0.88
91 184.55629 -3.8 1.1255 0.8193 0.94993 0.87601
91 189.22198 -3.8 1.1273 0.8163 0.94999 0.87215
91 194.00561 -3.8 1.12904 0.81333 0.95002 0.86853
91 198.91018 -3.8 1.13072 0.81044 0.95005 0.86493
91 203.93874 -3.8 1.13234 0.80758 0.95008 0.86156
91 209.09443 -3.8 1.13391 0.80472 0.95009 0.8583
91 214.38045 -3.8 1.13541 0.80195 0.95011 0.85517
91 219.80011 -3.8 1.13687 0.79923 0.9501 0.85221
91 225.35678 -3.8 1.13826 0.79654 0.9501 0.8493
91 231.05392 -3.8 1.13962 0.79389 0.95009 0.84655
91 236.8951 -3.8 1.14092 0.79127 0.95006 0.84392
91 242.88394 -3.8 1.14218 0.78872 0.95005 0.84139
91 249.02418 -3.8 1.14338 0.78618 0.95003 0.83896
91 255.31965 -3.8 1.14454 0.78374 0.95 0.83664
91 261.77427 -3.8 1.14566 0.78132 0.94997 0.83442
91 268.39207 -3.8 1.14674 0.77891 0.94993 0.83225
91 275.17717 -3.8 1.14775 0.77663 0.9499 0.83023
91 282.1338 -3.8 1.14876 0.77434 0.94987 0.82825
91 289.2663 -3.8 1.14971 0.77213 0.94982 0.82638
91 296.57912 -3.8 1.15062 0.76994 0.94979 0.8246
91 304.0768 -3.8 1.1515 0.7678 0.94975 0.82282
91 311.76403 -3.8 1.15234 0.76575 0.94971 0.82124
91 319.6456 -3.8 1.15317 0.7637 0.94966 0.81965
91 327.72642 -3.8 1.15394 0.76177 0.94962 0.81815
91 336.01153 -3.8 1.1547 0.75986 0.94957 0.8167
91 344.50609 -3.8 1.15541 0.758 0.94954 0.81534
91 353.21539 -3.8 1.15611 0.75621 0.94948 0.81399
91 362.14487 -3.8 1.15677 0.75449 0.94943 0.81272
91 371.3001 -3.8 1.15741 0.7528 0.94941 0.81154
91 380.68677 -3.8 1.15803 0.75122 0.94937 0.81041
91 390.31075 -3.8 1.15861 0.74966 0.94931 0.80932
91 400.17802 -3.8 1.15917 0.74823 0.94927 0.80823
91 410.29474 -3.8 1.1597 0.74684 0.94922 0.80723
91 420.66722 -3.8 1.16021 0.74551 0.94919 0.80627
91 431.30192 -3.8 1.16072 0.74422 0.94914 0.80531
91 442.20548 -3.8 1.16119 0.7431 0.94911 0.80444
91 453.38468 -3.8 1.16164 0.742 0.94907 0.80367
91 464.84649 -3.8 1.16206 0.74101 0.94903 0.80284
91 476.59807 -3.8 1.16249 0.74006 0.949 0.80205
91 488.64674 -3.8 1.16289 0.73918 0.94896 0.80131
91 501 -3.8 1.16326 0.73852 0.94892 0.80061
91 8.14308 -3.4 1.026 1.22576 0.78929 0.73762
91 8.34894 -3.4 1.02427 1.22367 0.78746 0.74292
91 8.56001 -3.4 1.02177 1.22082 0.78594 0.74831
91 8.77641 -3.4 1.01988 1.21818 0.78383 0.75214
91 8.99828 -3.4 1.01772 1.21532 0.78164 0.75764
91 9.22576 -3.4 1.01574 1.21279 0.77978 0.76357
91 9.45899 -3.4 1.01354 1.2104 0.77822 0.76753
91 9.69812 -3.4 1.01153 1.20782 0.77631 0.77329
91 9.9433 -3.4 1.00968 1.20501 0.77444 0.77889
91 10.19467 -3.4 1.00737 1.20238 0.77268 0.78309
91 10.4524 -3.4 1.00526 1.20036 0.77098 0.78756
91 10.71664 -3.4 1.00334 1.19771 0.76945 0.7945
91 10.98756 -3.4 1.00132 1.19526 0.76776 0.7989
91 11.26533 -3.4 0.9995 1.1926 0.76619 0.80446
91 11.55013 -3.4 0.99736 1.19015 0.76461 0.80875
91 11.84212 -3.4 0.99543 1.18813 0.76302 0.81526
91 12.1415 -3.4 0.9937 1.18531 0.76145 0.81952
91 12.44844 -3.4 0.99172 1.18295 0.76011 0.82576
91 12.76314 -3.4 0.98975 1.18073 0.75862 0.8299
91 13.0858 -3.4 0.98798 1.17832 0.75721 0.83579
91 13.41662 -3.4 0.98604 1.17607 0.75591 0.84161
91 13.7558 -3.4 0.98414 1.1737 0.75459 0.84629
91 14.10355 -3.4 0.98244 1.17142 0.75338 0.85179
91 14.4601 -3.4 0.98047 1.16906 0.75216 0.85703
91 14.82566 -3.4 0.97872 1.16681 0.75112 0.86212
91 15.20046 -3.4 0.97703 1.16469 0.74996 0.86844
91 15.58473 -3.4 0.97527 1.16245 0.74898 0.87315
91 15.97872 -3.4 0.97359 1.16015 0.74809 0.87828
91 16.38268 -3.4 0.97198 1.15794 0.74725 0.88383
91 16.79684 -3.4 0.97034 1.15569 0.74628 0.88916
91 17.22147 -3.4 0.96867 1.15338 0.74564 0.89474
91 17.65684 -3.4 0.967 1.15121 0.74487 0.90061
91 18.10322 -3.4 0.96543 1.14897 0.74423 0.90565
91 18.56088 -3.4 0.96396 1.14657 0.74371 0.91043
91 19.0301 -3.4 0.96249 1.1443 0.74322 0.9159
91 19.5112 -3.4 0.96113 1.14203 0.74283 0.92104
91 20.00445 -3.4 0.95969 1.13974 0.74257 0.92632
91 20.51017 -3.4 0.95828 1.13747 0.74232 0.93169
91 21.02868 -3.4 0.95697 1.13521 0.74221 0.93712
91 21.5603 -3.4 0.95569 1.13272 0.74219 0.9422
91 22.10536 -3.4 0.95444 1.1304 0.74222 0.94731
91 22.66419 -3.4 0.95316 1.1281 0.74232 0.95208
91 23.23715 -3.4 0.95211 1.12563 0.7426 0.95686
91 23.8246 -3.4 0.95096 1.12312 0.74294 0.96164
91 24.4269 -3.4 0.94991 1.12077 0.74341 0.96669
91 25.04443 -3.4 0.94889 1.1183 0.74394 0.97108
91 25.67756 -3.4 0.94791 1.11571 0.74463 0.976
91 26.32671 -3.4 0.94701 1.11321 0.74544 0.98029
91 26.99226 -3.4 0.94619 1.11062 0.74629 0.98478
91 27.67464 -3.4 0.94539 1.10805 0.74733 0.98893
91 28.37427 -3.4 0.94467 1.10532 0.74846 0.99324
91 29.09159 -3.4 0.944 1.10272 0.74974 0.99722
91 29.82704 -3.4 0.94336 1.10007 0.75112 1.00089
91 30.58108 -3.4 0.94281 1.09732 0.7526 1.0047
91 31.35419 -3.4 0.9423 1.09462 0.75427 1.00821
91 32.14684 -3.4 0.94188 1.09177 0.75603 1.01164
91 32.95953 -3.4 0.94153 1.08899 0.75793 1.0148
91 33.79277 -3.4 0.94121 1.08608 0.75992 1.01807
91 34.64707 -3.4 0.94099 1.08325 0.76207 1.0209
91 35.52297 -3.4 0.94081 1.08032 0.76437 1.02368
91 36.42101 -3.4 0.94071 1.07736 0.7668 1.02607
91 37.34175 -3.4 0.94068 1.07442 0.76932 1.02858
91 38.28577 -3.4 0.94068 1.07136 0.77201 1.03058
91 39.25366 -3.4 0.94079 1.06834 0.77482 1.03257
91 40.24601 -3.4 0.94094 1.0652 0.77776 1.03426
91 41.26345 -3.4 0.94116 1.06212 0.78082 1.03581
91 42.30661 -3.4 0.94141 1.05895 0.78401 1.0371
91 43.37615 -3.4 0.94176 1.05573 0.78731 1.03829
91 44.47272 -3.4 0.94216 1.05253 0.79073 1.03912
91 45.59702 -3.4 0.94264 1.04925 0.79428 1.03977
91 46.74974 -3.4 0.94315 1.04594 0.79793 1.04024
91 47.93159 -3.4 0.94373 1.04261 0.8017 1.04045
91 49.14333 -3.4 0.94438 1.03926 0.80556 1.04052
91 50.3857 -3.4 0.94508 1.03585 0.80953 1.04025
91 51.65948 -3.4 0.94579 1.03243 0.81356 1.03989
91 52.96546 -3.4 0.94658 1.02895 0.81773 1.03924
91 54.30446 -3.4 0.94743 1.02545 0.82196 1.03852
91 55.67731 -3.4 0.9483 1.02191 0.82628 1.03755
91 57.08486 -3.4 0.94921 1.01835 0.83065 1.03626
91 58.528 -3.4 0.95019 1.01474 0.83508 1.03505
91 60.00762 -3.4 0.95118 1.01111 0.8396 1.03345
91 61.52464 -3.4 0.95221 1.00744 0.84416 1.03177
91 63.08002 -3.4 0.95328 1.00371 0.84875 1.02992
91 64.67472 -3.4 0.95438 1 0.85338 1.02801
91 66.30973 -3.4 0.9555 0.99627 0.85806 1.02594
91 67.98608 -3.4 0.95665 0.99248 0.86275 1.02367
91 69.7048 -3.4 0.95781 0.98866 0.86745 1.02127
91 71.46698 -3.4 0.959 0.98481 0.87217 1.01891
91 73.2737 -3.4 0.9602 0.98092 0.87689 1.01636
91 75.1261 -3.4 0.96141 0.97703 0.8816 1.01371
91 77.02533 -3.4 0.96263 0.97307 0.88631 1.01103
91 78.97258 -3.4 0.96387 0.96912 0.891 1.00818
91 80.96905 -3.4 0.96509 0.96514 0.89567 1.00544
91 83.01599 -3.4 0.96635 0.96111 0.90029 1.00248
91 85.11468 -3.4 0.96758 0.95708 0.90489 0.99962
91 87.26643 -3.4 0.96881 0.95304 0.90945 0.99666
91 89.47257 -3.4 0.97005 0.94895 0.91395 0.99374
91 91.73449 -3.4 0.97128 0.94483 0.91843 0.99073
91 94.05359 -3.4 0.97249 0.94069 0.92283 0.98769
91 96.43131 -3.4 0.9737 0.93655 0.92717 0.98468
91 98.86915 -3.4 0.97491 0.93238 0.93143 0.98175
91 101.36862 -3.4 0.97609 0.92817 0.93566 0.97877
91 103.93127 -3.4 0.97726 0.92395 0.93979 0.97582
91 106.55872 -3.4 0.97843 0.91976 0.94386 0.97287
91 109.25258 -3.4 0.97957 0.9156 0.94783 0.97
91 112.01454 -3.4 0.98068 0.91148 0.95173 0.96712
91 114.84633 -3.4 0.9818 0.90741 0.95555 0.9643
91 117.74971 -3.4 0.98288 0.90335 0.95928 0.96148
91 120.72649 -3.4 0.98394 0.89933 0.96293 0.95877
91 123.77853 -3.4 0.98499 0.89531 0.9665 0.95604
91 126.90772 -3.4 0.98603 0.89129 0.96997 0.9534
91 130.11601 -3.4 0.98703 0.88717 0.97334 0.95086
91 133.40542 -3.4 0.988 0.88295 0.97664 0.94829
91 136.77798 -3.4 0.98896 0.87861 0.97985 0.94581
91 140.23581 -3.4 0.98989 0.87418 0.98296 0.9434
91 143.78105 -3.4 0.99079 0.86969 0.98598 0.94106
91 147.41591 -3.4 0.99169 0.8651 0.98893 0.9387
91 151.14267 -3.4 0.99255 0.86042 0.99177 0.9365
91 154.96364 -3.4 0.99339 0.85564 0.99453 0.93431
91 158.8812 -3.4 0.99422 0.85081 0.9972 0.93219
91 162.89781 -3.4 0.995 0.84588 0.99979 0.93013
91 167.01596 -3.4 0.99578 0.84086 1.0023 0.92812
91 171.23821 -3.4 0.99652 0.8358 1.00472 0.92617
91 175.56721 -3.4 0.99725 0.83064 1.00707 0.92432
91 180.00565 -3.4 0.99795 0.82543 1.00932 0.92247
91 184.55629 -3.4 0.99864 0.82015 1.01151 0.92073
91 189.22198 -3.4 0.9993 0.8148 1.0136 0.91902
91 194.00561 -3.4 0.99994 0.80939 1.01565 0.91733
91 198.91018 -3.4 1.00056 0.80391 1.01761 0.91572
91 203.93874 -3.4 1.00115 0.7984 1.01948 0.9142
91 209.09443 -3.4 1.00173 0.79279 1.02131 0.91272
91 214.38045 -3.4 1.00229 0.78719 1.02306 0.91129
91 219.80011 -3.4 1.00283 0.78148 1.02475 0.9099
91 225.35678 -3.4 1.00335 0.77578 1.02635 0.90855
91 231.05392 -3.4 1.00386 0.77001 1.02791 0.90728
91 236.8951 -3.4 1.00434 0.76422 1.02942 0.90602
91 242.88394 -3.4 1.00481 0.75836 1.03086 0.90483
91 249.02418 -3.4 1.00526 0.75249 1.03223 0.90369
91 255.31965 -3.4 1.00569 0.74659 1.03357 0.90258
91 261.77427 -3.4 1.00611 0.74067 1.03484 0.90147
91 268.39207 -3.4 1.00652 0.73473 1.03606 0.90044
91 275.17717 -3.4 1.00691 0.72874 1.03724 0.89949
91 282.1338 -3.4 1.00728 0.72275 1.03837 0.89854
91 289.2663 -3.4 1.00763 0.71675 1.03944 0.89762
91 296.57912 -3.4 1.00799 0.71075 1.04048 0.89675
91 304.0768 -3.4 1.00832 0.70474 1.04147 0.89591
91 311.76403 -3.4 1.00863 0.69874 1.04242 0.8951
91 319.6456 -3.4 1.00895 0.69269 1.04334 0.89434
91 327.72642 -3.4 1.00925 0.6867 1.04422 0.89356
91 336.01153 -3.4 1.00953 0.6807 1.04505 0.89287
91 344.50609 -3.4 1.0098 0.67472 1.04585 0.89218
91 353.21539 -3.4 1.01007 0.66875 1.04662 0.89152
91 362.14487 -3.4 1.01032 0.66278 1.04736 0.89089
91 371.3001 -3.4 1.01056 0.65686 1.04806 0.89027
91 380.68677 -3.4 1.01079 0.65095 1.04874 0.88972
91 390.31075 -3.4 1.01102 0.64507 1.04938 0.88913
91 400.17802 -3.4 1.01123 0.6393 1.04999 0.88861
91 410.29474 -3.4 1.01144 0.63349 1.05058 0.88814
91 420.66722 -3.4 1.01164 0.62773 1.05115 0.88765
91 431.30192 -3.4 1.01183 0.62203 1.05168 0.88717
91 442.20548 -3.4 1.01201 0.61636 1.05221 0.88668
91 453.38468 -3.4 1.01218 0.61081 1.0527 0.88628
91 464.84649 -3.4 1.01235 0.60527 1.05318 0.88586
91 476.59807 -3.4 1.01252 0.59981 1.05362 0.88545
91 488.64674 -3.4 1.01267 0.59445 1.05406 0.88507
91 501 -3.4 1.01282 0.58914 1.05446 0.88473
91 8.14308 -3 1.13553 1.74257 0.84295 0.79456
91 8.34894 -3 1.13128 1.71682 0.84002 0.79827
91 8.56001 -3 1.12758 1.69049 0.83682 0.8
91 8.77641 -3 1.12349 1.66543 0.83348 0.80157
91 8.99828 -3 1.11909 1.64161 0.83005 0.80149
91 9.22576 -3 1.11527 1.61655 0.82695 0.80378
91 9.45899 -3 1.11115 1.59345 0.8238 0.80449
91 9.69812 -3 1.10716 1.5694 0.82067 0.80728
91 9.9433 -3 1.103 1.54651 0.81725 0.80855
91 10.19467 -3 1.09898 1.52427 0.81425 0.80971
91 10.4524 -3 1.09513 1.50321 0.81107 0.81146
91 10.71664 -3 1.09145 1.48259 0.80805 0.81338
91 10.98756 -3 1.08762 1.46249 0.80492 0.81407
91 11.26533 -3 1.08344 1.44361 0.80202 0.81499
91 11.55013 -3 1.07973 1.42466 0.79909 0.81763
91 11.84212 -3 1.07594 1.40677 0.79639 0.8191
91 12.1415 -3 1.07214 1.3899 0.79351 0.81956
91 12.44844 -3 1.06831 1.37366 0.79073 0.82152
91 12.76314 -3 1.0649 1.35827 0.78808 0.82375
91 13.0858 -3 1.06109 1.34303 0.7855 0.82598
91 13.41662 -3 1.05751 1.32946 0.78276 0.82747
91 13.7558 -3 1.05378 1.31593 0.78034 0.82811
91 14.10355 -3 1.05012 1.30332 0.77765 0.83093
91 14.4601 -3 1.04669 1.2914 0.77532 0.83202
91 14.82566 -3 1.04318 1.27987 0.77292 0.83333
91 15.20046 -3 1.03961 1.2691 0.77051 0.83497
91 15.58473 -3 1.03629 1.25932 0.76821 0.83673
91 15.97872 -3 1.03293 1.25013 0.76605 0.83861
91 16.38268 -3 1.02969 1.24095 0.76394 0.84068
91 16.79684 -3 1.02632 1.23289 0.76199 0.84218
91 17.22147 -3 1.02308 1.22512 0.7599 0.84388
91 17.65684 -3 1.01987 1.21781 0.75798 0.84507
91 18.10322 -3 1.01681 1.21119 0.7562 0.84709
91 18.56088 -3 1.01368 1.20476 0.75441 0.8486
91 19.0301 -3 1.01071 1.19897 0.75275 0.85082
91 19.5112 -3 1.0077 1.19335 0.75121 0.85261
91 20.00445 -3 1.00468 1.18829 0.74965 0.85403
91 20.51017 -3 1.00191 1.18334 0.74831 0.85606
91 21.02868 -3 0.99905 1.17907 0.74695 0.85818
91 21.5603 -3 0.99636 1.17491 0.74581 0.85952
91 22.10536 -3 0.99361 1.17102 0.74466 0.86137
91 22.66419 -3 0.99109 1.16737 0.74373 0.86371
91 23.23715 -3 0.98854 1.16396 0.7428 0.86532
91 23.8246 -3 0.98607 1.16077 0.742 0.86705
91 24.4269 -3 0.98365 1.15763 0.74133 0.8692
91 25.04443 -3 0.98132 1.15484 0.74077 0.87104
91 25.67756 -3 0.97909 1.15211 0.74032 0.87294
91 26.32671 -3 0.97696 1.1497 0.74002 0.87516
91 26.99226 -3 0.97486 1.14719 0.73985 0.87712
91 27.67464 -3 0.97291 1.14484 0.73976 0.87884
91 28.37427 -3 0.97099 1.14256 0.73987 0.88087
91 29.09159 -3 0.96916 1.14031 0.74007 0.8829
91 29.82704 -3 0.96745 1.13823 0.74039 0.88494
91 30.58108 -3 0.96582 1.1362 0.7409 0.8872
91 31.35419 -3 0.9643 1.1341 0.74148 0.88923
91 32.14684 -3 0.96284 1.13197 0.74225 0.89123
91 32.95953 -3 0.96151 1.12999 0.74317 0.89343
91 33.79277 -3 0.96031 1.12789 0.74421 0.89559
91 34.64707 -3 0.95915 1.12577 0.74541 0.89773
91 35.52297 -3 0.9581 1.12363 0.74676 0.9
91 36.42101 -3 0.95718 1.1215 0.7483 0.90204
91 37.34175 -3 0.95632 1.11936 0.74994 0.90421
91 38.28577 -3 0.95556 1.11707 0.75174 0.90647
91 39.25366 -3 0.95494 1.11473 0.7537 0.90867
91 40.24601 -3 0.95444 1.11241 0.75584 0.91065
91 41.26345 -3 0.95401 1.10991 0.75809 0.91286
91 42.30661 -3 0.95369 1.10738 0.76052 0.91514
91 43.37615 -3 0.95347 1.10469 0.76309 0.91734
91 44.47272 -3 0.95339 1.10206 0.76581 0.91957
91 45.59702 -3 0.95337 1.09923 0.76868 0.92172
91 46.74974 -3 0.95348 1.09628 0.77169 0.92403
91 47.93159 -3 0.95366 1.09328 0.77483 0.92611
91 49.14333 -3 0.95398 1.09013 0.77814 0.92834
91 50.3857 -3 0.95437 1.08688 0.78157 0.93058
91 51.65948 -3 0.95486 1.08351 0.78513 0.93261
91 52.96546 -3 0.95546 1.08006 0.78881 0.93475
91 54.30446 -3 0.95612 1.07644 0.79264 0.93689
91 55.67731 -3 0.95689 1.07271 0.79656 0.93913
91 57.08486 -3 0.95774 1.06888 0.8006 0.94116
91 58.528 -3 0.95868 1.06491 0.80476 0.94328
91 60.00762 -3 0.95968 1.0608 0.809 0.9453
91 61.52464 -3 0.96076 1.05656 0.81334 0.94748
91 63.08002 -3 0.96194 1.0522 0.81778 0.94947
91 64.67472 -3 0.96317 1.04772 0.82229 0.95144
91 66.30973 -3 0.96446 1.04313 0.82688 0.9534
91 67.98608 -3 0.96581 1.03842 0.83155 0.95526
91 69.7048 -3 0.96722 1.03356 0.83627 0.95711
91 71.46698 -3 0.96869 1.02851 0.84102 0.95902
91 73.2737 -3 0.97021 1.02344 0.84585 0.96084
91 75.1261 -3 0.97178 1.01814 0.8507 0.96264
91 77.02533 -3 0.97338 1.01277 0.85558 0.96436
91 78.97258 -3 0.97502 1.00731 0.86049 0.96607
91 80.96905 -3 0.97671 1.00169 0.8654 0.96777
91 83.01599 -3 0.9784 0.99597 0.87032 0.96933
91 85.11468 -3 0.98014 0.99013 0.87525 0.97088
91 87.26643 -3 0.98189 0.98414 0.88016 0.97243
91 89.47257 -3 0.98367 0.97807 0.88508 0.97392
91 91.73449 -3 0.98544 0.97191 0.88996 0.97534
91 94.05359 -3 0.98724 0.96562 0.89481 0.97671
91 96.43131 -3 0.98905 0.9592 0.89965 0.97802
91 98.86915 -3 0.99085 0.95271 0.90443 0.97928
91 101.36862 -3 0.99267 0.9461 0.90917 0.98055
91 103.93127 -3 0.99447 0.93964 0.91386 0.98172
91 106.55872 -3 0.99628 0.93375 0.9185 0.9829
91 109.25258 -3 0.99807 0.92845 0.92308 0.98399
91 112.01454 -3 0.99984 0.92366 0.92759 0.98504
91 114.84633 -3 1.00162 0.91945 0.93204 0.98606
91 117.74971 -3 1.00337 0.91575 0.93642 0.98704
91 120.72649 -3 1.00511 0.91258 0.94071 0.98795
91 123.77853 -3 1.00683 0.90996 0.94493 0.98877
91 126.90772 -3 1.00853 0.90784 0.94907 0.98963
91 130.11601 -3 1.0102 0.90627 0.95313 0.9904
91 133.40542 -3 1.01184 0.90519 0.95711 0.99121
91 136.77798 -3 1.01347 0.90463 0.96099 0.9919
91 140.23581 -3 1.01507 0.90456 0.96479 0.99258
91 143.78105 -3 1.01665 0.90476 0.96851 0.99323
91 147.41591 -3 1.01818 0.90519 0.97213 0.99383
91 151.14267 -3 1.01969 0.90584 0.97565 0.99441
91 154.96364 -3 1.02116 0.90669 0.97908 0.99488
91 158.8812 -3 1.02261 0.90778 0.98244 0.99544
91 162.89781 -3 1.02403 0.9091 0.98569 0.9959
91 167.01596 -3 1.02541 0.91062 0.98886 0.99635
91 171.23821 -3 1.02677 0.91238 0.99193 0.99674
91 175.56721 -3 1.02809 0.91434 0.99492 0.99713
91 180.00565 -3 1.02937 0.91655 0.99781 0.99751
91 184.55629 -3 1.03063 0.91898 1.00062 0.99784
91 189.22198 -3 1.03185 0.92165 1.00335 0.99817
91 194.00561 -3 1.03305 0.92454 1.00598 0.99849
91 198.91018 -3 1.0342 0.9277 1.00852 0.99876
91 203.93874 -3 1.03532 0.93104 1.01099 0.99899
91 209.09443 -3 1.03641 0.93466 1.01338 0.99926
91 214.38045 -3 1.03749 0.93851 1.01568 0.99943
91 219.80011 -3 1.03851 0.94261 1.01791 0.99965
91 225.35678 -3 1.0395 0.94693 1.02006 0.99983
91 231.05392 -3 1.04048 0.95153 1.02213 0.99996
91 236.8951 -3 1.04142 0.95637 1.02414 1.00013
91 242.88394 -3 1.04232 0.96147 1.02607 1.00026
91 249.02418 -3 1.04321 0.96686 1.02793 1.00042
91 255.31965 -3 1.04407 0.97246 1.02972 1.00055
91 261.77427 -3 1.04488 0.97839 1.03145 1.00067
91 268.39207 -3 1.04568 0.98454 1.03312 1.00076
91 275.17717 -3 1.04645 0.99097 1.03472 1.00084
91 282.1338 -3 1.0472 0.99773 1.03627 1.00092
91 289.2663 -3 1.04793 1.00474 1.03775 1.001
91 296.57912 -3 1.04863 1.01205 1.03918 1.00104
91 304.0768 -3 1.04931 1.01967 1.04055 1.00108
91 311.76403 -3 1.04995 1.02759 1.04188 1.00111
91 319.6456 -3 1.05058 1.03579 1.04313 1.00115
91 327.72642 -3 1.05119 1.04435 1.04435 1.00123
91 336.01153 -3 1.05177 1.05318 1.04552 1.00127
91 344.50609 -3 1.05233 1.06239 1.04664 1.00127
91 353.21539 -3 1.05287 1.0719 1.04773 1.00127
91 362.14487 -3 1.0534 1.08176 1.04876 1.0013
91 371.3001 -3 1.05391 1.092 1.04975 1.00134
91 380.68677 -3 1.0544 1.10259 1.05071 1.0013
91 390.31075 -3 1.05486 1.11352 1.05162 1.00134
91 400.17802 -3 1.05532 1.12488 1.05249 1.00134
91 410.29474 -3 1.05576 1.13658 1.05335 1.00138
91 420.66722 -3 1.05617 1.14868 1.05415 1.00133
91 431.30192 -3 1.05657 1.1612 1.05492 1.00137
91 442.20548 -3 1.05696 1.17411 1.05566 1.00137
91 453.38468 -3 1.05733 1.18742 1.05638 1.00133
91 464.84649 -3 1.05769 1.20121 1.05705 1.00133
91 476.59807 -3 1.05804 1.21544 1.0577 1.00133
91 488.64674 -3 1.05836 1.23013 1.05835 1.00128
91 501 -3 1.05869 1.24525 1.05894 1.00132
91 8.14308 -2.6 0.94954 1.49007 0.69485 1.47521
91 8.34894 -2.6 0.9501 1.49075 0.6954 1.45882
91 8.56001 -2.6 0.95071 1.49257 0.69581 1.44776
91 8.77641 -2.6 0.95096 1.49355 0.69598 1.44128
91 8.99828 -2.6 0.95171 1.49374 0.69676 1.43051
91 9.22576 -2.6 0.9521 1.49392 0.69751 1.42258
91 9.45899 -2.6 0.95258 1.49411 0.69774 1.41104
91 9.69812 -2.6 0.95311 1.49262 0.69861 1.3965
91 9.9433 -2.6 0.95369 1.49285 0.69908 1.38889
91 10.19467 -2.6 0.95434 1.4915 0.69987 1.38095
91 10.4524 -2.6 0.95473 1.49026 0.7004 1.37028
91 10.71664 -2.6 0.95517 1.4891 0.70099 1.35885
91 10.98756 -2.6 0.95595 1.48718 0.70164 1.34852
91 11.26533 -2.6 0.9565 1.48458 0.70241 1.33839
91 11.55013 -2.6 0.95684 1.48217 0.7032 1.33058
91 11.84212 -2.6 0.95748 1.47918 0.70391 1.32283
91 12.1415 -2.6 0.95816 1.47617 0.7047 1.31086
91 12.44844 -2.6 0.95865 1.47338 0.70547 1.30125
91 12.76314 -2.6 0.95919 1.46991 0.70637 1.29372
91 13.0858 -2.6 0.95976 1.4667 0.70709 1.28271
91 13.41662 -2.6 0.96036 1.4629 0.70797 1.27385
91 13.7558 -2.6 0.96099 1.45878 0.70898 1.2654
91 14.10355 -2.6 0.96149 1.4548 0.70974 1.25698
91 14.4601 -2.6 0.96217 1.45 0.71068 1.24734
91 14.82566 -2.6 0.96272 1.44577 0.71168 1.23954
91 15.20046 -2.6 0.96329 1.44084 0.71286 1.2304
91 15.58473 -2.6 0.96402 1.43578 0.71383 1.22184
91 15.97872 -2.6 0.96463 1.43083 0.71501 1.21358
91 16.38268 -2.6 0.96512 1.42612 0.71603 1.20564
91 16.79684 -2.6 0.96576 1.42089 0.71736 1.19801
91 17.22147 -2.6 0.9664 1.41551 0.71854 1.18863
91 17.65684 -2.6 0.96695 1.41002 0.71982 1.18067
91 18.10322 -2.6 0.96761 1.40444 0.72109 1.17313
91 18.56088 -2.6 0.96827 1.39881 0.72245 1.16502
91 19.0301 -2.6 0.96902 1.39314 0.72398 1.1574
91 19.5112 -2.6 0.96959 1.3871 0.72543 1.15011
91 20.00445 -2.6 0.97033 1.38144 0.72687 1.14245
91 20.51017 -2.6 0.97089 1.37556 0.72846 1.13519
91 21.02868 -2.6 0.97161 1.36942 0.73007 1.12767
91 21.5603 -2.6 0.97231 1.36358 0.73181 1.12059
91 22.10536 -2.6 0.97293 1.35739 0.73353 1.11327
91 22.66419 -2.6 0.97367 1.35123 0.73533 1.10586
91 23.23715 -2.6 0.97433 1.34501 0.73722 1.09946
91 23.8246 -2.6 0.97497 1.33891 0.73915 1.09184
91 24.4269 -2.6 0.97572 1.33253 0.74116 1.08525
91 25.04443 -2.6 0.97643 1.32655 0.7432 1.07861
91 25.67756 -2.6 0.97707 1.32031 0.74534 1.07242
91 26.32671 -2.6 0.97779 1.31402 0.74754 1.06621
91 26.99226 -2.6 0.97854 1.30781 0.74982 1.06
91 27.67464 -2.6 0.97925 1.30157 0.75217 1.05384
91 28.37427 -2.6 0.97998 1.29522 0.75457 1.04813
91 29.09159 -2.6 0.98067 1.28908 0.75706 1.0421
91 29.82704 -2.6 0.98142 1.28266 0.75961 1.03652
91 30.58108 -2.6 0.98209 1.27636 0.76229 1.03103
91 31.35419 -2.6 0.98286 1.27014 0.765 1.02563
91 32.14684 -2.6 0.98354 1.26387 0.7678 1.02035
91 32.95953 -2.6 0.9843 1.2577 0.77067 1.01519
91 33.79277 -2.6 0.98501 1.25153 0.77359 1.01016
91 34.64707 -2.6 0.98573 1.24533 0.77661 1.00526
91 35.52297 -2.6 0.98644 1.23901 0.77969 1.0005
91 36.42101 -2.6 0.98714 1.23283 0.78289 0.99613
91 37.34175 -2.6 0.98787 1.2268 0.7861 0.99188
91 38.28577 -2.6 0.98858 1.22068 0.78941 0.98754
91 39.25366 -2.6 0.98929 1.2146 0.79278 0.98356
91 40.24601 -2.6 0.98998 1.20845 0.79623 0.9797
91 41.26345 -2.6 0.99066 1.20247 0.79971 0.97597
91 42.30661 -2.6 0.99139 1.19644 0.80327 0.97255
91 43.37615 -2.6 0.99207 1.19037 0.80689 0.96924
91 44.47272 -2.6 0.99271 1.18447 0.81057 0.96604
91 45.59702 -2.6 0.9934 1.17854 0.8143 0.96311
91 46.74974 -2.6 0.99406 1.17259 0.81807 0.96043
91 47.93159 -2.6 0.9947 1.16672 0.8219 0.95783
91 49.14333 -2.6 0.99534 1.16085 0.82576 0.95546
91 50.3857 -2.6 0.99597 1.15506 0.82965 0.95329
91 51.65948 -2.6 0.99657 1.14926 0.83358 0.9513
91 52.96546 -2.6 0.99718 1.14346 0.83754 0.94949
91 54.30446 -2.6 0.99778 1.13774 0.84149 0.94797
91 55.67731 -2.6 0.99835 1.13203 0.8455 0.94659
91 57.08486 -2.6 0.99891 1.12641 0.84949 0.94545
91 58.528 -2.6 0.99945 1.12079 0.85352 0.94442
91 60.00762 -2.6 1 1.11517 0.8575 0.9437
91 61.52464 -2.6 1.00051 1.10963 0.86153 0.94318
91 63.08002 -2.6 1.00103 1.1041 0.86551 0.94281
91 64.67472 -2.6 1.00151 1.09857 0.86949 0.9427
91 66.30973 -2.6 1.002 1.09319 0.87344 0.94281
91 67.98608 -2.6 1.00246 1.08773 0.87738 0.94313
91 69.7048 -2.6 1.00291 1.08234 0.88129 0.94364
91 71.46698 -2.6 1.00334 1.07695 0.88515 0.9444
91 73.2737 -2.6 1.00374 1.07162 0.88897 0.94531
91 75.1261 -2.6 1.00415 1.06634 0.89275 0.94653
91 77.02533 -2.6 1.00454 1.06105 0.89649 0.94778
91 78.97258 -2.6 1.00491 1.05587 0.90018 0.94938
91 80.96905 -2.6 1.00527 1.05074 0.9038 0.95106
91 83.01599 -2.6 1.0056 1.04552 0.90736 0.95305
91 85.11468 -2.6 1.00593 1.04045 0.91086 0.95518
91 87.26643 -2.6 1.00623 1.0354 0.91429 0.9575
91 89.47257 -2.6 1.00653 1.03032 0.91765 0.96
91 91.73449 -2.6 1.00681 1.02526 0.92095 0.96268
91 94.05359 -2.6 1.00709 1.02032 0.92416 0.96551
91 96.43131 -2.6 1.00735 1.01534 0.92731 0.96856
91 98.86915 -2.6 1.00759 1.01046 0.93037 0.97175
91 101.36862 -2.6 1.00781 1.00558 0.93338 0.97514
91 103.93127 -2.6 1.00804 1.00074 0.93628 0.97859
91 106.55872 -2.6 1.00824 0.99593 0.93911 0.98228
91 109.25258 -2.6 1.00844 0.99116 0.94186 0.98608
91 112.01454 -2.6 1.00863 0.9864 0.94453 0.98992
91 114.84633 -2.6 1.0088 0.98172 0.94712 0.99406
91 117.74971 -2.6 1.00895 0.97705 0.94962 0.99817
91 120.72649 -2.6 1.00912 0.97242 0.95205 1.00244
91 123.77853 -2.6 1.00927 0.9678 0.95441 1.00681
91 126.90772 -2.6 1.0094 0.96322 0.95667 1.01128
91 130.11601 -2.6 1.00952 0.95867 0.95885 1.01584
91 133.40542 -2.6 1.00964 0.95415 0.96097 1.02045
91 136.77798 -2.6 1.00976 0.94979 0.96302 1.0251
91 140.23581 -2.6 1.00987 0.94555 0.96498 1.0299
91 143.78105 -2.6 1.00997 0.94141 0.96686 1.0347
91 147.41591 -2.6 1.01005 0.93736 0.96869 1.03955
91 151.14267 -2.6 1.01014 0.93345 0.97043 1.04451
91 154.96364 -2.6 1.01022 0.92963 0.97211 1.04942
91 158.8812 -2.6 1.01029 0.92598 0.97372 1.05434
91 162.89781 -2.6 1.01036 0.9224 0.97528 1.05933
91 167.01596 -2.6 1.01043 0.91898 0.97677 1.06433
91 171.23821 -2.6 1.01048 0.91563 0.97818 1.06926
91 175.56721 -2.6 1.01054 0.9122 0.97955 1.07431
91 180.00565 -2.6 1.01059 0.90849 0.98085 1.07925
91 184.55629 -2.6 1.01064 0.90452 0.98212 1.08422
91 189.22198 -2.6 1.01067 0.90035 0.98331 1.08913
91 194.00561 -2.6 1.01071 0.89602 0.98445 1.09404
91 198.91018 -2.6 1.01074 0.89144 0.98555 1.0989
91 203.93874 -2.6 1.01079 0.88665 0.9866 1.10376
91 209.09443 -2.6 1.01081 0.8817 0.98759 1.10854
91 214.38045 -2.6 1.01084 0.87649 0.98855 1.11332
91 219.80011 -2.6 1.01086 0.87107 0.98947 1.11803
91 225.35678 -2.6 1.01088 0.86552 0.99033 1.12261
91 231.05392 -2.6 1.0109 0.85972 0.99116 1.12722
91 236.8951 -2.6 1.01093 0.85379 0.99195 1.13171
91 242.88394 -2.6 1.01094 0.84764 0.99271 1.13619
91 249.02418 -2.6 1.01095 0.84131 0.99343 1.14055
91 255.31965 -2.6 1.01097 0.83485 0.99412 1.14486
91 261.77427 -2.6 1.01097 0.82822 0.99478 1.14912
91 268.39207 -2.6 1.01099 0.8214 0.99539 1.15327
91 275.17717 -2.6 1.01099 0.81444 0.99599 1.15738
91 282.1338 -2.6 1.01101 0.80731 0.99656 1.16134
91 289.2663 -2.6 1.011 0.80012 0.99709 1.16531
91 296.57912 -2.6 1.01102 0.79269 0.99761 1.16909
91 304.0768 -2.6 1.01101 0.78522 0.99809 1.17288
91 311.76403 -2.6 1.01102 0.77759 0.99856 1.17659
91 319.6456 -2.6 1.01102 0.76977 0.999 1.18016
91 327.72642 -2.6 1.01103 0.76189 0.99941 1.18366
91 336.01153 -2.6 1.01103 0.7539 0.99982 1.18707
91 344.50609 -2.6 1.01103 0.74585 1.0002 1.19044
91 353.21539 -2.6 1.01103 0.73764 1.00057 1.19369
91 362.14487 -2.6 1.01103 0.72936 1.0009 1.19687
91 371.3001 -2.6 1.01102 0.72101 1.00123 1.19997
91 380.68677 -2.6 1.01103 0.71255 1.00154 1.20299
91 390.31075 -2.6 1.01102 0.70406 1.00183 1.20593
91 400.17802 -2.6 1.01102 0.69545 1.00211 1.20876
91 410.29474 -2.6 1.01103 0.68681 1.00237 1.21155
91 420.66722 -2.6 1.01101 0.67808 1.00262 1.21422
91 431.30192 -2.6 1.01101 0.66933 1.00286 1.21687
91 442.20548 -2.6 1.01101 0.66054 1.00309 1.2194
91 453.38468 -2.6 1.01101 0.65166 1.0033 1.22185
91 464.84649 -2.6 1.011 0.64279 1.00351 1.22423
91 476.59807 -2.6 1.01101 0.63389 1.00371 1.22658
91 488.64674 -2.6 1.011 0.62499 1.00389 1.22886
91 501 -2.6 1.011 0.61606 1.00406 1.23102
91 8.14308 -2.2 1.07001 1.13295 0.70102 0.83735
91 8.34894 -2.2 1.06897 1.16338 0.7016 0.83908
91 8.56001 -2.2 1.06694 1.19259 0.70203 0.84153
91 8.77641 -2.2 1.06584 1.21939 0.70232 0.84375
91 8.99828 -2.2 1.06385 1.24385 0.70279 0.84653
91 9.22576 -2.2 1.06269 1.26635 0.70353 0.84906
91 9.45899 -2.2 1.06114 1.28885 0.70411 0.85202
91 9.69812 -2.2 1.05994 1.30837 0.70466 0.8547
91 9.9433 -2.2 1.05873 1.3271 0.70542 0.85714
91 10.19467 -2.2 1.05716 1.34398 0.7059 0.85992
91 10.4524 -2.2 1.05562 1.35833 0.70635 0.86296
91 10.71664 -2.2 1.0541 1.37186 0.70716 0.86268
91 10.98756 -2.2 1.0526 1.38416 0.70771 0.86577
91 11.26533 -2.2 1.0514 1.39576 0.70837 0.86901
91 11.55013 -2.2 1.04994 1.40627 0.70887 0.87195
91 11.84212 -2.2 1.04826 1.41459 0.70989 0.875
91 12.1415 -2.2 1.04687 1.42179 0.71039 0.87569
91 12.44844 -2.2 1.0455 1.42883 0.71105 0.88127
91 12.76314 -2.2 1.04417 1.43404 0.71203 0.88191
91 13.0858 -2.2 1.04267 1.4392 0.71276 0.88517
91 13.41662 -2.2 1.04122 1.44219 0.71351 0.8861
91 13.7558 -2.2 1.03982 1.44503 0.71439 0.8913
91 14.10355 -2.2 1.03863 1.44671 0.71531 0.89234
91 14.4601 -2.2 1.03715 1.44833 0.7161 0.89546
91 14.82566 -2.2 1.03588 1.44893 0.71707 0.89662
91 15.20046 -2.2 1.03451 1.44908 0.7181 0.89964
91 15.58473 -2.2 1.03306 1.44863 0.71903 0.90256
91 15.97872 -2.2 1.03167 1.44696 0.72008 0.90554
91 16.38268 -2.2 1.03035 1.44486 0.72114 0.90839
91 16.79684 -2.2 1.02896 1.44254 0.7222 0.90976
91 17.22147 -2.2 1.02776 1.43965 0.72325 0.91255
91 17.65684 -2.2 1.02639 1.43608 0.72448 0.91655
91 18.10322 -2.2 1.0251 1.43243 0.72569 0.91913
91 18.56088 -2.2 1.02377 1.42872 0.7269 0.92166
91 19.0301 -2.2 1.02252 1.42414 0.72811 0.92415
91 19.5112 -2.2 1.02125 1.41911 0.72951 0.92659
91 20.00445 -2.2 1.01996 1.41414 0.73088 0.92994
91 20.51017 -2.2 1.01866 1.40849 0.73228 0.93212
91 21.02868 -2.2 1.01753 1.40296 0.73368 0.93527
91 21.5603 -2.2 1.01623 1.39685 0.73522 0.93733
91 22.10536 -2.2 1.01502 1.39062 0.73679 0.94019
91 22.66419 -2.2 1.01388 1.38445 0.7384 0.94291
91 23.23715 -2.2 1.01269 1.37793 0.74008 0.94551
91 23.8246 -2.2 1.01157 1.37127 0.74174 0.94801
91 24.4269 -2.2 1.01047 1.36424 0.74351 0.95036
91 25.04443 -2.2 1.00939 1.35721 0.74537 0.95331
91 25.67756 -2.2 1.00826 1.3502 0.7472 0.95606
91 26.32671 -2.2 1.00721 1.34313 0.74915 0.95868
91 26.99226 -2.2 1.00619 1.33558 0.7512 0.96114
91 27.67464 -2.2 1.00514 1.32833 0.7532 0.96346
91 28.37427 -2.2 1.00416 1.32093 0.75533 0.96619
91 29.09159 -2.2 1.00321 1.31335 0.75752 0.96875
91 29.82704 -2.2 1.00223 1.30561 0.75976 0.97165
91 30.58108 -2.2 1.00133 1.29805 0.76203 0.97386
91 31.35419 -2.2 1.00046 1.29036 0.7644 0.97685
91 32.14684 -2.2 0.9996 1.2828 0.76682 0.97919
91 32.95953 -2.2 0.99873 1.27496 0.76929 0.9818
91 33.79277 -2.2 0.99797 1.26748 0.77185 0.9842
91 34.64707 -2.2 0.99722 1.25959 0.77444 0.98682
91 35.52297 -2.2 0.99646 1.25185 0.77712 0.98887
91 36.42101 -2.2 0.99578 1.2443 0.77982 0.99183
91 37.34175 -2.2 0.99509 1.23656 0.78262 0.99388
91 38.28577 -2.2 0.99448 1.229 0.78543 0.99641
91 39.25366 -2.2 0.99388 1.2213 0.78836 0.99875
91 40.24601 -2.2 0.9933 1.21376 0.79128 1.0009
91 41.26345 -2.2 0.99278 1.20626 0.7943 1.00344
91 42.30661 -2.2 0.9923 1.19864 0.79732 1.00551
91 43.37615 -2.2 0.99185 1.19121 0.80039 1.00739
91 44.47272 -2.2 0.99141 1.1838 0.80355 1.00963
91 45.59702 -2.2 0.99104 1.17631 0.80671 1.01167
91 46.74974 -2.2 0.99067 1.16901 0.80991 1.01378
91 47.93159 -2.2 0.99037 1.16175 0.81316 1.0157
91 49.14333 -2.2 0.99011 1.15467 0.8164 1.01768
91 50.3857 -2.2 0.98987 1.14738 0.81971 1.01969
91 51.65948 -2.2 0.98966 1.14028 0.82303 1.02132
91 52.96546 -2.2 0.98949 1.13322 0.82635 1.02301
91 54.30446 -2.2 0.98934 1.12633 0.82971 1.02473
91 55.67731 -2.2 0.98924 1.11938 0.83305 1.02647
91 57.08486 -2.2 0.98916 1.11258 0.83644 1.0279
91 58.528 -2.2 0.98913 1.10583 0.83978 1.02936
91 60.00762 -2.2 0.98909 1.09912 0.84315 1.03085
91 61.52464 -2.2 0.98911 1.09245 0.8465 1.03206
91 63.08002 -2.2 0.98917 1.08592 0.84985 1.03331
91 64.67472 -2.2 0.98925 1.07944 0.85317 1.03445
91 66.30973 -2.2 0.98933 1.07298 0.85648 1.03563
91 67.98608 -2.2 0.98947 1.06675 0.85974 1.03643
91 69.7048 -2.2 0.98962 1.06044 0.863 1.03755
91 71.46698 -2.2 0.98979 1.05416 0.86623 1.0382
91 73.2737 -2.2 0.98999 1.04808 0.86939 1.03904
91 75.1261 -2.2 0.99021 1.04202 0.87255 1.03968
91 77.02533 -2.2 0.99043 1.03614 0.87564 1.04027
91 78.97258 -2.2 0.99067 1.03018 0.87868 1.04059
91 80.96905 -2.2 0.99095 1.0244 0.88169 1.04108
91 83.01599 -2.2 0.99123 1.01869 0.88463 1.04133
91 85.11468 -2.2 0.99153 1.01306 0.88754 1.04155
91 87.26643 -2.2 0.99184 1.00741 0.89036 1.04165
91 89.47257 -2.2 0.99216 1.00191 0.89313 1.04175
91 91.73449 -2.2 0.99248 0.99646 0.89585 1.04164
91 94.05359 -2.2 0.99283 0.99107 0.8985 1.04153
91 96.43131 -2.2 0.99316 0.9858 0.90109 1.04133
91 98.86915 -2.2 0.99352 0.98057 0.90361 1.04106
91 101.36862 -2.2 0.99388 0.97545 0.90606 1.04063
91 103.93127 -2.2 0.99425 0.97042 0.90847 1.04031
91 106.55872 -2.2 0.99461 0.96542 0.91078 1.03976
91 109.25258 -2.2 0.99498 0.96051 0.91303 1.03916
91 112.01454 -2.2 0.99534 0.95568 0.91522 1.03859
91 114.84633 -2.2 0.99571 0.95085 0.91733 1.0379
91 117.74971 -2.2 0.9961 0.94616 0.91938 1.0371
91 120.72649 -2.2 0.99647 0.94154 0.92136 1.03634
91 123.77853 -2.2 0.99684 0.93697 0.92329 1.03547
91 126.90772 -2.2 0.99721 0.93245 0.92514 1.03451
91 130.11601 -2.2 0.99756 0.92811 0.92693 1.03359
91 133.40542 -2.2 0.99793 0.92374 0.92865 1.03265
91 136.77798 -2.2 0.99829 0.91941 0.9303 1.03161
91 140.23581 -2.2 0.99865 0.91523 0.9319 1.0305
91 143.78105 -2.2 0.999 0.91107 0.93344 1.02943
91 147.41591 -2.2 0.99934 0.907 0.93493 1.02834
91 151.14267 -2.2 0.99967 0.90294 0.93635 1.02723
91 154.96364 -2.2 1.00001 0.89901 0.93771 1.02604
91 158.8812 -2.2 1.00033 0.89528 0.93902 1.02496
91 162.89781 -2.2 1.00067 0.89193 0.94028 1.02373
91 167.01596 -2.2 1.00097 0.8889 0.94148 1.02249
91 171.23821 -2.2 1.00129 0.88623 0.94264 1.02135
91 175.56721 -2.2 1.00159 0.88387 0.94374 1.02013
91 180.00565 -2.2 1.00188 0.8818 0.9448 1.01895
91 184.55629 -2.2 1.00217 0.88015 0.94582 1.01775
91 189.22198 -2.2 1.00246 0.87878 0.94679 1.01652
91 194.00561 -2.2 1.00274 0.8777 0.94772 1.01533
91 198.91018 -2.2 1.003 0.87702 0.9486 1.01412
91 203.93874 -2.2 1.00326 0.87663 0.94944 1.01293
91 209.09443 -2.2 1.00352 0.87652 0.95025 1.01182
91 214.38045 -2.2 1.00376 0.87663 0.95103 1.01064
91 219.80011 -2.2 1.00399 0.87685 0.95177 1.00953
91 225.35678 -2.2 1.00424 0.87725 0.95247 1.00839
91 231.05392 -2.2 1.00447 0.87776 0.95314 1.00733
91 236.8951 -2.2 1.00467 0.87838 0.95378 1.00623
91 242.88394 -2.2 1.0049 0.87912 0.95438 1.00515
91 249.02418 -2.2 1.0051 0.88003 0.95496 1.00404
91 255.31965 -2.2 1.00531 0.88106 0.95551 1.00305
91 261.77427 -2.2 1.00549 0.8822 0.95605 1.00207
91 268.39207 -2.2 1.00569 0.88352 0.95654 1.00105
91 275.17717 -2.2 1.00587 0.88496 0.95703 1.00009
91 282.1338 -2.2 1.00604 0.88652 0.95748 0.99915
91 289.2663 -2.2 1.00622 0.8882 0.95792 0.99822
91 296.57912 -2.2 1.00639 0.89006 0.95833 0.99734
91 304.0768 -2.2 1.00654 0.89205 0.95871 0.99647
91 311.76403 -2.2 1.00669 0.89416 0.9591 0.99562
91 319.6456 -2.2 1.00684 0.8964 0.95944 0.99476
91 327.72642 -2.2 1.007 0.89877 0.95978 0.99401
91 336.01153 -2.2 1.00713 0.90133 0.9601 0.99322
91 344.50609 -2.2 1.00726 0.90403 0.9604 0.99243
91 353.21539 -2.2 1.00739 0.9068 0.96069 0.99169
91 362.14487 -2.2 1.00751 0.90978 0.96098 0.991
91 371.3001 -2.2 1.00763 0.91289 0.96123 0.99027
91 380.68677 -2.2 1.00776 0.91616 0.96147 0.98959
91 390.31075 -2.2 1.00786 0.91956 0.96172 0.98896
91 400.17802 -2.2 1.00797 0.92312 0.96194 0.98833
91 410.29474 -2.2 1.00808 0.92684 0.96215 0.9877
91 420.66722 -2.2 1.00818 0.93071 0.96235 0.98712
91 431.30192 -2.2 1.00827 0.93474 0.96254 0.98654
91 442.20548 -2.2 1.00837 0.93894 0.96272 0.98601
91 453.38468 -2.2 1.00846 0.94324 0.9629 0.98547
91 464.84649 -2.2 1.00853 0.94778 0.96306 0.98494
91 476.59807 -2.2 1.00862 0.95242 0.96322 0.98445
91 488.64674 -2.2 1.0087 0.95725 0.96337 0.98401
91 501 -2.2 1.00877 0.96227 0.96351 0.98348
91 8.14308 -1.8 1.00875 1.72943 0.6591 0.74104
91 8.34894 -1.8 1.00832 1.70872 0.66096 0.74344
91 8.56001 -1.8 1.00792 1.68863 0.66252 0.74081
91 8.77641 -1.8 1.00754 1.66708 0.66435 0.74673
91 8.99828 -1.8 1.00718 1.65072 0.66628 0.7479
91 9.22576 -1.8 1.00683 1.63364 0.66815 0.75089
91 9.45899 -1.8 1.00651 1.61752 0.67008 0.74815
91 9.69812 -1.8 1.00619 1.60363 0.67193 0.75352
91 9.9433 -1.8 1.00557 1.58951 0.67371 0.75168
91 10.19467 -1.8 1.0053 1.57681 0.67572 0.75641
91 10.4524 -1.8 1.00475 1.56298 0.67742 0.7622
91 10.71664 -1.8 1.00424 1.55198 0.67931 0.75723
91 10.98756 -1.8 1.00404 1.54167 0.68145 0.76243
91 11.26533 -1.8 1.00359 1.53162 0.6831 0.76842
91 11.55013 -1.8 1.00318 1.52142 0.68521 0.765
91 11.84212 -1.8 1.0028 1.51311 0.68716 0.77143
91 12.1415 -1.8 1.00244 1.50498 0.68911 0.76923
91 12.44844 -1.8 1.00212 1.49778 0.69111 0.77155
91 12.76314 -1.8 1.00161 1.49108 0.69315 0.77459
91 13.0858 -1.8 1.00115 1.48347 0.69526 0.77734
91 13.41662 -1.8 1.00073 1.47838 0.69742 0.77695
91 13.7558 -1.8 1.00052 1.47206 0.6995 0.78014
91 14.10355 -1.8 1 1.46741 0.70166 0.78378
91 14.4601 -1.8 0.99952 1.46163 0.7036 0.78457
91 14.82566 -1.8 0.99924 1.45797 0.7059 0.78593
91 15.20046 -1.8 0.99884 1.45266 0.70801 0.79009
91 15.58473 -1.8 0.99862 1.44932 0.71022 0.78947
91 15.97872 -1.8 0.99816 1.44497 0.7125 0.79156
91 16.38268 -1.8 0.99786 1.44191 0.71466 0.79397
91 16.79684 -1.8 0.99748 1.4379 0.71689 0.79856
91 17.22147 -1.8 0.99702 1.43489 0.71919 0.80137
91 17.65684 -1.8 0.99661 1.43186 0.72158 0.80217
91 18.10322 -1.8 0.99634 1.42908 0.72377 0.80538
91 18.56088 -1.8 0.9959 1.4261 0.72621 0.80671
91 19.0301 -1.8 0.99561 1.42354 0.72855 0.81015
91 19.5112 -1.8 0.99534 1.42039 0.73096 0.81038
91 20.00445 -1.8 0.99502 1.41805 0.73343 0.81399
91 20.51017 -1.8 0.99465 1.41514 0.73586 0.81626
91 21.02868 -1.8 0.99433 1.41299 0.73829 0.81734
91 21.5603 -1.8 0.99396 1.4103 0.74089 0.82006
91 22.10536 -1.8 0.99363 1.40798 0.7434 0.82278
91 22.66419 -1.8 0.99334 1.40517 0.74587 0.82574
91 23.23715 -1.8 0.99308 1.40271 0.7485 0.82759
91 23.8246 -1.8 0.99279 1.40013 0.75114 0.82948
91 24.4269 -1.8 0.99253 1.39756 0.75373 0.83275
91 25.04443 -1.8 0.99225 1.39459 0.75637 0.83499
91 25.67756 -1.8 0.99194 1.39166 0.75901 0.8365
91 26.32671 -1.8 0.99172 1.38906 0.76169 0.83903
91 26.99226 -1.8 0.99143 1.38582 0.76445 0.84165
91 27.67464 -1.8 0.99121 1.38264 0.76716 0.84432
91 28.37427 -1.8 0.99098 1.37915 0.76994 0.84716
91 29.09159 -1.8 0.99073 1.3761 0.7727 0.85
91 29.82704 -1.8 0.99055 1.3725 0.77546 0.85215
91 30.58108 -1.8 0.99035 1.36899 0.77831 0.85432
91 31.35419 -1.8 0.99017 1.36508 0.78112 0.85735
91 32.14684 -1.8 0.98998 1.36127 0.78394 0.8603
91 32.95953 -1.8 0.98981 1.35732 0.78677 0.86271
91 33.79277 -1.8 0.98962 1.35303 0.78965 0.8657
91 34.64707 -1.8 0.98949 1.34864 0.7925 0.86815
91 35.52297 -1.8 0.98935 1.34416 0.79533 0.87119
91 36.42101 -1.8 0.98925 1.33967 0.79821 0.87363
91 37.34175 -1.8 0.9891 1.33463 0.80109 0.8771
91 38.28577 -1.8 0.98903 1.3296 0.80396 0.87958
91 39.25366 -1.8 0.98892 1.32459 0.80681 0.88244
91 40.24601 -1.8 0.98884 1.31909 0.80969 0.88532
91 41.26345 -1.8 0.98877 1.31369 0.81254 0.88855
91 42.30661 -1.8 0.98872 1.30807 0.81539 0.89127
91 43.37615 -1.8 0.98869 1.30209 0.8182 0.89438
91 44.47272 -1.8 0.98865 1.29622 0.821 0.89735
91 45.59702 -1.8 0.98864 1.28982 0.82378 0.90063
91 46.74974 -1.8 0.98863 1.2835 0.82655 0.90377
91 47.93159 -1.8 0.98862 1.27692 0.82929 0.90682
91 49.14333 -1.8 0.98864 1.27008 0.83199 0.91006
91 50.3857 -1.8 0.98868 1.26316 0.83467 0.91318
91 51.65948 -1.8 0.98872 1.25605 0.83731 0.91647
91 52.96546 -1.8 0.98878 1.24887 0.83991 0.91959
91 54.30446 -1.8 0.98884 1.24148 0.84249 0.92287
91 55.67731 -1.8 0.98891 1.23391 0.84501 0.92623
91 57.08486 -1.8 0.98898 1.226 0.84748 0.92967
91 58.528 -1.8 0.98909 1.21808 0.84992 0.93295
91 60.00762 -1.8 0.98917 1.21001 0.85231 0.9365
91 61.52464 -1.8 0.98928 1.20175 0.85464 0.93986
91 63.08002 -1.8 0.9894 1.19338 0.8569 0.94345
91 64.67472 -1.8 0.98954 1.1847 0.85913 0.94685
91 66.30973 -1.8 0.98966 1.17604 0.86129 0.95024
91 67.98608 -1.8 0.98981 1.16724 0.8634 0.95381
91 69.7048 -1.8 0.98994 1.15818 0.86546 0.95736
91 71.46698 -1.8 0.9901 1.14898 0.86745 0.96104
91 73.2737 -1.8 0.99026 1.13967 0.86938 0.96449
91 75.1261 -1.8 0.99041 1.13037 0.87124 0.96823
91 77.02533 -1.8 0.99057 1.12081 0.87304 0.97189
91 78.97258 -1.8 0.99075 1.11112 0.87478 0.97548
91 80.96905 -1.8 0.99093 1.10132 0.87646 0.97899
91 83.01599 -1.8 0.99111 1.09151 0.87808 0.98272
91 85.11468 -1.8 0.99128 1.08158 0.87964 0.98635
91 87.26643 -1.8 0.99146 1.07139 0.88113 0.99002
91 89.47257 -1.8 0.99165 1.06118 0.88256 0.99347
91 91.73449 -1.8 0.99182 1.05095 0.88393 0.99709
91 94.05359 -1.8 0.99201 1.04069 0.88525 1.00074
91 96.43131 -1.8 0.99219 1.0304 0.88649 1.00428
91 98.86915 -1.8 0.99237 1.02017 0.88769 1.00796
91 101.36862 -1.8 0.99256 1.00989 0.88883 1.01143
91 103.93127 -1.8 0.99275 0.99967 0.88992 1.01502
91 106.55872 -1.8 0.99292 0.98937 0.89095 1.01841
91 109.25258 -1.8 0.9931 0.9791 0.89194 1.02193
91 112.01454 -1.8 0.99329 0.96896 0.89285 1.02526
91 114.84633 -1.8 0.99346 0.95873 0.89374 1.0286
91 117.74971 -1.8 0.99365 0.94849 0.89457 1.03197
91 120.72649 -1.8 0.99382 0.93825 0.89536 1.03526
91 123.77853 -1.8 0.99398 0.92809 0.8961 1.03848
91 126.90772 -1.8 0.99416 0.91791 0.89681 1.04164
91 130.11601 -1.8 0.99433 0.90778 0.89746 1.04474
91 133.40542 -1.8 0.99449 0.89771 0.89808 1.04771
91 136.77798 -1.8 0.99465 0.88758 0.89866 1.05081
91 140.23581 -1.8 0.99481 0.87758 0.89921 1.05369
91 143.78105 -1.8 0.99496 0.8676 0.89972 1.05655
91 147.41591 -1.8 0.99511 0.85763 0.9002 1.05929
91 151.14267 -1.8 0.99526 0.84776 0.90065 1.06195
91 154.96364 -1.8 0.9954 0.83788 0.90106 1.06467
91 158.8812 -1.8 0.99555 0.82807 0.90144 1.06722
91 162.89781 -1.8 0.99568 0.81823 0.90182 1.06971
91 167.01596 -1.8 0.99582 0.80846 0.90216 1.07212
91 171.23821 -1.8 0.99595 0.79872 0.90245 1.0744
91 175.56721 -1.8 0.99608 0.78911 0.90275 1.07663
91 180.00565 -1.8 0.99621 0.77929 0.90302 1.07881
91 184.55629 -1.8 0.99632 0.76933 0.90326 1.08095
91 189.22198 -1.8 0.99644 0.75933 0.9035 1.08291
91 194.00561 -1.8 0.99656 0.74912 0.90371 1.08485
91 198.91018 -1.8 0.99667 0.73895 0.90389 1.08676
91 203.93874 -1.8 0.99677 0.72854 0.90408 1.08852
91 209.09443 -1.8 0.99688 0.71802 0.90424 1.09026
91 214.38045 -1.8 0.99696 0.70744 0.90438 1.09186
91 219.80011 -1.8 0.99707 0.6969 0.90452 1.09346
91 225.35678 -1.8 0.99717 0.68623 0.90464 1.09492
91 231.05392 -1.8 0.99726 0.6755 0.90476 1.09633
91 236.8951 -1.8 0.99734 0.66472 0.90485 1.09773
91 242.88394 -1.8 0.99744 0.65388 0.90494 1.09896
91 249.02418 -1.8 0.99752 0.64308 0.90502 1.10019
91 255.31965 -1.8 0.99759 0.63221 0.9051 1.10132
91 261.77427 -1.8 0.99767 0.62138 0.90517 1.10245
91 268.39207 -1.8 0.99775 0.61057 0.90522 1.10348
91 275.17717 -1.8 0.99781 0.59973 0.90527 1.10447
91 282.1338 -1.8 0.99788 0.58897 0.90532 1.10541
91 289.2663 -1.8 0.99796 0.57818 0.90535 1.10626
91 296.57912 -1.8 0.99802 0.5674 0.90539 1.10707
91 304.0768 -1.8 0.99807 0.55664 0.90542 1.1079
91 311.76403 -1.8 0.99813 0.54599 0.90544 1.10863
91 319.6456 -1.8 0.99819 0.53547 0.90546 1.10927
91 327.72642 -1.8 0.99826 0.52495 0.90548 1.10993
91 336.01153 -1.8 0.9983 0.51454 0.90549 1.1105
91 344.50609 -1.8 0.99836 0.50418 0.9055 1.11109
91 353.21539 -1.8 0.9984 0.49393 0.9055 1.11164
91 362.14487 -1.8 0.99846 0.48373 0.9055 1.11211
91 371.3001 -1.8 0.9985 0.47368 0.9055 1.11254
91 380.68677 -1.8 0.99854 0.46369 0.9055 1.11294
91 390.31075 -1.8 0.99859 0.45395 0.90549 1.11336
91 400.17802 -1.8 0.99863 0.44415 0.9055 1.11374
91 410.29474 -1.8 0.99866 0.43461 0.90548 1.11408
91 420.66722 -1.8 0.99869 0.42506 0.90548 1.1144
91 431.30192 -1.8 0.99874 0.41576 0.90547 1.11473
91 442.20548 -1.8 0.99877 0.40655 0.90546 1.11497
91 453.38468 -1.8 0.9988 0.39749 0.90544 1.11518
91 464.84649 -1.8 0.99883 0.38864 0.90542 1.11541
91 476.59807 -1.8 0.99887 0.37987 0.90541 1.11565
91 488.64674 -1.8 0.9989 0.37125 0.90539 1.11585
91 501 -1.8 0.99893 0.36276 0.90538 1.11602
91 8.14308 -1.4 1.12846 2.02456 0.7134 1.41168
91 8.34894 -1.4 1.12591 1.98812 0.71403 1.40828
91 8.56001 -1.4 1.12332 1.95402 0.71392 1.40488
91 8.77641 -1.4 1.12068 1.91905 0.71411 1.40149
91 8.99828 -1.4 1.11804 1.8865 0.71445 1.3981
91 9.22576 -1.4 1.11576 1.85757 0.71476 1.39786
91 9.45899 -1.4 1.11305 1.82927 0.7152 1.3949
91 9.69812 -1.4 1.11036 1.80166 0.71525 1.38893
91 9.9433 -1.4 1.10799 1.77614 0.71562 1.38024
91 10.19467 -1.4 1.10531 1.7513 0.71595 1.38034
91 10.4524 -1.4 1.10295 1.72932 0.71624 1.37718
91 10.71664 -1.4 1.10028 1.70702 0.71667 1.37106
91 10.98756 -1.4 1.09793 1.68735 0.71705 1.36538
91 11.26533 -1.4 1.09532 1.66629 0.71728 1.36697
91 11.55013 -1.4 1.09275 1.6488 0.71779 1.36842
91 11.84212 -1.4 1.09045 1.6328 0.71821 1.36667
91 12.1415 -1.4 1.08773 1.6172 0.71872 1.36508
91 12.44844 -1.4 1.08551 1.60138 0.71898 1.35338
91 12.76314 -1.4 1.08289 1.58852 0.71973 1.35
91 13.0858 -1.4 1.08035 1.57593 0.7201 1.34694
91 13.41662 -1.4 1.07806 1.56452 0.72063 1.34416
91 13.7558 -1.4 1.07565 1.55286 0.72129 1.33951
91 14.10355 -1.4 1.07313 1.54362 0.72167 1.34118
91 14.4601 -1.4 1.0707 1.53452 0.72239 1.3352
91 14.82566 -1.4 1.06835 1.52594 0.72298 1.32979
91 15.20046 -1.4 1.06593 1.51866 0.72364 1.32323
91 15.58473 -1.4 1.06347 1.51106 0.72436 1.32212
91 15.97872 -1.4 1.06124 1.50357 0.72513 1.3211
91 16.38268 -1.4 1.05884 1.49758 0.72588 1.31878
91 16.79684 -1.4 1.05642 1.49229 0.7267 1.31535
91 17.22147 -1.4 1.05423 1.487 0.72749 1.31225
91 17.65684 -1.4 1.0518 1.48235 0.72846 1.30827
91 18.10322 -1.4 1.0496 1.47829 0.72934 1.30357
91 18.56088 -1.4 1.04721 1.4739 0.73023 1.29932
91 19.0301 -1.4 1.04503 1.47035 0.73119 1.2945
91 19.5112 -1.4 1.04288 1.46648 0.73226 1.2963
91 20.00445 -1.4 1.04058 1.46312 0.73333 1.29032
91 20.51017 -1.4 1.03841 1.46101 0.73443 1.28771
91 21.02868 -1.4 1.0362 1.45803 0.73561 1.28191
91 21.5603 -1.4 1.03413 1.45549 0.73679 1.27848
91 22.10536 -1.4 1.03202 1.45288 0.73806 1.27778
91 22.66419 -1.4 1.02991 1.45019 0.73934 1.27586
91 23.23715 -1.4 1.02786 1.4479 0.74075 1.27133
91 23.8246 -1.4 1.02581 1.44489 0.74211 1.26667
91 24.4269 -1.4 1.02389 1.44291 0.74358 1.26389
91 25.04443 -1.4 1.02192 1.44042 0.74511 1.26087
91 25.67756 -1.4 1.02002 1.43788 0.74672 1.2554
91 26.32671 -1.4 1.01813 1.4357 0.74836 1.25386
91 26.99226 -1.4 1.01627 1.43268 0.75008 1.25
91 27.67464 -1.4 1.01444 1.43058 0.75181 1.24572
91 28.37427 -1.4 1.01268 1.42751 0.7536 1.24332
91 29.09159 -1.4 1.01095 1.42496 0.75555 1.2387
91 29.82704 -1.4 1.00925 1.42118 0.75745 1.23553
91 30.58108 -1.4 1.00762 1.41793 0.75947 1.23363
91 31.35419 -1.4 1.00603 1.41482 0.76155 1.23011
91 32.14684 -1.4 1.00446 1.41094 0.76369 1.22637
91 32.95953 -1.4 1.00297 1.40691 0.76589 1.22247
91 33.79277 -1.4 1.0015 1.40338 0.76814 1.21951
91 34.64707 -1.4 1.00007 1.39896 0.77047 1.21537
91 35.52297 -1.4 0.99874 1.39432 0.77286 1.21215
91 36.42101 -1.4 0.99743 1.3893 0.77535 1.20883
91 37.34175 -1.4 0.99621 1.38409 0.77784 1.20439
91 38.28577 -1.4 0.99501 1.37882 0.78043 1.20184
91 39.25366 -1.4 0.99386 1.37322 0.78308 1.19824
91 40.24601 -1.4 0.99279 1.3673 0.78576 1.19451
91 41.26345 -1.4 0.99173 1.361 0.78854 1.19082
91 42.30661 -1.4 0.99077 1.35443 0.79135 1.18707
91 43.37615 -1.4 0.98987 1.34761 0.79421 1.18327
91 44.47272 -1.4 0.989 1.34054 0.79716 1.17945
91 45.59702 -1.4 0.98821 1.33301 0.80013 1.17636
91 46.74974 -1.4 0.98749 1.32527 0.80316 1.17255
91 47.93159 -1.4 0.98679 1.31765 0.80624 1.16879
91 49.14333 -1.4 0.98616 1.30906 0.80935 1.16561
91 50.3857 -1.4 0.9856 1.30061 0.81249 1.16136
91 51.65948 -1.4 0.98509 1.29178 0.81568 1.15772
91 52.96546 -1.4 0.98464 1.28264 0.8189 1.15463
91 54.30446 -1.4 0.98422 1.27314 0.82216 1.15109
91 55.67731 -1.4 0.98389 1.2633 0.82543 1.14716
91 57.08486 -1.4 0.98359 1.2532 0.82872 1.14332
91 58.528 -1.4 0.98336 1.24303 0.83202 1.14002
91 60.00762 -1.4 0.98316 1.2326 0.83535 1.13641
91 61.52464 -1.4 0.98302 1.22166 0.83867 1.1325
91 63.08002 -1.4 0.98292 1.21068 0.84202 1.12911
91 64.67472 -1.4 0.98289 1.19926 0.84536 1.12512
91 66.30973 -1.4 0.98289 1.18779 0.84868 1.12161
91 67.98608 -1.4 0.98292 1.17611 0.85202 1.11793
91 69.7048 -1.4 0.98301 1.16397 0.85531 1.1144
91 71.46698 -1.4 0.98313 1.152 0.85862 1.11071
91 73.2737 -1.4 0.9833 1.13961 0.86189 1.10691
91 75.1261 -1.4 0.98351 1.12697 0.86514 1.10355
91 77.02533 -1.4 0.98373 1.11464 0.86837 1.09983
91 78.97258 -1.4 0.98399 1.10316 0.87157 1.09604
91 80.96905 -1.4 0.9843 1.09192 0.87472 1.09268
91 83.01599 -1.4 0.98462 1.08127 0.87784 1.08926
91 85.11468 -1.4 0.98496 1.07121 0.88093 1.08557
91 87.26643 -1.4 0.98534 1.06169 0.88395 1.08207
91 89.47257 -1.4 0.98573 1.05252 0.88695 1.07855
91 91.73449 -1.4 0.98617 1.04385 0.88988 1.07523
91 94.05359 -1.4 0.98659 1.03585 0.89275 1.07189
91 96.43131 -1.4 0.98704 1.02813 0.89559 1.06855
91 98.86915 -1.4 0.98751 1.02087 0.89836 1.06522
91 101.36862 -1.4 0.988 1.01404 0.90107 1.06173
91 103.93127 -1.4 0.98849 1.00762 0.90373 1.05861
91 106.55872 -1.4 0.98899 1.00161 0.90632 1.05533
91 109.25258 -1.4 0.98951 0.99599 0.90885 1.05223
91 112.01454 -1.4 0.99003 0.99091 0.91132 1.04917
91 114.84633 -1.4 0.99056 0.98619 0.91372 1.04612
91 117.74971 -1.4 0.99109 0.98183 0.91607 1.0431
91 120.72649 -1.4 0.99162 0.97781 0.91835 1.04011
91 123.77853 -1.4 0.99215 0.97428 0.92055 1.03728
91 126.90772 -1.4 0.99269 0.97108 0.9227 1.03448
91 130.11601 -1.4 0.99322 0.96836 0.92478 1.0317
91 133.40542 -1.4 0.99375 0.96595 0.9268 1.02894
91 136.77798 -1.4 0.99428 0.96385 0.92877 1.02632
91 140.23581 -1.4 0.99481 0.96221 0.93065 1.02372
91 143.78105 -1.4 0.99534 0.96087 0.93248 1.02114
91 147.41591 -1.4 0.99586 0.95998 0.93426 1.0188
91 151.14267 -1.4 0.99637 0.95939 0.93596 1.01635
91 154.96364 -1.4 0.99687 0.95924 0.93761 1.01401
91 158.8812 -1.4 0.99737 0.95924 0.93919 1.01189
91 162.89781 -1.4 0.99786 0.95924 0.94073 1.00966
91 167.01596 -1.4 0.99835 0.95924 0.94221 1.00753
91 171.23821 -1.4 0.99883 0.95924 0.94363 1.00548
91 175.56721 -1.4 0.9993 0.95924 0.945 1.00361
91 180.00565 -1.4 0.99976 0.95924 0.94632 1.00163
91 184.55629 -1.4 1.00021 0.95924 0.94759 0.99991
91 189.22198 -1.4 1.00066 0.95924 0.94881 0.99816
91 194.00561 -1.4 1.00109 0.95924 0.94998 0.99639
91 198.91018 -1.4 1.00152 0.95924 0.95109 0.99476
91 203.93874 -1.4 1.00193 0.95924 0.95217 0.99327
91 209.09443 -1.4 1.00233 0.95924 0.95321 0.99182
91 214.38045 -1.4 1.00273 0.95924 0.95419 0.99042
91 219.80011 -1.4 1.00311 0.95924 0.95514 0.98905
91 225.35678 -1.4 1.00348 0.95924 0.95605 0.98773
91 231.05392 -1.4 1.00385 0.95924 0.95692 0.98651
91 236.8951 -1.4 1.00421 0.95924 0.95776 0.98532
91 242.88394 -1.4 1.00455 0.95924 0.95855 0.98416
91 249.02418 -1.4 1.00489 0.95924 0.95933 0.98317
91 255.31965 -1.4 1.00521 0.95924 0.96005 0.9822
91 261.77427 -1.4 1.00553 0.95924 0.96075 0.98124
91 268.39207 -1.4 1.00585 0.95924 0.96141 0.98031
91 275.17717 -1.4 1.00614 0.95924 0.96206 0.97938
91 282.1338 -1.4 1.00642 0.95924 0.96267 0.97861
91 289.2663 -1.4 1.00671 0.95924 0.96326 0.97792
91 296.57912 -1.4 1.00698 0.95924 0.96382 0.97716
91 304.0768 -1.4 1.00725 0.95924 0.96434 0.97649
91 311.76403 -1.4 1.00751 0.95924 0.96485 0.97588
91 319.6456 -1.4 1.00776 0.95924 0.96534 0.97528
91 327.72642 -1.4 1.008 0.95924 0.96581 0.97474
91 336.01153 -1.4 1.00822 0.95924 0.96624 0.97421
91 344.50609 -1.4 1.00845 0.95924 0.96666 0.97375
91 353.21539 -1.4 1.00867 0.95924 0.96707 0.97328
91 362.14487 -1.4 1.00888 0.95924 0.96745 0.97282
91 371.3001 -1.4 1.00907 0.95924 0.96781 0.97242
91 380.68677 -1.4 1.00927 0.95924 0.96817 0.97208
91 390.31075 -1.4 1.00946 0.95924 0.96849 0.9718
91 400.17802 -1.4 1.00966 0.95924 0.96882 0.97146
91 410.29474 -1.4 1.00983 0.95924 0.96912 0.97117
91 420.66722 -1.4 1.01 0.95924 0.9694 0.97095
91 431.30192 -1.4 1.01016 0.95924 0.96969 0.97066
91 442.20548 -1.4 1.01032 0.95924 0.96994 0.97043
91 453.38468 -1.4 1.01047 0.95924 0.97019 0.97019
91 464.84649 -1.4 1.01062 0.95924 0.97043 0.97008
91 476.59807 -1.4 1.01076 0.95924 0.97066 0.96989
91 488.64674 -1.4 1.0109 0.95924 0.97088 0.96977
91 501 -1.4 1.01103 0.95924 0.97108 0.96958
91 8.14308 -1 1.13434 1.80612 0.78822 1.19925
91 8.34894 -1 1.13192 1.78514 0.78762 1.19541
91 8.56001 -1 1.12988 1.76331 0.78744 1.19159
91 8.77641 -1 1.12776 1.74225 0.78706 1.18778
91 8.99828 -1 1.12592 1.72053 0.78705 1.18399
91 9.22576 -1 1.12361 1.69963 0.78648 1.18021
91 9.45899 -1 1.12196 1.67824 0.78642 1.17644
91 9.69812 -1 1.11984 1.65832 0.7862 1.17268
91 9.9433 -1 1.11765 1.63923 0.78551 1.16894
91 10.19467 -1 1.11541 1.61986 0.78558 1.16521
91 10.4524 -1 1.11311 1.60033 0.78534 1.1615
91 10.71664 -1 1.11108 1.58333 0.78498 1.1578
91 10.98756 -1 1.10927 1.56529 0.78485 1.15411
91 11.26533 -1 1.10712 1.54969 0.78471 1.15043
91 11.55013 -1 1.10495 1.53555 0.78452 1.14677
91 11.84212 -1 1.10298 1.52135 0.78438 1.14313
91 12.1415 -1 1.10076 1.5086 0.78428 1.13949
91 12.44844 -1 1.09853 1.49721 0.78419 1.13587
91 12.76314 -1 1.09651 1.48579 0.78417 1.13227
91 13.0858 -1 1.09447 1.477 0.78404 1.12862
91 13.41662 -1 1.09241 1.46811 0.78385 1.12929
91 13.7558 -1 1.09036 1.46163 0.78391 1.11718
91 14.10355 -1 1.08833 1.45618 0.78407 1.11765
91 14.4601 -1 1.08612 1.45285 0.78402 1.1215
91 14.82566 -1 1.08411 1.45034 0.7841 1.10619
91 15.20046 -1 1.08212 1.44699 0.78417 1.11017
91 15.58473 -1 1.08001 1.44809 0.78438 1.10484
91 15.97872 -1 1.07793 1.44718 0.78447 1.1
91 16.38268 -1 1.07602 1.44886 0.78458 1.09489
91 16.79684 -1 1.0739 1.44957 0.78482 1.0979
91 17.22147 -1 1.07194 1.45209 0.78512 1.09333
91 17.65684 -1 1.06992 1.45545 0.78544 1.08228
91 18.10322 -1 1.06795 1.45906 0.78571 1.07831
91 18.56088 -1 1.06583 1.4629 0.78613 1.08046
91 19.0301 -1 1.06388 1.46656 0.78642 1.07692
91 19.5112 -1 1.0619 1.47235 0.78694 1.0733
91 20.00445 -1 1.05999 1.47706 0.78735 1.075
91 20.51017 -1 1.05797 1.48113 0.78784 1.06667
91 21.02868 -1 1.05604 1.48602 0.78844 1.06335
91 21.5603 -1 1.0541 1.48994 0.7891 1.06061
91 22.10536 -1 1.0521 1.49328 0.78968 1.0535
91 22.66419 -1 1.05025 1.49772 0.79037 1.05098
91 23.23715 -1 1.04835 1.5 0.79117 1.04869
91 23.8246 -1 1.04642 1.50245 0.79202 1.04643
91 24.4269 -1 1.04463 1.50386 0.79285 1.04082
91 25.04443 -1 1.04282 1.50518 0.79376 1.03896
91 25.67756 -1 1.04092 1.50475 0.79471 1.03715
91 26.32671 -1 1.03917 1.50298 0.79578 1.0355
91 26.99226 -1 1.03736 1.50079 0.79686 1.03099
91 27.67464 -1 1.0356 1.49795 0.79799 1.02957
91 28.37427 -1 1.03388 1.49303 0.79918 1.02564
91 29.09159 -1 1.03212 1.48789 0.80044 1.022
91 29.82704 -1 1.03046 1.48091 0.80177 1.01865
91 30.58108 -1 1.02881 1.47269 0.80313 1.01782
91 31.35419 -1 1.02721 1.46377 0.8046 1.01274
91 32.14684 -1 1.02562 1.45336 0.8061 1.01217
91 32.95953 -1 1.02401 1.44114 0.80771 1.00774
91 33.79277 -1 1.02249 1.42845 0.80935 1.00369
91 34.64707 -1 1.02099 1.41434 0.81102 1.00353
91 35.52297 -1 1.01951 1.39873 0.81282 0.99832
91 36.42101 -1 1.01809 1.38206 0.81465 0.99679
91 37.34175 -1 1.01672 1.3646 0.81655 0.99387
91 38.28577 -1 1.01533 1.3458 0.81851 0.99122
91 39.25366 -1 1.01403 1.32632 0.82054 0.98881
91 40.24601 -1 1.01274 1.30515 0.82258 0.98665
91 41.26345 -1 1.0115 1.28362 0.82474 0.98342
91 42.30661 -1 1.01031 1.2612 0.82695 0.98051
91 43.37615 -1 1.00916 1.23834 0.82922 0.97905
91 44.47272 -1 1.00807 1.21636 0.8315 0.97664
91 45.59702 -1 1.007 1.19585 0.83388 0.97343
91 46.74974 -1 1.00598 1.17613 0.8363 0.97056
91 47.93159 -1 1.005 1.15771 0.83876 0.96893
91 49.14333 -1 1.00404 1.13989 0.84126 0.96657
91 50.3857 -1 1.00316 1.12298 0.84383 0.96451
91 51.65948 -1 1.0023 1.10716 0.84643 0.96265
91 52.96546 -1 1.00151 1.09215 0.84905 0.96019
91 54.30446 -1 1.00074 1.07812 0.85172 0.95804
91 55.67731 -1 1.00004 1.06475 0.85443 0.95613
91 57.08486 -1 0.99936 1.05228 0.85715 0.95445
91 58.528 -1 0.99872 1.04039 0.85989 0.95232
91 60.00762 -1 0.99816 1.02959 0.86268 0.95042
91 61.52464 -1 0.9976 1.01956 0.86547 0.94938
91 63.08002 -1 0.99709 1.00998 0.86827 0.94734
91 64.67472 -1 0.99665 1.0011 0.87107 0.94607
91 66.30973 -1 0.99622 0.99343 0.87389 0.94393
91 67.98608 -1 0.99584 0.98585 0.87671 0.94307
91 69.7048 -1 0.99549 0.97915 0.87952 0.94135
91 71.46698 -1 0.99517 0.9733 0.88234 0.93989
91 73.2737 -1 0.9949 0.96801 0.88513 0.9386
91 75.1261 -1 0.99466 0.96327 0.88792 0.9375
91 77.02533 -1 0.99446 0.95906 0.89068 0.93656
91 78.97258 -1 0.99429 0.95563 0.89344 0.93578
91 80.96905 -1 0.99414 0.95271 0.89616 0.93473
91 83.01599 -1 0.99402 0.95056 0.89887 0.93422
91 85.11468 -1 0.99393 0.94789 0.90153 0.93348
91 87.26643 -1 0.99387 0.94547 0.90418 0.93251
91 89.47257 -1 0.99384 0.94278 0.90678 0.93236
91 91.73449 -1 0.99383 0.94036 0.90935 0.93197
91 94.05359 -1 0.99382 0.93765 0.91187 0.93166
91 96.43131 -1 0.99387 0.93521 0.91436 0.93146
91 98.86915 -1 0.99391 0.93249 0.9168 0.93134
91 101.36862 -1 0.99398 0.93003 0.9192 0.93128
91 103.93127 -1 0.99406 0.92756 0.92154 0.93155
91 106.55872 -1 0.99416 0.92508 0.92384 0.93185
91 109.25258 -1 0.99428 0.92233 0.9261 0.93244
91 112.01454 -1 0.99441 0.91983 0.92829 0.9328
91 114.84633 -1 0.99455 0.91705 0.93043 0.93341
91 117.74971 -1 0.99471 0.91426 0.93253 0.93426
91 120.72649 -1 0.99486 0.91199 0.93457 0.93509
91 123.77853 -1 0.99504 0.90916 0.93656 0.93612
91 126.90772 -1 0.99521 0.90661 0.9385 0.93711
91 130.11601 -1 0.9954 0.90401 0.94038 0.93827
91 133.40542 -1 0.99559 0.90141 0.94221 0.93978
91 136.77798 -1 0.99579 0.8988 0.94397 0.94122
91 140.23581 -1 0.99599 0.89619 0.9457 0.94277
91 143.78105 -1 0.99619 0.89353 0.94738 0.94444
91 147.41591 -1 0.9964 0.89086 0.94898 0.9462
91 151.14267 -1 0.99661 0.88819 0.95055 0.9482
91 154.96364 -1 0.99683 0.88575 0.95206 0.95028
91 158.8812 -1 0.99705 0.88277 0.95352 0.95255
91 162.89781 -1 0.99727 0.88055 0.95494 0.95473
91 167.01596 -1 0.99748 0.8778 0.95631 0.95724
91 171.23821 -1 0.99769 0.87528 0.95762 0.95963
91 175.56721 -1 0.99791 0.8725 0.95889 0.9622
91 180.00565 -1 0.99812 0.86992 0.96012 0.96491
91 184.55629 -1 0.99833 0.86736 0.96129 0.96777
91 189.22198 -1 0.99854 0.86474 0.96244 0.97064
91 194.00561 -1 0.99875 0.86212 0.96353 0.97363
91 198.91018 -1 0.99896 0.85948 0.96459 0.97674
91 203.93874 -1 0.99916 0.85682 0.9656 0.97985
91 209.09443 -1 0.99935 0.85439 0.96657 0.98306
91 214.38045 -1 0.99956 0.85166 0.96751 0.98639
91 219.80011 -1 0.99975 0.8492 0.96841 0.9897
91 225.35678 -1 0.99995 0.84668 0.96927 0.99322
91 231.05392 -1 1.00013 0.8439 0.97011 0.99673
91 236.8951 -1 1.00032 0.84135 0.9709 1.00022
91 242.88394 -1 1.00049 0.83902 0.97167 1.0037
91 249.02418 -1 1.00066 0.83643 0.9724 1.00738
91 255.31965 -1 1.00084 0.83406 0.97311 1.01105
91 261.77427 -1 1.00101 0.83114 0.97377 1.01472
91 268.39207 -1 1.00117 0.82898 0.97442 1.01847
91 275.17717 -1 1.00133 0.82656 0.97504 1.02222
91 282.1338 -1 1.00149 0.82383 0.97563 1.02597
91 289.2663 -1 1.00164 0.82161 0.97619 1.02982
91 296.57912 -1 1.0018 0.81908 0.97674 1.03347
91 304.0768 -1 1.00193 0.81652 0.97726 1.03733
91 311.76403 -1 1.00208 0.81425 0.97777 1.0411
91 319.6456 -1 1.00222 0.8119 0.97824 1.04488
91 327.72642 -1 1.00235 0.80952 0.9787 1.0485
91 336.01153 -1 1.00247 0.80688 0.97913 1.05223
91 344.50609 -1 1.0026 0.80471 0.97954 1.05599
91 353.21539 -1 1.00272 0.80258 0.97994 1.05968
91 362.14487 -1 1.00285 0.80012 0.98032 1.06332
91 371.3001 -1 1.00296 0.79789 0.98068 1.06681
91 380.68677 -1 1.00307 0.79563 0.98104 1.07043
91 390.31075 -1 1.00319 0.79335 0.98137 1.07402
91 400.17802 -1 1.00328 0.79105 0.98169 1.07747
91 410.29474 -1 1.00339 0.78904 0.98199 1.08079
91 420.66722 -1 1.00349 0.78669 0.98229 1.08426
91 431.30192 -1 1.00359 0.78457 0.98256 1.08752
91 442.20548 -1 1.00367 0.78243 0.98283 1.09085
91 453.38468 -1 1.00376 0.78058 0.98308 1.09407
91 464.84649 -1 1.00384 0.77839 0.98332 1.09718
91 476.59807 -1 1.00393 0.77618 0.98355 1.10027
91 488.64674 -1 1.00402 0.77427 0.98377 1.10327
91 501 -1 1.00409 0.77201 0.98398 1.10626
91 8.14308 -0.6 1.05055 0.2694 0.69739 5.54623
91 8.34894 -0.6 1.04902 0.29299 0.69858 5.44133
91 8.56001 -0.6 1.04794 0.31928 0.69958 5.33846
91 8.77641 -0.6 1.04645 0.34402 0.7004 5.23747
91 8.99828 -0.6 1.04499 0.37394 0.70172 5.13843
91 9.22576 -0.6 1.04395 0.40274 0.70284 5.04125
91 9.45899 -0.6 1.04255 0.43351 0.70388 4.94588
91 9.69812 -0.6 1.04119 0.46649 0.70485 4.85231
91 9.9433 -0.6 1.03955 0.49875 0.70597 4.76053
91 10.19467 -0.6 1.03828 0.53511 0.7071 4.67045
91 10.4524 -0.6 1.03705 0.57143 0.70842 4.56293
91 10.71664 -0.6 1.03585 0.60909 0.70951 4.5138
91 10.98756 -0.6 1.03442 0.64978 0.71077 4.41628
91 11.26533 -0.6 1.0333 0.69017 0.71189 4.31538
91 11.55013 -0.6 1.03198 0.73237 0.71321 4.24693
91 11.84212 -0.6 1.03049 0.77465 0.71438 4.17249
91 12.1415 -0.6 1.02928 0.81871 0.71563 4.09294
91 12.44844 -0.6 1.02813 0.86364 0.71693 4.00913
91 12.76314 -0.6 1.02682 0.90993 0.71828 3.92178
91 13.0858 -0.6 1.0254 0.95544 0.71957 3.85781
91 13.41662 -0.6 1.02423 1.00347 0.72094 3.78864
91 13.7558 -0.6 1.02295 1.05042 0.72224 3.71505
91 14.10355 -0.6 1.02174 1.09804 0.72368 3.63777
91 14.4601 -0.6 1.0206 1.14603 0.72505 3.57827
91 14.82566 -0.6 1.01922 1.19444 0.72656 3.51399
91 15.20046 -0.6 1.01807 1.24138 0.72791 3.44566
91 15.58473 -0.6 1.01686 1.29009 0.72951 3.37395
91 15.97872 -0.6 1.01585 1.33759 0.73098 3.31598
91 16.38268 -0.6 1.01465 1.38345 0.73257 3.25394
91 16.79684 -0.6 1.01342 1.42819 0.73416 3.18846
91 17.22147 -0.6 1.01227 1.47128 0.73578 3.13402
91 17.65684 -0.6 1.0112 1.51461 0.7375 3.07572
91 18.10322 -0.6 1.0101 1.55569 0.73914 3.01418
91 18.56088 -0.6 1.00898 1.5971 0.7409 2.94997
91 19.0301 -0.6 1.00804 1.63455 0.74259 2.89459
91 19.5112 -0.6 1.00698 1.67125 0.74437 2.84664
91 20.00445 -0.6 1.00592 1.70424 0.74618 2.79412
91 20.51017 -0.6 1.00486 1.73558 0.74806 2.74074
91 21.02868 -0.6 1.00388 1.76539 0.74996 2.69298
91 21.5603 -0.6 1.00297 1.79275 0.75187 2.64463
91 22.10536 -0.6 1.00206 1.81699 0.75385 2.59375
91 22.66419 -0.6 1.00109 1.8381 0.75583 2.53676
91 23.23715 -0.6 1.00026 1.85728 0.75791 2.49306
91 23.8246 -0.6 0.99937 1.87194 0.76005 2.45395
91 24.4269 -0.6 0.9985 1.88316 0.76217 2.40373
91 25.04443 -0.6 0.99775 1.89299 0.76436 2.35088
91 25.67756 -0.6 0.99695 1.89886 0.76658 2.30939
91 26.32671 -0.6 0.99623 1.90275 0.76886 2.26042
91 26.99226 -0.6 0.99545 1.90236 0.77117 2.22167
91 27.67464 -0.6 0.9948 1.90025 0.77353 2.1814
91 28.37427 -0.6 0.9941 1.89346 0.77587 2.14537
91 29.09159 -0.6 0.99351 1.88379 0.77831 2.10833
91 29.82704 -0.6 0.99292 1.87142 0.78084 2.07087
91 30.58108 -0.6 0.99239 1.85432 0.78335 2.02974
91 31.35419 -0.6 0.99186 1.83631 0.78592 1.98947
91 32.14684 -0.6 0.99137 1.81533 0.78853 1.95681
91 32.95953 -0.6 0.99093 1.79026 0.7912 1.92453
91 33.79277 -0.6 0.99052 1.76388 0.79389 1.88427
91 34.64707 -0.6 0.99015 1.73448 0.79662 1.85393
91 35.52297 -0.6 0.98982 1.70393 0.79939 1.82181
91 36.42101 -0.6 0.98954 1.67332 0.80221 1.78643
91 37.34175 -0.6 0.98929 1.64421 0.80506 1.75714
91 38.28577 -0.6 0.98906 1.6144 0.80795 1.72748
91 39.25366 -0.6 0.98891 1.5866 0.81084 1.69723
91 40.24601 -0.6 0.98875 1.5597 0.81378 1.66869
91 41.26345 -0.6 0.98868 1.53305 0.81675 1.63862
91 42.30661 -0.6 0.9886 1.50723 0.81972 1.61232
91 43.37615 -0.6 0.9886 1.48249 0.82272 1.58319
91 44.47272 -0.6 0.98863 1.45763 0.82573 1.55772
91 45.59702 -0.6 0.98872 1.43433 0.82878 1.53159
91 46.74974 -0.6 0.9888 1.41113 0.83183 1.50731
91 47.93159 -0.6 0.98894 1.38858 0.83491 1.48061
91 49.14333 -0.6 0.98913 1.36685 0.83798 1.45729
91 50.3857 -0.6 0.98935 1.34569 0.84105 1.43571
91 51.65948 -0.6 0.98958 1.32454 0.84413 1.41351
91 52.96546 -0.6 0.98989 1.30463 0.8472 1.39145
91 54.30446 -0.6 0.9902 1.28519 0.85026 1.36966
91 55.67731 -0.6 0.99056 1.2657 0.85331 1.34924
91 57.08486 -0.6 0.99093 1.24679 0.85634 1.33012
91 58.528 -0.6 0.99133 1.22882 0.85936 1.31129
91 60.00762 -0.6 0.99178 1.21135 0.86237 1.29283
91 61.52464 -0.6 0.99225 1.19433 0.86534 1.27537
91 63.08002 -0.6 0.99275 1.17708 0.86827 1.25832
91 64.67472 -0.6 0.99326 1.16131 0.8712 1.24151
91 66.30973 -0.6 0.99381 1.14534 0.87407 1.22518
91 67.98608 -0.6 0.99438 1.12967 0.87692 1.21002
91 69.7048 -0.6 0.99496 1.1148 0.87972 1.19581
91 71.46698 -0.6 0.99557 1.10024 0.88246 1.18199
91 73.2737 -0.6 0.99617 1.0859 0.88518 1.16846
91 75.1261 -0.6 0.99679 1.07229 0.88785 1.15591
91 77.02533 -0.6 0.99744 1.0589 0.89046 1.14309
91 78.97258 -0.6 0.9981 1.0457 0.89302 1.13173
91 80.96905 -0.6 0.99878 1.0327 0.89552 1.12118
91 83.01599 -0.6 0.99946 1.02077 0.89797 1.11084
91 85.11468 -0.6 1.00013 1.00853 0.90036 1.10124
91 87.26643 -0.6 1.00082 0.99643 0.90269 1.09276
91 89.47257 -0.6 1.00151 0.98534 0.90497 1.08443
91 91.73449 -0.6 1.00221 0.97435 0.90718 1.07623
91 94.05359 -0.6 1.00291 0.96344 0.90933 1.06941
91 96.43131 -0.6 1.00361 0.95305 0.91143 1.06264
91 98.86915 -0.6 1.00431 0.94272 0.91344 1.05709
91 101.36862 -0.6 1.005 0.93287 0.91542 1.05152
91 103.93127 -0.6 1.00571 0.92304 0.91732 1.04701
91 106.55872 -0.6 1.00637 0.9137 0.91916 1.04278
91 109.25258 -0.6 1.00707 0.90476 0.92094 1.03913
91 112.01454 -0.6 1.00774 0.89585 0.92266 1.03663
91 114.84633 -0.6 1.00841 0.88735 0.92431 1.03428
91 117.74971 -0.6 1.00908 0.87883 0.92592 1.03264
91 120.72649 -0.6 1.00972 0.87069 0.92745 1.03137
91 123.77853 -0.6 1.01038 0.86256 0.92893 1.03099
91 126.90772 -0.6 1.011 0.85554 0.93035 1.03088
91 130.11601 -0.6 1.01162 0.84961 0.93172 1.03181
91 133.40542 -0.6 1.01224 0.84475 0.93304 1.03293
91 136.77798 -0.6 1.01284 0.84052 0.9343 1.03447
91 140.23581 -0.6 1.01342 0.83699 0.93551 1.03665
91 143.78105 -0.6 1.01401 0.83488 0.93668 1.03965
91 147.41591 -0.6 1.01458 0.83348 0.93778 1.04296
91 151.14267 -0.6 1.01512 0.83356 0.93885 1.04679
91 154.96364 -0.6 1.01567 0.83394 0.93986 1.05109
91 158.8812 -0.6 1.01619 0.83556 0.94083 1.05607
91 162.89781 -0.6 1.01671 0.83793 0.94176 1.06148
91 167.01596 -0.6 1.01721 0.84163 0.94265 1.06728
91 171.23821 -0.6 1.0177 0.84619 0.9435 1.07348
91 175.56721 -0.6 1.01817 0.85132 0.9443 1.08026
91 180.00565 -0.6 1.01864 0.85793 0.94506 1.08759
91 184.55629 -0.6 1.01909 0.86524 0.94581 1.09507
91 189.22198 -0.6 1.01953 0.87376 0.9465 1.10327
91 194.00561 -0.6 1.01996 0.88361 0.94717 1.11159
91 198.91018 -0.6 1.02037 0.89387 0.9478 1.12046
91 203.93874 -0.6 1.02077 0.90572 0.9484 1.12961
91 209.09443 -0.6 1.02117 0.91873 0.94897 1.1391
91 214.38045 -0.6 1.02154 0.93242 0.94953 1.14909
91 219.80011 -0.6 1.02191 0.94811 0.95004 1.15938
91 225.35678 -0.6 1.02227 0.96537 0.95053 1.16981
91 231.05392 -0.6 1.02261 0.98309 0.951 1.18057
91 236.8951 -0.6 1.02293 1.00269 0.95145 1.19184
91 242.88394 -0.6 1.02326 1.02364 0.95186 1.20291
91 249.02418 -0.6 1.02357 1.04611 0.95227 1.21448
91 255.31965 -0.6 1.02388 1.06951 0.95265 1.22625
91 261.77427 -0.6 1.02416 1.0955 0.953 1.23835
91 268.39207 -0.6 1.02444 1.12359 0.95334 1.25031
91 275.17717 -0.6 1.02471 1.15307 0.95366 1.26261
91 282.1338 -0.6 1.02497 1.18405 0.95396 1.27515
91 289.2663 -0.6 1.02523 1.21683 0.95426 1.28773
91 296.57912 -0.6 1.02547 1.25239 0.95454 1.30018
91 304.0768 -0.6 1.02571 1.291 0.95479 1.31304
91 311.76403 -0.6 1.02593 1.33089 0.95503 1.32598
91 319.6456 -0.6 1.02615 1.37322 0.95527 1.33886
91 327.72642 -0.6 1.02636 1.4182 0.9555 1.35164
91 336.01153 -0.6 1.02656 1.46731 0.9557 1.36453
91 344.50609 -0.6 1.02676 1.51654 0.9559 1.37753
91 353.21539 -0.6 1.02695 1.57239 0.95609 1.39052
91 362.14487 -0.6 1.02712 1.62994 0.95627 1.40344
91 371.3001 -0.6 1.02729 1.6875 0.95642 1.41636
91 380.68677 -0.6 1.02746 1.75314 0.95659 1.42908
91 390.31075 -0.6 1.02763 1.81924 0.95673 1.44197
91 400.17802 -0.6 1.02778 1.89123 0.95687 1.45469
91 410.29474 -0.6 1.02793 1.96475 0.957 1.46723
91 420.66722 -0.6 1.02807 2.04519 0.95713 1.47983
91 431.30192 -0.6 1.0282 2.12917 0.95725 1.49226
91 442.20548 -0.6 1.02834 2.21634 0.95736 1.50456
91 453.38468 -0.6 1.02847 2.30913 0.95746 1.51671
91 464.84649 -0.6 1.0286 2.40199 0.95756 1.52873
91 476.59807 -0.6 1.02871 2.5 0.95766 1.54062
91 488.64674 -0.6 1.02882 2.60615 0.95776 1.55204
91 501 -0.6 1.02893 2.71513 0.95784 1.56369
91 8.14308 -0.2 1.07306 4.999 0.73266 2.03601
91 8.34894 -0.2 1.07222 4.75427 0.73316 2.02587
91 8.56001 -0.2 1.07086 4.52447 0.73375 2.01576
91 8.77641 -0.2 1.06948 4.30859 0.73413 2.00572
91 8.99828 -0.2 1.06886 4.09804 0.73469 1.99574
91 9.22576 -0.2 1.0674 3.90654 0.73506 1.98578
91 9.45899 -0.2 1.06627 3.73214 0.73569 1.97589
91 9.69812 -0.2 1.0651 3.57265 0.73612 1.96603
91 9.9433 -0.2 1.0639 3.39837 0.73678 1.95623
91 10.19467 -0.2 1.06267 3.26563 0.73733 1.94647
91 10.4524 -0.2 1.06171 3.1194 0.73785 1.93676
91 10.71664 -0.2 1.06071 2.98571 0.73836 1.9271
91 10.98756 -0.2 1.05966 2.86301 0.7391 1.91748
91 11.26533 -0.2 1.05859 2.73203 0.73979 1.90793
91 11.55013 -0.2 1.05749 2.62893 0.74033 1.8984
91 11.84212 -0.2 1.05614 2.51807 0.74089 1.88892
91 12.1415 -0.2 1.05502 2.41618 0.74153 1.8795
91 12.44844 -0.2 1.05409 2.32222 0.74222 1.87012
91 12.76314 -0.2 1.05294 2.23529 0.74282 1.86078
91 13.0858 -0.2 1.05178 2.15464 0.74366 1.85149
91 13.41662 -0.2 1.05063 2.06931 0.74443 1.84224
91 13.7558 -0.2 1.04948 2 0.74515 1.83305
91 14.10355 -0.2 1.04832 1.92627 0.74597 1.8239
91 14.4601 -0.2 1.04719 1.85778 0.74676 1.81479
91 14.82566 -0.2 1.04621 1.79399 0.74753 1.80573
91 15.20046 -0.2 1.04509 1.73444 0.74844 1.79671
91 15.58473 -0.2 1.04384 1.67871 0.74934 1.78775
91 15.97872 -0.2 1.04275 1.62016 0.75013 1.77882
91 16.38268 -0.2 1.0418 1.57143 0.75106 1.76994
91 16.79684 -0.2 1.04063 1.52 0.75202 1.7611
91 17.22147 -0.2 1.0396 1.47183 0.75301 1.75231
91 17.65684 -0.2 1.03847 1.42662 0.75393 1.74357
91 18.10322 -0.2 1.03748 1.3887 0.75499 1.73487
91 18.56088 -0.2 1.03632 1.34839 0.756 1.72622
91 19.0301 -0.2 1.03519 1.31034 0.75714 1.71761
91 19.5112 -0.2 1.03419 1.27439 0.75822 1.70904
91 20.00445 -0.2 1.03314 1.23669 0.75937 1.70834
91 20.51017 -0.2 1.03204 1.20461 0.76056 1.69557
91 21.02868 -0.2 1.03106 1.17416 0.76177 1.67928
91 21.5603 -0.2 1.02996 1.14521 0.76311 1.67409
91 22.10536 -0.2 1.02899 1.11765 0.76435 1.66467
91 22.66419 -0.2 1.02791 1.09138 0.76567 1.66421
91 23.23715 -0.2 1.02694 1.06633 0.76703 1.64705
91 23.8246 -0.2 1.02596 1.04239 0.76847 1.6384
91 24.4269 -0.2 1.02496 1.01951 0.76987 1.6368
91 25.04443 -0.2 1.02394 0.99761 0.7714 1.63075
91 25.67756 -0.2 1.02298 0.97664 0.77288 1.61538
91 26.32671 -0.2 1.02201 0.95652 0.77446 1.6
91 26.99226 -0.2 1.02104 0.93933 0.77609 1.59483
91 27.67464 -0.2 1.02012 0.9207 0.7777 1.59836
91 28.37427 -0.2 1.01924 0.90476 0.77943 1.58915
91 29.09159 -0.2 1.01833 0.88936 0.78117 1.58088
91 29.82704 -0.2 1.01746 0.87448 0.78292 1.56944
91 30.58108 -0.2 1.01659 0.86008 0.78474 1.56579
91 31.35419 -0.2 1.0157 0.84615 0.78663 1.5625
91 32.14684 -0.2 1.01489 0.83433 0.78853 1.5503
91 32.95953 -0.2 1.01409 0.82283 0.79048 1.53631
91 33.79277 -0.2 1.0133 0.81165 0.79249 1.5291
91 34.64707 -0.2 1.01251 0.80077 0.79448 1.52764
91 35.52297 -0.2 1.01178 0.79017 0.79657 1.51905
91 36.42101 -0.2 1.01102 0.78131 0.79869 1.50901
91 37.34175 -0.2 1.01033 0.77264 0.80082 1.50427
91 38.28577 -0.2 1.00965 0.76557 0.80301 1.49798
91 39.25366 -0.2 1.00896 0.75725 0.80525 1.49231
91 40.24601 -0.2 1.00833 0.75045 0.80751 1.48
91 41.26345 -0.2 1.00771 0.7451 0.80981 1.47241
91 42.30661 -0.2 1.00712 0.74028 0.81213 1.46885
91 43.37615 -0.2 1.00657 0.73509 0.81448 1.45963
91 44.47272 -0.2 1.00602 0.73124 0.81684 1.45723
91 45.59702 -0.2 1.0055 0.72617 0.81924 1.45098
91 46.74974 -0.2 1.00499 0.72414 0.82169 1.44415
91 47.93159 -0.2 1.00452 0.72509 0.82412 1.43687
91 49.14333 -0.2 1.00408 0.72603 0.82659 1.43165
91 50.3857 -0.2 1.00367 0.73208 0.82905 1.42369
91 51.65948 -0.2 1.00327 0.7415 0.83155 1.41775
91 52.96546 -0.2 1.0029 0.76061 0.83406 1.41068
91 54.30446 -0.2 1.00256 0.78983 0.83656 1.4043
91 55.67731 -0.2 1.00226 0.8339 0.83906 1.39963
91 57.08486 -0.2 1.00196 0.89831 0.84158 1.39399
91 58.528 -0.2 1.0017 0.98644 0.84407 1.38824
91 60.00762 -0.2 1.00144 1.10508 0.84658 1.3824
91 61.52464 -0.2 1.00123 1.25763 0.84908 1.37805
91 63.08002 -0.2 1.00105 1.45085 0.85154 1.373
91 64.67472 -0.2 1.00087 1.68136 0.85401 1.36791
91 66.30973 -0.2 1.00071 1.94746 0.85646 1.36232
91 67.98608 -0.2 1.00058 2.24068 0.85889 1.35804
91 69.7048 -0.2 1.00047 2.55254 0.8613 1.35372
91 71.46698 -0.2 1.00039 2.86441 0.86368 1.34897
91 73.2737 -0.2 1.00032 3.15763 0.86602 1.34389
91 75.1261 -0.2 1.00026 3.41186 0.86834 1.33994
91 77.02533 -0.2 1.00021 3.60847 0.87064 1.33699
91 78.97258 -0.2 1.00021 3.7322 0.87287 1.3327
91 80.96905 -0.2 1.00021 3.77119 0.87509 1.32908
91 83.01599 -0.2 1.00022 3.74915 0.87728 1.32548
91 85.11468 -0.2 1.00024 3.68814 0.87941 1.32247
91 87.26643 -0.2 1.00028 3.59153 0.88149 1.3184
91 89.47257 -0.2 1.00035 3.46102 0.88355 1.31696
91 91.73449 -0.2 1.00041 3.30169 0.88556 1.31347
91 94.05359 -0.2 1.00049 3.12034 0.88752 1.31073
91 96.43131 -0.2 1.00057 2.92203 0.88943 1.30868
91 98.86915 -0.2 1.00068 2.71525 0.89129 1.30639
91 101.36862 -0.2 1.00078 2.50339 0.8931 1.3047
91 103.93127 -0.2 1.00089 2.29153 0.89488 1.30277
91 106.55872 -0.2 1.00101 2.08814 0.8966 1.30157
91 109.25258 -0.2 1.00114 1.89492 0.89828 1.29994
91 112.01454 -0.2 1.00126 1.71525 0.89989 1.29897
91 114.84633 -0.2 1.0014 1.55254 0.90147 1.29792
91 117.74971 -0.2 1.00155 1.40678 0.90299 1.29779
91 120.72649 -0.2 1.0017 1.27797 0.90447 1.29703
91 123.77853 -0.2 1.00185 1.1678 0.90589 1.29713
91 126.90772 -0.2 1.002 1.07288 0.90728 1.29663
91 130.11601 -0.2 1.00216 0.99492 0.90861 1.29705
91 133.40542 -0.2 1.00231 0.93051 0.90989 1.29731
91 136.77798 -0.2 1.00247 0.87797 0.91114 1.29797
91 140.23581 -0.2 1.00263 0.83729 0.91233 1.29899
91 143.78105 -0.2 1.00279 0.80508 0.91349 1.29984
91 147.41591 -0.2 1.00295 0.77966 0.9146 1.30152
91 151.14267 -0.2 1.00312 0.75932 0.91567 1.30263
91 154.96364 -0.2 1.00327 0.74576 0.9167 1.30414
91 158.8812 -0.2 1.00343 0.73559 0.91769 1.30594
91 162.89781 -0.2 1.00359 0.72712 0.91863 1.30798
91 167.01596 -0.2 1.00375 0.72203 0.91954 1.31003
91 171.23821 -0.2 1.0039 0.71695 0.92042 1.31199
91 175.56721 -0.2 1.00405 0.71525 0.92125 1.3147
91 180.00565 -0.2 1.0042 0.71356 0.92205 1.31688
91 184.55629 -0.2 1.00435 0.71186 0.92283 1.31977
91 189.22198 -0.2 1.00451 0.71017 0.92356 1.32264
91 194.00561 -0.2 1.00466 0.71017 0.92427 1.32549
91 198.91018 -0.2 1.00479 0.71017 0.92495 1.32833
91 203.93874 -0.2 1.00492 0.71017 0.92559 1.33144
91 209.09443 -0.2 1.00506 0.71017 0.92622 1.33463
91 214.38045 -0.2 1.00521 0.71017 0.9268 1.33808
91 219.80011 -0.2 1.00534 0.70847 0.92737 1.34123
91 225.35678 -0.2 1.00546 0.70847 0.9279 1.34474
91 231.05392 -0.2 1.00559 0.70847 0.92842 1.34796
91 236.8951 -0.2 1.00572 0.70847 0.92892 1.35153
91 242.88394 -0.2 1.00583 0.70847 0.92938 1.35509
91 249.02418 -0.2 1.00595 0.70847 0.92984 1.35874
91 255.31965 -0.2 1.00607 0.70847 0.93027 1.36213
91 261.77427 -0.2 1.00617 0.70847 0.93067 1.36562
91 268.39207 -0.2 1.00629 0.70847 0.93106 1.36911
91 275.17717 -0.2 1.00638 0.70847 0.93142 1.3727
91 282.1338 -0.2 1.00649 0.70847 0.93178 1.37639
91 289.2663 -0.2 1.0066 0.70847 0.93212 1.37986
91 296.57912 -0.2 1.00668 0.70847 0.93245 1.38312
91 304.0768 -0.2 1.00678 0.70847 0.93275 1.38649
91 311.76403 -0.2 1.00687 0.70847 0.93303 1.38998
91 319.6456 -0.2 1.00696 0.70847 0.93332 1.39349
91 327.72642 -0.2 1.00705 0.70847 0.93358 1.39659
91 336.01153 -0.2 1.00713 0.70847 0.93383 1.40004
91 344.50609 -0.2 1.00721 0.70847 0.93407 1.4034
91 353.21539 -0.2 1.00728 0.70847 0.9343 1.40649
91 362.14487 -0.2 1.00736 0.70847 0.93452 1.4095
91 371.3001 -0.2 1.00744 0.70847 0.93472 1.41255
91 380.68677 -0.2 1.0075 0.70847 0.93492 1.41575
91 390.31075 -0.2 1.00758 0.70847 0.9351 1.41849
91 400.17802 -0.2 1.00764 0.70847 0.93528 1.42137
91 410.29474 -0.2 1.0077 0.70847 0.93544 1.42431
91 420.66722 -0.2 1.00777 0.70847 0.93561 1.4271
91 431.30192 -0.2 1.00783 0.70847 0.93575 1.42974
91 442.20548 -0.2 1.00789 0.70847 0.93591 1.43224
91 453.38468 -0.2 1.00794 0.70847 0.93604 1.43481
91 464.84649 -0.2 1.00799 0.70847 0.93617 1.43724
91 476.59807 -0.2 1.00805 0.70847 0.9363 1.43974
91 488.64674 -0.2 1.00809 0.70847 0.93642 1.44211
91 501 -0.2 1.00815 0.70847 0.93653 1.44426
91 8.14308 0.2 1.07306 4.999 0.73266 2.03601
91 8.34894 0.2 1.07222 4.75427 0.73316 2.02587
91 8.56001 0.2 1.07086 4.52447 0.73375 2.01576
91 8.77641 0.2 1.06948 4.30859 0.73413 2.00572
91 8.99828 0.2 1.06886 4.09804 0.73469 1.99574
91 9.22576 0.2 1.0674 3.90654 0.73506 1.98578
91 9.45899 0.2 1.06627 3.73214 0.73569 1.97589
91 9.69812 0.2 1.0651 3.57265 0.73612 1.96603
91 9.9433 0.2 1.0639 3.39837 0.73678 1.95623
91 10.19467 0.2 1.06267 3.26563 0.73733 1.94647
91 10.4524 0.2 1.06171 3.1194 0.73785 1.93676
91 10.71664 0.2 1.06071 2.98571 0.73836 1.9271
91 10.98756 0.2 1.05966 2.86301 0.7391 1.91748
91 11.26533 0.2 1.05859 2.73203 0.73979 1.90793
91 11.55013 0.2 1.05749 2.62893 0.74033 1.8984
91 11.84212 0.2 1.05614 2.51807 0.74089 1.88892
91 12.1415 0.2 1.05502 2.41618 0.74153 1.8795
91 12.44844 0.2 1.05409 2.32222 0.74222 1.87012
91 12.76314 0.2 1.05294 2.23529 0.74282 1.86078
91 13.0858 0.2 1.05178 2.15464 0.74366 1.85149
91 13.41662 0.2 1.05063 2.06931 0.74443 1.84224
91 13.7558 0.2 1.04948 2 0.74515 1.83305
91 14.10355 0.2 1.04832 1.92627 0.74597 1.8239
91 14.4601 0.2 1.04719 1.85778 0.74676 1.81479
91 14.82566 0.2 1.04621 1.79399 0.74753 1.80573
91 15.20046 0.2 1.04509 1.73444 0.74844 1.79671
91 15.58473 0.2 1.04384 1.67871 0.74934 1.78775
91 15.97872 0.2 1.04275 1.62016 0.75013 1.77882
91 16.38268 0.2 1.0418 1.57143 0.75106 1.76994
91 16.79684 0.2 1.04063 1.52 0.75202 1.7611
91 17.22147 0.2 1.0396 1.47183 0.75301 1.75231
91 17.65684 0.2 1.03847 1.42662 0.75393 1.74357
91 18.10322 0.2 1.03748 1.3887 0.75499 1.73487
91 18.56088 0.2 1.03632 1.34839 0.756 1.72622
91 19.0301 0.2 1.03519 1.31034 0.75714 1.71761
91 19.5112 0.2 1.03419 1.27439 0.75822 1.70904
91 20.00445 0.2 1.03314 1.23669 0.75937 1.70834
91 20.51017 0.2 1.03204 1.20461 0.76056 1.69557
91 21.02868 0.2 1.03106 1.17416 0.76177 1.67928
91 21.5603 0.2 1.02996 1.14521 0.76311 1.67409
91 22.10536 0.2 1.02899 1.11765 0.76435 1.66467
91 22.66419 0.2 1.02791 1.09138 0.76567 1.66421
91 23.23715 0.2 1.02694 1.06633 0.76703 1.64705
91 23.8246 0.2 1.02596 1.04239 0.76847 1.6384
91 24.4269 0.2 1.02496 1.01951 0.76987 1.6368
91 25.04443 0.2 1.02394 0.99761 0.7714 1.63075
91 25.67756 0.2 1.02298 0.97664 0.77288 1.61538
91 26.32671 0.2 1.02201 0.95652 0.77446 1.6
91 26.99226 0.2 1.02104 0.93933 0.77609 1.59483
91 27.67464 0.2 1.02012 0.9207 0.7777 1.59836
91 28.37427 0.2 1.01924 0.90476 0.77943 1.58915
91 29.09159 0.2 1.01833 0.88936 0.78117 1.58088
91 29.82704 0.2 1.01746 0.87448 0.78292 1.56944
91 30.58108 0.2 1.01659 0.86008 0.78474 1.56579
91 31.35419 0.2 1.0157 0.84615 0.78663 1.5625
91 32.14684 0.2 1.01489 0.83433 0.78853 1.5503
91 32.95953 0.2 1.01409 0.82283 0.79048 1.53631
91 33.79277 0.2 1.0133 0.81165 0.79249 1.5291
91 34.64707 0.2 1.01251 0.80077 0.79448 1.52764
91 35.52297 0.2 1.01178 0.79017 0.79657 1.51905
91 36.42101 0.2 1.01102 0.78131 0.79869 1.50901
91 37.34175 0.2 1.01033 0.77264 0.80082 1.50427
91 38.28577 0.2 1.00965 0.76557 0.80301 1.49798
91 39.25366 0.2 1.00896 0.75725 0.80525 1.49231
91 40.24601 0.2 1.00833 0.75045 0.80751 1.48
91 41.26345 0.2 1.00771 0.7451 0.80981 1.47241
91 42.30661 0.2 1.00712 0.74028 0.81213 1.46885
91 43.37615 0.2 1.00657 0.73509 0.81448 1.45963
91 44.47272 0.2 1.00602 0.73124 0.81684 1.45723
91 45.59702 0.2 1.0055 0.72617 0.81924 1.45098
91 46.74974 0.2 1.00499 0.72414 0.82169 1.44415
91 47.93159 0.2 1.00452 0.72509 0.82412 1.43687
91 49.14333 0.2 1.00408 0.72603 0.82659 1.43165
91 50.3857 0.2 1.00367 0.73208 0.82905 1.42369
91 51.65948 0.2 1.00327 0.7415 0.83155 1.41775
91 52.96546 0.2 1.0029 0.76061 0.83406 1.41068
91 54.30446 0.2 1.00256 0.78983 0.83656 1.4043
91 55.67731 0.2 1.00226 0.8339 0.83906 1.39963
91 57.08486 0.2 1.00196 0.89831 0.84158 1.39399
91 58.528 0.2 1.0017 0.98644 0.84407 1.38824
91 60.00762 0.2 1.00144 1.10508 0.84658 1.3824
91 61.52464 0.2 1.00123 1.25763 0.84908 1.37805
91 63.08002 0.2 1.00105 1.45085 0.85154 1.373
91 64.67472 0.2 1.00087 1.68136 0.85401 1.36791
91 66.30973 0.2 1.00071 1.94746 0.85646 1.36232
91 67.98608 0.2 1.00058 2.24068 0.85889 1.35804
91 69.7048 0.2 1.00047 2.55254 0.8613 1.35372
91 71.46698 0.2 1.00039 2.86441 0.86368 1.34897
91 73.2737 0.2 1.00032 3.15763 0.86602 1.34389
91 75.1261 0.2 1.00026 3.41186 0.86834 1.33994
91 77.02533 0.2 1.00021 3.60847 0.87064 1.33699
91 78.97258 0.2 1.00021 3.7322 0.87287 1.3327
91 80.96905 0.2 1.00021 3.77119 0.87509 1.32908
91 83.01599 0.2 1.00022 3.74915 0.87728 1.32548
91 85.11468 0.2 1.00024 3.68814 0.87941 1.32247
91 87.26643 0.2 1.00028 3.59153 0.88149 1.3184
91 89.47257 0.2 1.00035 3.46102 0.88355 1.31696
91 91.73449 0.2 1.00041 3.30169 0.88556 1.31347
91 94.05359 0.2 1.00049 3.12034 0.88752 1.31073
91 96.43131 0.2 1.00057 2.92203 0.88943 1.30868
91 98.86915 0.2 1.00068 2.71525 0.89129 1.30639
91 101.36862 0.2 1.00078 2.50339 0.8931 1.3047
91 103.93127 0.2 1.00089 2.29153 0.89488 1.30277
91 106.55872 0.2 1.00101 2.08814 0.8966 1.30157
91 109.25258 0.2 1.00114 1.89492 0.89828 1.29994
91 112.01454 0.2 1.00126 1.71525 0.89989 1.29897
91 114.84633 0.2 1.0014 1.55254 0.90147 1.29792
91 117.74971 0.2 1.00155 1.40678 0.90299 1.29779
91 120.72649 0.2 1.0017 1.27797 0.90447 1.29703
91 123.77853 0.2 1.00185 1.1678 0.90589 1.29713
91 126.90772 0.2 1.002 1.07288 0.90728 1.29663
91 130.11601 0.2 1.00216 0.99492 0.90861 1.29705
91 133.40542 0.2 1.00231 0.93051 0.90989 1.29731
91 136.77798 0.2 1.00247 0.87797 0.91114 1.29797
91 140.23581 0.2 1.00263 0.83729 0.91233 1.29899
91 143.78105 0.2 1.00279 0.80508 0.91349 1.29984
91 147.41591 0.2 1.00295 0.77966 0.9146 1.30152
91 151.14267 0.2 1.00312 0.75932 0.91567 1.30263
91 154.96364 0.2 1.00327 0.74576 0.9167 1.30414
91 158.8812 0.2 1.00343 0.73559 0.91769 1.30594
91 162.89781 0.2 1.00359 0.72712 0.91863 1.30798
91 167.01596 0.2 1.00375 0.72203 0.91954 1.31003
91 171.23821 0.2 1.0039 0.71695 0.92042 1.31199
91 175.56721 0.2 1.00405 0.71525 0.92125 1.3147
91 180.00565 0.2 1.0042 0.71356 0.92205 1.31688
91 184.55629 0.2 1.00435 0.71186 0.92283 1.31977
91 189.22198 0.2 1.00451 0.71017 0.92356 1.32264
91 194.00561 0.2 1.00466 0.71017 0.92427 1.32549
91 198.91018 0.2 1.00479 0.71017 0.92495 1.32833
91 203.93874 0.2 1.00492 0.71017 0.92559 1.33144
91 209.09443 0.2 1.00506 0.71017 0.92622 1.33463
91 214.38045 0.2 1.00521 0.71017 0.9268 1.33808
91 219.80011 0.2 1.00534 0.70847 0.92737 1.34123
91 225.35678 0.2 1.00546 0.70847 0.9279 1.34474
91 231.05392 0.2 1.00559 0.70847 0.92842 1.34796
91 236.8951 0.2 1.00572 0.70847 0.92892 1.35153
91 242.88394 0.2 1.00583 0.70847 0.92938 1.35509
91 249.02418 0.2 1.00595 0.70847 0.92984 1.35874
91 255.31965 0.2 1.00607 0.70847 0.93027 1.36213
91 261.77427 0.2 1.00617 0.70847 0.93067 1.36562
91 268.39207 0.2 1.00629 0.70847 0.93106 1.36911
91 275.17717 0.2 1.00638 0.70847 0.93142 1.3727
91 282.1338 0.2 1.00649 0.70847 0.93178 1.37639
91 289.2663 0.2 1.0066 0.70847 0.93212 1.37986
91 296.57912 0.2 1.00668 0.70847 0.93245 1.38312
91 304.0768 0.2 1.00678 0.70847 0.93275 1.38649
91 311.76403 0.2 1.00687 0.70847 0.93303 1.38998
91 319.6456 0.2 1.00696 0.70847 0.93332 1.39349
91 327.72642 0.2 1.00705 0.70847 0.93358 1.39659
91 336.01153 0.2 1.00713 0.70847 0.93383 1.40004
91 344.50609 0.2 1.00721 0.70847 0.93407 1.4034
91 353.21539 0.2 1.00728 0.70847 0.9343 1.40649
91 362.14487 0.2 1.00736 0.70847 0.93452 1.4095
91 371.3001 0.2 1.00744 0.70847 0.93472 1.41255
91 380.68677 0.2 1.0075 0.70847 0.93492 1.41575
91 390.31075 0.2 1.00758 0.70847 0.9351 1.41849
91 400.17802 0.2 1.00764 0.70847 0.93528 1.42137
91 410.29474 0.2 1.0077 0.70847 0.93544 1.42431
91 420.66722 0.2 1.00777 0.70847 0.93561 1.4271
91 431.30192 0.2 1.00783 0.70847 0.93575 1.42974
91 442.20548 0.2 1.00789 0.70847 0.93591 1.43224
91 453.38468 0.2 1.00794 0.70847 0.93604 1.43481
91 464.84649 0.2 1.00799 0.70847 0.93617 1.43724
91 476.59807 0.2 1.00805 0.70847 0.9363 1.43974
91 488.64674 0.2 1.00809 0.70847 0.93642 1.44211
91 501 0.2 1.00815 0.70847 0.93653 1.44426
91 8.14308 0.6 1.05055 0.2694 0.69739 5.54623
91 8.34894 0.6 1.04902 0.29299 0.69858 5.44133
91 8.56001 0.6 1.04794 0.31928 0.69958 5.33846
91 8.77641 0.6 1.04645 0.34402 0.7004 5.23747
91 8.99828 0.6 1.04499 0.37394 0.70172 5.13843
91 9.22576 0.6 1.04395 0.40274 0.70284 5.04125
91 9.45899 0.6 1.04255 0.43351 0.70388 4.94588
91 9.69812 0.6 1.04119 0.46649 0.70485 4.85231
91 9.9433 0.6 1.03955 0.49875 0.70597 4.76053
91 10.19467 0.6 1.03828 0.53511 0.7071 4.67045
91 10.4524 0.6 1.03705 0.57143 0.70842 4.56293
91 10.71664 0.6 1.03585 0.60909 0.70951 4.5138
91 10.98756 0.6 1.03442 0.64978 0.71077 4.41628
91 11.26533 0.6 1.0333 0.69017 0.71189 4.31538
91 11.55013 0.6 1.03198 0.73237 0.71321 4.24693
91 11.84212 0.6 1.03049 0.77465 0.71438 4.17249
91 12.1415 0.6 1.02928 0.81871 0.71563 4.09294
91 12.44844 0.6 1.02813 0.86364 0.71693 4.00913
91 12.76314 0.6 1.02682 0.90993 0.71828 3.92178
91 13.0858 0.6 1.0254 0.95544 0.71957 3.85781
91 13.41662 0.6 1.02423 1.00347 0.72094 3.78864
91 13.7558 0.6 1.02295 1.05042 0.72224 3.71505
91 14.10355 0.6 1.02174 1.09804 0.72368 3.63777
91 14.4601 0.6 1.0206 1.14603 0.72505 3.57827
91 14.82566 0.6 1.01922 1.19444 0.72656 3.51399
91 15.20046 0.6 1.01807 1.24138 0.72791 3.44566
91 15.58473 0.6 1.01686 1.29009 0.72951 3.37395
91 15.97872 0.6 1.01585 1.33759 0.73098 3.31598
91 16.38268 0.6 1.01465 1.38345 0.73257 3.25394
91 16.79684 0.6 1.01342 1.42819 0.73416 3.18846
91 17.22147 0.6 1.01227 1.47128 0.73578 3.13402
91 17.65684 0.6 1.0112 1.51461 0.7375 3.07572
91 18.10322 0.6 1.0101 1.55569 0.73914 3.01418
91 18.56088 0.6 1.00898 1.5971 0.7409 2.94997
91 19.0301 0.6 1.00804 1.63455 0.74259 2.89459
91 19.5112 0.6 1.00698 1.67125 0.74437 2.84664
91 20.00445 0.6 1.00592 1.70424 0.74618 2.79412
91 20.51017 0.6 1.00486 1.73558 0.74806 2.74074
91 21.02868 0.6 1.00388 1.76539 0.74996 2.69298
91 21.5603 0.6 1.00297 1.79275 0.75187 2.64463
91 22.10536 0.6 1.00206 1.81699 0.75385 2.59375
91 22.66419 0.6 1.00109 1.8381 0.75583 2.53676
91 23.23715 0.6 1.00026 1.85728 0.75791 2.49306
91 23.8246 0.6 0.99937 1.87194 0.76005 2.45395
91 24.4269 0.6 0.9985 1.88316 0.76217 2.40373
91 25.04443 0.6 0.99775 1.89299 0.76436 2.35088
91 25.67756 0.6 0.99695 1.89886 0.76658 2.30939
91 26.32671 0.6 0.99623 1.90275 0.76886 2.26042
91 26.99226 0.6 0.99545 1.90236 0.77117 2.22167
91 27.67464 0.6 0.9948 1.90025 0.77353 2.1814
91 28.37427 0.6 0.9941 1.89346 0.77587 2.14537
91 29.09159 0.6 0.99351 1.88379 0.77831 2.10833
91 29.82704 0.6 0.99292 1.87142 0.78084 2.07087
91 30.58108 0.6 0.99239 1.85432 0.78335 2.02974
91 31.35419 0.6 0.99186 1.83631 0.78592 1.98947
91 32.14684 0.6 0.99137 1.81533 0.78853 1.95681
91 32.95953 0.6 0.99093 1.79026 0.7912 1.92453
91 33.79277 0.6 0.99052 1.76388 0.79389 1.88427
91 34.64707 0.6 0.99015 1.73448 0.79662 1.85393
91 35.52297 0.6 0.98982 1.70393 0.79939 1.82181
91 36.42101 0.6 0.98954 1.67332 0.80221 1.78643
91 37.34175 0.6 0.98929 1.64421 0.80506 1.75714
91 38.28577 0.6 0.98906 1.6144 0.80795 1.72748
91 39.25366 0.6 0.98891 1.5866 0.81084 1.69723
91 40.24601 0.6 0.98875 1.5597 0.81378 1.66869
91 41.26345 0.6 0.98868 1.53305 0.81675 1.63862
91 42.30661 0.6 0.9886 1.50723 0.81972 1.61232
91 43.37615 0.6 0.9886 1.48249 0.82272 1.58319
91 44.47272 0.6 0.98863 1.45763 0.82573 1.55772
91 45.59702 0.6 0.98872 1.43433 0.82878 1.53159
91 46.74974 0.6 0.9888 1.41113 0.83183 1.50731
91 47.93159 0.6 0.98894 1.38858 0.83491 1.48061
91 49.14333 0.6 0.98913 1.36685 0.83798 1.45729
91 50.3857 0.6 0.98935 1.34569 0.84105 1.43571
91 51.65948 0.6 0.98958 1.32454 0.84413 1.41351
91 52.96546 0.6 0.98989 1.30463 0.8472 1.39145
91 54.30446 0.6 0.9902 1.28519 0.85026 1.36966
91 55.67731 0.6 0.99056 1.2657 0.85331 1.34924
91 57.08486 0.6 0.99093 1.24679 0.85634 1.33012
91 58.528 0.6 0.99133 1.22882 0.85936 1.31129
91 60.00762 0.6 0.99178 1.21135 0.86237 1.29283
91 61.52464 0.6 0.99225 1.19433 0.86534 1.27537
91 63.08002 0.6 0.99275 1.17708 0.86827 1.25832
91 64.67472 0.6 0.99326 1.16131 0.8712 1.24151
91 66.30973 0.6 0.99381 1.14534 0.87407 1.22518
91 67.98608 0.6 0.99438 1.12967 0.87692 1.21002
91 69.7048 0.6 0.99496 1.1148 0.87972 1.19581
91 71.46698 0.6 0.99557 1.10024 0.88246 1.18199
91 73.2737 0.6 0.99617 1.0859 0.88518 1.16846
91 75.1261 0.6 0.99679 1.07229 0.88785 1.15591
91 77.02533 0.6 0.99744 1.0589 0.89046 1.14309
91 78.97258 0.6 0.9981 1.0457 0.89302 1.13173
91 80.96905 0.6 0.99878 1.0327 0.89552 1.12118
91 83.01599 0.6 0.99946 1.02077 0.89797 1.11084
91 85.11468 0.6 1.00013 1.00853 0.90036 1.10124
91 87.26643 0.6 1.00082 0.99643 0.90269 1.09276
91 89.47257 0.6 1.00151 0.98534 0.90497 1.08443
91 91.73449 0.6 1.00221 0.97435 0.90718 1.07623
91 94.05359 0.6 1.00291 0.96344 0.90933 1.06941
91 96.43131 0.6 1.00361 0.95305 0.91143 1.06264
91 98.86915 0.6 1.00431 0.94272 0.91344 1.05709
91 101.36862 0.6 1.005 0.93287 0.91542 1.05152
91 103.93127 0.6 1.00571 0.92304 0.91732 1.04701
91 106.55872 0.6 1.00637 0.9137 0.91916 1.04278
91 109.25258 0.6 1.00707 0.90476 0.92094 1.03913
91 112.01454 0.6 1.00774 0.89585 0.92266 1.03663
91 114.84633 0.6 1.00841 0.88735 0.92431 1.03428
91 117.74971 0.6 1.00908 0.87883 0.92592 1.03264
91 120.72649 0.6 1.00972 0.87069 0.92745 1.03137
91 123.77853 0.6 1.01038 0.86256 0.92893 1.03099
91 126.90772 0.6 1.011 0.85554 0.93035 1.03088
91 130.11601 0.6 1.01162 0.84961 0.93172 1.03181
91 133.40542 0.6 1.01224 0.84475 0.93304 1.03293
91 136.77798 0.6 1.01284 0.84052 0.9343 1.03447
91 140.23581 0.6 1.01342 0.83699 0.93551 1.03665
91 143.78105 0.6 1.01401 0.83488 0.93668 1.03965
91 147.41591 0.6 1.01458 0.83348 0.93778 1.04296
91 151.14267 0.6 1.01512 0.83356 0.93885 1.04679
91 154.96364 0.6 1.01567 0.83394 0.93986 1.05109
91 158.8812 0.6 1.01619 0.83556 0.94083 1.05607
91 162.89781 0.6 1.01671 0.83793 0.94176 1.06148
91 167.01596 0.6 1.01721 0.84163 0.94265 1.06728
91 171.23821 0.6 1.0177 0.84619 0.9435 1.07348
91 175.56721 0.6 1.01817 0.85132 0.9443 1.08026
91 180.00565 0.6 1.01864 0.85793 0.94506 1.08759
91 184.55629 0.6 1.01909 0.86524 0.94581 1.09507
91 189.22198 0.6 1.01953 0.87376 0.9465 1.10327
91 194.00561 0.6 1.01996 0.88361 0.94717 1.11159
91 198.91018 0.6 1.02037 0.89387 0.9478 1.12046
91 203.93874 0.6 1.02077 0.90572 0.9484 1.12961
91 209.09443 0.6 1.02117 0.91873 0.94897 1.1391
91 214.38045 0.6 1.02154 0.93242 0.94953 1.14909
91 219.80011 0.6 1.02191 0.94811 0.95004 1.15938
91 225.35678 0.6 1.02227 0.96537 0.95053 1.16981
91 231.05392 0.6 1.02261 0.98309 0.951 1.18057
91 236.8951 0.6 1.02293 1.00269 0.95145 1.19184
91 242.88394 0.6 1.02326 1.02364 0.95186 1.20291
91 249.02418 0.6 1.02357 1.04611 0.95227 1.21448
91 255.31965 0.6 1.02388 1.06951 0.95265 1.22625
91 261.77427 0.6 1.02416 1.0955 0.953 1.23835
91 268.39207 0.6 1.02444 1.12359 0.95334 1.25031
91 275.17717 0.6 1.02471 1.15307 0.95366 1.26261
91 282.1338 0.6 1.02497 1.18405 0.95396 1.27515
91 289.2663 0.6 1.02523 1.21683 0.95426 1.28773
91 296.57912 0.6 1.02547 1.25239 0.95454 1.30018
91 304.0768 0.6 1.02571 1.291 0.95479 1.31304
91 311.76403 0.6 1.02593 1.33089 0.95503 1.32598
91 319.6456 0.6 1.02615 1.37322 0.95527 1.33886
91 327.72642 0.6 1.02636 1.4182 0.9555 1.35164
91 336.01153 0.6 1.02656 1.46731 0.9557 1.36453
91 344.50609 0.6 1.02676 1.51654 0.9559 1.37753
91 353.21539 0.6 1.02695 1.57239 0.95609 1.39052
91 362.14487 0.6 1.02712 1.62994 0.95627 1.40344
91 371.3001 0.6 1.02729 1.6875 0.95642 1.41636
91 380.68677 0.6 1.02746 1.75314 0.95659 1.42908
91 390.31075 0.6 1.02763 1.81924 0.95673 1.44197
91 400.17802 0.6 1.02778 1.89123 0.95687 1.45469
91 410.29474 0.6 1.02793 1.96475 0.957 1.46723
91 420.66722 0.6 1.02807 2.04519 0.95713 1.47983
91 431.30192 0.6 1.0282 2.12917 0.95725 1.49226
91 442.20548 0.6 1.02834 2.21634 0.95736 1.50456
91 453.38468 0.6 1.02847 2.30913 0.95746 1.51671
91 464.84649 0.6 1.0286 2.40199 0.95756 1.52873
91 476.59807 0.6 1.02871 2.5 0.95766 1.54062
91 488.64674 0.6 1.02882 2.60615 0.95776 1.55204
91 501 0.6 1.02893 2.71513 0.95784 1.56369
91 8.14308 1 1.13434 1.80612 0.78822 1.19925
91 8.34894 1 1.13192 1.78514 0.78762 1.19541
91 8.56001 1 1.12988 1.76331 0.78744 1.19159
91 8.77641 1 1.12776 1.74225 0.78706 1.18778
91 8.99828 1 1.12592 1.72053 0.78705 1.18399
91 9.22576 1 1.12361 1.69963 0.78648 1.18021
91 9.45899 1 1.12196 1.67824 0.78642 1.17644
91 9.69812 1 1.11984 1.65832 0.7862 1.17268
91 9.9433 1 1.11765 1.63923 0.78551 1.16894
91 10.19467 1 1.11541 1.61986 0.78558 1.16521
91 10.4524 1 1.11311 1.60033 0.78534 1.1615
91 10.71664 1 1.11108 1.58333 0.78498 1.1578
91 10.98756 1 1.10927 1.56529 0.78485 1.15411
91 11.26533 1 1.10712 1.54969 0.78471 1.15043
91 11.55013 1 1.10495 1.53555 0.78452 1.14677
91 11.84212 1 1.10298 1.52135 0.78438 1.14313
91 12.1415 1 1.10076 1.5086 0.78428 1.13949
91 12.44844 1 1.09853 1.49721 0.78419 1.13587
91 12.76314 1 1.09651 1.48579 0.78417 1.13227
91 13.0858 1 1.09447 1.477 0.78404 1.12862
91 13.41662 1 1.09241 1.46811 0.78385 1.12929
91 13.7558 1 1.09036 1.46163 0.78391 1.11718
91 14.10355 1 1.08833 1.45618 0.78407 1.11765
91 14.4601 1 1.08612 1.45285 0.78402 1.1215
91 14.82566 1 1.08411 1.45034 0.7841 1.10619
91 15.20046 1 1.08212 1.44699 0.78417 1.11017
91 15.58473 1 1.08001 1.44809 0.78438 1.10484
91 15.97872 1 1.07793 1.44718 0.78447 1.1
91 16.38268 1 1.07602 1.44886 0.78458 1.09489
91 16.79684 1 1.0739 1.44957 0.78482 1.0979
91 17.22147 1 1.07194 1.45209 0.78512 1.09333
91 17.65684 1 1.06992 1.45545 0.78544 1.08228
91 18.10322 1 1.06795 1.45906 0.78571 1.07831
91 18.56088 1 1.06583 1.4629 0.78613 1.08046
91 19.0301 1 1.06388 1.46656 0.78642 1.07692
91 19.5112 1 1.0619 1.47235 0.78694 1.0733
91 20.00445 1 1.05999 1.47706 0.78735 1.075
91 20.51017 1 1.05797 1.48113 0.78784 1.06667
91 21.02868 1 1.05604 1.48602 0.78844 1.06335
91 21.5603 1 1.0541 1.48994 0.7891 1.06061
91 22.10536 1 1.0521 1.49328 0.78968 1.0535
91 22.66419 1 1.05025 1.49772 0.79037 1.05098
91 23.23715 1 1.04835 1.5 0.79117 1.04869
91 23.8246 1 1.04642 1.50245 0.79202 1.04643
91 24.4269 1 1.04463 1.50386 0.79285 1.04082
91 25.04443 1 1.04282 1.50518 0.79376 1.03896
91 25.67756 1 1.04092 1.50475 0.79471 1.03715
91 26.32671 1 1.03917 1.50298 0.79578 1.0355
91 26.99226 1 1.03736 1.50079 0.79686 1.03099
91 27.67464 1 1.0356 1.49795 0.79799 1.02957
91 28.37427 1 1.03388 1.49303 0.79918 1.02564
91 29.09159 1 1.03212 1.48789 0.80044 1.022
91 29.82704 1 1.03046 1.48091 0.80177 1.01865
91 30.58108 1 1.02881 1.47269 0.80313 1.01782
91 31.35419 1 1.02721 1.46377 0.8046 1.01274
91 32.14684 1 1.02562 1.45336 0.8061 1.01217
91 32.95953 1 1.02401 1.44114 0.80771 1.00774
91 33.79277 1 1.02249 1.42845 0.80935 1.00369
91 34.64707 1 1.02099 1.41434 0.81102 1.00353
91 35.52297 1 1.01951 1.39873 0.81282 0.99832
91 36.42101 1 1.01809 1.38206 0.81465 0.99679
91 37.34175 1 1.01672 1.3646 0.81655 0.99387
91 38.28577 1 1.01533 1.3458 0.81851 0.99122
91 39.25366 1 1.01403 1.32632 0.82054 0.98881
91 40.24601 1 1.01274 1.30515 0.82258 0.98665
91 41.26345 1 1.0115 1.28362 0.82474 0.98342
91 42.30661 1 1.01031 1.2612 0.82695 0.98051
91 43.37615 1 1.00916 1.23834 0.82922 0.97905
91 44.47272 1 1.00807 1.21636 0.8315 0.97664
91 45.59702 1 1.007 1.19585 0.83388 0.97343
91 46.74974 1 1.00598 1.17613 0.8363 0.97056
91 47.93159 1 1.005 1.15771 0.83876 0.96893
91 49.14333 1 1.00404 1.13989 0.84126 0.96657
91 50.3857 1 1.00316 1.12298 0.84383 0.96451
91 51.65948 1 1.0023 1.10716 0.84643 0.96265
91 52.96546 1 1.00151 1.09215 0.84905 0.96019
91 54.30446 1 1.00074 1.07812 0.85172 0.95804
91 55.67731 1 1.00004 1.06475 0.85443 0.95613
91 57.08486 1 0.99936 1.05228 0.85715 0.95445
91 58.528 1 0.99872 1.04039 0.85989 0.95232
91 60.00762 1 0.99816 1.02959 0.86268 0.95042
91 61.52464 1 0.9976 1.01956 0.86547 0.94938
91 63.08002 1 0.99709 1.00998 0.86827 0.94734
91 64.67472 1 0.99665 1.0011 0.87107 0.94607
91 66.30973 1 0.99622 0.99343 0.87389 0.94393
91 67.98608 1 0.99584 0.98585 0.87671 0.94307
91 69.7048 1 0.99549 0.97915 0.87952 0.94135
91 71.46698 1 0.99517 0.9733 0.88234 0.93989
91 73.2737 1 0.9949 0.96801 0.88513 0.9386
91 75.1261 1 0.99466 0.96327 0.88792 0.9375
91 77.02533 1 0.99446 0.95906 0.89068 0.93656
91 78.97258 1 0.99429 0.95563 0.89344 0.93578
91 80.96905 1 0.99414 0.95271 0.89616 0.93473
91 83.01599 1 0.99402 0.95056 0.89887 0.93422
91 85.11468 1 0.99393 0.94789 0.90153 0.93348
91 87.26643 1 0.99387 0.94547 0.90418 0.93251
91 89.47257 1 0.99384 0.94278 0.90678 0.93236
91 91.73449 1 0.99383 0.94036 0.90935 0.93197
91 94.05359 1 0.99382 0.93765 0.91187 0.93166
91 96.43131 1 0.99387 0.93521 0.91436 0.93146
91 98.86915 1 0.99391 0.93249 0.9168 0.93134
91 101.36862 1 0.99398 0.93003 0.9192 0.93128
91 103.93127 1 0.99406 0.92756 0.92154 0.93155
91 106.55872 1 0.99416 0.92508 0.92384 0.93185
91 109.25258 1 0.99428 0.92233 0.9261 0.93244
91 112.01454 1 0.99441 0.91983 0.92829 0.9328
91 114.84633 1 0.99455 0.91705 0.93043 0.93341
91 117.74971 1 0.99471 0.91426 0.93253 0.93426
91 120.72649 1 0.99486 0.91199 0.93457 0.93509
91 123.77853 1 0.99504 0.90916 0.93656 0.93612
91 126.90772 1 0.99521 0.90661 0.9385 0.93711
91 130.11601 1 0.9954 0.90401 0.94038 0.93827
91 133.40542 1 0.99559 0.90141 0.94221 0.93978
91 136.77798 1 0.99579 0.8988 0.94397 0.94122
91 140.23581 1 0.99599 0.89619 0.9457 0.94277
91 143.78105 1 0.99619 0.89353 0.94738 0.94444
91 147.41591 1 0.9964 0.89086 0.94898 0.9462
91 151.14267 1 0.99661 0.88819 0.95055 0.9482
91 154.96364 1 0.99683 0.88575 0.95206 0.95028
91 158.8812 1 0.99705 0.88277 0.95352 0.95255
91 162.89781 1 0.99727 0.88055 0.95494 0.95473
91 167.01596 1 0.99748 0.8778 0.95631 0.95724
91 171.23821 1 0.99769 0.87528 0.95762 0.95963
91 175.56721 1 0.99791 0.8725 0.95889 0.9622
91 180.00565 1 0.99812 0.86992 0.96012 0.96491
91 184.55629 1 0.99833 0.86736 0.96129 0.96777
91 189.22198 1 0.99854 0.86474 0.96244 0.97064
91 194.00561 1 0.99875 0.86212 0.96353 0.97363
91 198.91018 1 0.99896 0.85948 0.96459 0.97674
91 203.93874 1 0.99916 0.85682 0.9656 0.97985
91 209.09443 1 0.99935 0.85439 0.96657 0.98306
91 214.38045 1 0.99956 0.85166 0.96751 0.98639
91 219.80011 1 0.99975 0.8492 0.96841 0.9897
91 225.35678 1 0.99995 0.84668 0.96927 0.99322
91 231.05392 1 1.00013 0.8439 0.97011 0.99673
91 236.8951 1 1.00032 0.84135 0.9709 1.00022
91 242.88394 1 1.00049 0.83902 0.97167 1.0037
91 249.02418 1 1.00066 0.83643 0.9724 1.00738
91 255.31965 1 1.00084 0.83406 0.97311 1.01105
91 261.77427 1 1.00101 0.83114 0.97377 1.01472
91 268.39207 1 1.00117 0.82898 0.97442 1.01847
91 275.17717 1 1.00133 0.82656 0.97504 1.02222
91 282.1338 1 1.00149 0.82383 0.97563 1.02597
91 289.2663 1 1.00164 0.82161 0.97619 1.02982
91 296.57912 1 1.0018 0.81908 0.97674 1.03347
91 304.0768 1 1.00193 0.81652 0.97726 1.03733
91 311.76403 1 1.00208 0.81425 0.97777 1.0411
91 319.6456 1 1.00222 0.8119 0.97824 1.04488
91 327.72642 1 1.00235 0.80952 0.9787 1.0485
91 336.01153 1 1.00247 0.80688 0.97913 1.05223
91 344.50609 1 1.0026 0.80471 0.97954 1.05599
91 353.21539 1 1.00272 0.80258 0.97994 1.05968
91 362.14487 1 1.00285 0.80012 0.98032 1.06332
91 371.3001 1 1.00296 0.79789 0.98068 1.06681
91 380.68677 1 1.00307 0.79563 0.98104 1.07043
91 390.31075 1 1.00319 0.79335 0.98137 1.07402
91 400.17802 1 1.00328 0.79105 0.98169 1.07747
91 410.29474 1 1.00339 0.78904 0.98199 1.08079
91 420.66722 1 1.00349 0.78669 0.98229 1.08426
91 431.30192 1 1.00359 0.78457 0.98256 1.08752
91 442.20548 1 1.00367 0.78243 0.98283 1.09085
91 453.38468 1 1.00376 0.78058 0.98308 1.09407
91 464.84649 1 1.00384 0.77839 0.98332 1.09718
91 476.59807 1 1.00393 0.77618 0.98355 1.10027
91 488.64674 1 1.00402 0.77427 0.98377 1.10327
91 501 1 1.00409 0.77201 0.98398 1.10626
91 8.14308 1.4 1.12846 2.02456 0.7134 1.41168
91 8.34894 1.4 1.12591 1.98812 0.71403 1.40828
91 8.56001 1.4 1.12332 1.95402 0.71392 1.40488
91 8.77641 1.4 1.12068 1.91905 0.71411 1.40149
91 8.99828 1.4 1.11804 1.8865 0.71445 1.3981
91 9.22576 1.4 1.11576 1.85757 0.71476 1.39786
91 9.45899 1.4 1.11305 1.82927 0.7152 1.3949
91 9.69812 1.4 1.11036 1.80166 0.71525 1.38893
91 9.9433 1.4 1.10799 1.77614 0.71562 1.38024
91 10.19467 1.4 1.10531 1.7513 0.71595 1.38034
91 10.4524 1.4 1.10295 1.72932 0.71624 1.37718
91 10.71664 1.4 1.10028 1.70702 0.71667 1.37106
91 10.98756 1.4 1.09793 1.68735 0.71705 1.36538
91 11.26533 1.4 1.09532 1.66629 0.71728 1.36697
91 11.55013 1.4 1.09275 1.6488 0.71779 1.36842
91 11.84212 1.4 1.09045 1.6328 0.71821 1.36667
91 12.1415 1.4 1.08773 1.6172 0.71872 1.36508
91 12.44844 1.4 1.08551 1.60138 0.71898 1.35338
91 12.76314 1.4 1.08289 1.58852 0.71973 1.35
91 13.0858 1.4 1.08035 1.57593 0.7201 1.34694
91 13.41662 1.4 1.07806 1.56452 0.72063 1.34416
91 13.7558 1.4 1.07565 1.55286 0.72129 1.33951
91 14.10355 1.4 1.07313 1.54362 0.72167 1.34118
91 14.4601 1.4 1.0707 1.53452 0.72239 1.3352
91 14.82566 1.4 1.06835 1.52594 0.72298 1.32979
91 15.20046 1.4 1.06593 1.51866 0.72364 1.32323
91 15.58473 1.4 1.06347 1.51106 0.72436 1.32212
91 15.97872 1.4 1.06124 1.50357 0.72513 1.3211
91 16.38268 1.4 1.05884 1.49758 0.72588 1.31878
91 16.79684 1.4 1.05642 1.49229 0.7267 1.31535
91 17.22147 1.4 1.05423 1.487 0.72749 1.31225
91 17.65684 1.4 1.0518 1.48235 0.72846 1.30827
91 18.10322 1.4 1.0496 1.47829 0.72934 1.30357
91 18.56088 1.4 1.04721 1.4739 0.73023 1.29932
91 19.0301 1.4 1.04503 1.47035 0.73119 1.2945
91 19.5112 1.4 1.04288 1.46648 0.73226 1.2963
91 20.00445 1.4 1.04058 1.46312 0.73333 1.29032
91 20.51017 1.4 1.03841 1.46101 0.73443 1.28771
91 21.02868 1.4 1.0362 1.45803 0.73561 1.28191
91 21.5603 1.4 1.03413 1.45549 0.73679 1.27848
91 22.10536 1.4 1.03202 1.45288 0.73806 1.27778
91 22.66419 1.4 1.02991 1.45019 0.73934 1.27586
91 23.23715 1.4 1.02786 1.4479 0.74075 1.27133
91 23.8246 1.4 1.02581 1.44489 0.74211 1.26667
91 24.4269 1.4 1.02389 1.44291 0.74358 1.26389
91 25.04443 1.4 1.02192 1.44042 0.74511 1.26087
91 25.67756 1.4 1.02002 1.43788 0.74672 1.2554
91 26.32671 1.4 1.01813 1.4357 0.74836 1.25386
91 26.99226 1.4 1.01627 1.43268 0.75008 1.25
91 27.67464 1.4 1.01444 1.43058 0.75181 1.24572
91 28.37427 1.4 1.01268 1.42751 0.7536 1.24332
91 29.09159 1.4 1.01095 1.42496 0.75555 1.2387
91 29.82704 1.4 1.00925 1.42118 0.75745 1.23553
91 30.58108 1.4 1.00762 1.41793 0.75947 1.23363
91 31.35419 1.4 1.00603 1.41482 0.76155 1.23011
91 32.14684 1.4 1.00446 1.41094 0.76369 1.22637
91 32.95953 1.4 1.00297 1.40691 0.76589 1.22247
91 33.79277 1.4 1.0015 1.40338 0.76814 1.21951
91 34.64707 1.4 1.00007 1.39896 0.77047 1.21537
91 35.52297 1.4 0.99874 1.39432 0.77286 1.21215
91 36.42101 1.4 0.99743 1.3893 0.77535 1.20883
91 37.34175 1.4 0.99621 1.38409 0.77784 1.20439
91 38.28577 1.4 0.99501 1.37882 0.78043 1.20184
91 39.25366 1.4 0.99386 1.37322 0.78308 1.19824
91 40.24601 1.4 0.99279 1.3673 0.78576 1.19451
91 41.26345 1.4 0.99173 1.361 0.78854 1.19082
91 42.30661 1.4 0.99077 1.35443 0.79135 1.18707
91 43.37615 1.4 0.98987 1.34761 0.79421 1.18327
91 44.47272 1.4 0.989 1.34054 0.79716 1.17945
91 45.59702 1.4 0.98821 1.33301 0.80013 1.17636
91 46.74974 1.4 0.98749 1.32527 0.80316 1.17255
91 47.93159 1.4 0.98679 1.31765 0.80624 1.16879
91 49.14333 1.4 0.98616 1.30906 0.80935 1.16561
91 50.3857 1.4 0.9856 1.30061 0.81249 1.16136
91 51.65948 1.4 0.98509 1.29178 0.81568 1.15772
91 52.96546 1.4 0.98464 1.28264 0.8189 1.15463
91 54.30446 1.4 0.98422 1.27314 0.82216 1.15109
91 55.67731 1.4 0.98389 1.2633 0.82543 1.14716
91 57.08486 1.4 0.98359 1.2532 0.82872 1.14332
91 58.528 1.4 0.98336 1.24303 0.83202 1.14002
91 60.00762 1.4 0.98316 1.2326 0.83535 1.13641
91 61.52464 1.4 0.98302 1.22166 0.83867 1.1325
91 63.08002 1.4 0.98292 1.21068 0.84202 1.12911
91 64.67472 1.4 0.98289 1.19926 0.84536 1.12512
91 66.30973 1.4 0.98289 1.18779 0.84868 1.12161
91 67.98608 1.4 0.98292 1.17611 0.85202 1.11793
91 69.7048 1.4 0.98301 1.16397 0.85531 1.1144
91 71.46698 1.4 0.98313 1.152 0.85862 1.11071
91 73.2737 1.4 0.9833 1.13961 0.86189 1.10691
91 75.1261 1.4 0.98351 1.12697 0.86514 1.10355
91 77.02533 1.4 0.98373 1.11464 0.86837 1.09983
91 78.97258 1.4 0.98399 1.10316 0.87157 1.09604
91 80.96905 1.4 0.9843 1.09192 0.87472 1.09268
91 83.01599 1.4 0.98462 1.08127 0.87784 1.08926
91 85.11468 1.4 0.98496 1.07121 0.88093 1.08557
91 87.26643 1.4 0.98534 1.06169 0.88395 1.08207
91 89.47257 1.4 0.98573 1.05252 0.88695 1.07855
91 91.73449 1.4 0.98617 1.04385 0.88988 1.07523
91 94.05359 1.4 0.98659 1.03585 0.89275 1.07189
91 96.43131 1.4 0.98704 1.02813 0.89559 1.06855
91 98.86915 1.4 0.98751 1.02087 0.89836 1.06522
91 101.36862 1.4 0.988 1.01404 0.90107 1.06173
91 103.93127 1.4 0.98849 1.00762 0.90373 1.05861
91 106.55872 1.4 0.98899 1.00161 0.90632 1.05533
91 109.25258 1.4 0.98951 0.99599 0.90885 1.05223
91 112.01454 1.4 0.99003 0.99091 0.91132 1.04917
91 114.84633 1.4 0.99056 0.98619 0.91372 1.04612
91 117.74971 1.4 0.99109 0.98183 0.91607 1.0431
91 120.72649 1.4 0.99162 0.97781 0.91835 1.04011
91 123.77853 1.4 0.99215 0.97428 0.92055 1.03728
91 126.90772 1.4 0.99269 0.97108 0.9227 1.03448
91 130.11601 1.4 0.99322 0.96836 0.92478 1.0317
91 133.40542 1.4 0.99375 0.96595 0.9268 1.02894
91 136.77798 1.4 0.99428 0.96385 0.92877 1.02632
91 140.23581 1.4 0.99481 0.96221 0.93065 1.02372
91 143.78105 1.4 0.99534 0.96087 0.93248 1.02114
91 147.41591 1.4 0.99586 0.95998 0.93426 1.0188
91 151.14267 1.4 0.99637 0.95939 0.93596 1.01635
91 154.96364 1.4 0.99687 0.95924 0.93761 1.01401
91 158.8812 1.4 0.99737 0.95924 0.93919 1.01189
91 162.89781 1.4 0.99786 0.95924 0.94073 1.00966
91 167.01596 1.4 0.99835 0.95924 0.94221 1.00753
91 171.23821 1.4 0.99883 0.95924 0.94363 1.00548
91 175.56721 1.4 0.9993 0.95924 0.945 1.00361
91 180.00565 1.4 0.99976 0.95924 0.94632 1.00163
91 184.55629 1.4 1.00021 0.95924 0.94759 0.99991
91 189.22198 1.4 1.00066 0.95924 0.94881 0.99816
91 194.00561 1.4 1.00109 0.95924 0.94998 0.99639
91 198.91018 1.4 1.00152 0.95924 0.95109 0.99476
91 203.93874 1.4 1.00193 0.95924 0.95217 0.99327
91 209.09443 1.4 1.00233 0.95924 0.95321 0.99182
91 214.38045 1.4 1.00273 0.95924 0.95419 0.99042
91 219.80011 1.4 1.00311 0.95924 0.95514 0.98905
91 225.35678 1.4 1.00348 0.95924 0.95605 0.98773
91 231.05392 1.4 1.00385 0.95924 0.95692 0.98651
91 236.8951 1.4 1.00421 0.95924 0.95776 0.98532
91 242.88394 1.4 1.00455 0.95924 0.95855 0.98416
91 249.02418 1.4 1.00489 0.95924 0.95933 0.98317
91 255.31965 1.4 1.00521 0.95924 0.96005 0.9822
91 261.77427 1.4 1.00553 0.95924 0.96075 0.98124
91 268.39207 1.4 1.00585 0.95924 0.96141 0.98031
91 275.17717 1.4 1.00614 0.95924 0.96206 0.97938
91 282.1338 1.4 1.00642 0.95924 0.96267 0.97861
91 289.2663 1.4 1.00671 0.95924 0.96326 0.97792
91 296.57912 1.4 1.00698 0.95924 0.96382 0.97716
91 304.0768 1.4 1.00725 0.95924 0.96434 0.97649
91 311.76403 1.4 1.00751 0.95924 0.96485 0.97588
91 319.6456 1.4 1.00776 0.95924 0.96534 0.97528
91 327.72642 1.4 1.008 0.95924 0.96581 0.97474
91 336.01153 1.4 1.00822 0.95924 0.96624 0.97421
91 344.50609 1.4 1.00845 0.95924 0.96666 0.97375
91 353.21539 1.4 1.00867 0.95924 0.96707 0.97328
91 362.14487 1.4 1.00888 0.95924 0.96745 0.97282
91 371.3001 1.4 1.00907 0.95924 0.96781 0.97242
91 380.68677 1.4 1.00927 0.95924 0.96817 0.97208
91 390.31075 1.4 1.00946 0.95924 0.96849 0.9718
91 400.17802 1.4 1.00966 0.95924 0.96882 0.97146
91 410.29474 1.4 1.00983 0.95924 0.96912 0.97117
91 420.66722 1.4 1.01 0.95924 0.9694 0.97095
91 431.30192 1.4 1.01016 0.95924 0.96969 0.97066
91 442.20548 1.4 1.01032 0.95924 0.96994 0.97043
91 453.38468 1.4 1.01047 0.95924 0.97019 0.97019
91 464.84649 1.4 1.01062 0.95924 0.97043 0.97008
91 476.59807 1.4 1.01076 0.95924 0.97066 0.96989
91 488.64674 1.4 1.0109 0.95924 0.97088 0.96977
91 501 1.4 1.01103 0.95924 0.97108 0.96958
91 8.14308 1.8 1.00875 1.72943 0.6591 0.74104
91 8.34894 1.8 1.00832 1.70872 0.66096 0.74344
91 8.56001 1.8 1.00792 1.68863 0.66252 0.74081
91 8.77641 1.8 1.00754 1.66708 0.66435 0.74673
91 8.99828 1.8 1.00718 1.65072 0.66628 0.7479
91 9.22576 1.8 1.00683 1.63364 0.66815 0.75089
91 9.45899 1.8 1.00651 1.61752 0.67008 0.74815
91 9.69812 1.8 1.00619 1.60363 0.67193 0.75352
91 9.9433 1.8 1.00557 1.58951 0.67371 0.75168
91 10.19467 1.8 1.0053 1.57681 0.67572 0.75641
91 10.4524 1.8 1.00475 1.56298 0.67742 0.7622
91 10.71664 1.8 1.00424 1.55198 0.67931 0.75723
91 10.98756 1.8 1.00404 1.54167 0.68145 0.76243
91 11.26533 1.8 1.00359 1.53162 0.6831 0.76842
91 11.55013 1.8 1.00318 1.52142 0.68521 0.765
91 11.84212 1.8 1.0028 1.51311 0.68716 0.77143
91 12.1415 1.8 1.00244 1.50498 0.68911 0.76923
91 12.44844 1.8 1.00212 1.49778 0.69111 0.77155
91 12.76314 1.8 1.00161 1.49108 0.69315 0.77459
91 13.0858 1.8 1.00115 1.48347 0.69526 0.77734
91 13.41662 1.8 1.00073 1.47838 0.69742 0.77695
91 13.7558 1.8 1.00052 1.47206 0.6995 0.78014
91 14.10355 1.8 1 1.46741 0.70166 0.78378
91 14.4601 1.8 0.99952 1.46163 0.7036 0.78457
91 14.82566 1.8 0.99924 1.45797 0.7059 0.78593
91 15.20046 1.8 0.99884 1.45266 0.70801 0.79009
91 15.58473 1.8 0.99862 1.44932 0.71022 0.78947
91 15.97872 1.8 0.99816 1.44497 0.7125 0.79156
91 16.38268 1.8 0.99786 1.44191 0.71466 0.79397
91 16.79684 1.8 0.99748 1.4379 0.71689 0.79856
91 17.22147 1.8 0.99702 1.43489 0.71919 0.80137
91 17.65684 1.8 0.99661 1.43186 0.72158 0.80217
91 18.10322 1.8 0.99634 1.42908 0.72377 0.80538
91 18.56088 1.8 0.9959 1.4261 0.72621 0.80671
91 19.0301 1.8 0.99561 1.42354 0.72855 0.81015
91 19.5112 1.8 0.99534 1.42039 0.73096 0.81038
91 20.00445 1.8 0.99502 1.41805 0.73343 0.81399
91 20.51017 1.8 0.99465 1.41514 0.73586 0.81626
91 21.02868 1.8 0.99433 1.41299 0.73829 0.81734
91 21.5603 1.8 0.99396 1.4103 0.74089 0.82006
91 22.10536 1.8 0.99363 1.40798 0.7434 0.82278
91 22.66419 1.8 0.99334 1.40517 0.74587 0.82574
91 23.23715 1.8 0.99308 1.40271 0.7485 0.82759
91 23.8246 1.8 0.99279 1.40013 0.75114 0.82948
91 24.4269 1.8 0.99253 1.39756 0.75373 0.83275
91 25.04443 1.8 0.99225 1.39459 0.75637 0.83499
91 25.67756 1.8 0.99194 1.39166 0.75901 0.8365
91 26.32671 1.8 0.99172 1.38906 0.76169 0.83903
91 26.99226 1.8 0.99143 1.38582 0.76445 0.84165
91 27.67464 1.8 0.99121 1.38264 0.76716 0.84432
91 28.37427 1.8 0.99098 1.37915 0.76994 0.84716
91 29.09159 1.8 0.99073 1.3761 0.7727 0.85
91 29.82704 1.8 0.99055 1.3725 0.77546 0.85215
91 30.58108 1.8 0.99035 1.36899 0.77831 0.85432
91 31.35419 1.8 0.99017 1.36508 0.78112 0.85735
91 32.14684 1.8 0.98998 1.36127 0.78394 0.8603
91 32.95953 1.8 0.98981 1.35732 0.78677 0.86271
91 33.79277 1.8 0.98962 1.35303 0.78965 0.8657
91 34.64707 1.8 0.98949 1.34864 0.7925 0.86815
91 35.52297 1.8 0.98935 1.34416 0.79533 0.87119
91 36.42101 1.8 0.98925 1.33967 0.79821 0.87363
91 37.34175 1.8 0.9891 1.33463 0.80109 0.8771
91 38.28577 1.8 0.98903 1.3296 0.80396 0.87958
91 39.25366 1.8 0.98892 1.32459 0.80681 0.88244
91 40.24601 1.8 0.98884 1.31909 0.80969 0.88532
91 41.26345 1.8 0.98877 1.31369 0.81254 0.88855
91 42.30661 1.8 0.98872 1.30807 0.81539 0.89127
91 43.37615 1.8 0.98869 1.30209 0.8182 0.89438
91 44.47272 1.8 0.98865 1.29622 0.821 0.89735
91 45.59702 1.8 0.98864 1.28982 0.82378 0.90063
91 46.74974 1.8 0.98863 1.2835 0.82655 0.90377
91 47.93159 1.8 0.98862 1.27692 0.82929 0.90682
91 49.14333 1.8 0.98864 1.27008 0.83199 0.91006
91 50.3857 1.8 0.98868 1.26316 0.83467 0.91318
91 51.65948 1.8 0.98872 1.25605 0.83731 0.91647
91 52.96546 1.8 0.98878 1.24887 0.83991 0.91959
91 54.30446 1.8 0.98884 1.24148 0.84249 0.92287
91 55.67731 1.8 0.98891 1.23391 0.84501 0.92623
91 57.08486 1.8 0.98898 1.226 0.84748 0.92967
91 58.528 1.8 0.98909 1.21808 0.84992 0.93295
91 60.00762 1.8 0.98917 1.21001 0.85231 0.9365
91 61.52464 1.8 0.98928 1.20175 0.85464 0.93986
91 63.08002 1.8 0.9894 1.19338 0.8569 0.94345
91 64.67472 1.8 0.98954 1.1847 0.85913 0.94685
91 66.30973 1.8 0.98966 1.17604 0.86129 0.95024
91 67.98608 1.8 0.98981 1.16724 0.8634 0.95381
91 69.7048 1.8 0.98994 1.15818 0.86546 0.95736
91 71.46698 1.8 0.9901 1.14898 0.86745 0.96104
91 73.2737 1.8 0.99026 1.13967 0.86938 0.96449
91 75.1261 1.8 0.99041 1.13037 0.87124 0.96823
91 77.02533 1.8 0.99057 1.12081 0.87304 0.97189
91 78.97258 1.8 0.99075 1.11112 0.87478 0.97548
91 80.96905 1.8 0.99093 1.10132 0.87646 0.97899
91 83.01599 1.8 0.99111 1.09151 0.87808 0.98272
91 85.11468 1.8 0.99128 1.08158 0.87964 0.98635
91 87.26643 1.8 0.99146 1.07139 0.88113 0.99002
91 89.47257 1.8 0.99165 1.06118 0.88256 0.99347
91 91.73449 1.8 0.99182 1.05095 0.88393 0.99709
91 94.05359 1.8 0.99201 1.04069 0.88525 1.00074
91 96.43131 1.8 0.99219 1.0304 0.88649 1.00428
91 98.86915 1.8 0.99237 1.02017 0.88769 1.00796
91 101.36862 1.8 0.99256 1.00989 0.88883 1.01143
91 103.93127 1.8 0.99275 0.99967 0.88992 1.01502
91 106.55872 1.8 0.99292 0.98937 0.89095 1.01841
91 109.25258 1.8 0.9931 0.9791 0.89194 1.02193
91 112.01454 1.8 0.99329 0.96896 0.89285 1.02526
91 114.84633 1.8 0.99346 0.95873 0.89374 1.0286
91 117.74971 1.8 0.99365 0.94849 0.89457 1.03197
91 120.72649 1.8 0.99382 0.93825 0.89536 1.03526
91 123.77853 1.8 0.99398 0.92809 0.8961 1.03848
91 126.90772 1.8 0.99416 0.91791 0.89681 1.04164
91 130.11601 1.8 0.99433 0.90778 0.89746 1.04474
91 133.40542 1.8 0.99449 0.89771 0.89808 1.04771
91 136.77798 1.8 0.99465 0.88758 0.89866 1.05081
91 140.23581 1.8 0.99481 0.87758 0.89921 1.05369
91 143.78105 1.8 0.99496 0.8676 0.89972 1.05655
91 147.41591 1.8 0.99511 0.85763 0.9002 1.05929
91 151.14267 1.8 0.99526 0.84776 0.90065 1.06195
91 154.96364 1.8 0.9954 0.83788 0.90106 1.06467
91 158.8812 1.8 0.99555 0.82807 0.90144 1.06722
91 162.89781 1.8 0.99568 0.81823 0.90182 1.06971
91 167.01596 1.8 0.99582 0.80846 0.90216 1.07212
91 171.23821 1.8 0.99595 0.79872 0.90245 1.0744
91 175.56721 1.8 0.99608 0.78911 0.90275 1.07663
91 180.00565 1.8 0.99621 0.77929 0.90302 1.07881
91 184.55629 1.8 0.99632 0.76933 0.90326 1.08095
91 189.22198 1.8 0.99644 0.75933 0.9035 1.08291
91 194.00561 1.8 0.99656 0.74912 0.90371 1.08485
91 198.91018 1.8 0.99667 0.73895 0.90389 1.08676
91 203.93874 1.8 0.99677 0.72854 0.90408 1.08852
91 209.09443 1.8 0.99688 0.71802 0.90424 1.09026
91 214.38045 1.8 0.99696 0.70744 0.90438 1.09186
91 219.80011 1.8 0.99707 0.6969 0.90452 1.09346
91 225.35678 1.8 0.99717 0.68623 0.90464 1.09492
91 231.05392 1.8 0.99726 0.6755 0.90476 1.09633
91 236.8951 1.8 0.99734 0.66472 0.90485 1.09773
91 242.88394 1.8 0.99744 0.65388 0.90494 1.09896
91 249.02418 1.8 0.99752 0.64308 0.90502 1.10019
91 255.31965 1.8 0.99759 0.63221 0.9051 1.10132
91 261.77427 1.8 0.99767 0.62138 0.90517 1.10245
91 268.39207 1.8 0.99775 0.61057 0.90522 1.10348
91 275.17717 1.8 0.99781 0.59973 0.90527 1.10447
91 282.1338 1.8 0.99788 0.58897 0.90532 1.10541
91 289.2663 1.8 0.99796 0.57818 0.90535 1.10626
91 296.57912 1.8 0.99802 0.5674 0.90539 1.10707
91 304.0768 1.8 0.99807 0.55664 0.90542 1.1079
91 311.76403 1.8 0.99813 0.54599 0.90544 1.10863
91 319.6456 1.8 0.99819 0.53547 0.90546 1.10927
91 327.72642 1.8 0.99826 0.52495 0.90548 1.10993
91 336.01153 1.8 0.9983 0.51454 0.90549 1.1105
91 344.50609 1.8 0.99836 0.50418 0.9055 1.11109
91 353.21539 1.8 0.9984 0.49393 0.9055 1.11164
91 362.14487 1.8 0.99846 0.48373 0.9055 1.11211
91 371.3001 1.8 0.9985 0.47368 0.9055 1.11254
91 380.68677 1.8 0.99854 0.46369 0.9055 1.11294
91 390.31075 1.8 0.99859 0.45395 0.90549 1.11336
91 400.17802 1.8 0.99863 0.44415 0.9055 1.11374
91 410.29474 1.8 0.99866 0.43461 0.90548 1.11408
91 420.66722 1.8 0.99869 0.42506 0.90548 1.1144
91 431.30192 1.8 0.99874 0.41576 0.90547 1.11473
91 442.20548 1.8 0.99877 0.40655 0.90546 1.11497
91 453.38468 1.8 0.9988 0.39749 0.90544 1.11518
91 464.84649 1.8 0.99883 0.38864 0.90542 1.11541
91 476.59807 1.8 0.99887 0.37987 0.90541 1.11565
91 488.64674 1.8 0.9989 0.37125 0.90539 1.11585
91 501 1.8 0.99893 0.36276 0.90538 1.11602
91 8.14308 2.2 1.07001 1.13295 0.70102 0.83735
91 8.34894 2.2 1.06897 1.16338 0.7016 0.83908
91 8.56001 2.2 1.06694 1.19259 0.70203 0.84153
91 8.77641 2.2 1.06584 1.21939 0.70232 0.84375
91 8.99828 2.2 1.06385 1.24385 0.70279 0.84653
91 9.22576 2.2 1.06269 1.26635 0.70353 0.84906
91 9.45899 2.2 1.06114 1.28885 0.70411 0.85202
91 9.69812 2.2 1.05994 1.30837 0.70466 0.8547
91 9.9433 2.2 1.05873 1.3271 0.70542 0.85714
91 10.19467 2.2 1.05716 1.34398 0.7059 0.85992
91 10.4524 2.2 1.05562 1.35833 0.70635 0.86296
91 10.71664 2.2 1.0541 1.37186 0.70716 0.86268
91 10.98756 2.2 1.0526 1.38416 0.70771 0.86577
91 11.26533 2.2 1.0514 1.39576 0.70837 0.86901
91 11.55013 2.2 1.04994 1.40627 0.70887 0.87195
91 11.84212 2.2 1.04826 1.41459 0.70989 0.875
91 12.1415 2.2 1.04687 1.42179 0.71039 0.87569
91 12.44844 2.2 1.0455 1.42883 0.71105 0.88127
91 12.76314 2.2 1.04417 1.43404 0.71203 0.88191
91 13.0858 2.2 1.04267 1.4392 0.71276 0.88517
91 13.41662 2.2 1.04122 1.44219 0.71351 0.8861
91 13.7558 2.2 1.03982 1.44503 0.71439 0.8913
91 14.10355 2.2 1.03863 1.44671 0.71531 0.89234
91 14.4601 2.2 1.03715 1.44833 0.7161 0.89546
91 14.82566 2.2 1.03588 1.44893 0.71707 0.89662
91 15.20046 2.2 1.03451 1.44908 0.7181 0.89964
91 15.58473 2.2 1.03306 1.44863 0.71903 0.90256
91 15.97872 2.2 1.03167 1.44696 0.72008 0.90554
91 16.38268 2.2 1.03035 1.44486 0.72114 0.90839
91 16.79684 2.2 1.02896 1.44254 0.7222 0.90976
91 17.22147 2.2 1.02776 1.43965 0.72325 0.91255
91 17.65684 2.2 1.02639 1.43608 0.72448 0.91655
91 18.10322 2.2 1.0251 1.43243 0.72569 0.91913
91 18.56088 2.2 1.02377 1.42872 0.7269 0.92166
91 19.0301 2.2 1.02252 1.42414 0.72811 0.92415
91 19.5112 2.2 1.02125 1.41911 0.72951 0.92659
91 20.00445 2.2 1.01996 1.41414 0.73088 0.92994
91 20.51017 2.2 1.01866 1.40849 0.73228 0.93212
91 21.02868 2.2 1.01753 1.40296 0.73368 0.93527
91 21.5603 2.2 1.01623 1.39685 0.73522 0.93733
91 22.10536 2.2 1.01502 1.39062 0.73679 0.94019
91 22.66419 2.2 1.01388 1.38445 0.7384 0.94291
91 23.23715 2.2 1.01269 1.37793 0.74008 0.94551
91 23.8246 2.2 1.01157 1.37127 0.74174 0.94801
91 24.4269 2.2 1.01047 1.36424 0.74351 0.95036
91 25.04443 2.2 1.00939 1.35721 0.74537 0.95331
91 25.67756 2.2 1.00826 1.3502 0.7472 0.95606
91 26.32671 2.2 1.00721 1.34313 0.74915 0.95868
91 26.99226 2.2 1.00619 1.33558 0.7512 0.96114
91 27.67464 2.2 1.00514 1.32833 0.7532 0.96346
91 28.37427 2.2 1.00416 1.32093 0.75533 0.96619
91 29.09159 2.2 1.00321 1.31335 0.75752 0.96875
91 29.82704 2.2 1.00223 1.30561 0.75976 0.97165
91 30.58108 2.2 1.00133 1.29805 0.76203 0.97386
91 31.35419 2.2 1.00046 1.29036 0.7644 0.97685
91 32.14684 2.2 0.9996 1.2828 0.76682 0.97919
91 32.95953 2.2 0.99873 1.27496 0.76929 0.9818
91 33.79277 2.2 0.99797 1.26748 0.77185 0.9842
91 34.64707 2.2 0.99722 1.25959 0.77444 0.98682
91 35.52297 2.2 0.99646 1.25185 0.77712 0.98887
91 36.42101 2.2 0.99578 1.2443 0.77982 0.99183
91 37.34175 2.2 0.99509 1.23656 0.78262 0.99388
91 38.28577 2.2 0.99448 1.229 0.78543 0.99641
91 39.25366 2.2 0.99388 1.2213 0.78836 0.99875
91 40.24601 2.2 0.9933 1.21376 0.79128 1.0009
91 41.26345 2.2 0.99278 1.20626 0.7943 1.00344
91 42.30661 2.2 0.9923 1.19864 0.79732 1.00551
91 43.37615 2.2 0.99185 1.19121 0.80039 1.00739
91 44.47272 2.2 0.99141 1.1838 0.80355 1.00963
91 45.59702 2.2 0.99104 1.17631 0.80671 1.01167
91 46.74974 2.2 0.99067 1.16901 0.80991 1.01378
91 47.93159 2.2 0.99037 1.16175 0.81316 1.0157
91 49.14333 2.2 0.99011 1.15467 0.8164 1.01768
91 50.3857 2.2 0.98987 1.14738 0.81971 1.01969
91 51.65948 2.2 0.98966 1.14028 0.82303 1.02132
91 52.96546 2.2 0.98949 1.13322 0.82635 1.02301
91 54.30446 2.2 0.98934 1.12633 0.82971 1.02473
91 55.67731 2.2 0.98924 1.11938 0.83305 1.02647
91 57.08486 2.2 0.98916 1.11258 0.83644 1.0279
91 58.528 2.2 0.98913 1.10583 0.83978 1.02936
91 60.00762 2.2 0.98909 1.09912 0.84315 1.03085
91 61.52464 2.2 0.98911 1.09245 0.8465 1.03206
91 63.08002 2.2 0.98917 1.08592 0.84985 1.03331
91 64.67472 2.2 0.98925 1.07944 0.85317 1.03445
91 66.30973 2.2 0.98933 1.07298 0.85648 1.03563
91 67.98608 2.2 0.98947 1.06675 0.85974 1.03643
91 69.7048 2.2 0.98962 1.06044 0.863 1.03755
91 71.46698 2.2 0.98979 1.05416 0.86623 1.0382
91 73.2737 2.2 0.98999 1.04808 0.86939 1.03904
91 75.1261 2.2 0.99021 1.04202 0.87255 1.03968
91 77.02533 2.2 0.99043 1.03614 0.87564 1.04027
91 78.97258 2.2 0.99067 1.03018 0.87868 1.04059
91 80.96905 2.2 0.99095 1.0244 0.88169 1.04108
91 83.01599 2.2 0.99123 1.01869 0.88463 1.04133
91 85.11468 2.2 0.99153 1.01306 0.88754 1.04155
91 87.26643 2.2 0.99184 1.00741 0.89036 1.04165
91 89.47257 2.2 0.99216 1.00191 0.89313 1.04175
91 91.73449 2.2 0.99248 0.99646 0.89585 1.04164
91 94.05359 2.2 0.99283 0.99107 0.8985 1.04153
91 96.43131 2.2 0.99316 0.9858 0.90109 1.04133
91 98.86915 2.2 0.99352 0.98057 0.90361 1.04106
91 101.36862 2.2 0.99388 0.97545 0.90606 1.04063
91 103.93127 2.2 0.99425 0.97042 0.90847 1.04031
91 106.55872 2.2 0.99461 0.96542 0.91078 1.03976
91 109.25258 2.2 0.99498 0.96051 0.91303 1.03916
91 112.01454 2.2 0.99534 0.95568 0.91522 1.03859
91 114.84633 2.2 0.99571 0.95085 0.91733 1.0379
91 117.74971 2.2 0.9961 0.94616 0.91938 1.0371
91 120.72649 2.2 0.99647 0.94154 0.92136 1.03634
91 123.77853 2.2 0.99684 0.93697 0.92329 1.03547
91 126.90772 2.2 0.99721 0.93245 0.92514 1.03451
91 130.11601 2.2 0.99756 0.92811 0.92693 1.03359
91 133.40542 2.2 0.99793 0.92374 0.92865 1.03265
91 136.77798 2.2 0.99829 0.91941 0.9303 1.03161
91 140.23581 2.2 0.99865 0.91523 0.9319 1.0305
91 143.78105 2.2 0.999 0.91107 0.93344 1.02943
91 147.41591 2.2 0.99934 0.907 0.93493 1.02834
91 151.14267 2.2 0.99967 0.90294 0.93635 1.02723
91 154.96364 2.2 1.00001 0.89901 0.93771 1.02604
91 158.8812 2.2 1.00033 0.89528 0.93902 1.02496
91 162.89781 2.2 1.00067 0.89193 0.94028 1.02373
91 167.01596 2.2 1.00097 0.8889 0.94148 1.02249
91 171.23821 2.2 1.00129 0.88623 0.94264 1.02135
91 175.56721 2.2 1.00159 0.88387 0.94374 1.02013
91 180.00565 2.2 1.00188 0.8818 0.9448 1.01895
91 184.55629 2.2 1.00217 0.88015 0.94582 1.01775
91 189.22198 2.2 1.00246 0.87878 0.94679 1.01652
91 194.00561 2.2 1.00274 0.8777 0.94772 1.01533
91 198.91018 2.2 1.003 0.87702 0.9486 1.01412
91 203.93874 2.2 1.00326 0.87663 0.94944 1.01293
91 209.09443 2.2 1.00352 0.87652 0.95025 1.01182
91 214.38045 2.2 1.00376 0.87663 0.95103 1.01064
91 219.80011 2.2 1.00399 0.87685 0.95177 1.00953
91 225.35678 2.2 1.00424 0.87725 0.95247 1.00839
91 231.05392 2.2 1.00447 0.87776 0.95314 1.00733
91 236.8951 2.2 1.00467 0.87838 0.95378 1.00623
91 242.88394 2.2 1.0049 0.87912 0.95438 1.00515
91 249.02418 2.2 1.0051 0.88003 0.95496 1.00404
91 255.31965 2.2 1.00531 0.88106 0.95551 1.00305
91 261.77427 2.2 1.00549 0.8822 0.95605 1.00207
91 268.39207 2.2 1.00569 0.88352 0.95654 1.00105
91 275.17717 2.2 1.00587 0.88496 0.95703 1.00009
91 282.1338 2.2 1.00604 0.88652 0.95748 0.99915
91 289.2663 2.2 1.00622 0.8882 0.95792 0.99822
91 296.57912 2.2 1.00639 0.89006 0.95833 0.99734
91 304.0768 2.2 1.00654 0.89205 0.95871 0.99647
91 311.76403 2.2 1.00669 0.89416 0.9591 0.99562
91 319.6456 2.2 1.00684 0.8964 0.95944 0.99476
91 327.72642 2.2 1.007 0.89877 0.95978 0.99401
91 336.01153 2.2 1.00713 0.90133 0.9601 0.99322
91 344.50609 2.2 1.00726 0.90403 0.9604 0.99243
91 353.21539 2.2 1.00739 0.9068 0.96069 0.99169
91 362.14487 2.2 1.00751 0.90978 0.96098 0.991
91 371.3001 2.2 1.00763 0.91289 0.96123 0.99027
91 380.68677 2.2 1.00776 0.91616 0.96147 0.98959
91 390.31075 2.2 1.00786 0.91956 0.96172 0.98896
91 400.17802 2.2 1.00797 0.92312 0.96194 0.98833
91 410.29474 2.2 1.00808 0.92684 0.96215 0.9877
91 420.66722 2.2 1.00818 0.93071 0.96235 0.98712
91 431.30192 2.2 1.00827 0.93474 0.96254 0.98654
91 442.20548 2.2 1.00837 0.93894 0.96272 0.98601
91 453.38468 2.2 1.00846 0.94324 0.9629 0.98547
91 464.84649 2.2 1.00853 0.94778 0.96306 0.98494
91 476.59807 2.2 1.00862 0.95242 0.96322 0.98445
91 488.64674 2.2 1.0087 0.95725 0.96337 0.98401
91 501 2.2 1.00877 0.96227 0.96351 0.98348
91 8.14308 2.6 0.94954 1.49007 0.69485 1.47521
91 8.34894 2.6 0.9501 1.49075 0.6954 1.45882
91 8.56001 2.6 0.95071 1.49257 0.69581 1.44776
91 8.77641 2.6 0.95096 1.49355 0.69598 1.44128
91 8.99828 2.6 0.95171 1.49374 0.69676 1.43051
91 9.22576 2.6 0.9521 1.49392 0.69751 1.42258
91 9.45899 2.6 0.95258 1.49411 0.69774 1.41104
91 9.69812 2.6 0.95311 1.49262 0.69861 1.3965
91 9.9433 2.6 0.95369 1.49285 0.69908 1.38889
91 10.19467 2.6 0.95434 1.4915 0.69987 1.38095
91 10.4524 2.6 0.95473 1.49026 0.7004 1.37028
91 10.71664 2.6 0.95517 1.4891 0.70099 1.35885
91 10.98756 2.6 0.95595 1.48718 0.70164 1.34852
91 11.26533 2.6 0.9565 1.48458 0.70241 1.33839
91 11.55013 2.6 0.95684 1.48217 0.7032 1.33058
91 11.84212 2.6 0.95748 1.47918 0.70391 1.32283
91 12.1415 2.6 0.95816 1.47617 0.7047 1.31086
91 12.44844 2.6 0.95865 1.47338 0.70547 1.30125
91 12.76314 2.6 0.95919 1.46991 0.70637 1.29372
91 13.0858 2.6 0.95976 1.4667 0.70709 1.28271
91 13.41662 2.6 0.96036 1.4629 0.70797 1.27385
91 13.7558 2.6 0.96099 1.45878 0.70898 1.2654
91 14.10355 2.6 0.96149 1.4548 0.70974 1.25698
91 14.4601 2.6 0.96217 1.45 0.71068 1.24734
91 14.82566 2.6 0.96272 1.44577 0.71168 1.23954
91 15.20046 2.6 0.96329 1.44084 0.71286 1.2304
91 15.58473 2.6 0.96402 1.43578 0.71383 1.22184
91 15.97872 2.6 0.96463 1.43083 0.71501 1.21358
91 16.38268 2.6 0.96512 1.42612 0.71603 1.20564
91 16.79684 2.6 0.96576 1.42089 0.71736 1.19801
91 17.22147 2.6 0.9664 1.41551 0.71854 1.18863
91 17.65684 2.6 0.96695 1.41002 0.71982 1.18067
91 18.10322 2.6 0.96761 1.40444 0.72109 1.17313
91 18.56088 2.6 0.96827 1.39881 0.72245 1.16502
91 19.0301 2.6 0.96902 1.39314 0.72398 1.1574
91 19.5112 2.6 0.96959 1.3871 0.72543 1.15011
91 20.00445 2.6 0.97033 1.38144 0.72687 1.14245
91 20.51017 2.6 0.97089 1.37556 0.72846 1.13519
91 21.02868 2.6 0.97161 1.36942 0.73007 1.12767
91 21.5603 2.6 0.97231 1.36358 0.73181 1.12059
91 22.10536 2.6 0.97293 1.35739 0.73353 1.11327
91 22.66419 2.6 0.97367 1.35123 0.73533 1.10586
91 23.23715 2.6 0.97433 1.34501 0.73722 1.09946
91 23.8246 2.6 0.97497 1.33891 0.73915 1.09184
91 24.4269 2.6 0.97572 1.33253 0.74116 1.08525
91 25.04443 2.6 0.97643 1.32655 0.7432 1.07861
91 25.67756 2.6 0.97707 1.32031 0.74534 1.07242
91 26.32671 2.6 0.97779 1.31402 0.74754 1.06621
91 26.99226 2.6 0.97854 1.30781 0.74982 1.06
91 27.67464 2.6 0.97925 1.30157 0.75217 1.05384
91 28.37427 2.6 0.97998 1.29522 0.75457 1.04813
91 29.09159 2.6 0.98067 1.28908 0.75706 1.0421
91 29.82704 2.6 0.98142 1.28266 0.75961 1.03652
91 30.58108 2.6 0.98209 1.27636 0.76229 1.03103
91 31.35419 2.6 0.98286 1.27014 0.765 1.02563
91 32.14684 2.6 0.98354 1.26387 0.7678 1.02035
91 32.95953 2.6 0.9843 1.2577 0.77067 1.01519
91 33.79277 2.6 0.98501 1.25153 0.77359 1.01016
91 34.64707 2.6 0.98573 1.24533 0.77661 1.00526
91 35.52297 2.6 0.98644 1.23901 0.77969 1.0005
91 36.42101 2.6 0.98714 1.23283 0.78289 0.99613
91 37.34175 2.6 0.98787 1.2268 0.7861 0.99188
91 38.28577 2.6 0.98858 1.22068 0.78941 0.98754
91 39.25366 2.6 0.98929 1.2146 0.79278 0.98356
91 40.24601 2.6 0.98998 1.20845 0.79623 0.9797
91 41.26345 2.6 0.99066 1.20247 0.79971 0.97597
91 42.30661 2.6 0.99139 1.19644 0.80327 0.97255
91 43.37615 2.6 0.99207 1.19037 0.80689 0.96924
91 44.47272 2.6 0.99271 1.18447 0.81057 0.96604
91 45.59702 2.6 0.9934 1.17854 0.8143 0.96311
91 46.74974 2.6 0.99406 1.17259 0.81807 0.96043
91 47.93159 2.6 0.9947 1.16672 0.8219 0.95783
91 49.14333 2.6 0.99534 1.16085 0.82576 0.95546
91 50.3857 2.6 0.99597 1.15506 0.82965 0.95329
91 51.65948 2.6 0.99657 1.14926 0.83358 0.9513
91 52.96546 2.6 0.99718 1.14346 0.83754 0.94949
91 54.30446 2.6 0.99778 1.13774 0.84149 0.94797
91 55.67731 2.6 0.99835 1.13203 0.8455 0.94659
91 57.08486 2.6 0.99891 1.12641 0.84949 0.94545
91 58.528 2.6 0.99945 1.12079 0.85352 0.94442
91 60.00762 2.6 1 1.11517 0.8575 0.9437
91 61.52464 2.6 1.00051 1.10963 0.86153 0.94318
91 63.08002 2.6 1.00103 1.1041 0.86551 0.94281
91 64.67472 2.6 1.00151 1.09857 0.86949 0.9427
91 66.30973 2.6 1.002 1.09319 0.87344 0.94281
91 67.98608 2.6 1.00246 1.08773 0.87738 0.94313
91 69.7048 2.6 1.00291 1.08234 0.88129 0.94364
91 71.46698 2.6 1.00334 1.07695 0.88515 0.9444
91 73.2737 2.6 1.00374 1.07162 0.88897 0.94531
91 75.1261 2.6 1.00415 1.06634 0.89275 0.94653
91 77.02533 2.6 1.00454 1.06105 0.89649 0.94778
91 78.97258 2.6 1.00491 1.05587 0.90018 0.94938
91 80.96905 2.6 1.00527 1.05074 0.9038 0.95106
91 83.01599 2.6 1.0056 1.04552 0.90736 0.95305
91 85.11468 2.6 1.00593 1.04045 0.91086 0.95518
91 87.26643 2.6 1.00623 1.0354 0.91429 0.9575
91 89.47257 2.6 1.00653 1.03032 0.91765 0.96
91 91.73449 2.6 1.00681 1.02526 0.92095 0.96268
91 94.05359 2.6 1.00709 1.02032 0.92416 0.96551
91 96.43131 2.6 1.00735 1.01534 0.92731 0.96856
91 98.86915 2.6 1.00759 1.01046 0.93037 0.97175
91 101.36862 2.6 1.00781 1.00558 0.93338 0.97514
91 103.93127 2.6 1.00804 1.00074 0.93628 0.97859
91 106.55872 2.6 1.00824 0.99593 0.93911 0.98228
91 109.25258 2.6 1.00844 0.99116 0.94186 0.98608
91 112.01454 2.6 1.00863 0.9864 0.94453 0.98992
91 114.84633 2.6 1.0088 0.98172 0.94712 0.99406
91 117.74971 2.6 1.00895 0.97705 0.94962 0.99817
91 120.72649 2.6 1.00912 0.97242 0.95205 1.00244
91 123.77853 2.6 1.00927 0.9678 0.95441 1.00681
91 126.90772 2.6 1.0094 0.96322 0.95667 1.01128
91 130.11601 2.6 1.00952 0.95867 0.95885 1.01584
91 133.40542 2.6 1.00964 0.95415 0.96097 1.02045
91 136.77798 2.6 1.00976 0.94979 0.96302 1.0251
91 140.23581 2.6 1.00987 0.94555 0.96498 1.0299
91 143.78105 2.6 1.00997 0.94141 0.96686 1.0347
91 147.41591 2.6 1.01005 0.93736 0.96869 1.03955
91 151.14267 2.6 1.01014 0.93345 0.97043 1.04451
91 154.96364 2.6 1.01022 0.92963 0.97211 1.04942
91 158.8812 2.6 1.01029 0.92598 0.97372 1.05434
91 162.89781 2.6 1.01036 0.9224 0.97528 1.05933
91 167.01596 2.6 1.01043 0.91898 0.97677 1.06433
91 171.23821 2.6 1.01048 0.91563 0.97818 1.06926
91 175.56721 2.6 1.01054 0.9122 0.97955 1.07431
91 180.00565 2.6 1.01059 0.90849 0.98085 1.07925
91 184.55629 2.6 1.01064 0.90452 0.98212 1.08422
91 189.22198 2.6 1.01067 0.90035 0.98331 1.08913
91 194.00561 2.6 1.01071 0.89602 0.98445 1.09404
91 198.91018 2.6 1.01074 0.89144 0.98555 1.0989
91 203.93874 2.6 1.01079 0.88665 0.9866 1.10376
91 209.09443 2.6 1.01081 0.8817 0.98759 1.10854
91 214.38045 2.6 1.01084 0.87649 0.98855 1.11332
91 219.80011 2.6 1.01086 0.87107 0.98947 1.11803
91 225.35678 2.6 1.01088 0.86552 0.99033 1.12261
91 231.05392 2.6 1.0109 0.85972 0.99116 1.12722
91 236.8951 2.6 1.01093 0.85379 0.99195 1.13171
91 242.88394 2.6 1.01094 0.84764 0.99271 1.13619
91 249.02418 2.6 1.01095 0.84131 0.99343 1.14055
91 255.31965 2.6 1.01097 0.83485 0.99412 1.14486
91 261.77427 2.6 1.01097 0.82822 0.99478 1.14912
91 268.39207 2.6 1.01099 0.8214 0.99539 1.15327
91 275.17717 2.6 1.01099 0.81444 0.99599 1.15738
91 282.1338 2.6 1.01101 0.80731 0.99656 1.16134
91 289.2663 2.6 1.011 0.80012 0.99709 1.16531
91 296.57912 2.6 1.01102 0.79269 0.99761 1.16909
91 304.0768 2.6 1.01101 0.78522 0.99809 1.17288
91 311.76403 2.6 1.01102 0.77759 0.99856 1.17659
91 319.6456 2.6 1.01102 0.76977 0.999 1.18016
91 327.72642 2.6 1.01103 0.76189 0.99941 1.18366
91 336.01153 2.6 1.01103 0.7539 0.99982 1.18707
91 344.50609 2.6 1.01103 0.74585 1.0002 1.19044
91 353.21539 2.6 1.01103 0.73764 1.00057 1.19369
91 362.14487 2.6 1.01103 0.72936 1.0009 1.19687
91 371.3001 2.6 1.01102 0.72101 1.00123 1.19997
91 380.68677 2.6 1.01103 0.71255 1.00154 1.20299
91 390.31075 2.6 1.01102 0.70406 1.00183 1.20593
91 400.17802 2.6 1.01102 0.69545 1.00211 1.20876
91 410.29474 2.6 1.01103 0.68681 1.00237 1.21155
91 420.66722 2.6 1.01101 0.67808 1.00262 1.21422
91 431.30192 2.6 1.01101 0.66933 1.00286 1.21687
91 442.20548 2.6 1.01101 0.66054 1.00309 1.2194
91 453.38468 2.6 1.01101 0.65166 1.0033 1.22185
91 464.84649 2.6 1.011 0.64279 1.00351 1.22423
91 476.59807 2.6 1.01101 0.63389 1.00371 1.22658
91 488.64674 2.6 1.011 0.62499 1.00389 1.22886
91 501 2.6 1.011 0.61606 1.00406 1.23102
91 8.14308 3 1.13553 1.74257 0.84295 0.79456
91 8.34894 3 1.13128 1.71682 0.84002 0.79827
91 8.56001 3 1.12758 1.69049 0.83682 0.8
91 8.77641 3 1.12349 1.66543 0.83348 0.80157
91 8.99828 3 1.11909 1.64161 0.83005 0.80149
91 9.22576 3 1.11527 1.61655 0.82695 0.80378
91 9.45899 3 1.11115 1.59345 0.8238 0.80449
91 9.69812 3 1.10716 1.5694 0.82067 0.80728
91 9.9433 3 1.103 1.54651 0.81725 0.80855
91 10.19467 3 1.09898 1.52427 0.81425 0.80971
91 10.4524 3 1.09513 1.50321 0.81107 0.81146
91 10.71664 3 1.09145 1.48259 0.80805 0.81338
91 10.98756 3 1.08762 1.46249 0.80492 0.81407
91 11.26533 3 1.08344 1.44361 0.80202 0.81499
91 11.55013 3 1.07973 1.42466 0.79909 0.81763
91 11.84212 3 1.07594 1.40677 0.79639 0.8191
91 12.1415 3 1.07214 1.3899 0.79351 0.81956
91 12.44844 3 1.06831 1.37366 0.79073 0.82152
91 12.76314 3 1.0649 1.35827 0.78808 0.82375
91 13.0858 3 1.06109 1.34303 0.7855 0.82598
91 13.41662 3 1.05751 1.32946 0.78276 0.82747
91 13.7558 3 1.05378 1.31593 0.78034 0.82811
91 14.10355 3 1.05012 1.30332 0.77765 0.83093
91 14.4601 3 1.04669 1.2914 0.77532 0.83202
91 14.82566 3 1.04318 1.27987 0.77292 0.83333
91 15.20046 3 1.03961 1.2691 0.77051 0.83497
91 15.58473 3 1.03629 1.25932 0.76821 0.83673
91 15.97872 3 1.03293 1.25013 0.76605 0.83861
91 16.38268 3 1.02969 1.24095 0.76394 0.84068
91 16.79684 3 1.02632 1.23289 0.76199 0.84218
91 17.22147 3 1.02308 1.22512 0.7599 0.84388
91 17.65684 3 1.01987 1.21781 0.75798 0.84507
91 18.10322 3 1.01681 1.21119 0.7562 0.84709
91 18.56088 3 1.01368 1.20476 0.75441 0.8486
91 19.0301 3 1.01071 1.19897 0.75275 0.85082
91 19.5112 3 1.0077 1.19335 0.75121 0.85261
91 20.00445 3 1.00468 1.18829 0.74965 0.85403
91 20.51017 3 1.00191 1.18334 0.74831 0.85606
91 21.02868 3 0.99905 1.17907 0.74695 0.85818
91 21.5603 3 0.99636 1.17491 0.74581 0.85952
91 22.10536 3 0.99361 1.17102 0.74466 0.86137
91 22.66419 3 0.99109 1.16737 0.74373 0.86371
91 23.23715 3 0.98854 1.16396 0.7428 0.86532
91 23.8246 3 0.98607 1.16077 0.742 0.86705
91 24.4269 3 0.98365 1.15763 0.74133 0.8692
91 25.04443 3 0.98132 1.15484 0.74077 0.87104
91 25.67756 3 0.97909 1.15211 0.74032 0.87294
91 26.32671 3 0.97696 1.1497 0.74002 0.87516
91 26.99226 3 0.97486 1.14719 0.73985 0.87712
91 27.67464 3 0.97291 1.14484 0.73976 0.87884
91 28.37427 3 0.97099 1.14256 0.73987 0.88087
91 29.09159 3 0.96916 1.14031 0.74007 0.8829
91 29.82704 3 0.96745 1.13823 0.74039 0.88494
91 30.58108 3 0.96582 1.1362 0.7409 0.8872
91 31.35419 3 0.9643 1.1341 0.74148 0.88923
91 32.14684 3 0.96284 1.13197 0.74225 0.89123
91 32.95953 3 0.96151 1.12999 0.74317 0.89343
91 33.79277 3 0.96031 1.12789 0.74421 0.89559
91 34.64707 3 0.95915 1.12577 0.74541 0.89773
91 35.52297 3 0.9581 1.12363 0.74676 0.9
91 36.42101 3 0.95718 1.1215 0.7483 0.90204
91 37.34175 3 0.95632 1.11936 0.74994 0.90421
91 38.28577 3 0.95556 1.11707 0.75174 0.90647
91 39.25366 3 0.95494 1.11473 0.7537 0.90867
91 40.24601 3 0.95444 1.11241 0.75584 0.91065
91 41.26345 3 0.95401 1.10991 0.75809 0.91286
91 42.30661 3 0.95369 1.10738 0.76052 0.91514
91 43.37615 3 0.95347 1.10469 0.76309 0.91734
91 44.47272 3 0.95339 1.10206 0.76581 0.91957
91 45.59702 3 0.95337 1.09923 0.76868 0.92172
91 46.74974 3 0.95348 1.09628 0.77169 0.92403
91 47.93159 3 0.95366 1.09328 0.77483 0.92611
91 49.14333 3 0.95398 1.09013 0.77814 0.92834
91 50.3857 3 0.95437 1.08688 0.78157 0.93058
91 51.65948 3 0.95486 1.08351 0.78513 0.93261
91 52.96546 3 0.95546 1.08006 0.78881 0.93475
91 54.30446 3 0.95612 1.07644 0.79264 0.93689
91 55.67731 3 0.95689 1.07271 0.79656 0.93913
91 57.08486 3 0.95774 1.06888 0.8006 0.94116
91 58.528 3 0.95868 1.06491 0.80476 0.94328
91 60.00762 3 0.95968 1.0608 0.809 0.9453
91 61.52464 3 0.96076 1.05656 0.81334 0.94748
91 63.08002 3 0.96194 1.0522 0.81778 0.94947
91 64.67472 3 0.96317 1.04772 0.82229 0.95144
91 66.30973 3 0.96446 1.04313 0.82688 0.9534
91 67.98608 3 0.96581 1.03842 0.83155 0.95526
91 69.7048 3 0.96722 1.03356 0.83627 0.95711
91 71.46698 3 0.96869 1.02851 0.84102 0.95902
91 73.2737 3 0.97021 1.02344 0.84585 0.96084
91 75.1261 3 0.97178 1.01814 0.8507 0.96264
91 77.02533 3 0.97338 1.01277 0.85558 0.96436
91 78.97258 3 0.97502 1.00731 0.86049 0.96607
91 80.96905 3 0.97671 1.00169 0.8654 0.96777
91 83.01599 3 0.9784 0.99597 0.87032 0.96933
91 85.11468 3 0.98014 0.99013 0.87525 0.97088
91 87.26643 3 0.98189 0.98414 0.88016 0.97243
91 89.47257 3 0.98367 0.97807 0.88508 0.97392
91 91.73449 3 0.98544 0.97191 0.88996 0.97534
91 94.05359 3 0.98724 0.96562 0.89481 0.97671
91 96.43131 3 0.98905 0.9592 0.89965 0.97802
91 98.86915 3 0.99085 0.95271 0.90443 0.97928
91 101.36862 3 0.99267 0.9461 0.90917 0.98055
91 103.93127 3 0.99447 0.93964 0.91386 0.98172
91 106.55872 3 0.99628 0.93375 0.9185 0.9829
91 109.25258 3 0.99807 0.92845 0.92308 0.98399
91 112.01454 3 0.99984 0.92366 0.92759 0.98504
91 114.84633 3 1.00162 0.91945 0.93204 0.98606
91 117.74971 3 1.00337 0.91575 0.93642 0.98704
91 120.72649 3 1.00511 0.91258 0.94071 0.98795
91 123.77853 3 1.00683 0.90996 0.94493 0.98877
91 126.90772 3 1.00853 0.90784 0.94907 0.98963
91 130.11601 3 1.0102 0.90627 0.95313 0.9904
91 133.40542 3 1.01184 0.90519 0.95711 0.99121
91 136.77798 3 1.01347 0.90463 0.96099 0.9919
91 140.23581 3 1.01507 0.90456 0.96479 0.99258
91 143.78105 3 1.01665 0.90476 0.96851 0.99323
91 147.41591 3 1.01818 0.90519 0.97213 0.99383
91 151.14267 3 1.01969 0.90584 0.97565 0.99441
91 154.96364 3 1.02116 0.90669 0.97908 0.99488
91 158.8812 3 1.02261 0.90778 0.98244 0.99544
91 162.89781 3 1.02403 0.9091 0.98569 0.9959
91 167.01596 3 1.02541 0.91062 0.98886 0.99635
91 171.23821 3 1.02677 0.91238 0.99193 0.99674
91 175.56721 3 1.02809 0.91434 0.99492 0.99713
91 180.00565 3 1.02937 0.91655 0.99781 0.99751
91 184.55629 3 1.03063 0.91898 1.00062 0.99784
91 189.22198 3 1.03185 0.92165 1.00335 0.99817
91 194.00561 3 1.03305 0.92454 1.00598 0.99849
91 198.91018 3 1.0342 0.9277 1.00852 0.99876
91 203.93874 3 1.03532 0.93104 1.01099 0.99899
91 209.09443 3 1.03641 0.93466 1.01338 0.99926
91 214.38045 3 1.03749 0.93851 1.01568 0.99943
91 219.80011 3 1.03851 0.94261 1.01791 0.99965
91 225.35678 3 1.0395 0.94693 1.02006 0.99983
91 231.05392 3 1.04048 0.95153 1.02213 0.99996
91 236.8951 3 1.04142 0.95637 1.02414 1.00013
91 242.88394 3 1.04232 0.96147 1.02607 1.00026
91 249.02418 3 1.04321 0.96686 1.02793 1.00042
91 255.31965 3 1.04407 0.97246 1.02972 1.00055
91 261.77427 3 1.04488 0.97839 1.03145 1.00067
91 268.39207 3 1.04568 0.98454 1.03312 1.00076
91 275.17717 3 1.04645 0.99097 1.03472 1.00084
91 282.1338 3 1.0472 0.99773 1.03627 1.00092
91 289.2663 3 1.04793 1.00474 1.03775 1.001
91 296.57912 3 1.04863 1.01205 1.03918 1.00104
91 304.0768 3 1.04931 1.01967 1.04055 1.00108
91 311.76403 3 1.04995 1.02759 1.04188 1.00111
91 319.6456 3 1.05058 1.03579 1.04313 1.00115
91 327.72642 3 1.05119 1.04435 1.04435 1.00123
91 336.01153 3 1.05177 1.05318 1.04552 1.00127
91 344.50609 3 1.05233 1.06239 1.04664 1.00127
91 353.21539 3 1.05287 1.0719 1.04773 1.00127
91 362.14487 3 1.0534 1.08176 1.04876 1.0013
91 371.3001 3 1.05391 1.092 1.04975 1.00134
91 380.68677 3 1.0544 1.10259 1.05071 1.0013
91 390.31075 3 1.05486 1.11352 1.05162 1.00134
91 400.17802 3 1.05532 1.12488 1.05249 1.00134
91 410.29474 3 1.05576 1.13658 1.05335 1.00138
91 420.66722 3 1.05617 1.14868 1.05415 1.00133
91 431.30192 3 1.05657 1.1612 1.05492 1.00137
91 442.20548 3 1.05696 1.17411 1.05566 1.00137
91 453.38468 3 1.05733 1.18742 1.05638 1.00133
91 464.84649 3 1.05769 1.20121 1.05705 1.00133
91 476.59807 3 1.05804 1.21544 1.0577 1.00133
91 488.64674 3 1.05836 1.23013 1.05835 1.00128
91 501 3 1.05869 1.24525 1.05894 1.00132
91 8.14308 3.4 1.026 1.22576 0.78929 0.73762
91 8.34894 3.4 1.02427 1.22367 0.78746 0.74292
91 8.56001 3.4 1.02177 1.22082 0.78594 0.74831
91 8.77641 3.4 1.01988 1.21818 0.78383 0.75214
91 8.99828 3.4 1.01772 1.21532 0.78164 0.75764
91 9.22576 3.4 1.01574 1.21279 0.77978 0.76357
91 9.45899 3.4 1.01354 1.2104 0.77822 0.76753
91 9.69812 3.4 1.01153 1.20782 0.77631 0.77329
91 9.9433 3.4 1.00968 1.20501 0.77444 0.77889
91 10.19467 3.4 1.00737 1.20238 0.77268 0.78309
91 10.4524 3.4 1.00526 1.20036 0.77098 0.78756
91 10.71664 3.4 1.00334 1.19771 0.76945 0.7945
91 10.98756 3.4 1.00132 1.19526 0.76776 0.7989
91 11.26533 3.4 0.9995 1.1926 0.76619 0.80446
91 11.55013 3.4 0.99736 1.19015 0.76461 0.80875
91 11.84212 3.4 0.99543 1.18813 0.76302 0.81526
91 12.1415 3.4 0.9937 1.18531 0.76145 0.81952
91 12.44844 3.4 0.99172 1.18295 0.76011 0.82576
91 12.76314 3.4 0.98975 1.18073 0.75862 0.8299
91 13.0858 3.4 0.98798 1.17832 0.75721 0.83579
91 13.41662 3.4 0.98604 1.17607 0.75591 0.84161
91 13.7558 3.4 0.98414 1.1737 0.75459 0.84629
91 14.10355 3.4 0.98244 1.17142 0.75338 0.85179
91 14.4601 3.4 0.98047 1.16906 0.75216 0.85703
91 14.82566 3.4 0.97872 1.16681 0.75112 0.86212
91 15.20046 3.4 0.97703 1.16469 0.74996 0.86844
91 15.58473 3.4 0.97527 1.16245 0.74898 0.87315
91 15.97872 3.4 0.97359 1.16015 0.74809 0.87828
91 16.38268 3.4 0.97198 1.15794 0.74725 0.88383
91 16.79684 3.4 0.97034 1.15569 0.74628 0.88916
91 17.22147 3.4 0.96867 1.15338 0.74564 0.89474
91 17.65684 3.4 0.967 1.15121 0.74487 0.90061
91 18.10322 3.4 0.96543 1.14897 0.74423 0.90565
91 18.56088 3.4 0.96396 1.14657 0.74371 0.91043
91 19.0301 3.4 0.96249 1.1443 0.74322 0.9159
91 19.5112 3.4 0.96113 1.14203 0.74283 0.92104
91 20.00445 3.4 0.95969 1.13974 0.74257 0.92632
91 20.51017 3.4 0.95828 1.13747 0.74232 0.93169
91 21.02868 3.4 0.95697 1.13521 0.74221 0.93712
91 21.5603 3.4 0.95569 1.13272 0.74219 0.9422
91 22.10536 3.4 0.95444 1.1304 0.74222 0.94731
91 22.66419 3.4 0.95316 1.1281 0.74232 0.95208
91 23.23715 3.4 0.95211 1.12563 0.7426 0.95686
91 23.8246 3.4 0.95096 1.12312 0.74294 0.96164
91 24.4269 3.4 0.94991 1.12077 0.74341 0.96669
91 25.04443 3.4 0.94889 1.1183 0.74394 0.97108
91 25.67756 3.4 0.94791 1.11571 0.74463 0.976
91 26.32671 3.4 0.94701 1.11321 0.74544 0.98029
91 26.99226 3.4 0.94619 1.11062 0.74629 0.98478
91 27.67464 3.4 0.94539 1.10805 0.74733 0.98893
91 28.37427 3.4 0.94467 1.10532 0.74846 0.99324
91 29.09159 3.4 0.944 1.10272 0.74974 0.99722
91 29.82704 3.4 0.94336 1.10007 0.75112 1.00089
91 30.58108 3.4 0.94281 1.09732 0.7526 1.0047
91 31.35419 3.4 0.9423 1.09462 0.75427 1.00821
91 32.14684 3.4 0.94188 1.09177 0.75603 1.01164
91 32.95953 3.4 0.94153 1.08899 0.75793 1.0148
91 33.79277 3.4 0.94121 1.08608 0.75992 1.01807
91 34.64707 3.4 0.94099 1.08325 0.76207 1.0209
91 35.52297 3.4 0.94081 1.08032 0.76437 1.02368
91 36.42101 3.4 0.94071 1.07736 0.7668 1.02607
91 37.34175 3.4 0.94068 1.07442 0.76932 1.02858
91 38.28577 3.4 0.94068 1.07136 0.77201 1.03058
91 39.25366 3.4 0.94079 1.06834 0.77482 1.03257
91 40.24601 3.4 0.94094 1.0652 0.77776 1.03426
91 41.26345 3.4 0.94116 1.06212 0.78082 1.03581
91 42.30661 3.4 0.94141 1.05895 0.78401 1.0371
91 43.37615 3.4 0.94176 1.05573 0.78731 1.03829
91 44.47272 3.4 0.94216 1.05253 0.79073 1.03912
91 45.59702 3.4 0.94264 1.04925 0.79428 1.03977
91 46.74974 3.4 0.94315 1.04594 0.79793 1.04024
91 47.93159 3.4 0.94373 1.04261 0.8017 1.04045
91 49.14333 3.4 0.94438 1.03926 0.80556 1.04052
91 50.3857 3.4 0.94508 1.03585 0.80953 1.04025
91 51.65948 3.4 0.94579 1.03243 0.81356 1.03989
91 52.96546 3.4 0.94658 1.02895 0.81773 1.03924
91 54.30446 3.4 0.94743 1.02545 0.82196 1.03852
91 55.67731 3.4 0.9483 1.02191 0.82628 1.03755
91 57.08486 3.4 0.94921 1.01835 0.83065 1.03626
91 58.528 3.4 0.95019 1.01474 0.83508 1.03505
91 60.00762 3.4 0.95118 1.01111 0.8396 1.03345
91 61.52464 3.4 0.95221 1.00744 0.84416 1.03177
91 63.08002 3.4 0.95328 1.00371 0.84875 1.02992
91 64.67472 3.4 0.95438 1 0.85338 1.02801
91 66.30973 3.4 0.9555 0.99627 0.85806 1.02594
91 67.98608 3.4 0.95665 0.99248 0.86275 1.02367
91 69.7048 3.4 0.95781 0.98866 0.86745 1.02127
91 71.46698 3.4 0.959 0.98481 0.87217 1.01891
91 73.2737 3.4 0.9602 0.98092 0.87689 1.01636
91 75.1261 3.4 0.96141 0.97703 0.8816 1.01371
91 77.02533 3.4 0.96263 0.97307 0.88631 1.01103
91 78.97258 3.4 0.96387 0.96912 0.891 1.00818
91 80.96905 3.4 0.96509 0.96514 0.89567 1.00544
91 83.01599 3.4 0.96635 0.96111 0.90029 1.00248
91 85.11468 3.4 0.96758 0.95708 0.90489 0.99962
91 87.26643 3.4 0.96881 0.95304 0.90945 0.99666
91 89.47257 3.4 0.97005 0.94895 0.91395 0.99374
91 91.73449 3.4 0.97128 0.94483 0.91843 0.99073
91 94.05359 3.4 0.97249 0.94069 0.92283 0.98769
91 96.43131 3.4 0.9737 0.93655 0.92717 0.98468
91 98.86915 3.4 0.97491 0.93238 0.93143 0.98175
91 101.36862 3.4 0.97609 0.92817 0.93566 0.97877
91 103.93127 3.4 0.97726 0.92395 0.93979 0.97582
91 106.55872 3.4 0.97843 0.91976 0.94386 0.97287
91 109.25258 3.4 0.97957 0.9156 0.94783 0.97
91 112.01454 3.4 0.98068 0.91148 0.95173 0.96712
91 114.84633 3.4 0.9818 0.90741 0.95555 0.9643
91 117.74971 3.4 0.98288 0.90335 0.95928 0.96148
91 120.72649 3.4 0.98394 0.89933 0.96293 0.95877
91 123.77853 3.4 0.98499 0.89531 0.9665 0.95604
91 126.90772 3.4 0.98603 0.89129 0.96997 0.9534
91 130.11601 3.4 0.98703 0.88717 0.97334 0.95086
91 133.40542 3.4 0.988 0.88295 0.97664 0.94829
91 136.77798 3.4 0.98896 0.87861 0.97985 0.94581
91 140.23581 3.4 0.98989 0.87418 0.98296 0.9434
91 143.78105 3.4 0.99079 0.86969 0.98598 0.94106
91 147.41591 3.4 0.99169 0.8651 0.98893 0.9387
91 151.14267 3.4 0.99255 0.86042 0.99177 0.9365
91 154.96364 3.4 0.99339 0.85564 0.99453 0.93431
91 158.8812 3.4 0.99422 0.85081 0.9972 0.93219
91 162.89781 3.4 0.995 0.84588 0.99979 0.93013
91 167.01596 3.4 0.99578 0.84086 1.0023 0.92812
91 171.23821 3.4 0.99652 0.8358 1.00472 0.92617
91 175.56721 3.4 0.99725 0.83064 1.00707 0.92432
91 180.00565 3.4 0.99795 0.82543 1.00932 0.92247
91 184.55629 3.4 0.99864 0.82015 1.01151 0.92073
91 189.22198 3.4 0.9993 0.8148 1.0136 0.91902
91 194.00561 3.4 0.99994 0.80939 1.01565 0.91733
91 198.91018 3.4 1.00056 0.80391 1.01761 0.91572
91 203.93874 3.4 1.00115 0.7984 1.01948 0.9142
91 209.09443 3.4 1.00173 0.79279 1.02131 0.91272
91 214.38045 3.4 1.00229 0.78719 1.02306 0.91129
91 219.80011 3.4 1.00283 0.78148 1.02475 0.9099
91 225.35678 3.4 1.00335 0.77578 1.02635 0.90855
91 231.05392 3.4 1.00386 0.77001 1.02791 0.90728
91 236.8951 3.4 1.00434 0.76422 1.02942 0.90602
91 242.88394 3.4 1.00481 0.75836 1.03086 0.90483
91 249.02418 3.4 1.00526 0.75249 1.03223 0.90369
91 255.31965 3.4 1.00569 0.74659 1.03357 0.90258
91 261.77427 3.4 1.00611 0.74067 1.03484 0.90147
91 268.39207 3.4 1.00652 0.73473 1.03606 0.90044
91 275.17717 3.4 1.00691 0.72874 1.03724 0.89949
91 282.1338 3.4 1.00728 0.72275 1.03837 0.89854
91 289.2663 3.4 1.00763 0.71675 1.03944 0.89762
91 296.57912 3.4 1.00799 0.71075 1.04048 0.89675
91 304.0768 3.4 1.00832 0.70474 1.04147 0.89591
91 311.76403 3.4 1.00863 0.69874 1.04242 0.8951
91 319.6456 3.4 1.00895 0.69269 1.04334 0.89434
91 327.72642 3.4 1.00925 0.6867 1.04422 0.89356
91 336.01153 3.4 1.00953 0.6807 1.04505 0.89287
91 344.50609 3.4 1.0098 0.67472 1.04585 0.89218
91 353.21539 3.4 1.01007 0.66875 1.04662 0.89152
91 362.14487 3.4 1.01032 0.66278 1.04736 0.89089
91 371.3001 3.4 1.01056 0.65686 1.04806 0.89027
91 380.68677 3.4 1.01079 0.65095 1.04874 0.88972
91 390.31075 3.4 1.01102 0.64507 1.04938 0.88913
91 400.17802 3.4 1.01123 0.6393 1.04999 0.88861
91 410.29474 3.4 1.01144 0.63349 1.05058 0.88814
91 420.66722 3.4 1.01164 0.62773 1.05115 0.88765
91 431.30192 3.4 1.01183 0.62203 1.05168 0.88717
91 442.20548 3.4 1.01201 0.61636 1.05221 0.88668
91 453.38468 3.4 1.01218 0.61081 1.0527 0.88628
91 464.84649 3.4 1.01235 0.60527 1.05318 0.88586
91 476.59807 3.4 1.01252 0.59981 1.05362 0.88545
91 488.64674 3.4 1.01267 0.59445 1.05406 0.88507
91 501 3.4 1.01282 0.58914 1.05446 0.88473
91 8.14308 3.8 0.99318 0.9952 0.62261 0.26316
91 8.34894 3.8 0.99005 1 0.6254 0.27098
91 8.56001 3.8 0.98765 1.00452 0.62802 0.27918
91 8.77641 3.8 0.98433 1.00909 0.63048 0.28603
91 8.99828 3.8 0.98136 1.01368 0.63342 0.29375
91 9.22576 3.8 0.97872 1.01827 0.6363 0.30279
91 9.45899 3.8 0.97569 1.02282 0.63908 0.30989
91 9.69812 3.8 0.97332 1.02703 0.64178 0.31942
91 9.9433 3.8 0.97032 1.03147 0.64459 0.32756
91 10.19467 3.8 0.96795 1.03554 0.64749 0.33775
91 10.4524 3.8 0.96505 1.03952 0.65024 0.34652
91 10.71664 3.8 0.96248 1.04338 0.65323 0.3565
91 10.98756 3.8 0.95974 1.04713 0.65623 0.36652
91 11.26533 3.8 0.95733 1.05074 0.65922 0.37655
91 11.55013 3.8 0.95478 1.05399 0.66241 0.38735
91 11.84212 3.8 0.95235 1.05732 0.66539 0.39798
91 12.1415 3.8 0.94982 1.0605 0.66838 0.40915
91 12.44844 3.8 0.94743 1.06333 0.67142 0.42069
91 12.76314 3.8 0.94518 1.06601 0.67463 0.43187
91 13.0858 3.8 0.94288 1.06855 0.67788 0.44433
91 13.41662 3.8 0.94089 1.07095 0.68111 0.45683
91 13.7558 3.8 0.93873 1.07302 0.68435 0.46929
91 14.10355 3.8 0.93655 1.07498 0.68763 0.48165
91 14.4601 3.8 0.93455 1.0768 0.69108 0.49517
91 14.82566 3.8 0.93258 1.07867 0.6944 0.50882
91 15.20046 3.8 0.93062 1.07995 0.69784 0.52289
91 15.58473 3.8 0.92884 1.08144 0.70116 0.53687
91 15.97872 3.8 0.92697 1.0824 0.70472 0.5518
91 16.38268 3.8 0.92528 1.08343 0.70826 0.56681
91 16.79684 3.8 0.92364 1.08425 0.71182 0.58143
91 17.22147 3.8 0.92216 1.08488 0.71543 0.59729
91 17.65684 3.8 0.92063 1.08546 0.7191 0.6132
91 18.10322 3.8 0.91927 1.08588 0.72283 0.62965
91 18.56088 3.8 0.91796 1.08605 0.72652 0.64593
91 19.0301 3.8 0.91671 1.08609 0.73023 0.66287
91 19.5112 3.8 0.91561 1.08604 0.73412 0.68017
91 20.00445 3.8 0.91456 1.08588 0.73793 0.69751
91 20.51017 3.8 0.91356 1.08554 0.74182 0.71483
91 21.02868 3.8 0.91269 1.08505 0.74573 0.73297
91 21.5603 3.8 0.91194 1.08452 0.74969 0.75099
91 22.10536 3.8 0.91129 1.08377 0.75366 0.76955
91 22.66419 3.8 0.91074 1.083 0.75769 0.78822
91 23.23715 3.8 0.91034 1.08199 0.76177 0.8065
91 23.8246 3.8 0.90996 1.08105 0.76587 0.82541
91 24.4269 3.8 0.90972 1.07984 0.76998 0.84451
91 25.04443 3.8 0.90964 1.07857 0.77413 0.86336
91 25.67756 3.8 0.90967 1.07722 0.77832 0.88253
91 26.32671 3.8 0.90973 1.07577 0.78252 0.90136
91 26.99226 3.8 0.90998 1.0742 0.78671 0.92009
91 27.67464 3.8 0.91039 1.07256 0.79093 0.93865
91 28.37427 3.8 0.91089 1.07077 0.79517 0.95729
91 29.09159 3.8 0.91152 1.069 0.79944 0.9754
91 29.82704 3.8 0.91226 1.0671 0.8037 0.99349
91 30.58108 3.8 0.91313 1.06509 0.80791 1.01102
91 31.35419 3.8 0.91413 1.06302 0.81221 1.02823
91 32.14684 3.8 0.91527 1.06081 0.81645 1.0451
91 32.95953 3.8 0.91653 1.05862 0.82069 1.06117
91 33.79277 3.8 0.91794 1.05632 0.82494 1.07692
91 34.64707 3.8 0.91944 1.05391 0.82913 1.09191
91 35.52297 3.8 0.92112 1.05145 0.83333 1.10599
91 36.42101 3.8 0.9229 1.04895 0.83746 1.11961
91 37.34175 3.8 0.92482 1.04634 0.84159 1.13222
91 38.28577 3.8 0.92687 1.04369 0.84565 1.14407
91 39.25366 3.8 0.92906 1.04099 0.84968 1.15487
91 40.24601 3.8 0.93135 1.03819 0.85369 1.16486
91 41.26345 3.8 0.93375 1.03538 0.85761 1.17396
91 42.30661 3.8 0.93629 1.03246 0.86148 1.18206
91 43.37615 3.8 0.93894 1.02949 0.86528 1.18893
91 44.47272 3.8 0.94169 1.02649 0.86903 1.19502
91 45.59702 3.8 0.94457 1.02343 0.87271 1.19991
91 46.74974 3.8 0.94753 1.02029 0.87626 1.20387
91 47.93159 3.8 0.95062 1.01713 0.87981 1.20683
91 49.14333 3.8 0.9538 1.01391 0.88322 1.20877
91 50.3857 3.8 0.95706 1.0106 0.88656 1.20962
91 51.65948 3.8 0.96039 1.00729 0.88983 1.20978
91 52.96546 3.8 0.96381 1.00389 0.89299 1.20888
91 54.30446 3.8 0.96734 1.00047 0.89603 1.20703
91 55.67731 3.8 0.9709 0.99701 0.899 1.20446
91 57.08486 3.8 0.97452 0.99349 0.90187 1.2011
91 58.528 3.8 0.97821 0.98994 0.90463 1.19712
91 60.00762 3.8 0.98196 0.98634 0.90731 1.19225
91 61.52464 3.8 0.98577 0.98271 0.90988 1.18677
91 63.08002 3.8 0.98958 0.97903 0.91236 1.18095
91 64.67472 3.8 0.99343 0.9753 0.9147 1.1744
91 66.30973 3.8 0.99731 0.97154 0.91699 1.16747
91 67.98608 3.8 1.00124 0.96774 0.91914 1.1601
91 69.7048 3.8 1.00514 0.96393 0.92121 1.15231
91 71.46698 3.8 1.00907 0.96003 0.92319 1.14432
91 73.2737 3.8 1.013 0.95615 0.92504 1.13606
91 75.1261 3.8 1.01692 0.95221 0.92683 1.12753
91 77.02533 3.8 1.02085 0.94823 0.92852 1.11874
91 78.97258 3.8 1.02473 0.94425 0.93013 1.10997
91 80.96905 3.8 1.02862 0.94022 0.93164 1.10105
91 83.01599 3.8 1.03247 0.93612 0.93306 1.09215
91 85.11468 3.8 1.03628 0.93203 0.93441 1.08317
91 87.26643 3.8 1.04007 0.92793 0.93566 1.0742
91 89.47257 3.8 1.04383 0.92381 0.93684 1.06531
91 91.73449 3.8 1.04754 0.91975 0.93797 1.05641
91 94.05359 3.8 1.0512 0.91567 0.939 1.04773
91 96.43131 3.8 1.05482 0.91162 0.93999 1.03902
91 98.86915 3.8 1.05836 0.90757 0.94089 1.03042
91 101.36862 3.8 1.06187 0.90356 0.94174 1.02207
91 103.93127 3.8 1.0653 0.89958 0.94252 1.01382
91 106.55872 3.8 1.06869 0.89561 0.94324 1.00571
91 109.25258 3.8 1.07201 0.8917 0.94392 0.99773
91 112.01454 3.8 1.07526 0.88784 0.94457 0.99009
91 114.84633 3.8 1.07844 0.88402 0.94513 0.98249
91 117.74971 3.8 1.08154 0.88024 0.94566 0.97512
91 120.72649 3.8 1.0846 0.87649 0.94615 0.96797
91 123.77853 3.8 1.08758 0.8728 0.9466 0.96103
91 126.90772 3.8 1.09047 0.86916 0.94701 0.95422
91 130.11601 3.8 1.09331 0.86554 0.94738 0.94771
91 133.40542 3.8 1.09607 0.86197 0.94773 0.94138
91 136.77798 3.8 1.09876 0.85843 0.94803 0.93516
91 140.23581 3.8 1.10136 0.85494 0.94831 0.92927
91 143.78105 3.8 1.10391 0.8515 0.94856 0.92346
91 147.41591 3.8 1.10637 0.84808 0.94879 0.91791
91 151.14267 3.8 1.10877 0.8447 0.949 0.91255
91 154.96364 3.8 1.11111 0.84139 0.94918 0.90737
91 158.8812 3.8 1.11337 0.8381 0.94933 0.90235
91 162.89781 3.8 1.11555 0.83488 0.94948 0.89757
91 167.01596 3.8 1.11768 0.83165 0.94959 0.89288
91 171.23821 3.8 1.11972 0.82852 0.9497 0.8884
91 175.56721 3.8 1.12172 0.82539 0.9498 0.88413
91 180.00565 3.8 1.12365 0.82231 0.94987 0.88
91 184.55629 3.8 1.1255 0.8193 0.94993 0.87601
91 189.22198 3.8 1.1273 0.8163 0.94999 0.87215
91 194.00561 3.8 1.12904 0.81333 0.95002 0.86853
91 198.91018 3.8 1.13072 0.81044 0.95005 0.86493
91 203.93874 3.8 1.13234 0.80758 0.95008 0.86156
91 209.09443 3.8 1.13391 0.80472 0.95009 0.8583
91 214.38045 3.8 1.13541 0.80195 0.95011 0.85517
91 219.80011 3.8 1.13687 0.79923 0.9501 0.85221
91 225.35678 3.8 1.13826 0.79654 0.9501 0.8493
91 231.05392 3.8 1.13962 0.79389 0.95009 0.84655
91 236.8951 3.8 1.14092 0.79127 0.95006 0.84392
91 242.88394 3.8 1.14218 0.78872 0.95005 0.84139
91 249.02418 3.8 1.14338 0.78618 0.95003 0.83896
91 255.31965 3.8 1.14454 0.78374 0.95 0.83664
91 261.77427 3.8 1.14566 0.78132 0.94997 0.83442
91 268.39207 3.8 1.14674 0.77891 0.94993 0.83225
91 275.17717 3.8 1.14775 0.77663 0.9499 0.83023
91 282.1338 3.8 1.14876 0.77434 0.94987 0.82825
91 289.2663 3.8 1.14971 0.77213 0.94982 0.82638
91 296.57912 3.8 1.15062 0.76994 0.94979 0.8246
91 304.0768 3.8 1.1515 0.7678 0.94975 0.82282
91 311.76403 3.8 1.15234 0.76575 0.94971 0.82124
91 319.6456 3.8 1.15317 0.7637 0.94966 0.81965
91 327.72642 3.8 1.15394 0.76177 0.94962 0.81815
91 336.01153 3.8 1.1547 0.75986 0.94957 0.8167
91 344.50609 3.8 1.15541 0.758 0.94954 0.81534
91 353.21539 3.8 1.15611 0.75621 0.94948 0.81399
91 362.14487 3.8 1.15677 0.75449 0.94943 0.81272
91 371.3001 3.8 1.15741 0.7528 0.94941 0.81154
91 380.68677 3.8 1.15803 0.75122 0.94937 0.81041
91 390.31075 3.8 1.15861 0.74966 0.94931 0.80932
91 400.17802 3.8 1.15917 0.74823 0.94927 0.80823
91 410.29474 3.8 1.1597 0.74684 0.94922 0.80723
91 420.66722 3.8 1.16021 0.74551 0.94919 0.80627
91 431.30192 3.8 1.16072 0.74422 0.94914 0.80531
91 442.20548 3.8 1.16119 0.7431 0.94911 0.80444
91 453.38468 3.8 1.16164 0.742 0.94907 0.80367
91 464.84649 3.8 1.16206 0.74101 0.94903 0.80284
91 476.59807 3.8 1.16249 0.74006 0.949 0.80205
91 488.64674 3.8 1.16289 0.73918 0.94896 0.80131
91 501 3.8 1.16326 0.73852 0.94892 0.80061
91 8.14308 4.2 1.40419 1.3825 1.18888 1
91 8.34894 4.2 1.38738 1.35099 1.17402 1
91 8.56001 4.2 1.371 1.32034 1.15941 1
91 8.77641 4.2 1.35497 1.29111 1.14473 1
91 8.99828 4.2 1.33932 1.26301 1.13036 1
91 9.22576 4.2 1.32367 1.23559 1.11609 1
91 9.45899 4.2 1.30854 1.20964 1.10264 1
91 9.69812 4.2 1.29315 1.18492 1.089 1
91 9.9433 4.2 1.27838 1.16137 1.0756 1
91 10.19467 4.2 1.2638 1.13903 1.06218 1
91 10.4524 4.2 1.24948 1.11784 1.04942 1
91 10.71664 4.2 1.23547 1.09798 1.03675 1
91 10.98756 4.2 1.22175 1.07922 1.02402 1
91 11.26533 4.2 1.20819 1.06152 1.012 1
91 11.55013 4.2 1.19502 1.04517 1 1
91 11.84212 4.2 1.182 1.02978 0.98831 1
91 12.1415 4.2 1.16921 1.01547 0.97676 1
91 12.44844 4.2 1.15689 1.00231 0.96559 1
91 12.76314 4.2 1.14482 0.98997 0.95464 1
91 13.0858 4.2 1.13286 0.97879 0.94376 1
91 13.41662 4.2 1.12122 0.96855 0.9335 1
91 13.7558 4.2 1.10992 0.9592 0.92306 1
91 14.10355 4.2 1.09865 0.95067 0.91313 1
91 14.4601 4.2 1.08791 0.943 0.90339 1
91 14.82566 4.2 1.0774 0.93604 0.89401 1
91 15.20046 4.2 1.06701 0.93 0.88463 1
91 15.58473 4.2 1.05703 0.92454 0.87563 1
91 15.97872 4.2 1.04744 0.91979 0.86702 1
91 16.38268 4.2 1.03789 0.91567 0.85857 1
91 16.79684 4.2 1.02876 0.91213 0.85031 1
91 17.22147 4.2 1.01983 0.90919 0.84244 1
91 17.65684 4.2 1.0112 0.9068 0.83483 1
91 18.10322 4.2 1.00297 0.90491 0.82741 1
91 18.56088 4.2 0.99486 0.90353 0.82027 1
91 19.0301 4.2 0.98723 0.9026 0.8134 1
91 19.5112 4.2 0.97972 0.90203 0.80685 1
91 20.00445 4.2 0.97258 0.90182 0.80054 1
91 20.51017 4.2 0.96573 0.90207 0.79454 1
91 21.02868 4.2 0.95923 0.90255 0.78881 1
91 21.5603 4.2 0.95299 0.90345 0.78333 1
91 22.10536 4.2 0.94707 0.90457 0.7781 1
91 22.66419 4.2 0.94138 0.90594 0.77321 1
91 23.23715 4.2 0.93605 0.90757 0.76856 1
91 23.8246 4.2 0.93106 0.90944 0.76419 1
91 24.4269 4.2 0.92631 0.91147 0.76009 1
91 25.04443 4.2 0.92197 0.91373 0.75626 1
91 25.67756 4.2 0.91789 0.91615 0.75268 1
91 26.32671 4.2 0.91416 0.91872 0.74937 1
91 26.99226 4.2 0.91075 0.92137 0.74644 1
91 27.67464 4.2 0.90764 0.92418 0.74363 1
91 28.37427 4.2 0.90485 0.92708 0.74118 1
91 29.09159 4.2 0.90243 0.93007 0.73893 1
91 29.82704 4.2 0.90032 0.93317 0.73701 1
91 30.58108 4.2 0.89848 0.93626 0.73531 1
91 31.35419 4.2 0.89705 0.93945 0.73384 1
91 32.14684 4.2 0.89591 0.94262 0.73261 1
91 32.95953 4.2 0.89516 0.94588 0.73163 1
91 33.79277 4.2 0.89472 0.94911 0.73089 1
91 34.64707 4.2 0.89463 0.95235 0.73041 1
91 35.52297 4.2 0.89482 0.95561 0.73014 1
91 36.42101 4.2 0.89538 0.95884 0.73006 1
91 37.34175 4.2 0.89629 0.96203 0.73021 1
91 38.28577 4.2 0.89753 0.96519 0.7306 1
91 39.25366 4.2 0.89907 0.96832 0.73116 1
91 40.24601 4.2 0.90098 0.97141 0.73191 1
91 41.26345 4.2 0.90319 0.97443 0.73287 1
91 42.30661 4.2 0.90577 0.9774 0.73396 1
91 43.37615 4.2 0.90866 0.98028 0.73528 1
91 44.47272 4.2 0.9119 0.9831 0.73671 1
91 45.59702 4.2 0.91545 0.98585 0.73832 1
91 46.74974 4.2 0.9193 0.98849 0.74008 1
91 47.93159 4.2 0.9235 0.99106 0.74201 1
91 49.14333 4.2 0.92799 0.99353 0.74403 1
91 50.3857 4.2 0.93278 0.9959 0.74619 1
91 51.65948 4.2 0.93788 0.99815 0.74846 1
91 52.96546 4.2 0.94329 1.00033 0.75083 1
91 54.30446 4.2 0.94898 1.00233 0.75332 1
91 55.67731 4.2 0.95496 1.00428 0.75585 1
91 57.08486 4.2 0.96123 1.00608 0.75851 1
91 58.528 4.2 0.96775 1.00775 0.76126 1
91 60.00762 4.2 0.97455 1.00931 0.76403 1
91 61.52464 4.2 0.98159 1.01074 0.76687 1
91 63.08002 4.2 0.9889 1.01204 0.76979 1
91 64.67472 4.2 0.99645 1.01322 0.77275 1
91 66.30973 4.2 1.00422 1.01424 0.77574 1
91 67.98608 4.2 1.01223 1.01514 0.77878 1
91 69.7048 4.2 1.02043 1.01591 0.78181 1
91 71.46698 4.2 1.02885 1.01654 0.78489 1
91 73.2737 4.2 1.03745 1.01702 0.78797 1
91 75.1261 4.2 1.04627 1.01721 0.79106 1
91 77.02533 4.2 1.05523 1.01632 0.79414 1
91 78.97258 4.2 1.06438 1.01419 0.79723 1
91 80.96905 4.2 1.07364 1.01081 0.80033 1
91 83.01599 4.2 1.08307 1.00624 0.8034 1
91 85.11468 4.2 1.09261 1.00047 0.80647 1
91 87.26643 4.2 1.1023 0.99355 0.8095 1
91 89.47257 4.2 1.11207 0.98546 0.81252 1
91 91.73449 4.2 1.12195 0.97627 0.81549 1
91 94.05359 4.2 1.1319 0.966 0.81845 1
91 96.43131 4.2 1.14194 0.9547 0.82137 1
91 98.86915 4.2 1.15203 0.94239 0.82425 1
91 101.36862 4.2 1.1622 0.92916 0.8271 1
91 103.93127 4.2 1.17238 0.91502 0.82988 1
91 106.55872 4.2 1.18262 0.90004 0.83265 1
91 109.25258 4.2 1.19285 0.88428 0.83538 1
91 112.01454 4.2 1.20307 0.86777 0.83804 1
91 114.84633 4.2 1.21333 0.85063 0.84066 1
91 117.74971 4.2 1.22358 0.83286 0.84322 1
91 120.72649 4.2 1.23379 0.81454 0.84575 1
91 123.77853 4.2 1.24398 0.79574 0.84822 1
91 126.90772 4.2 1.25409 0.77651 0.85063 1
91 130.11601 4.2 1.2642 0.75693 0.853 1
91 133.40542 4.2 1.27423 0.73704 0.85531 1
91 136.77798 4.2 1.2842 0.71693 0.85756 1
91 140.23581 4.2 1.29412 0.69664 0.85978 1
91 143.78105 4.2 1.30394 0.67624 0.86191 1
91 147.41591 4.2 1.31366 0.65577 0.86402 1
91 151.14267 4.2 1.3233 0.63532 0.86607 1
91 154.96364 4.2 1.33282 0.6149 0.86805 1
91 158.8812 4.2 1.34225 0.59459 0.87 1
91 162.89781 4.2 1.35157 0.57445 0.87186 1
91 167.01596 4.2 1.36077 0.55452 0.87369 1
91 171.23821 4.2 1.36984 0.5348 0.8755 1
91 175.56721 4.2 1.3788 0.51538 0.87721 1
91 180.00565 4.2 1.38761 0.4963 0.87891 1
91 184.55629 4.2 1.3963 0.47758 0.88054 1
91 189.22198 4.2 1.40486 0.45925 0.88211 1
91 194.00561 4.2 1.41325 0.44133 0.88366 1
91 198.91018 4.2 1.42152 0.42386 0.88517 1
91 203.93874 4.2 1.42964 0.40688 0.8866 1
91 209.09443 4.2 1.43761 0.39038 0.888 1
91 214.38045 4.2 1.44542 0.37438 0.88937 1
91 219.80011 4.2 1.45311 0.35891 0.89067 1
91 225.35678 4.2 1.46063 0.34397 0.89194 1
91 231.05392 4.2 1.46799 0.32957 0.89319 1
91 236.8951 4.2 1.4752 0.31574 0.89438 1
91 242.88394 4.2 1.48227 0.30244 0.89553 1
91 249.02418 4.2 1.48917 0.28971 0.89666 1
91 255.31965 4.2 1.49593 0.27752 0.89774 1
91 261.77427 4.2 1.50251 0.26589 0.89878 1
91 268.39207 4.2 1.50899 0.25477 0.89977 1
91 275.17717 4.2 1.51527 0.24422 0.90075 1
91 282.1338 4.2 1.52142 0.23418 0.90169 1
91 289.2663 4.2 1.52743 0.22466 0.90259 1
91 296.57912 4.2 1.53328 0.21566 0.90346 1
91 304.0768 4.2 1.53899 0.20715 0.90431 1
91 311.76403 4.2 1.54454 0.1991 0.90514 1
91 319.6456 4.2 1.54996 0.19153 0.90594 1
91 327.72642 4.2 1.55526 0.1844 0.90669 1
91 336.01153 4.2 1.56039 0.17772 0.90742 1
91 344.50609 4.2 1.5654 0.17146 0.90813 1
91 353.21539 4.2 1.57028 0.1656 0.90883 1
91 362.14487 4.2 1.575 0.16011 0.90947 1
91 371.3001 4.2 1.5796 0.155 0.91011 1
91 380.68677 4.2 1.58409 0.15021 0.91072 1
91 390.31075 4.2 1.58844 0.14578 0.91129 1
91 400.17802 4.2 1.59266 0.14168 0.91187 1
91 410.29474 4.2 1.59676 0.13786 0.91242 1
91 420.66722 4.2 1.60075 0.13434 0.91296 1
91 431.30192 4.2 1.60463 0.13108 0.91346 1
91 442.20548 4.2 1.60838 0.12805 0.91393 1
91 453.38468 4.2 1.61203 0.12529 0.91443 1
91 464.84649 4.2 1.61557 0.12273 0.91486 1
91 476.59807 4.2 1.61901 0.12039 0.91528 1
91 488.64674 4.2 1.62233 0.11823 0.91573 1
91 501 4.2 1.62556 0.11626 0.91612 1
