 iset =        11900
 ECM, IBEAM, JWTYPE_IN, NORDER, IDO_CBAR,          scale_fac_muR, scale_fac_muF, iscale=    8000.0000000000000                1           2           2           0   1.0000000000000000        1.0000000000000000                1

  Q,qT,y, pertL0_1, pertA3_1,  pertL0_1+pertL0_2 pertA3_1+pertA3_2 
  60.00      0.9106E-01  -3.900        46436.59       -44621.98       -72511.21        68013.32    
  60.00      0.1006      -3.900        41326.51       -39711.48       -59964.75        56142.07    
  60.00      0.1112      -3.900        36744.50       -35308.43       -49311.01        46070.75    
  60.00      0.1229      -3.900        32665.60       -31388.86       -40347.58        37605.00    
  60.00      0.1358      -3.900        29037.93       -27902.89       -32830.82        30513.41    
  60.00      0.1501      -3.900        25795.11       -24786.76       -26513.73        24559.91    
  60.00      0.1659      -3.900        22907.66       -22012.12       -21241.34        19597.83    
  60.00      0.1834      -3.900        20331.23       -19536.34       -16845.92        15466.73    
  60.00      0.2027      -3.900        18042.76       -17337.30       -13209.27        12054.77    
  60.00      0.2240      -3.900        16008.60       -15382.63       -10214.49        9249.816    
  60.00      0.2475      -3.900        14200.97       -13645.64       -7757.791        6953.936    
  60.00      0.2736      -3.900        12584.76       -12092.59       -5740.668        5073.499    
  60.00      0.3023      -3.900        11154.33       -10718.07       -4110.415        3558.143    
  60.00      0.3341      -3.900        9878.691       -9492.302       -2792.019        2336.908    
  60.00      0.3693      -3.900        8743.216       -8401.216       -1737.218        1363.812    
  60.00      0.4081      -3.900        7736.986       -7434.328       -906.8952        601.6962    
  60.00      0.4510      -3.900        6842.551       -6574.867       -257.9746        9.250369    
  60.00      0.4985      -3.900        6046.875       -5810.308        241.1726       -441.4652    
  60.00      0.5509      -3.900        5342.041       -5133.041        614.7728       -775.5083    
  60.00      0.6088      -3.900        4716.668       -4532.131        888.6159       -1016.518    
  60.00      0.6729      -3.900        4160.900       -3998.108        1080.889       -1181.635    
  60.00      0.7436      -3.900        3669.015       -3525.470        1207.066       -1285.479    
  60.00      0.8218      -3.900        3232.669       -3106.203        1280.205       -1340.494    
  60.00      0.9083      -3.900        2845.822       -2734.500        1312.502       -1357.956    
  60.00       1.004      -3.900        2502.986       -2405.088        1312.541       -1345.989    
  60.00       1.109      -3.900        2201.588       -2115.495        1288.177       -1312.033    
  60.00       1.226      -3.900        1932.754       -1857.192        1245.050       -1261.233    
  60.00       1.355      -3.900        1695.684       -1629.412        1189.234       -1199.348    
  60.00       1.497      -3.900        1486.900       -1428.813        1124.445       -1129.857    
  60.00       1.655      -3.900        1301.203       -1250.397        1053.346       -1055.117    
  60.00       1.829      -3.900        1137.954       -1093.553        979.3255       -978.3651    
  60.00       2.021      -3.900        994.1748       -955.4155        904.3501       -901.4641    
  60.00       2.234      -3.900        866.9179       -833.1541        829.7439       -825.3324    
  60.00       2.469      -3.900        755.0541       -725.6831        757.0205       -751.5962    
  60.00       2.729      -3.900        656.5105       -631.0107        686.8011       -680.8163    
  60.00       3.016      -3.900        569.9516       -547.8532        619.9866       -613.6897    
  60.00       3.333      -3.900        493.8905       -474.7817        557.0625       -550.6674    
  60.00       3.683      -3.900        427.2065       -410.7190        498.1533       -491.8327    
  60.00       4.071      -3.900        368.5732       -354.3909        443.2174       -437.0983    
  60.00       4.499      -3.900        317.3075       -305.1406        392.6427       -386.8114    
  60.00       4.972      -3.900        272.4693       -262.0648        346.2138       -340.7329    
  60.00       5.495      -3.900        233.2923       -224.4267        303.8088       -298.7188    
  60.00       6.073      -3.900        199.1193       -191.5948        265.3034       -260.6260    
  60.00       6.711      -3.900        169.4049       -163.0447        230.5711       -226.3123    
  60.00       7.417      -3.900        143.5670       -138.2174        199.3073       -195.4662    
  60.00       8.197      -3.900        121.1907       -116.7143        171.3722       -167.9373    
  60.00       9.059      -3.900        101.8438       -98.12004        146.4883       -143.4447    
  60.00       10.01      -3.900        85.17254       -82.09455        124.4684       -121.7948    
  60.00       11.06      -3.900        70.85681       -68.33042        105.0852       -102.7578    
  60.00       12.23      -3.900        58.49605       -56.44309        87.95472       -85.95076    
  60.00       13.51      -3.900        48.06536       -46.40886        73.18570       -71.47551    
  60.00       14.94      -3.900        39.11092       -37.79140        60.25393       -58.81312    
  60.00       16.51      -3.900        31.59020       -30.55047        49.19505       -47.99504    
  60.00       18.24      -3.900        25.28108       -24.47281        39.76370       -38.77743    
  60.00       20.16      -3.900        19.98756       -19.36992        31.73106       -30.93323    
  60.00       22.28      -3.900        15.59983       -15.13678        24.98044       -24.34597    
  60.00       24.63      -3.900        11.98313       -11.64399        19.34740       -18.85282    
  60.00       27.22      -3.900        9.049331       -8.807124        14.72675       -14.34908    
  60.00       30.08      -3.900        6.693103       -6.525473        10.97905       -10.69770    
  60.00       33.24      -3.900        4.832497       -4.720516        7.989533       -7.785427    
  60.00       36.74      -3.900        3.387558       -3.315987        5.646202       -5.502847    
  60.00       40.60      -3.900        2.297153       -2.253584        3.862061       -3.764679    
  60.00       44.87      -3.900        1.496930       -1.471934        2.539310       -2.475728    
  60.00       49.59      -3.900       0.9307259      -0.9173423        1.594277       -1.554550    
  60.00       54.81      -3.900       0.5473804      -0.5407813       0.9472613      -0.9236649    
  60.00       60.57      -3.900       0.3017164      -0.2987596       0.5278295      -0.5145912    
  60.00       66.94      -3.900       0.1534536      -0.1522770       0.2715803      -0.2646497    
  60.00       73.98      -3.900       0.7073206E-01  -0.7032741E-01   0.1267056      -0.1233718    
  60.00       81.76      -3.900       0.2875493E-01  -0.2863931E-01   0.5217317E-01  -0.5073419E-01
  60.00       89.36      -3.900       0.1125725E-01  -0.1122626E-01   0.2067247E-01  -0.2006843E-01
  60.00       90.36      -3.900       0.9897832E-02  -0.9871978E-02   0.1820364E-01  -0.1766722E-01
  60.00       91.20      -3.900       0.8874356E-02  -0.8852188E-02   0.1634211E-01  -0.1585706E-01
  60.00       92.00      -3.900       0.7990290E-02  -0.7971173E-02   0.1473224E-01  -0.1429190E-01
  60.00       99.86      -3.900       0.2696069E-02  -0.2691961E-02   0.5030871E-02  -0.4868892E-02
  60.00       110.4      -3.900       0.5084302E-03  -0.5080459E-03   0.9640344E-03  -0.9291748E-03
  60.00       120.0      -3.900       0.7952925E-04  -0.7950156E-04   0.1531242E-03  -0.1468287E-03
  60.00       130.0      -3.900       0.6084374E-05  -0.6083625E-05   0.1192641E-04  -0.1134498E-04
  60.00       140.0      -3.900       0.9390812E-07  -0.9390565E-07   0.1887809E-06  -0.1767589E-06
  60.00       150.0      -3.900       0.6496200E-13  -0.6496028E-13   0.1556144E-12  -0.1289332E-12
  60.00       160.0      -3.900        0.000000        0.000000        0.000000        0.000000    
  60.00       170.0      -3.900        0.000000        0.000000        0.000000        0.000000    
  60.00       180.0      -3.900        0.000000        0.000000        0.000000        0.000000    
  60.00       190.0      -3.900        0.000000        0.000000        0.000000        0.000000    
  60.00       200.0      -3.900        0.000000        0.000000        0.000000        0.000000    
  60.00       210.0      -3.900        0.000000        0.000000        0.000000        0.000000    
  60.00       220.0      -3.900        0.000000        0.000000        0.000000        0.000000    
  60.00       230.0      -3.900        0.000000        0.000000        0.000000        0.000000    
  60.00       240.0      -3.900        0.000000        0.000000        0.000000        0.000000    
  60.00       250.0      -3.900        0.000000        0.000000        0.000000        0.000000    
  60.00       260.0      -3.900        0.000000        0.000000        0.000000        0.000000    
  60.00       270.0      -3.900        0.000000        0.000000        0.000000        0.000000    
  60.00       280.0      -3.900        0.000000        0.000000        0.000000        0.000000    
  60.00       290.0      -3.900        0.000000        0.000000        0.000000        0.000000    
  60.00       300.0      -3.900        0.000000        0.000000        0.000000        0.000000    
  60.00       310.0      -3.900        0.000000        0.000000        0.000000        0.000000    
  60.00       320.0      -3.900        0.000000        0.000000        0.000000        0.000000    
  60.00       330.0      -3.900        0.000000        0.000000        0.000000        0.000000    
  60.00       340.0      -3.900        0.000000        0.000000        0.000000        0.000000    
  60.00       350.0      -3.900        0.000000        0.000000        0.000000        0.000000    
  60.00       360.0      -3.900        0.000000        0.000000        0.000000        0.000000    
  60.00       370.0      -3.900        0.000000        0.000000        0.000000        0.000000    
  60.00       380.0      -3.900        0.000000        0.000000        0.000000        0.000000    
  60.00       400.0      -3.900        0.000000        0.000000        0.000000        0.000000    
  60.00       450.0      -3.900        0.000000        0.000000        0.000000        0.000000    
  60.00       500.0      -3.900        0.000000        0.000000        0.000000        0.000000    
  60.00      0.9106E-01  -3.200        85010.93       -72510.43       -161984.3        135708.4    
  60.00      0.1006      -3.200        75711.33       -64577.44       -135468.4        113369.4    
  60.00      0.1112      -3.200        67367.60       -57459.94       -112807.3        94289.11    
  60.00      0.1229      -3.200        59935.70       -51120.31       -93621.72        78144.88    
  60.00      0.1358      -3.200        53322.63       -45479.24       -77419.88        64520.97    
  60.00      0.1501      -3.200        47408.41       -40434.35       -63697.91        52991.08    
  60.00      0.1659      -3.200        42139.07       -35939.61       -52143.94        43291.32    
  60.00      0.1834      -3.200        37434.83       -31926.94       -42423.76        35137.65    
  60.00      0.2027      -3.200        33253.20       -28360.10       -34299.24        28329.63    
  60.00      0.2240      -3.200        29533.75       -25187.54       -27521.91        22656.84    
  60.00      0.2475      -3.200        26225.87       -22366.07       -21885.69        17945.03    
  60.00      0.2736      -3.200        23265.73       -19841.25       -17186.83        14022.32    
  60.00      0.3023      -3.200        20643.65       -17604.82       -13326.55        10804.83    
  60.00      0.3341      -3.200        18304.11       -15609.40       -10139.38        8153.218    
  60.00      0.3693      -3.200        16220.12       -13831.99       -7538.993        5994.265    
  60.00      0.4081      -3.200        14371.91       -12255.69       -5430.234        4247.801    
  60.00      0.4510      -3.200        12727.64       -10853.36       -3727.436        2841.687    
  60.00      0.4985      -3.200        11263.73       -9604.874       -2364.935        1720.406    
  60.00      0.5509      -3.200        9965.370       -8497.600       -1287.467        837.4659    
  60.00      0.6088      -3.200        8812.070       -7514.060       -444.5868        150.4980    
  60.00      0.6729      -3.200        7786.252       -6639.261        204.6104       -375.0623    
  60.00      0.7436      -3.200        6877.630       -5864.426        693.1860       -766.9837    
  60.00      0.8218      -3.200        6070.886       -5176.491        1051.980       -1051.087    
  60.00      0.9083      -3.200        5354.697       -4565.796        1304.978       -1247.573    
  60.00       1.004      -3.200        4719.381       -4024.080        1473.202       -1374.021    
  60.00       1.109      -3.200        4160.169       -3547.275        1572.701       -1444.049    
  60.00       1.226      -3.200        3660.498       -3121.254        1619.510       -1470.808    
  60.00       1.355      -3.200        3219.391       -2745.182        1624.795       -1463.769    
  60.00       1.497      -3.200        2830.424       -2413.578        1598.268       -1431.055    
  60.00       1.655      -3.200        2484.086       -2118.331        1547.587       -1378.927    
  60.00       1.829      -3.200        2179.149       -1858.393        1479.491       -1313.096    
  60.00       2.021      -3.200        1910.103       -1629.063        1400.133       -1238.620    
  60.00       2.234      -3.200        1671.636       -1425.811        1312.542       -1157.973    
  60.00       2.469      -3.200        1461.590       -1246.795        1220.875       -1074.614    
  60.00       2.729      -3.200        1276.156       -1088.768        1127.549       -990.5043    
  60.00       3.016      -3.200        1113.006       -949.7412        1034.822       -907.4977    
  60.00       3.333      -3.200        969.4187       -827.3933        944.1858       -826.8018    
  60.00       3.683      -3.200        843.1942       -719.8470        856.8939       -749.4086    
  60.00       4.071      -3.200        731.9071       -625.0338        773.4659       -675.6986    
  60.00       4.499      -3.200        634.3697       -541.9395        694.8734       -606.4675    
  60.00       4.972      -3.200        548.8195       -469.0607        621.3448       -541.8587    
  60.00       5.495      -3.200        473.8180       -405.1699        553.0347       -481.9687    
  60.00       6.073      -3.200        408.1688       -349.2463        489.9251       -426.7488    
  60.00       6.711      -3.200        350.8320       -300.4017        432.1273       -376.2597    
  60.00       7.417      -3.200        300.7293       -257.7159        379.3561       -330.2296    
  60.00       8.197      -3.200        257.1122       -220.5505        331.5380       -288.5757    
  60.00       9.059      -3.200        219.1822       -188.2248        288.4060       -251.0467    
  60.00       10.01      -3.200        186.2941       -160.1880        249.7401       -217.4384    
  60.00       11.06      -3.200        157.7981       -135.8857        215.1846       -187.4293    
  60.00       12.23      -3.200        132.9772       -114.7067        184.2340       -160.5699    
  60.00       13.51      -3.200        111.7862       -96.61333        157.1207       -137.0540    
  60.00       14.94      -3.200        93.35406       -80.86255        132.9819       -116.1261    
  60.00       16.51      -3.200        77.65586       -67.43406        111.9795       -97.92077    
  60.00       18.24      -3.200        64.26217       -55.96204        93.71383       -82.08560    
  60.00       20.16      -3.200        52.78096       -46.11243        77.78364       -68.27040    
  60.00       22.28      -3.200        43.02650       -37.72764        64.03439       -56.33838    
  60.00       24.63      -3.200        34.75188       -30.59716        52.20532       -46.05981    
  60.00       27.22      -3.200        27.80648       -24.59428        42.14766       -37.30641    
  60.00       30.08      -3.200        21.99526       -19.55297        33.63247       -29.87798    
  60.00       33.24      -3.200        17.16570       -15.34476        26.47882       -23.61918    
  60.00       36.74      -3.200        13.18555       -11.85850        20.52005       -18.38628    
  60.00       40.60      -3.200        9.958472       -9.014706        15.63763       -14.07991    
  60.00       44.87      -3.200        7.369626       -6.717552        11.68059       -10.57174    
  60.00       49.59      -3.200        5.332871       -4.896451        8.533150       -7.765175    
  60.00       54.81      -3.200        3.763231       -3.481350        6.080606       -5.564466    
  60.00       60.57      -3.200        2.584217       -2.409019        4.217397       -3.881323    
  60.00       66.94      -3.200        1.720606       -1.616347        2.836362       -2.625046    
  60.00       73.98      -3.200        1.107462       -1.048312        1.844242       -1.716193    
  60.00       81.76      -3.200       0.6867209      -0.6548870        1.155216       -1.080607    
  60.00       89.36      -3.200       0.4336860      -0.4162177       0.7360466      -0.6914744    
  60.00       90.36      -3.200       0.4084068      -0.3922621       0.6939158      -0.6522319    
  60.00       91.20      -3.200       0.3883319      -0.3732212       0.6604156      -0.6210061    
  60.00       92.00      -3.200       0.3701563      -0.3559677       0.6300441      -0.5926835    
  60.00       99.86      -3.200       0.2318305      -0.2241685       0.3977945      -0.3755175    
  60.00       110.4      -3.200       0.1245224      -0.1211621       0.2157515      -0.2044308    
  60.00       120.0      -3.200       0.7088005E-01  -0.6929602E-01   0.1237838      -0.1175885    
  60.00       130.0      -3.200       0.3941581E-01  -0.3869573E-01   0.6934965E-01  -0.6600447E-01
  60.00       140.0      -3.200       0.2185662E-01  -0.2153202E-01   0.3871780E-01  -0.3689717E-01
  60.00       150.0      -3.200       0.1204229E-01  -0.1189774E-01   0.2146655E-01  -0.2047111E-01
  60.00       160.0      -3.200       0.6572105E-02  -0.6508806E-02   0.1178390E-01  -0.1123952E-01
  60.00       170.0      -3.200       0.3540137E-02  -0.3512998E-02   0.6382528E-02  -0.6085985E-02
  60.00       180.0      -3.200       0.1874092E-02  -0.1862763E-02   0.3396426E-02  -0.3236327E-02
  60.00       190.0      -3.200       0.9704411E-03  -0.9658640E-03   0.1767468E-02  -0.1682288E-02
  60.00       200.0      -3.200       0.4888295E-03  -0.4870519E-03   0.8946126E-03  -0.8502223E-03
  60.00       210.0      -3.200       0.2378439E-03  -0.2371860E-03   0.4373632E-03  -0.4148750E-03
  60.00       220.0      -3.200       0.1108207E-03  -0.1105913E-03   0.2047690E-03  -0.1937882E-03
  60.00       230.0      -3.200       0.4888284E-04  -0.4880846E-04   0.9077083E-04  -0.8565996E-04
  60.00       240.0      -3.200       0.2011909E-04  -0.2009706E-04   0.3754605E-04  -0.3531437E-04
  60.00       250.0      -3.200       0.7556870E-05  -0.7551066E-05   0.1418276E-04  -0.1328597E-04
  60.00       260.0      -3.200       0.2513197E-05  -0.2511883E-05   0.4746515E-05  -0.4423682E-05
  60.00       270.0      -3.200       0.7052021E-06  -0.7049605E-06   0.1341674E-05  -0.1242554E-05
  60.00       280.0      -3.200       0.1537950E-06  -0.1537620E-06   0.2953560E-06  -0.2712605E-06
  60.00       290.0      -3.200       0.2231975E-07  -0.2231695E-07   0.4342642E-07  -0.3941505E-07
  60.00       300.0      -3.200       0.1511462E-08  -0.1511362E-08   0.3004743E-08  -0.2676746E-08
  60.00       310.0      -3.200       0.1499375E-10  -0.1499333E-10   0.3123335E-10  -0.2686404E-10
  60.00       320.0      -3.200        0.000000        0.000000        0.000000        0.000000    
  60.00       330.0      -3.200        0.000000        0.000000        0.000000        0.000000    
  60.00       340.0      -3.200        0.000000        0.000000        0.000000        0.000000    
  60.00       350.0      -3.200        0.000000        0.000000        0.000000        0.000000    
  60.00       360.0      -3.200        0.000000        0.000000        0.000000        0.000000    
  60.00       370.0      -3.200        0.000000        0.000000        0.000000        0.000000    
  60.00       380.0      -3.200        0.000000        0.000000        0.000000        0.000000    
  60.00       400.0      -3.200        0.000000        0.000000        0.000000        0.000000    
  60.00       450.0      -3.200        0.000000        0.000000        0.000000        0.000000    
  60.00       500.0      -3.200        0.000000        0.000000        0.000000        0.000000    
  60.00      0.9106E-01  -2.960        89095.63       -70819.29       -176367.8        137931.4    
  60.00      0.1006      -2.960        79362.21       -63081.44       -147790.7        115474.4    
  60.00      0.1112      -2.960        70628.32       -56138.29       -123340.2        96267.44    
  60.00      0.1229      -2.960        62847.97       -49953.25       -102608.8        79992.48    
  60.00      0.1358      -2.960        55923.44       -44448.64       -85076.69        66237.13    
  60.00      0.1501      -2.960        49729.26       -39524.70       -70201.54        54574.41    
  60.00      0.1659      -2.960        44209.82       -35137.19       -57662.01        44750.06    
  60.00      0.1834      -2.960        39281.61       -31219.73       -47091.41        36474.61    
  60.00      0.2027      -2.960        34900.79       -27737.44       -38241.64        29551.93    
  60.00      0.2240      -2.960        31003.31       -24639.42       -30845.83        23773.03    
  60.00      0.2475      -2.960        27536.65       -21883.89       -24684.19        18963.27    
  60.00      0.2736      -2.960        24434.19       -19417.90       -19535.02        14948.60    
  60.00      0.3023      -2.960        21685.98       -17233.54       -15291.87        11644.70    
  60.00      0.3341      -2.960        19233.04       -15283.91       -11780.79        8915.001    
  60.00      0.3693      -2.960        17047.26       -13546.66       -8897.254        6677.159    
  60.00      0.4081      -2.960        15108.66       -12005.90       -6552.467        4861.132    
  60.00      0.4510      -2.960        13383.73       -10635.00       -4652.238        3392.924    
  60.00      0.4985      -2.960        11847.70       -9414.260       -3117.141        2210.131    
  60.00      0.5509      -2.960        10485.26       -8331.510       -1902.601        1277.612    
  60.00      0.6088      -2.960        9274.866       -7369.616       -942.3916        543.4027    
  60.00      0.6729      -2.960        8198.104       -6513.949       -194.5578       -25.40001    
  60.00      0.7436      -2.960        7243.942       -5755.735        376.3305       -456.6553    
  60.00      0.8218      -2.960        6396.355       -5082.238        803.7303       -776.5485    
  60.00      0.9083      -2.960        5643.933       -4484.386        1113.585       -1005.361    
  60.00       1.004      -2.960        4976.228       -3953.872        1328.222       -1160.614    
  60.00       1.109      -2.960        4388.499       -3486.926        1465.428       -1256.282    
  60.00       1.226      -2.960        3863.156       -3069.568        1543.024       -1306.108    
  60.00       1.355      -2.960        3399.310       -2701.086        1573.044       -1319.621    
  60.00       1.497      -2.960        2990.246       -2376.144        1566.407       -1305.327    
  60.00       1.655      -2.960        2625.738       -2086.615        1531.572       -1269.681    
  60.00       1.829      -2.960        2304.677       -1831.615        1476.074       -1218.660    
  60.00       2.021      -2.960        2021.405       -1606.646        1405.892       -1156.868    
  60.00       2.234      -2.960        1770.295       -1407.236        1325.487       -1087.697    
  60.00       2.469      -2.960        1548.951       -1231.480        1238.702       -1014.152    
  60.00       2.729      -2.960        1353.523       -1076.317        1149.269       -939.0999    
  60.00       3.016      -2.960        1181.481       -939.7344        1058.875       -863.8237    
  60.00       3.333      -2.960        1029.960       -819.4557        969.6346       -789.9337    
  60.00       3.683      -2.960        896.7549       -713.7270        882.9794       -718.5072    
  60.00       4.071      -2.960        779.2433       -620.4633        799.5376       -649.9827    
  60.00       4.499      -2.960        676.2059       -538.6941        720.4696       -585.2513    
  60.00       4.972      -2.960        585.7721       -466.9311        646.1084       -524.5298    
  60.00       5.495      -2.960        506.4380       -403.9790        576.6887       -467.9693    
  60.00       6.073      -2.960        436.9662       -348.8539        512.3837       -415.6813    
  60.00       6.711      -2.960        376.2575       -300.6813        453.2537       -367.6806    
  60.00       7.417      -2.960        323.1686       -258.5513        399.1081       -323.7921    
  60.00       8.197      -2.960        276.8839       -221.8150        349.8296       -283.9001    
  60.00       9.059      -2.960        236.5992       -189.8333        305.2721       -247.8706    
  60.00       10.01      -2.960        201.6499       -162.0781        265.2273       -215.5202    
  60.00       11.06      -2.960        171.3492       -138.0029        229.3771       -186.5787    
  60.00       12.23      -2.960        144.8883       -116.9653        197.1485       -160.5767    
  60.00       13.51      -2.960        122.2619       -98.96154        168.8392       -137.7446    
  60.00       14.94      -2.960        102.5617       -83.26971        143.5797       -117.3747    
  60.00       16.51      -2.960        85.74768       -69.85904        121.5433       -99.59884    
  60.00       18.24      -2.960        71.34837       -58.35538        102.2963       -84.06645    
  60.00       20.16      -2.960        58.97672       -48.45082        85.46156       -70.46721    
  60.00       22.28      -2.960        48.43431       -39.98892        70.88280       -58.67348    
  60.00       24.63      -2.960        39.44624       -32.75119        58.27441       -48.45297    
  60.00       27.22      -2.960        31.86016       -26.61800        47.49518       -39.68924    
  60.00       30.08      -2.960        25.48001       -21.43468        38.31912       -32.20232    
  60.00       33.24      -2.960        20.13688       -17.06821        30.55008       -25.83386    
  60.00       36.74      -2.960        15.69139       -13.41000        24.01765       -20.44896    
  60.00       40.60      -2.960        12.05129       -10.39023        18.61256       -15.96341    
  60.00       44.87      -2.960        9.093988       -7.914257        14.17532       -12.25268    
  60.00       49.59      -2.960        6.729761       -5.914503        10.58998       -9.228439    
  60.00       54.81      -2.960        4.876277       -4.329279        7.747789       -6.808436    
  60.00       60.57      -2.960        3.452972       -3.097516        5.540421       -4.910142    
  60.00       66.94      -2.960        2.382932       -2.160028        3.861539       -3.451330    
  60.00       73.98      -2.960        1.600547       -1.465932        2.619437       -2.360710    
  60.00       81.76      -2.960        1.042991      -0.9650193        1.723793       -1.566043    
  60.00       89.36      -2.960       0.6938598      -0.6476356        1.156611       -1.057956    
  60.00       90.36      -2.960       0.6581110      -0.6149287        1.098188       -1.005344    
  60.00       91.20      -2.960       0.6295826      -0.5887965        1.051512      -0.9632661    
  60.00       92.00      -2.960       0.6036222      -0.5649915        1.008989      -0.9249027    
  60.00       99.86      -2.960       0.4009459      -0.3781731       0.6754210      -0.6227090    
  60.00       110.4      -2.960       0.2344008      -0.2230607       0.3985238      -0.3698149    
  60.00       120.0      -2.960       0.1452138      -0.1391470       0.2487209      -0.2319235    
  60.00       130.0      -2.960       0.8884669E-01  -0.8566308E-01   0.1532427      -0.1434809    
  60.00       140.0      -2.960       0.5468264E-01  -0.5300443E-01   0.9491440E-01  -0.8916398E-01
  60.00       150.0      -2.960       0.3379767E-01  -0.3291058E-01   0.5899957E-01  -0.5557036E-01
  60.00       160.0      -2.960       0.2093047E-01  -0.2046164E-01   0.3673071E-01  -0.3466511E-01
  60.00       170.0      -2.960       0.1296508E-01  -0.1271765E-01   0.2286442E-01  -0.2161009E-01
  60.00       180.0      -2.960       0.8022246E-02  -0.7892256E-02   0.1421176E-01  -0.1344572E-01
  60.00       190.0      -2.960       0.4949275E-02  -0.4881384E-02   0.8805123E-02  -0.8335432E-02
  60.00       200.0      -2.960       0.3038262E-02  -0.3003098E-02   0.5427032E-02  -0.5138597E-02
  60.00       210.0      -2.960       0.1852213E-02  -0.1834192E-02   0.3321449E-02  -0.3144453E-02
  60.00       220.0      -2.960       0.1119694E-02  -0.1110580E-02   0.2015340E-02  -0.1907066E-02
  60.00       230.0      -2.960       0.6694512E-03  -0.6649145E-03   0.1209266E-02  -0.1143412E-02
  60.00       240.0      -2.960       0.3948647E-03  -0.3926488E-03   0.7158751E-03  -0.6761667E-03
  60.00       250.0      -2.960       0.2292734E-03  -0.2282146E-03   0.4170661E-03  -0.3934036E-03
  60.00       260.0      -2.960       0.1304817E-03  -0.1299891E-03   0.2382362E-03  -0.2243505E-03
  60.00       270.0      -2.960       0.7260332E-04  -0.7238093E-04   0.1330175E-03  -0.1250195E-03
  60.00       280.0      -2.960       0.3927527E-04  -0.3917842E-04   0.7222490E-04  -0.6773005E-04
  60.00       290.0      -2.960       0.2055394E-04  -0.2051354E-04   0.3794154E-04  -0.3548806E-04
  60.00       300.0      -2.960       0.1033072E-04  -0.1031469E-04   0.1914725E-04  -0.1785448E-04
  60.00       310.0      -2.960       0.4941768E-05  -0.4935784E-05   0.9199767E-05  -0.8548432E-05
  60.00       320.0      -2.960       0.2223601E-05  -0.2221526E-05   0.4159690E-05  -0.3849586E-05
  60.00       330.0      -2.960       0.9257940E-06  -0.9251378E-06   0.1741536E-05  -0.1604037E-05
  60.00       340.0      -2.960       0.3487598E-06  -0.3485752E-06   0.6602766E-06  -0.6047089E-06
  60.00       350.0      -2.960       0.1148750E-06  -0.1148305E-06   0.2191702E-06  -0.1993435E-06
  60.00       360.0      -2.960       0.3136411E-07  -0.3135540E-07   0.6043692E-07  -0.5449547E-07
  60.00       370.0      -2.960       0.6482748E-08  -0.6481500E-08   0.1265928E-07  -0.1128678E-07
  60.00       380.0      -2.960       0.8496115E-09  -0.8495033E-09   0.1691487E-08  -0.1484585E-08
  60.00       400.0      -2.960       0.3011597E-12  -0.3011456E-12   0.6563585E-12  -0.5446224E-12
  60.00       450.0      -2.960        0.000000        0.000000        0.000000        0.000000    
  60.00       500.0      -2.960        0.000000        0.000000        0.000000        0.000000    
  60.00      0.9106E-01  -2.400        90839.33       -56355.72       -190412.1        116531.8    
  60.00      0.1006      -2.400        80936.61       -50210.49       -159973.4        97835.56    
  60.00      0.1112      -2.400        72049.62       -44695.74       -133899.2        81826.89    
  60.00      0.1229      -2.400        64131.45       -39782.34       -111766.3        68243.58    
  60.00      0.1358      -2.400        57082.01       -35408.20       -93034.01        56751.57    
  60.00      0.1501      -2.400        50775.15       -31495.00       -77095.54        46978.81    
  60.00      0.1659      -2.400        45153.25       -28006.90       -63584.07        38700.17    
  60.00      0.1834      -2.400        40131.97       -24891.55       -52215.59        31737.66    
  60.00      0.2027      -2.400        35666.72       -22121.38       -42655.73        25886.23    
  60.00      0.2240      -2.400        31693.58       -19656.56       -34643.81        20986.15    
  60.00      0.2475      -2.400        28159.05       -17463.89       -27949.30        16895.13    
  60.00      0.2736      -2.400        24995.49       -15501.40       -22336.68        13468.50    
  60.00      0.3023      -2.400        22192.71       -13762.75       -17695.89        10637.23    
  60.00      0.3341      -2.400        19690.38       -12210.52       -13840.64        8288.293    
  60.00      0.3693      -2.400        17459.91       -10826.97       -10657.09        6350.543    
  60.00      0.4081      -2.400        15480.54       -9599.208       -8051.814        4767.439    
  60.00      0.4510      -2.400        13718.85       -8506.511       -5925.850        3477.559    
  60.00      0.4985      -2.400        12149.76       -7533.311       -4201.036        2433.100    
  60.00      0.5509      -2.400        10757.69       -6669.941       -2817.345        1597.137    
  60.00      0.6088      -2.400        9520.694       -5902.783       -1715.328        932.9976    
  60.00      0.6729      -2.400        8419.828       -5220.086       -845.1173        410.4058    
  60.00      0.7436      -2.400        7444.183       -4615.077       -169.6232        6.470528    
  60.00      0.8218      -2.400        6577.089       -4077.419        347.2372       -300.9130    
  60.00      0.9083      -2.400        5806.849       -3599.853        733.8319       -529.1542    
  60.00       1.004      -2.400        5123.050       -3175.916        1013.938       -692.8501    
  60.00       1.109      -2.400        4520.906       -2802.636        1206.767       -803.7719    
  60.00       1.226      -2.400        3982.685       -2469.017        1331.492       -873.5579    
  60.00       1.355      -2.400        3507.102       -2174.268        1400.455       -909.8403    
  60.00       1.497      -2.400        3087.465       -1914.223        1426.753       -920.5288    
  60.00       1.655      -2.400        2713.431       -1682.470        1419.915       -911.3749    
  60.00       1.829      -2.400        2383.741       -1478.228        1387.802       -887.2570    
  60.00       2.021      -2.400        2092.590       -1297.883        1337.108       -852.1981    
  60.00       2.234      -2.400        1834.342       -1137.942        1272.850       -809.2196    
  60.00       2.469      -2.400        1606.754       -997.0134        1199.725       -761.1972    
  60.00       2.729      -2.400        1405.601       -872.4785        1120.905       -710.0420    
  60.00       3.016      -2.400        1228.367       -762.7786        1039.337       -657.5334    
  60.00       3.333      -2.400        1072.229       -666.1617        957.2637       -605.0209    
  60.00       3.683      -2.400        934.8237       -581.1499        876.3307       -553.4687    
  60.00       4.071      -2.400        813.5223       -506.1135        797.4792       -503.4191    
  60.00       4.499      -2.400        707.0749       -440.2764        721.9253       -455.6077    
  60.00       4.972      -2.400        613.5748       -382.4557        650.2375       -410.3463    
  60.00       5.495      -2.400        531.4919       -331.7009        582.8084       -367.8963    
  60.00       6.073      -2.400        459.5137       -287.1979        519.9250       -328.3656    
  60.00       6.711      -2.400        396.5468       -248.2679        461.7763       -291.8693    
  60.00       7.417      -2.400        341.4413       -214.1972        408.2724       -258.3325    
  60.00       8.197      -2.400        293.3683       -184.4711        359.3300       -227.6968    
  60.00       9.059      -2.400        251.4623       -158.5532        314.8784       -199.8999    
  60.00       10.01      -2.400        215.0173       -136.0056        274.7253       -174.8149    
  60.00       11.06      -2.400        183.3629       -116.4108        238.6165       -152.2684    
  60.00       12.23      -2.400        155.7089       -99.27552        206.0833       -131.9554    
  60.00       13.51      -2.400        132.0224       -84.58091        177.4071       -114.0472    
  60.00       14.94      -2.400        111.3320       -71.72647        151.7003       -97.98960    
  60.00       16.51      -2.400        93.62810       -60.70437        129.1881       -83.91127    
  60.00       18.24      -2.400        78.44022       -51.22442        109.4722       -71.56098    
  60.00       20.16      -2.400        65.33452       -43.01762        92.14119       -60.68149    
  60.00       22.28      -2.400        54.12146       -35.96637        77.06992       -51.18854    
  60.00       24.63      -2.400        44.52402       -29.89840        63.98025       -42.90694    
  60.00       27.22      -2.400        36.38140       -24.71577        52.73163       -35.74795    
  60.00       30.08      -2.400        29.47746       -20.28461        43.08268       -29.56169    
  60.00       33.24      -2.400        23.65366       -16.50796        34.85882       -24.23706    
  60.00       36.74      -2.400        18.76604       -13.29981        27.88569       -19.67177    
  60.00       40.60      -2.400        14.71101       -10.59931        22.04548       -15.79471    
  60.00       44.87      -2.400        11.36970       -8.337298        17.18595       -12.51815    
  60.00       49.59      -2.400        8.656928       -6.466354        13.20153       -9.783329    
  60.00       54.81      -2.400        6.482284       -4.935742        9.974537       -7.525083    
  60.00       60.57      -2.400        4.771043       -3.704489        7.408936       -5.691336    
  60.00       66.94      -2.400        3.447234       -2.730002        5.402433       -4.225989    
  60.00       73.98      -2.400        2.441910       -1.972371        3.861930       -3.075751    
  60.00       81.76      -2.400        1.694663       -1.395678        2.704451       -2.192076    
  60.00       89.36      -2.400        1.203535       -1.008039        1.935741       -1.592855    
  60.00       90.36      -2.400        1.151627      -0.9665650        1.854049       -1.528456    
  60.00       91.20      -2.400        1.109919      -0.9331619        1.788348       -1.476548    
  60.00       92.00      -2.400        1.071753      -0.9025304        1.728157       -1.428900    
  60.00       99.86      -2.400       0.7652011      -0.6540410        1.242536       -1.040972    
  60.00       110.4      -2.400       0.4960651      -0.4314551       0.8121363      -0.6908293    
  60.00       120.0      -2.400       0.3395777      -0.2994357       0.5596280      -0.4817047    
  60.00       130.0      -2.400       0.2319981      -0.2071504       0.3847037      -0.3346714    
  60.00       140.0      -2.400       0.1605542      -0.1449411       0.2677051      -0.2350331    
  60.00       150.0      -2.400       0.1123301      -0.1023927       0.1882339      -0.1665759    
  60.00       160.0      -2.400       0.7934070E-01  -0.7294465E-01   0.1335550      -0.1190049    
  60.00       170.0      -2.400       0.5652534E-01  -0.5236702E-01   0.9554546E-01  -0.8564731E-01
  60.00       180.0      -2.400       0.4057896E-01  -0.3785127E-01   0.6885306E-01  -0.6204346E-01
  60.00       190.0      -2.400       0.2931754E-01  -0.2751470E-01   0.4992235E-01  -0.4518959E-01
  60.00       200.0      -2.400       0.2130330E-01  -0.2010379E-01   0.3639622E-01  -0.3307680E-01
  60.00       210.0      -2.400       0.1555505E-01  -0.1475257E-01   0.2665876E-01  -0.2431118E-01
  60.00       220.0      -2.400       0.1140769E-01  -0.1086810E-01   0.1960905E-01  -0.1793571E-01
  60.00       230.0      -2.400       0.8397206E-02  -0.8032819E-02   0.1447457E-01  -0.1327360E-01
  60.00       240.0      -2.400       0.6200207E-02  -0.5953299E-02   0.1071604E-01  -0.9848726E-02
  60.00       250.0      -2.400       0.4590011E-02  -0.4422221E-02   0.7953450E-02  -0.7323493E-02
  60.00       260.0      -2.400       0.3404754E-02  -0.3290479E-02   0.5914203E-02  -0.5454438E-02
  60.00       270.0      -2.400       0.2529351E-02  -0.2451410E-02   0.4404190E-02  -0.4067161E-02
  60.00       280.0      -2.400       0.1881273E-02  -0.1828036E-02   0.3283485E-02  -0.3035413E-02
  60.00       290.0      -2.400       0.1400262E-02  -0.1363891E-02   0.2449459E-02  -0.2266313E-02
  60.00       300.0      -2.400       0.1042693E-02  -0.1017820E-02   0.1828042E-02  -0.1692390E-02
  60.00       310.0      -2.400       0.7763431E-03  -0.7593538E-03   0.1364035E-02  -0.1263363E-02
  60.00       320.0      -2.400       0.5778161E-03  -0.5662115E-03   0.1017394E-02  -0.9425358E-03
  60.00       330.0      -2.400       0.4296128E-03  -0.4217002E-03   0.7580749E-03  -0.7023422E-03
  60.00       340.0      -2.400       0.3189821E-03  -0.3135957E-03   0.5640645E-03  -0.5225415E-03
  60.00       350.0      -2.400       0.2364152E-03  -0.2327568E-03   0.4189617E-03  -0.3880170E-03
  60.00       360.0      -2.400       0.1748566E-03  -0.1723782E-03   0.3105391E-03  -0.2874867E-03
  60.00       370.0      -2.400       0.1290159E-03  -0.1273421E-03   0.2296172E-03  -0.2124515E-03
  60.00       380.0      -2.400       0.9494354E-04  -0.9381684E-04   0.1693351E-03  -0.1565701E-03
  60.00       400.0      -2.400       0.5081285E-04  -0.5030943E-04   0.9103226E-04  -0.8401759E-04
  60.00       450.0      -2.400       0.9763347E-05  -0.9702778E-05   0.1770133E-04  -0.1622736E-04
  60.00       500.0      -2.400       0.1543684E-05  -0.1537863E-05   0.2839633E-05  -0.2576409E-05
  60.00      0.9106E-01  -1.200        91136.36       -22312.75       -203795.5        47937.30    
  60.00      0.1006      -1.200        81228.39       -19883.09       -171718.8        40322.49    
  60.00      0.1112      -1.200        72333.02       -17702.18       -144184.4        33793.99    
  60.00      0.1229      -1.200        64404.44       -15758.57       -120780.0        28251.67    
  60.00      0.1358      -1.200        57344.19       -14028.41       -100836.0        23531.87    
  60.00      0.1501      -1.200        51027.02       -12480.31       -83904.88        19532.46    
  60.00      0.1659      -1.200        45394.99       -11100.36       -69565.09        16152.32    
  60.00      0.1834      -1.200        40363.17       -9867.688       -57408.83        13288.45    
  60.00      0.2027      -1.200        35887.97       -8771.573       -47177.37        10882.32    
  60.00      0.2240      -1.200        31904.27       -7796.029       -38574.50        8863.233    
  60.00      0.2475      -1.200        28358.86       -6927.948       -31360.10        7173.113    
  60.00      0.2736      -1.200        25184.36       -6150.810       -25289.69        5753.703    
  60.00      0.3023      -1.200        22370.94       -5462.194       -20249.24        4578.100    
  60.00      0.3341      -1.200        19858.46       -4847.358       -16046.22        3600.420    
  60.00      0.3693      -1.200        17618.42       -4299.310       -12559.38        2791.758    
  60.00      0.4081      -1.200        15629.83       -3812.893       -9691.320        2128.619    
  60.00      0.4510      -1.200        13859.22       -3379.913       -7336.272        1586.061    
  60.00      0.4985      -1.200        12281.25       -2994.148       -5410.499        1144.409    
  60.00      0.5509      -1.200        10880.57       -2651.816       -3852.550        788.7968    
  60.00      0.6088      -1.200        9635.361       -2347.571       -2598.724        504.3203    
  60.00      0.6729      -1.200        8526.763       -2076.783       -1597.669        278.6681    
  60.00      0.7436      -1.200        7543.697       -1836.728       -809.3138        102.4625    
  60.00      0.8218      -1.200        6669.892       -1623.409       -194.9146       -33.41077    
  60.00      0.9083      -1.200        5893.315       -1433.908        275.6295       -136.0647    
  60.00       1.004      -1.200        5203.422       -1265.617        628.2727       -211.5676    
  60.00       1.109      -1.200        4595.393       -1117.351        882.4165       -264.5750    
  60.00       1.226      -1.200        4051.637       -984.8123        1060.297       -300.1614    
  60.00       1.355      -1.200        3570.872       -867.6827        1176.784       -321.9239    
  60.00       1.497      -1.200        3146.405       -764.3135        1241.754       -332.0562    
  60.00       1.655      -1.200        2767.883       -672.1758        1267.595       -333.4581    
  60.00       1.829      -1.200        2434.054       -590.9612        1263.621       -328.3428    
  60.00       2.021      -1.200        2139.030       -519.2313        1236.542       -318.2582    
  60.00       2.234      -1.200        1877.116       -455.5863        1192.261       -304.4983    
  60.00       2.469      -1.200        1646.050       -399.4717        1135.667       -288.2602    
  60.00       2.729      -1.200        1441.693       -349.8804        1070.885       -270.3989    
  60.00       3.016      -1.200        1261.492       -306.1809        1001.011       -251.6562    
  60.00       3.333      -1.200        1102.599       -267.6745        928.5370       -232.5836    
  60.00       3.683      -1.200        962.6292       -233.7782        855.4316       -213.6132    
  60.00       4.071      -1.200        838.9179       -203.8450        782.8693       -195.0016    
  60.00       4.499      -1.200        730.2501       -177.5716        712.4107       -177.0966    
  60.00       4.972      -1.200        634.6876       -154.4865        644.7932       -160.0444    
  60.00       5.495      -1.200        550.6639       -134.2072        580.5588       -143.9543    
  60.00       6.073      -1.200        476.9092       -116.4244        520.1006       -128.9026    
  60.00       6.711      -1.200        412.3094       -100.8670        463.7618       -114.9529    
  60.00       7.417      -1.200        355.6662       -87.23704        411.4737       -102.0651    
  60.00       8.197      -1.200        306.1574       -75.32957        363.4142       -90.26704    
  60.00       9.059      -1.200        262.9282       -64.93709        319.5034       -79.52270    
  60.00       10.01      -1.200        225.3021       -55.89442        279.6652       -69.80577    
  60.00       11.06      -1.200        192.5818       -48.03180        243.6948       -61.05514    
  60.00       12.23      -1.200        163.9330       -41.14841        211.0967       -53.14672    
  60.00       13.51      -1.200        139.3377       -35.23794        182.2312       -46.15891    
  60.00       14.94      -1.200        117.8034       -30.05979        156.2554       -39.88025    
  60.00       16.51      -1.200        99.32336       -25.60952        133.4216       -34.36044    
  60.00       18.24      -1.200        83.43965       -21.77472        113.3393       -29.51061    
  60.00       20.16      -1.200        69.71950       -18.45077        95.65067       -25.22879    
  60.00       22.28      -1.200        57.94835       -15.58548        80.21431       -21.48158    
  60.00       24.63      -1.200        47.82816       -13.10680        66.75914       -18.19759    
  60.00       27.22      -1.200        39.21485       -10.97925        55.14784       -15.34677    
  60.00       30.08      -1.200        31.90383       -9.151447        45.18377       -12.87508    
  60.00       33.24      -1.200        25.71952       -7.580944        36.66986       -10.73162    
  60.00       36.74      -1.200        20.50619       -6.231110        29.43016       -8.874865    
  60.00       40.60      -1.200        16.16900       -5.081671        23.35784       -7.281984    
  60.00       44.87      -1.200        12.58739       -4.104878        18.30338       -5.918389    
  60.00       49.59      -1.200        9.665417       -3.280313        14.14727       -4.758720    
  60.00       54.81      -1.200        7.314680       -2.590941        10.77789       -3.781722    
  60.00       60.57      -1.200        5.456460       -2.022257        8.093346       -2.969458    
  60.00       66.94      -1.200        4.007602       -1.557219        5.983492       -2.299946    
  60.00       73.98      -1.200        2.899291       -1.183011        4.356918       -1.757010    
  60.00       81.76      -1.200        2.065804      -0.8863028        3.123906       -1.323187    
  60.00       89.36      -1.200        1.509354      -0.6773728        2.294681       -1.015619    
  60.00       90.36      -1.200        1.450064      -0.6544392        2.205983      -0.9817333    
  60.00       91.20      -1.200        1.402358      -0.6358797        2.134566      -0.9542926    
  60.00       92.00      -1.200        1.358620      -0.6187746        2.069048      -0.9289912    
  60.00       99.86      -1.200        1.003850      -0.4765766        1.535904      -0.7180513    
  60.00       110.4      -1.200       0.6842894      -0.3416289        1.052698      -0.5167534    
  60.00       120.0      -1.200       0.4925799      -0.2562116       0.7610242      -0.3886784    
  60.00       130.0      -1.200       0.3563026      -0.1925974       0.5525795      -0.2929068    
  60.00       140.0      -1.200       0.2620377      -0.1466348       0.4077726      -0.2234798    
  60.00       150.0      -1.200       0.1956137      -0.1129370       0.3053380      -0.1724256    
  60.00       160.0      -1.200       0.1480237      -0.8791145E-01   0.2316671      -0.1344159    
  60.00       170.0      -1.200       0.1133768      -0.6908588E-01   0.1778792      -0.1057681    
  60.00       180.0      -1.200       0.8779230E-01  -0.5475661E-01   0.1380537      -0.8392664E-01
  60.00       190.0      -1.200       0.6865659E-01  -0.4374488E-01   0.1081829      -0.6711267E-01
  60.00       200.0      -1.200       0.5418387E-01  -0.3520164E-01   0.8554571E-01  -0.5405283E-01
  60.00       210.0      -1.200       0.4311041E-01  -0.2851378E-01   0.6818195E-01  -0.4381564E-01
  60.00       220.0      -1.200       0.3456113E-01  -0.2323699E-01   0.5475586E-01  -0.3573199E-01
  60.00       230.0      -1.200       0.2789683E-01  -0.1904283E-01   0.4426886E-01  -0.2930098E-01
  60.00       240.0      -1.200       0.2266488E-01  -0.1568929E-01   0.3602267E-01  -0.2415510E-01
  60.00       250.0      -1.200       0.1852227E-01  -0.1298926E-01   0.2948190E-01  -0.2000844E-01
  60.00       260.0      -1.200       0.1521782E-01  -0.1080103E-01   0.2425715E-01  -0.1664585E-01
  60.00       270.0      -1.200       0.1256482E-01  -0.9018372E-02   0.2005556E-01  -0.1390422E-01
  60.00       280.0      -1.200       0.1042129E-01  -0.7558146E-02   0.1665671E-01  -0.1165779E-01
  60.00       290.0      -1.200       0.8681433E-02  -0.6357927E-02   0.1389419E-01  -0.9810515E-02
  60.00       300.0      -1.200       0.7261911E-02  -0.5367096E-02   0.1163716E-01  -0.8284605E-02
  60.00       310.0      -1.200       0.6097851E-02  -0.4545579E-02   0.9784100E-02  -0.7019015E-02
  60.00       320.0      -1.200       0.5138243E-02  -0.3861221E-02   0.8254610E-02  -0.5964258E-02
  60.00       330.0      -1.200       0.4343894E-02  -0.3289135E-02   0.6987118E-02  -0.5082264E-02
  60.00       340.0      -1.200       0.3683354E-02  -0.2808973E-02   0.5931880E-02  -0.4341755E-02
  60.00       350.0      -1.200       0.3132140E-02  -0.2404765E-02   0.5050341E-02  -0.3718211E-02
  60.00       360.0      -1.200       0.2670660E-02  -0.2063543E-02   0.4311428E-02  -0.3191567E-02
  60.00       370.0      -1.200       0.2283052E-02  -0.1774750E-02   0.3690057E-02  -0.2745733E-02
  60.00       380.0      -1.200       0.1956490E-02  -0.1529632E-02   0.3165935E-02  -0.2367155E-02
  60.00       400.0      -1.200       0.1446598E-02  -0.1143086E-02   0.2346282E-02  -0.1769922E-02
  60.00       450.0      -1.200       0.7031786E-03  -0.5683291E-03   0.1147178E-02  -0.8811680E-03
  60.00       500.0      -1.200       0.3555163E-03  -0.2926544E-03   0.5834045E-03  -0.4543554E-03
  60.00      0.9106E-01   0.000        91620.85       0.2070465E-13   -210779.4       0.1804524    
  60.00      0.1006       0.000        81667.25       0.4574758E-13   -177815.4        2.138898    
  60.00      0.1112       0.000        72734.69      -0.1264198E-13   -149502.7        1.273580    
  60.00      0.1229       0.000        64772.98       0.1397211E-13   -125380.7       0.7763095    
  60.00      0.1358       0.000        57682.73       0.1543867E-13   -104903.0       0.6082592    
  60.00      0.1501       0.000        51336.56        0.000000       -87432.57       0.4705549    
  60.00      0.1659       0.000        45677.66       0.2829097E-13   -72613.90      -0.7685710E-02
  60.00      0.1834       0.000        40621.65       0.2085017E-13   -60046.93      -0.1220950    
  60.00      0.2027       0.000        36124.53       0.2304432E-13   -49461.23      -0.5675796E-01
  60.00      0.2240       0.000        32120.89       0.1273293E-13   -40548.32      -0.9692926E-01
  60.00      0.2475       0.000        28557.36        0.000000       -33059.15      -0.3388549E-01
  60.00      0.2736       0.000        25366.30       0.1555236E-13   -26758.21       0.5226619E-01
  60.00      0.3023       0.000        22537.65      -0.1288782E-13   -21519.82       0.1238994    
  60.00      0.3341       0.000        20010.86      -0.9495693E-14   -17139.61       0.1350418    
  60.00      0.3693       0.000        17757.50        0.000000       -13497.72       0.1251145    
  60.00      0.4081       0.000        15756.73      -0.5799450E-14   -10495.17       0.6232175E-01
  60.00      0.4510       0.000        13974.81      -0.6409095E-14   -8023.055      -0.2433936E-01
  60.00      0.4985       0.000        12386.63       0.7084111E-14   -5996.563      -0.3438066E-01
  60.00      0.5509       0.000        10976.80        0.000000       -4351.526      -0.3073451E-01
  60.00      0.6088       0.000        9723.330      -0.4325784E-14   -3023.375      -0.5254358E-01
  60.00      0.6729       0.000        8607.226       0.4781242E-14   -1957.680       0.9853759E-02
  60.00      0.7436       0.000        7617.320      -0.5283596E-14   -1114.082       0.4539319E-01
  60.00      0.8218       0.000        6736.656       0.1459810E-14   -452.1170       0.3387849E-01
  60.00      0.9083       0.000        5954.173        0.000000        58.59840       0.2936861E-01
  60.00       1.004       0.000        5259.039       0.1783462E-14    446.8342       0.1623284E-01
  60.00       1.109       0.000        4646.397      -0.1969980E-14    731.6047       0.1092146E-01
  60.00       1.226       0.000        4098.267       0.3266720E-14    936.1283       0.2921323E-02
  60.00       1.355       0.000        3613.430       0.1203482E-14    1073.302       0.5939689E-02
  60.00       1.497       0.000        3185.070       0.1329603E-14    1157.342      -0.3394805E-01
  60.00       1.655       0.000        2803.002       0.7349676E-15    1199.164       0.6948048E-03
  60.00       1.829       0.000        2466.018        0.000000        1209.281      -0.7438338E-01
  60.00       2.021       0.000        2168.114        0.000000        1193.185       0.8294539E-02
  60.00       2.234       0.000        1903.540      -0.7440715E-15    1158.252       0.5217425E-02
  60.00       2.469       0.000        1670.027        0.000000        1109.560       0.2823619E-02
  60.00       2.729       0.000        1463.466        0.000000        1051.125       0.1005821E-02
  60.00       3.016       0.000        1281.275       0.1004530E-14    986.4457       0.1901786E-02
  60.00       3.333       0.000        1120.533       0.4625467E-15    918.1846       0.1610741E-02
  60.00       3.683       0.000        978.8582        0.000000        848.4814       0.1893516E-02
  60.00       4.071       0.000        853.6047      -0.3248547E-15    778.7017       0.3196535E-02
  60.00       4.499       0.000        743.5035      -0.3433989E-15    710.4456       0.3238330E-02
  60.00       4.972       0.000        646.5883        0.000000        644.6116       0.9658277E-03
  60.00       5.495       0.000        561.3508       0.2287753E-15    581.6082      -0.1287346E-04
  60.00       6.073       0.000        486.5157       0.2528394E-15    522.0795       0.6078489E-03
  60.00       6.711       0.000        420.9377        0.000000        466.3851       0.1127006E-02
  60.00       7.417       0.000        363.4023      -0.3087947E-15    414.6572       0.8797327E-03
  60.00       8.197       0.000        313.0831      -0.3412687E-15    366.8694       0.1032610E-02
  60.00       9.059       0.000        269.1040        0.000000        323.0399       0.7836100E-03
  60.00       10.01       0.000        230.8003        0.000000        283.2061       0.7070514E-03
  60.00       11.06       0.000        197.4468        0.000000        247.1150      -0.3496244E-02
  60.00       12.23       0.000        168.1975        0.000000        214.3213       0.7238718E-03
  60.00       13.51       0.000        143.0757      -0.3749778E-15    185.2414       0.2920944E-02
  60.00       14.94       0.000        121.0767      -0.2073341E-15    159.0258       0.4454187E-03
  60.00       16.51       0.000        102.1908        0.000000        135.9328       0.2878948E-03
  60.00       18.24       0.000        85.93106        0.000000        115.5951       0.3417611E-03
  60.00       20.16       0.000        71.84664        0.000000        97.62083       0.2596411E-03
  60.00       22.28       0.000        59.74432       0.1545986E-15    81.90624       0.2137357E-03
  60.00       24.63       0.000        49.34488        0.000000        68.19193      -0.3016332E-03
  60.00       27.22       0.000        40.48724        0.000000        56.35835       0.7104362E-04
  60.00       30.08       0.000        32.95357        0.000000        46.17563       0.3122761E-04
  60.00       33.24       0.000        26.56364        0.000000        37.45850       0.5122258E-04
  60.00       36.74       0.000        21.17755        0.000000        30.04447       0.2722533E-04
  60.00       40.60       0.000        16.69412        0.000000        23.82254       0.3741939E-04
  60.00       44.87       0.000        12.98763        0.000000        18.64040      -0.3242403E-04
  60.00       49.59       0.000        9.963142        0.000000        14.38202       0.4809037E-06
  60.00       54.81       0.000        7.529860        0.000000        10.93095      -0.7830464E-05
  60.00       60.57       0.000        5.607219        0.000000        8.184964      -0.8473293E-05
  60.00       66.94       0.000        4.110089        0.000000        6.032273      -0.1374092E-04
  60.00       73.98       0.000        2.966060        0.000000        4.375563      -0.1101777E-04
  60.00       81.76       0.000        2.107411        0.000000        3.124117      -0.1621226E-04
  60.00       89.36       0.000        1.536131      -0.9688431E-17    2.286503      -0.1057758E-04
  60.00       90.36       0.000        1.475324        0.000000        2.197065      -0.1208289E-04
  60.00       91.20       0.000        1.426415        0.000000        2.125070      -0.1622434E-04
  60.00       92.00       0.000        1.381586        0.000000        2.059030      -0.1755322E-04
  60.00       99.86       0.000        1.018202        0.000000        1.522566      -0.8357618E-05
  60.00       110.4       0.000       0.6918626        0.000000        1.038490       0.2331649E-05
  60.00       120.0       0.000       0.4970925        0.000000       0.7481918      -0.2454500E-05
  60.00       130.0       0.000       0.3589705        0.000000       0.5415463      -0.6753041E-05
  60.00       140.0       0.000       0.2637149        0.000000       0.3986228      -0.4373737E-05
  60.00       150.0       0.000       0.1968237        0.000000       0.2980014       0.1070929E-05
  60.00       160.0       0.000       0.1490191      -0.2168404E-17   0.2258958      -0.3409511E-05
  60.00       170.0       0.000       0.1142679        0.000000       0.1734063      -0.2346074E-05
  60.00       180.0       0.000       0.8864600E-01    0.000000       0.1346474      -0.8438286E-06
  60.00       190.0       0.000       0.6951662E-01   0.1287490E-17   0.1056670      -0.1444698E-05
  60.00       200.0       0.000       0.5505618E-01  -0.6776264E-18   0.8374033E-01  -0.1775686E-06
  60.00       210.0       0.000       0.4398843E-01    0.000000       0.6693716E-01  -0.1265394E-05
  60.00       220.0       0.000       0.3543537E-01    0.000000       0.5394776E-01  -0.3496158E-06
  60.00       230.0       0.000       0.2876049E-01   0.7792703E-18   0.4380265E-01  -0.1167126E-06
  60.00       240.0       0.000       0.2351444E-01    0.000000       0.3582375E-01  -0.1516653E-06
  60.00       250.0       0.000       0.1935104E-01    0.000000       0.2948930E-01  -0.2976844E-06
  60.00       260.0       0.000       0.1602265E-01   0.2202286E-18   0.2442223E-01  -0.5324768E-06
  60.00       270.0       0.000       0.1334037E-01    0.000000       0.2033899E-01  -0.3167148E-06
  60.00       280.0       0.000       0.1116343E-01    0.000000       0.1702306E-01  -0.3753441E-06
  60.00       290.0       0.000       0.9387843E-02    0.000000       0.1431830E-01  -0.1815526E-06
  60.00       300.0       0.000       0.7931372E-02    0.000000       0.1209975E-01  -0.1030962E-06
  60.00       310.0       0.000       0.6730198E-02    0.000000       0.1026876E-01  -0.2083396E-06
  60.00       320.0       0.000       0.5734595E-02    0.000000       0.8751357E-02  -0.8316813E-07
  60.00       330.0       0.000       0.4904800E-02    0.000000       0.7486137E-02  -0.8582673E-07
  60.00       340.0       0.000       0.4210161E-02    0.000000       0.6426934E-02  -0.1288863E-06
  60.00       350.0       0.000       0.3625906E-02    0.000000       0.5536043E-02  -0.1048974E-06
  60.00       360.0       0.000       0.3132648E-02    0.000000       0.4784103E-02  -0.5362275E-07
  60.00       370.0       0.000       0.2714584E-02    0.000000       0.4146216E-02  -0.7747897E-07
  60.00       380.0       0.000       0.2359401E-02    0.000000       0.3604415E-02  -0.6240374E-07
  60.00       400.0       0.000       0.1796321E-02   0.4235165E-19   0.2745422E-02  -0.2844347E-07
  60.00       450.0       0.000       0.9465397E-03   0.2382280E-19   0.1448416E-02  -0.2763040E-07
  60.00       500.0       0.000       0.5234262E-03    0.000000       0.8021660E-03  -0.1070635E-07
  60.00      0.9106E-01   1.200        91136.36        22312.75       -203951.4       -47956.50    
  60.00      0.1006       1.200        81228.39        19883.09       -171866.2       -40348.26    
  60.00      0.1112       1.200        72333.02        17702.18       -144318.2       -33816.81    
  60.00      0.1229       1.200        64404.44        15758.57       -120855.0       -28265.51    
  60.00      0.1358       1.200        57344.19        14028.41       -100883.7       -23542.59    
  60.00      0.1501       1.200        51027.02        12480.31       -83939.08       -19540.70    
  60.00      0.1659       1.200        45394.99        11100.36       -69584.56       -16154.45    
  60.00      0.1834       1.200        40363.17        9867.688       -57420.92       -13290.50    
  60.00      0.2027       1.200        35887.97        8771.573       -47187.03       -10884.15    
  60.00      0.2240       1.200        31904.27        7796.029       -38580.53       -8864.962    
  60.00      0.2475       1.200        28358.86        6927.948       -31365.07       -7174.971    
  60.00      0.2736       1.200        25184.36        6150.810       -25293.93       -5755.840    
  60.00      0.3023       1.200        22370.94        5462.194       -20253.12       -4579.321    
  60.00      0.3341       1.200        19858.46        4847.358       -16050.86       -3600.864    
  60.00      0.3693       1.200        17618.42        4299.310       -12564.00       -2792.615    
  60.00      0.4081       1.200        15629.83        3812.893       -9698.010       -2129.537    
  60.00      0.4510       1.200        13859.22        3379.913       -7342.284       -1586.878    
  60.00      0.4985       1.200        12281.25        2994.148       -5415.261       -1145.035    
  60.00      0.5509       1.200        10880.57        2651.816       -3857.196       -789.4520    
  60.00      0.6088       1.200        9635.361        2347.571       -2602.175       -504.8445    
  60.00      0.6729       1.200        8526.763        2076.783       -1600.499       -278.9992    
  60.00      0.7436       1.200        7543.697        1836.728       -812.2429       -102.8927    
  60.00      0.8218       1.200        6669.892        1623.409       -197.4953        33.04543    
  60.00      0.9083       1.200        5893.315        1433.908        273.6368        135.7019    
  60.00       1.004       1.200        5203.422        1265.617        626.3909        211.1835    
  60.00       1.109       1.200        4595.393        1117.351        880.8619        264.2463    
  60.00       1.226       1.200        4051.637        984.8123        1060.426        300.0818    
  60.00       1.355       1.200        3570.872        867.6827        1175.556        321.6861    
  60.00       1.497       1.200        3146.405        764.3135        1240.763        331.9106    
  60.00       1.655       1.200        2767.883        672.1758        1267.609        333.4551    
  60.00       1.829       1.200        2434.054        590.9612        1263.742        328.3097    
  60.00       2.021       1.200        2139.030        519.2313        1236.629        318.2976    
  60.00       2.234       1.200        1877.116        455.5863        1192.513        304.5841    
  60.00       2.469       1.200        1646.050        399.4717        1136.125        288.3491    
  60.00       2.729       1.200        1441.693        349.8804        1071.266        270.4882    
  60.00       3.016       1.200        1261.492        306.1809        1001.309        251.7170    
  60.00       3.333       1.200        1102.599        267.6745        928.7756        232.6273    
  60.00       3.683       1.200        962.6292        233.7782        855.6149        213.6528    
  60.00       4.071       1.200        838.9179        203.8450        783.0768        195.0416    
  60.00       4.499       1.200        730.2501        177.5716        712.6011        177.1413    
  60.00       4.972       1.200        634.6876        154.4865        644.9528        160.0888    
  60.00       5.495       1.200        550.6639        134.2072        580.6727        143.9876    
  60.00       6.073       1.200        476.9092        116.4244        520.2088        128.9325    
  60.00       6.711       1.200        412.3094        100.8670        463.8494        114.9759    
  60.00       7.417       1.200        355.6662        87.23704        411.5891        102.0927    
  60.00       8.197       1.200        306.1574        75.32957        363.5344        90.29154    
  60.00       9.059       1.200        262.9282        64.93709        319.6015        79.54509    
  60.00       10.01       1.200        225.3021        55.89442        279.7120        69.82376    
  60.00       11.06       1.200        192.5818        48.03180        243.7583        61.07102    
  60.00       12.23       1.200        163.9330        41.14841        211.1490        53.16057    
  60.00       13.51       1.200        139.3377        35.23794        182.2817        46.17117    
  60.00       14.94       1.200        117.8034        30.05979        156.3006        39.89108    
  60.00       16.51       1.200        99.32336        25.60952        133.4442        34.36964    
  60.00       18.24       1.200        83.43965        21.77472        113.3573        29.51503    
  60.00       20.16       1.200        69.71950        18.45077        95.66616        25.23277    
  60.00       22.28       1.200        57.94835        15.58548        80.22618        21.48434    
  60.00       24.63       1.200        47.82816        13.10680        66.76043        18.20040    
  60.00       27.22       1.200        39.21485        10.97925        55.15140        15.34938    
  60.00       30.08       1.200        31.90383        9.151447        45.18457        12.87553    
  60.00       33.24       1.200        25.71952        7.580944        36.67011        10.73157    
  60.00       36.74       1.200        20.50619        6.231110        29.43171        8.875159    
  60.00       40.60       1.200        16.16900        5.081671        23.35888        7.282269    
  60.00       44.87       1.200        12.58739        4.104878        18.30347        5.918354    
  60.00       49.59       1.200        9.665417        3.280313        14.14748        4.758711    
  60.00       54.81       1.200        7.314680        2.590941        10.77839        3.781784    
  60.00       60.57       1.200        5.456460        2.022257        8.093423        2.969446    
  60.00       66.94       1.200        4.007602        1.557219        5.983646        2.299950    
  60.00       73.98       1.200        2.899291        1.183011        4.356991        1.756955    
  60.00       81.76       1.200        2.065804       0.8863028        3.123829        1.323128    
  60.00       89.36       1.200        1.509354       0.6773728        2.294808        1.015627    
  60.00       90.36       1.200        1.450064       0.6544392        2.206101       0.9817436    
  60.00       91.20       1.200        1.402358       0.6358797        2.134690       0.9543058    
  60.00       92.00       1.200        1.358620       0.6187746        2.069135       0.9289929    
  60.00       99.86       1.200        1.003850       0.4765766        1.535934       0.7180363    
  60.00       110.4       1.200       0.6842894       0.3416289        1.052690       0.5167359    
  60.00       120.0       1.200       0.4925799       0.2562116       0.7610341       0.3886739    
  60.00       130.0       1.200       0.3563026       0.1925974       0.5525799       0.2928985    
  60.00       140.0       1.200       0.2620377       0.1466348       0.4077694       0.2234709    
  60.00       150.0       1.200       0.1956137       0.1129370       0.3053417       0.1724245    
  60.00       160.0       1.200       0.1480237       0.8791145E-01   0.2316685       0.1344144    
  60.00       170.0       1.200       0.1133768       0.6908588E-01   0.1778786       0.1057656    
  60.00       180.0       1.200       0.8779230E-01   0.5475661E-01   0.1380526       0.8392417E-01
  60.00       190.0       1.200       0.6865659E-01   0.4374488E-01   0.1081817       0.6711102E-01
  60.00       200.0       1.200       0.5418387E-01   0.3520164E-01   0.8554557E-01   0.5405178E-01
  60.00       210.0       1.200       0.4311041E-01   0.2851378E-01   0.6818255E-01   0.4381520E-01
  60.00       220.0       1.200       0.3456113E-01   0.2323699E-01   0.5475627E-01   0.3573177E-01
  60.00       230.0       1.200       0.2789683E-01   0.1904283E-01   0.4426870E-01   0.2930068E-01
  60.00       240.0       1.200       0.2266488E-01   0.1568929E-01   0.3602191E-01   0.2415426E-01
  60.00       250.0       1.200       0.1852227E-01   0.1298926E-01   0.2948061E-01   0.2000706E-01
  60.00       260.0       1.200       0.1521782E-01   0.1080103E-01   0.2425605E-01   0.1664482E-01
  60.00       270.0       1.200       0.1256482E-01   0.9018372E-02   0.2005498E-01   0.1390359E-01
  60.00       280.0       1.200       0.1042129E-01   0.7558146E-02   0.1665652E-01   0.1165762E-01
  60.00       290.0       1.200       0.8681433E-02   0.6357927E-02   0.1389422E-01   0.9810451E-02
  60.00       300.0       1.200       0.7261911E-02   0.5367096E-02   0.1163714E-01   0.8284520E-02
  60.00       310.0       1.200       0.6097851E-02   0.4545579E-02   0.9783973E-02   0.7018857E-02
  60.00       320.0       1.200       0.5138243E-02   0.3861221E-02   0.8254439E-02   0.5964074E-02
  60.00       330.0       1.200       0.4343894E-02   0.3289135E-02   0.6986856E-02   0.5082062E-02
  60.00       340.0       1.200       0.3683354E-02   0.2808973E-02   0.5931607E-02   0.4341504E-02
  60.00       350.0       1.200       0.3132140E-02   0.2404765E-02   0.5050135E-02   0.3718019E-02
  60.00       360.0       1.200       0.2670660E-02   0.2063543E-02   0.4311245E-02   0.3191418E-02
  60.00       370.0       1.200       0.2283052E-02   0.1774750E-02   0.3689930E-02   0.2745616E-02
  60.00       380.0       1.200       0.1956490E-02   0.1529632E-02   0.3165837E-02   0.2367063E-02
  60.00       400.0       1.200       0.1446598E-02   0.1143086E-02   0.2346231E-02   0.1769871E-02
  60.00       450.0       1.200       0.7031786E-03   0.5683291E-03   0.1147172E-02   0.8811657E-03
  60.00       500.0       1.200       0.3555163E-03   0.2926544E-03   0.5833887E-03   0.4543402E-03
  60.00      0.9106E-01   2.400        90839.33        56355.72       -190456.8       -116545.6    
  60.00      0.1006       2.400        80936.61        50210.49       -160024.1       -97853.21    
  60.00      0.1112       2.400        72049.62        44695.74       -133924.7       -81845.48    
  60.00      0.1229       2.400        64131.45        39782.34       -111787.1       -68253.30    
  60.00      0.1358       2.400        57082.01        35408.20       -93033.40       -56752.83    
  60.00      0.1501       2.400        50775.15        31495.00       -77078.88       -46969.20    
  60.00      0.1659       2.400        45153.25        28006.90       -63603.58       -38712.83    
  60.00      0.1834       2.400        40131.97        24891.55       -52223.51       -31739.91    
  60.00      0.2027       2.400        35666.72        22121.38       -42666.44       -25890.85    
  60.00      0.2240       2.400        31693.58        19656.56       -34655.06       -20991.11    
  60.00      0.2475       2.400        28159.05        17463.89       -27957.02       -16898.16    
  60.00      0.2736       2.400        24995.49        15501.40       -22341.07       -13470.25    
  60.00      0.3023       2.400        22192.71        13762.75       -17696.36       -10637.49    
  60.00      0.3341       2.400        19690.38        12210.52       -13839.22       -8287.830    
  60.00      0.3693       2.400        17459.91        10826.97       -10656.54       -6350.687    
  60.00      0.4081       2.400        15480.54        9599.208       -8052.758       -4768.385    
  60.00      0.4510       2.400        13718.85        8506.511       -5926.366       -3478.004    
  60.00      0.4985       2.400        12149.76        7533.311       -4201.238       -2433.660    
  60.00      0.5509       2.400        10757.69        6669.941       -2817.736       -1595.881    
  60.00      0.6088       2.400        9520.694        5902.783       -1714.280       -933.1219    
  60.00      0.6729       2.400        8419.828        5220.086       -844.7352       -410.3629    
  60.00      0.7436       2.400        7444.183        4615.077       -168.6578       -5.882114    
  60.00      0.8218       2.400        6577.089        4077.419        347.4556        301.1090    
  60.00      0.9083       2.400        5806.849        3599.853        733.4965        529.1762    
  60.00       1.004       2.400        5123.050        3175.916        1013.965        693.3374    
  60.00       1.109       2.400        4520.906        2802.636        1205.896        803.4676    
  60.00       1.226       2.400        3982.685        2469.017        1330.771        873.2705    
  60.00       1.355       2.400        3507.102        2174.268        1400.635        909.8850    
  60.00       1.497       2.400        3087.465        1914.223        1426.886        920.6897    
  60.00       1.655       2.400        2713.431        1682.470        1420.241        911.5234    
  60.00       1.829       2.400        2383.741        1478.228        1388.059        887.4610    
  60.00       2.021       2.400        2092.590        1297.883        1337.186        852.2162    
  60.00       2.234       2.400        1834.342        1137.942        1273.029        809.2688    
  60.00       2.469       2.400        1606.754        997.0134        1199.832        761.2609    
  60.00       2.729       2.400        1405.601        872.4785        1121.055        710.1533    
  60.00       3.016       2.400        1228.367        762.7786        1039.519        657.6114    
  60.00       3.333       2.400        1072.229        666.1617        957.3828        605.0913    
  60.00       3.683       2.400        934.8237        581.1499        876.4378        553.5261    
  60.00       4.071       2.400        813.5223        506.1135        797.5672        503.4590    
  60.00       4.499       2.400        707.0749        440.2764        722.0121        455.6522    
  60.00       4.972       2.400        613.5748        382.4557        650.3213        410.3982    
  60.00       5.495       2.400        531.4919        331.7009        582.9053        367.9438    
  60.00       6.073       2.400        459.5137        287.1979        520.0067        328.4083    
  60.00       6.711       2.400        396.5468        248.2679        461.8306        291.8942    
  60.00       7.417       2.400        341.4413        214.1972        408.2731        258.3344    
  60.00       8.197       2.400        293.3683        184.4711        359.3607        227.7202    
  60.00       9.059       2.400        251.4623        158.5532        314.9049        199.9217    
  60.00       10.01       2.400        215.0173        136.0056        274.7549        174.8359    
  60.00       11.06       2.400        183.3629        116.4108        238.6553        152.2917    
  60.00       12.23       2.400        155.7089        99.27552        206.1057        131.9706    
  60.00       13.51       2.400        132.0224        84.58091        177.4266        114.0623    
  60.00       14.94       2.400        111.3320        71.72647        151.7182        98.00144    
  60.00       16.51       2.400        93.62810        60.70437        129.2023        83.92096    
  60.00       18.24       2.400        78.44022        51.22442        109.4817        71.56751    
  60.00       20.16       2.400        65.33452        43.01762        92.15153        60.68719    
  60.00       22.28       2.400        54.12146        35.96637        77.07978        51.19441    
  60.00       24.63       2.400        44.52402        29.89840        63.98749        42.91187    
  60.00       27.22       2.400        36.38140        24.71577        52.73521        35.75073    
  60.00       30.08       2.400        29.47746        20.28461        43.08837        29.56464    
  60.00       33.24       2.400        23.65366        16.50796        34.86248        24.23988    
  60.00       36.74       2.400        18.76604        13.29981        27.88854        19.67346    
  60.00       40.60       2.400        14.71101        10.59931        22.04793        15.79598    
  60.00       44.87       2.400        11.36970        8.337298        17.18804        12.51980    
  60.00       49.59       2.400        8.656928        6.466354        13.20246        9.784075    
  60.00       54.81       2.400        6.482284        4.935742        9.975520        7.525733    
  60.00       60.57       2.400        4.771043        3.704489        7.409766        5.692049    
  60.00       66.94       2.400        3.447234        2.730002        5.402904        4.226238    
  60.00       73.98       2.400        2.441910        1.972371        3.862310        3.076009    
  60.00       81.76       2.400        1.694663        1.395678        2.704654        2.192251    
  60.00       89.36       2.400        1.203535        1.008039        1.935830        1.592925    
  60.00       90.36       2.400        1.151627       0.9665650        1.854134        1.528522    
  60.00       91.20       2.400        1.109919       0.9331619        1.788436        1.476617    
  60.00       92.00       2.400        1.071753       0.9025304        1.728244        1.428970    
  60.00       99.86       2.400       0.7652011       0.6540410        1.242579        1.041006    
  60.00       110.4       2.400       0.4960651       0.4314551       0.8121714       0.6908637    
  60.00       120.0       2.400       0.3395777       0.2994357       0.5596590       0.4817352    
  60.00       130.0       2.400       0.2319981       0.2071504       0.3847263       0.3346918    
  60.00       140.0       2.400       0.1605542       0.1449411       0.2677050       0.2350349    
  60.00       150.0       2.400       0.1123301       0.1023927       0.1882300       0.1665743    
  60.00       160.0       2.400       0.7934070E-01   0.7294465E-01   0.1335576       0.1190083    
  60.00       170.0       2.400       0.5652534E-01   0.5236702E-01   0.9554705E-01   0.8565030E-01
  60.00       180.0       2.400       0.4057896E-01   0.3785127E-01   0.6885149E-01   0.6204283E-01
  60.00       190.0       2.400       0.2931754E-01   0.2751470E-01   0.4992088E-01   0.4518889E-01
  60.00       200.0       2.400       0.2130330E-01   0.2010379E-01   0.3639528E-01   0.3307614E-01
  60.00       210.0       2.400       0.1555505E-01   0.1475257E-01   0.2665886E-01   0.2431144E-01
  60.00       220.0       2.400       0.1140769E-01   0.1086810E-01   0.1960874E-01   0.1793557E-01
  60.00       230.0       2.400       0.8397206E-02   0.8032819E-02   0.1447409E-01   0.1327325E-01
  60.00       240.0       2.400       0.6200207E-02   0.5953299E-02   0.1071555E-01   0.9848413E-02
  60.00       250.0       2.400       0.4590011E-02   0.4422221E-02   0.7953187E-02   0.7323272E-02
  60.00       260.0       2.400       0.3404754E-02   0.3290479E-02   0.5913978E-02   0.5454241E-02
  60.00       270.0       2.400       0.2529351E-02   0.2451410E-02   0.4404023E-02   0.4067014E-02
  60.00       280.0       2.400       0.1881273E-02   0.1828036E-02   0.3283313E-02   0.3035259E-02
  60.00       290.0       2.400       0.1400262E-02   0.1363891E-02   0.2449007E-02   0.2265872E-02
  60.00       300.0       2.400       0.1042693E-02   0.1017820E-02   0.1827699E-02   0.1692077E-02
  60.00       310.0       2.400       0.7763431E-03   0.7593538E-03   0.1363874E-02   0.1263224E-02
  60.00       320.0       2.400       0.5778161E-03   0.5662115E-03   0.1017318E-02   0.9424824E-03
  60.00       330.0       2.400       0.4296128E-03   0.4217002E-03   0.7580586E-03   0.7023257E-03
  60.00       340.0       2.400       0.3189821E-03   0.3135957E-03   0.5640554E-03   0.5225323E-03
  60.00       350.0       2.400       0.2364152E-03   0.2327568E-03   0.4189556E-03   0.3880109E-03
  60.00       360.0       2.400       0.1748566E-03   0.1723782E-03   0.3105391E-03   0.2874867E-03
  60.00       370.0       2.400       0.1290159E-03   0.1273421E-03   0.2296172E-03   0.2124515E-03
  60.00       380.0       2.400       0.9494354E-04   0.9381684E-04   0.1693351E-03   0.1565701E-03
  60.00       400.0       2.400       0.5081285E-04   0.5030943E-04   0.9103226E-04   0.8401759E-04
  60.00       450.0       2.400       0.9763347E-05   0.9702778E-05   0.1770133E-04   0.1622736E-04
  60.00       500.0       2.400       0.1543684E-05   0.1537863E-05   0.2839633E-05   0.2576409E-05
  60.00      0.9106E-01   2.960        89095.63        70819.29       -176386.8       -137943.9    
  60.00      0.1006       2.960        79362.21        63081.44       -147795.3       -115475.1    
  60.00      0.1112       2.960        70628.32        56138.29       -123349.1       -96276.51    
  60.00      0.1229       2.960        62847.97        49953.25       -102607.8       -79991.91    
  60.00      0.1358       2.960        55923.44        44448.64       -85080.07       -66240.22    
  60.00      0.1501       2.960        49729.26        39524.70       -70208.55       -54580.45    
  60.00      0.1659       2.960        44209.82        35137.19       -57671.32       -44757.07    
  60.00      0.1834       2.960        39281.61        31219.73       -47099.20       -36480.04    
  60.00      0.2027       2.960        34900.79        27737.44       -38249.98       -29561.70    
  60.00      0.2240       2.960        31003.31        24639.42       -30853.36       -23776.55    
  60.00      0.2475       2.960        27536.65        21883.89       -24686.19       -18964.65    
  60.00      0.2736       2.960        24434.19        19417.90       -19535.89       -14949.57    
  60.00      0.3023       2.960        21685.98        17233.54       -15292.81       -11645.15    
  60.00      0.3341       2.960        19233.04        15283.91       -11782.38       -8916.948    
  60.00      0.3693       2.960        17047.26        13546.66       -8897.016       -6679.053    
  60.00      0.4081       2.960        15108.66        12005.90       -6554.703       -4862.299    
  60.00      0.4510       2.960        13383.73        10635.00       -4652.990       -3393.439    
  60.00      0.4985       2.960        11847.70        9414.260       -3118.823       -2209.294    
  60.00      0.5509       2.960        10485.26        8331.510       -1902.639       -1277.647    
  60.00      0.6088       2.960        9274.866        7369.616       -942.1015       -543.1576    
  60.00      0.6729       2.960        8198.104        6513.949       -194.1271        25.77660    
  60.00      0.7436       2.960        7243.942        5755.735        376.2263        456.6201    
  60.00      0.8218       2.960        6396.355        5082.238        803.2058        776.1647    
  60.00      0.9083       2.960        5643.933        4484.386        1114.540        1006.155    
  60.00       1.004       2.960        4976.228        3953.872        1327.975        1160.438    
  60.00       1.109       2.960        4388.499        3486.926        1465.503        1256.357    
  60.00       1.226       2.960        3863.156        3069.568        1543.219        1306.280    
  60.00       1.355       2.960        3399.310        2701.086        1573.201        1319.759    
  60.00       1.497       2.960        2990.246        2376.144        1566.825        1305.676    
  60.00       1.655       2.960        2625.738        2086.615        1531.566        1269.691    
  60.00       1.829       2.960        2304.677        1831.615        1475.998        1218.612    
  60.00       2.021       2.960        2021.405        1606.646        1406.003        1156.961    
  60.00       2.234       2.960        1770.295        1407.236        1325.530        1087.730    
  60.00       2.469       2.960        1548.951        1231.480        1239.030        1014.409    
  60.00       2.729       2.960        1353.523        1076.317        1149.335        939.1566    
  60.00       3.016       2.960        1181.481        939.7344        1059.016        863.9449    
  60.00       3.333       2.960        1029.960        819.4557        969.6834        789.9540    
  60.00       3.683       2.960        896.7549        713.7270        883.0158        718.5399    
  60.00       4.071       2.960        779.2433        620.4633        799.5906        650.0280    
  60.00       4.499       2.960        676.2059        538.6941        720.5549        585.3072    
  60.00       4.972       2.960        585.7721        466.9311        646.1792        524.5890    
  60.00       5.495       2.960        506.4380        403.9790        576.7316        468.0076    
  60.00       6.073       2.960        436.9662        348.8539        512.4148        415.7083    
  60.00       6.711       2.960        376.2575        300.6813        453.2791        367.7043    
  60.00       7.417       2.960        323.1686        258.5513        399.1298        323.8113    
  60.00       8.197       2.960        276.8839        221.8150        349.8635        283.9268    
  60.00       9.059       2.960        236.5992        189.8333        305.2905        247.8866    
  60.00       10.01       2.960        201.6499        162.0781        265.2418        215.5329    
  60.00       11.06       2.960        171.3492        138.0029        229.3974        186.5961    
  60.00       12.23       2.960        144.8883        116.9653        197.1612        160.5875    
  60.00       13.51       2.960        122.2619        98.96154        168.8504        137.7535    
  60.00       14.94       2.960        102.5617        83.26971        143.5929        117.3845    
  60.00       16.51       2.960        85.74768        69.85904        121.5524        99.60606    
  60.00       18.24       2.960        71.34837        58.35538        102.3034        84.07221    
  60.00       20.16       2.960        58.97672        48.45082        85.46681        70.47157    
  60.00       22.28       2.960        48.43431        39.98892        70.88827        58.67788    
  60.00       24.63       2.960        39.44624        32.75119        58.27914        48.45603    
  60.00       27.22       2.960        31.86016        26.61800        47.49843        39.69199    
  60.00       30.08       2.960        25.48001        21.43468        38.32059        32.20351    
  60.00       33.24       2.960        20.13688        17.06821        30.55170        25.83520    
  60.00       36.74       2.960        15.69139        13.41000        24.01970        20.45063    
  60.00       40.60       2.960        12.05129        10.39023        18.61335        15.96410    
  60.00       44.87       2.960        9.093988        7.914257        14.17584        12.25314    
  60.00       49.59       2.960        6.729761        5.914503        10.59083        9.229148    
  60.00       54.81       2.960        4.876277        4.329279        7.748077        6.808675    
  60.00       60.57       2.960        3.452972        3.097516        5.540734        4.910342    
  60.00       66.94       2.960        2.382932        2.160028        3.861920        3.451667    
  60.00       73.98       2.960        1.600547        1.465932        2.619480        2.360755    
  60.00       81.76       2.960        1.042991       0.9650193        1.723879        1.566123    
  60.00       89.36       2.960       0.6938598       0.6476356        1.156719        1.058030    
  60.00       90.36       2.960       0.6581110       0.6149287        1.098286        1.005411    
  60.00       91.20       2.960       0.6295826       0.5887965        1.051601       0.9633289    
  60.00       92.00       2.960       0.6036222       0.5649915        1.009067       0.9249588    
  60.00       99.86       2.960       0.4009459       0.3781731       0.6754688       0.6227223    
  60.00       110.4       2.960       0.2344008       0.2230607       0.3985357       0.3698329    
  60.00       120.0       2.960       0.1452138       0.1391470       0.2487294       0.2319374    
  60.00       130.0       2.960       0.8884669E-01   0.8566308E-01   0.1532466       0.1434897    
  60.00       140.0       2.960       0.5468264E-01   0.5300443E-01   0.9491455E-01   0.8916613E-01
  60.00       150.0       2.960       0.3379767E-01   0.3291058E-01   0.5899980E-01   0.5557144E-01
  60.00       160.0       2.960       0.2093047E-01   0.2046164E-01   0.3672935E-01   0.3466394E-01
  60.00       170.0       2.960       0.1296508E-01   0.1271765E-01   0.2286186E-01   0.2160755E-01
  60.00       180.0       2.960       0.8022246E-02   0.7892256E-02   0.1421158E-01   0.1344555E-01
  60.00       190.0       2.960       0.4949275E-02   0.4881384E-02   0.8805200E-02   0.8335510E-02
  60.00       200.0       2.960       0.3038262E-02   0.3003098E-02   0.5427019E-02   0.5138593E-02
  60.00       210.0       2.960       0.1852213E-02   0.1834192E-02   0.3321449E-02   0.3144453E-02
  60.00       220.0       2.960       0.1119694E-02   0.1110580E-02   0.2015340E-02   0.1907066E-02
  60.00       230.0       2.960       0.6694512E-03   0.6649145E-03   0.1209266E-02   0.1143412E-02
  60.00       240.0       2.960       0.3948647E-03   0.3926488E-03   0.7158751E-03   0.6761667E-03
  60.00       250.0       2.960       0.2292734E-03   0.2282146E-03   0.4170661E-03   0.3934036E-03
  60.00       260.0       2.960       0.1304817E-03   0.1299891E-03   0.2382362E-03   0.2243505E-03
  60.00       270.0       2.960       0.7260332E-04   0.7238093E-04   0.1330175E-03   0.1250195E-03
  60.00       280.0       2.960       0.3927527E-04   0.3917842E-04   0.7222490E-04   0.6773005E-04
  60.00       290.0       2.960       0.2055394E-04   0.2051354E-04   0.3794154E-04   0.3548806E-04
  60.00       300.0       2.960       0.1033072E-04   0.1031469E-04   0.1914725E-04   0.1785448E-04
  60.00       310.0       2.960       0.4941768E-05   0.4935784E-05   0.9199767E-05   0.8548432E-05
  60.00       320.0       2.960       0.2223601E-05   0.2221526E-05   0.4159690E-05   0.3849586E-05
  60.00       330.0       2.960       0.9257940E-06   0.9251378E-06   0.1741536E-05   0.1604037E-05
  60.00       340.0       2.960       0.3487598E-06   0.3485752E-06   0.6602766E-06   0.6047089E-06
  60.00       350.0       2.960       0.1148750E-06   0.1148305E-06   0.2191702E-06   0.1993435E-06
  60.00       360.0       2.960       0.3136411E-07   0.3135540E-07   0.6043692E-07   0.5449547E-07
  60.00       370.0       2.960       0.6482748E-08   0.6481500E-08   0.1265928E-07   0.1128678E-07
  60.00       380.0       2.960       0.8496115E-09   0.8495033E-09   0.1691487E-08   0.1484585E-08
  60.00       400.0       2.960       0.3011597E-12   0.3011456E-12   0.6563585E-12   0.5446224E-12
  60.00       450.0       2.960        0.000000        0.000000        0.000000        0.000000    
  60.00       500.0       2.960        0.000000        0.000000        0.000000        0.000000    
  60.00      0.9106E-01   3.200        85010.93        72510.43       -161990.4       -135715.6    
  60.00      0.1006       3.200        75711.33        64577.44       -135471.1       -113372.6    
  60.00      0.1112       3.200        67367.60        57459.94       -112824.5       -94295.00    
  60.00      0.1229       3.200        59935.70        51120.31       -93635.22       -78158.16    
  60.00      0.1358       3.200        53322.63        45479.24       -77433.37       -64534.01    
  60.00      0.1501       3.200        47408.41        40434.35       -63711.43       -53012.24    
  60.00      0.1659       3.200        42139.07        35939.61       -52156.38       -43300.40    
  60.00      0.1834       3.200        37434.83        31926.94       -42431.50       -35143.95    
  60.00      0.2027       3.200        33253.20        28360.10       -34303.81       -28334.11    
  60.00      0.2240       3.200        29533.75        25187.54       -27520.38       -22656.24    
  60.00      0.2475       3.200        26225.87        22366.07       -21884.23       -17944.21    
  60.00      0.2736       3.200        23265.73        19841.25       -17181.42       -14022.09    
  60.00      0.3023       3.200        20643.65        17604.82       -13327.85       -10805.54    
  60.00      0.3341       3.200        18304.11        15609.40       -10146.31       -8158.694    
  60.00      0.3693       3.200        16220.12        13831.99       -7541.707       -5996.517    
  60.00      0.4081       3.200        14371.91        12255.69       -5431.587       -4249.083    
  60.00      0.4510       3.200        12727.64        10853.36       -3728.631       -2842.806    
  60.00      0.4985       3.200        11263.73        9604.874       -2364.860       -1720.372    
  60.00      0.5509       3.200        9965.370        8497.600       -1287.393       -837.3303    
  60.00      0.6088       3.200        8812.070        7514.060       -445.1466       -150.8384    
  60.00      0.6729       3.200        7786.252        6639.261        205.4536        376.9362    
  60.00      0.7436       3.200        6877.630        5864.426        692.7697        766.5299    
  60.00      0.8218       3.200        6070.886        5176.491        1051.462        1050.682    
  60.00      0.9083       3.200        5354.697        4565.796        1304.840        1247.474    
  60.00       1.004       3.200        4719.381        4024.080        1473.411        1374.017    
  60.00       1.109       3.200        4160.169        3547.275        1573.545        1444.795    
  60.00       1.226       3.200        3660.498        3121.254        1619.603        1470.902    
  60.00       1.355       3.200        3219.391        2745.182        1624.797        1463.777    
  60.00       1.497       3.200        2830.424        2413.578        1598.657        1431.179    
  60.00       1.655       3.200        2484.086        2118.331        1547.561        1379.013    
  60.00       1.829       3.200        2179.149        1858.393        1479.757        1313.324    
  60.00       2.021       3.200        1910.103        1629.063        1400.185        1238.679    
  60.00       2.234       3.200        1671.636        1425.811        1312.630        1158.056    
  60.00       2.469       3.200        1461.590        1246.795        1221.068        1074.783    
  60.00       2.729       3.200        1276.156        1088.768        1127.598        990.5568    
  60.00       3.016       3.200        1113.006        949.7412        1034.836        907.5192    
  60.00       3.333       3.200        969.4187        827.3933        944.2065        826.8229    
  60.00       3.683       3.200        843.1942        719.8470        856.9967        749.4969    
  60.00       4.071       3.200        731.9071        625.0338        773.5336        675.7571    
  60.00       4.499       3.200        634.3697        541.9395        694.9236        606.5115    
  60.00       4.972       3.200        548.8195        469.0607        621.3721        541.8856    
  60.00       5.495       3.200        473.8180        405.1699        553.0390        481.9761    
  60.00       6.073       3.200        408.1688        349.2463        489.9561        426.7713    
  60.00       6.711       3.200        350.8320        300.4017        432.1490        376.2791    
  60.00       7.417       3.200        300.7293        257.7159        379.3804        330.2516    
  60.00       8.197       3.200        257.1122        220.5505        331.5667        288.6001    
  60.00       9.059       3.200        219.1822        188.2248        288.4213        251.0601    
  60.00       10.01       3.200        186.2941        160.1880        249.7471        217.4448    
  60.00       11.06       3.200        157.7981        135.8857        215.2002        187.4426    
  60.00       12.23       3.200        132.9772        114.7067        184.2425        160.5772    
  60.00       13.51       3.200        111.7862        96.61333        157.1300        137.0622    
  60.00       14.94       3.200        93.35406        80.86255        132.9920        116.1346    
  60.00       16.51       3.200        77.65586        67.43406        111.9887        97.92845    
  60.00       18.24       3.200        64.26217        55.96204        93.71912        82.09036    
  60.00       20.16       3.200        52.78096        46.11243        77.78547        68.27212    
  60.00       22.28       3.200        43.02650        37.72764        64.03857        56.34179    
  60.00       24.63       3.200        34.75188        30.59716        52.20863        46.06285    
  60.00       27.22       3.200        27.80648        24.59428        42.15000        37.30838    
  60.00       30.08       3.200        21.99526        19.55297        33.63439        29.87972    
  60.00       33.24       3.200        17.16570        15.34476        26.48002        23.62016    
  60.00       36.74       3.200        13.18555        11.85850        20.52137        18.38751    
  60.00       40.60       3.200        9.958472        9.014706        15.63838        14.08056    
  60.00       44.87       3.200        7.369626        6.717552        11.68089        10.57200    
  60.00       49.59       3.200        5.332871        4.896451        8.533792        7.765780    
  60.00       54.81       3.200        3.763231        3.481350        6.080809        5.564669    
  60.00       60.57       3.200        2.584217        2.409019        4.217435        3.881372    
  60.00       66.94       3.200        1.720606        1.616347        2.836572        2.625252    
  60.00       73.98       3.200        1.107462        1.048312        1.844358        1.716305    
  60.00       81.76       3.200       0.6867209       0.6548870        1.155215        1.080605    
  60.00       89.36       3.200       0.4336860       0.4162177       0.7361435       0.6915693    
  60.00       90.36       3.200       0.4084068       0.3922621       0.6939994       0.6523140    
  60.00       91.20       3.200       0.3883319       0.3732212       0.6604885       0.6210817    
  60.00       92.00       3.200       0.3701563       0.3559677       0.6301168       0.5927593    
  60.00       99.86       3.200       0.2318305       0.2241685       0.3978049       0.3755283    
  60.00       110.4       3.200       0.1245224       0.1211621       0.2157455       0.2044252    
  60.00       120.0       3.200       0.7088005E-01   0.6929602E-01   0.1237826       0.1175860    
  60.00       130.0       3.200       0.3941581E-01   0.3869573E-01   0.6933966E-01   0.6599556E-01
  60.00       140.0       3.200       0.2185662E-01   0.2153202E-01   0.3871594E-01   0.3689530E-01
  60.00       150.0       3.200       0.1204229E-01   0.1189774E-01   0.2146623E-01   0.2047078E-01
  60.00       160.0       3.200       0.6572105E-02   0.6508806E-02   0.1178390E-01   0.1123952E-01
  60.00       170.0       3.200       0.3540137E-02   0.3512998E-02   0.6382528E-02   0.6085985E-02
  60.00       180.0       3.200       0.1874092E-02   0.1862763E-02   0.3396426E-02   0.3236327E-02
  60.00       190.0       3.200       0.9704411E-03   0.9658640E-03   0.1767468E-02   0.1682288E-02
  60.00       200.0       3.200       0.4888295E-03   0.4870519E-03   0.8946126E-03   0.8502223E-03
  60.00       210.0       3.200       0.2378439E-03   0.2371860E-03   0.4373632E-03   0.4148750E-03
  60.00       220.0       3.200       0.1108207E-03   0.1105913E-03   0.2047690E-03   0.1937882E-03
  60.00       230.0       3.200       0.4888284E-04   0.4880846E-04   0.9077083E-04   0.8565996E-04
  60.00       240.0       3.200       0.2011909E-04   0.2009706E-04   0.3754605E-04   0.3531437E-04
  60.00       250.0       3.200       0.7556870E-05   0.7551066E-05   0.1418276E-04   0.1328597E-04
  60.00       260.0       3.200       0.2513197E-05   0.2511883E-05   0.4746515E-05   0.4423682E-05
  60.00       270.0       3.200       0.7052021E-06   0.7049605E-06   0.1341674E-05   0.1242554E-05
  60.00       280.0       3.200       0.1537950E-06   0.1537620E-06   0.2953560E-06   0.2712605E-06
  60.00       290.0       3.200       0.2231975E-07   0.2231695E-07   0.4342642E-07   0.3941505E-07
  60.00       300.0       3.200       0.1511462E-08   0.1511362E-08   0.3004743E-08   0.2676746E-08
  60.00       310.0       3.200       0.1499375E-10   0.1499333E-10   0.3123335E-10   0.2686404E-10
  60.00       320.0       3.200        0.000000        0.000000        0.000000        0.000000    
  60.00       330.0       3.200        0.000000        0.000000        0.000000        0.000000    
  60.00       340.0       3.200        0.000000        0.000000        0.000000        0.000000    
  60.00       350.0       3.200        0.000000        0.000000        0.000000        0.000000    
  60.00       360.0       3.200        0.000000        0.000000        0.000000        0.000000    
  60.00       370.0       3.200        0.000000        0.000000        0.000000        0.000000    
  60.00       380.0       3.200        0.000000        0.000000        0.000000        0.000000    
  60.00       400.0       3.200        0.000000        0.000000        0.000000        0.000000    
  60.00       450.0       3.200        0.000000        0.000000        0.000000        0.000000    
  60.00       500.0       3.200        0.000000        0.000000        0.000000        0.000000    
  60.00      0.9106E-01   3.900        46436.59        44621.98       -72548.18       -68048.84    
  60.00      0.1006       3.900        41326.51        39711.48       -59973.25       -56150.37    
  60.00      0.1112       3.900        36744.50        35308.43       -49315.18       -46074.11    
  60.00      0.1229       3.900        32665.60        31388.86       -40350.80       -37608.10    
  60.00      0.1358       3.900        29037.93        27902.89       -32834.57       -30516.69    
  60.00      0.1501       3.900        25795.11        24786.76       -26497.05       -24543.99    
  60.00      0.1659       3.900        22907.66        22012.12       -21242.22       -19598.48    
  60.00      0.1834       3.900        20331.23        19536.34       -16847.91       -15468.69    
  60.00      0.2027       3.900        18042.76        17337.30       -13213.87       -12058.92    
  60.00      0.2240       3.900        16008.60        15382.63       -10216.84       -9252.063    
  60.00      0.2475       3.900        14200.97        13645.64       -7759.084       -6955.190    
  60.00      0.2736       3.900        12584.76        12092.59       -5731.949       -5065.172    
  60.00      0.3023       3.900        11154.33        10718.07       -4110.247       -3557.991    
  60.00      0.3341       3.900        9878.691        9492.302       -2792.450       -2337.277    
  60.00      0.3693       3.900        8743.216        8401.216       -1738.319       -1364.843    
  60.00      0.4081       3.900        7736.986        7434.328       -907.6186       -602.4120    
  60.00      0.4510       3.900        6842.551        6574.867       -255.9299       -7.975828    
  60.00      0.4985       3.900        6046.875        5810.308        240.6207        440.9194    
  60.00      0.5509       3.900        5342.041        5133.041        615.0759        775.7679    
  60.00      0.6088       3.900        4716.668        4532.131        888.4863        1016.382    
  60.00      0.6729       3.900        4160.900        3998.108        1080.720        1181.488    
  60.00      0.7436       3.900        3669.015        3525.470        1206.804        1285.306    
  60.00      0.8218       3.900        3232.669        3106.203        1280.396        1340.676    
  60.00      0.9083       3.900        2845.822        2734.500        1312.441        1357.899    
  60.00       1.004       3.900        2502.986        2405.088        1312.513        1345.961    
  60.00       1.109       3.900        2201.588        2115.495        1288.611        1312.460    
  60.00       1.226       3.900        1932.754        1857.192        1245.302        1261.474    
  60.00       1.355       3.900        1695.684        1629.412        1189.234        1199.426    
  60.00       1.497       3.900        1486.900        1428.813        1124.459        1129.874    
  60.00       1.655       3.900        1301.203        1250.397        1053.326        1055.102    
  60.00       1.829       3.900        1137.954        1093.553        979.3287        978.3707    
  60.00       2.021       3.900        994.1748        955.4155        904.4563        901.4814    
  60.00       2.234       3.900        866.9179        833.1541        829.7635        825.3532    
  60.00       2.469       3.900        755.0541        725.6831        756.9805        751.6004    
  60.00       2.729       3.900        656.5105        631.0107        686.8315        680.8456    
  60.00       3.016       3.900        569.9516        547.8532        620.0849        613.7822    
  60.00       3.333       3.900        493.8905        474.7817        557.0664        550.6524    
  60.00       3.683       3.900        427.2065        410.7190        498.1700        491.8490    
  60.00       4.071       3.900        368.5732        354.3909        443.2646        437.1431    
  60.00       4.499       3.900        317.3075        305.1406        392.6571        386.8261    
  60.00       4.972       3.900        272.4693        262.0648        346.2187        340.7386    
  60.00       5.495       3.900        233.2923        224.4267        303.8258        298.7355    
  60.00       6.073       3.900        199.1193        191.5948        265.3233        260.6446    
  60.00       6.711       3.900        169.4049        163.0447        230.5835        226.3244    
  60.00       7.417       3.900        143.5670        138.2174        199.3165        195.4752    
  60.00       8.197       3.900        121.1907        116.7143        171.3684        167.9340    
  60.00       9.059       3.900        101.8438        98.12004        146.4939        143.4500    
  60.00       10.01       3.900        85.17254        82.09455        124.4774        121.8035    
  60.00       11.06       3.900        70.85681        68.33042        105.0892        102.7617    
  60.00       12.23       3.900        58.49605        56.44309        87.95932        85.95537    
  60.00       13.51       3.900        48.06536        46.40886        73.19011        71.47970    
  60.00       14.94       3.900        39.11092        37.79140        60.25596        58.81509    
  60.00       16.51       3.900        31.59020        30.55047        49.19737        47.99727    
  60.00       18.24       3.900        25.28108        24.47281        39.76594        38.77966    
  60.00       20.16       3.900        19.98756        19.36992        31.73173        30.93445    
  60.00       22.28       3.900        15.59983        15.13678        24.98184        24.34733    
  60.00       24.63       3.900        11.98313        11.64399        19.34824        18.85363    
  60.00       27.22       3.900        9.049331        8.807124        14.72816        14.35046    
  60.00       30.08       3.900        6.693103        6.525473        10.97921        10.69786    
  60.00       33.24       3.900        4.832497        4.720516        7.989528        7.785429    
  60.00       36.74       3.900        3.387558        3.315987        5.646736        5.503366    
  60.00       40.60       3.900        2.297153        2.253584        3.862340        3.764940    
  60.00       44.87       3.900        1.496930        1.471934        2.539396        2.475813    
  60.00       49.59       3.900       0.9307259       0.9173423        1.594279        1.554550    
  60.00       54.81       3.900       0.5473804       0.5407813       0.9468841       0.9232868    
  60.00       60.57       3.900       0.3017164       0.2987596       0.5277873       0.5145477    
  60.00       66.94       3.900       0.1534536       0.1522770       0.2715783       0.2646474    
  60.00       73.98       3.900       0.7073206E-01   0.7032741E-01   0.1267056       0.1233718    
  60.00       81.76       3.900       0.2875493E-01   0.2863931E-01   0.5217317E-01   0.5073419E-01
  60.00       89.36       3.900       0.1125725E-01   0.1122626E-01   0.2067247E-01   0.2006843E-01
  60.00       90.36       3.900       0.9897832E-02   0.9871978E-02   0.1820364E-01   0.1766722E-01
  60.00       91.20       3.900       0.8874356E-02   0.8852188E-02   0.1634211E-01   0.1585706E-01
  60.00       92.00       3.900       0.7990290E-02   0.7971173E-02   0.1473224E-01   0.1429190E-01
  60.00       99.86       3.900       0.2696069E-02   0.2691961E-02   0.5030871E-02   0.4868892E-02
  60.00       110.4       3.900       0.5084302E-03   0.5080459E-03   0.9640344E-03   0.9291748E-03
  60.00       120.0       3.900       0.7952925E-04   0.7950156E-04   0.1531242E-03   0.1468287E-03
  60.00       130.0       3.900       0.6084374E-05   0.6083625E-05   0.1192641E-04   0.1134498E-04
  60.00       140.0       3.900       0.9390812E-07   0.9390565E-07   0.1887809E-06   0.1767589E-06
  60.00       150.0       3.900       0.6496200E-13   0.6496028E-13   0.1556144E-12   0.1289332E-12
  60.00       160.0       3.900        0.000000        0.000000        0.000000        0.000000    
  60.00       170.0       3.900        0.000000        0.000000        0.000000        0.000000    
  60.00       180.0       3.900        0.000000        0.000000        0.000000        0.000000    
  60.00       190.0       3.900        0.000000        0.000000        0.000000        0.000000    
  60.00       200.0       3.900        0.000000        0.000000        0.000000        0.000000    
  60.00       210.0       3.900        0.000000        0.000000        0.000000        0.000000    
  60.00       220.0       3.900        0.000000        0.000000        0.000000        0.000000    
  60.00       230.0       3.900        0.000000        0.000000        0.000000        0.000000    
  60.00       240.0       3.900        0.000000        0.000000        0.000000        0.000000    
  60.00       250.0       3.900        0.000000        0.000000        0.000000        0.000000    
  60.00       260.0       3.900        0.000000        0.000000        0.000000        0.000000    
  60.00       270.0       3.900        0.000000        0.000000        0.000000        0.000000    
  60.00       280.0       3.900        0.000000        0.000000        0.000000        0.000000    
  60.00       290.0       3.900        0.000000        0.000000        0.000000        0.000000    
  60.00       300.0       3.900        0.000000        0.000000        0.000000        0.000000    
  60.00       310.0       3.900        0.000000        0.000000        0.000000        0.000000    
  60.00       320.0       3.900        0.000000        0.000000        0.000000        0.000000    
  60.00       330.0       3.900        0.000000        0.000000        0.000000        0.000000    
  60.00       340.0       3.900        0.000000        0.000000        0.000000        0.000000    
  60.00       350.0       3.900        0.000000        0.000000        0.000000        0.000000    
  60.00       360.0       3.900        0.000000        0.000000        0.000000        0.000000    
  60.00       370.0       3.900        0.000000        0.000000        0.000000        0.000000    
  60.00       380.0       3.900        0.000000        0.000000        0.000000        0.000000    
  60.00       400.0       3.900        0.000000        0.000000        0.000000        0.000000    
  60.00       450.0       3.900        0.000000        0.000000        0.000000        0.000000    
  60.00       500.0       3.900        0.000000        0.000000        0.000000        0.000000    
  80.00      0.9106E-01  -3.900        10537.52       -10366.62       -15136.40        14527.55    
  80.00      0.1006      -3.900        9379.525       -9227.403       -12471.86        11944.29    
  80.00      0.1112      -3.900        8341.048       -8205.768       -10212.08        9757.234    
  80.00      0.1229      -3.900        7416.548       -7296.263       -8314.888        7922.931    
  80.00      0.1358      -3.900        6594.205       -6487.257       -6726.652        6389.014    
  80.00      0.1501      -3.900        5859.070       -5764.045       -5395.829        5105.336    
  80.00      0.1659      -3.900        5204.313       -5119.907       -4285.228        4035.522    
  80.00      0.1834      -3.900        4619.947       -4545.020       -3363.888        3149.342    
  80.00      0.2027      -3.900        4100.870       -4034.362       -2604.152        2419.968    
  80.00      0.2240      -3.900        3639.396       -3580.373       -1979.422        1821.352    
  80.00      0.2475      -3.900        3229.209       -3176.840       -1468.676        1333.133    
  80.00      0.2736      -3.900        2862.407       -2815.988       -1051.487        935.4443    
  80.00      0.3023      -3.900        2537.746       -2496.593       -717.0878        617.7264    
  80.00      0.3341      -3.900        2248.176       -2211.720       -448.7206        363.7490    
  80.00      0.3693      -3.900        1990.378       -1958.105       -235.3499        162.7828    
  80.00      0.4081      -3.900        1761.816       -1733.250       -68.91762        6.978959    
  80.00      0.4510      -3.900        1558.619       -1533.349        59.13772       -111.9560    
  80.00      0.4985      -3.900        1377.851       -1355.514        155.8434       -200.8144    
  80.00      0.5509      -3.900        1217.667       -1197.928        226.6924       -264.9794    
  80.00      0.6088      -3.900        1075.498       -1058.065        276.7471       -309.2926    
  80.00      0.6729      -3.900        949.1439       -933.7615        309.9583       -337.5829    
  80.00      0.7436      -3.900        837.3030       -823.7352        329.5655       -352.9962    
  80.00      0.8218      -3.900        738.0557       -726.0982        338.6526       -358.4993    
  80.00      0.9083      -3.900        650.0092       -639.4804        339.3943       -356.1806    
  80.00       1.004      -3.900        571.9633       -562.7011        333.7651       -347.9405    
  80.00       1.109      -3.900        503.3548       -495.2061        323.4057       -335.3728    
  80.00       1.226      -3.900        442.1269       -434.9721        309.5389       -319.6099    
  80.00       1.355      -3.900        388.1146       -381.8366        293.2861       -301.7503    
  80.00       1.497      -3.900        340.5356       -335.0302        275.4858       -282.5921    
  80.00       1.655      -3.900        298.2085       -293.3905        256.6819       -262.6294    
  80.00       1.829      -3.900        260.9721       -256.7588        237.6175       -242.5855    
  80.00       2.021      -3.900        228.1508       -224.4707        218.6484       -222.7885    
  80.00       2.234      -3.900        199.1029       -195.8948        199.9889       -203.4264    
  80.00       2.469      -3.900        173.5590       -170.7659        181.9943       -184.8421    
  80.00       2.729      -3.900        151.0399       -148.6129        164.7933       -167.1419    
  80.00       3.016      -3.900        131.2446       -129.1394        148.5304       -150.4595    
  80.00       3.333      -3.900        113.8465       -112.0241        133.2590       -134.8365    
  80.00       3.683      -3.900        98.57627       -97.00213        119.0397       -120.3224    
  80.00       4.071      -3.900        85.13500       -83.77935        105.8370       -106.8718    
  80.00       4.499      -3.900        73.38165       -72.21700        93.70964       -94.53774    
  80.00       4.972      -3.900        63.08634       -62.08894        82.59706       -83.25400    
  80.00       5.495      -3.900        54.08343       -53.23217        72.46756       -72.98240    
  80.00       6.073      -3.900        46.22349       -45.49971        63.28781       -63.68521    
  80.00       6.711      -3.900        39.37907       -38.76613        55.01011       -55.31127    
  80.00       7.417      -3.900        33.41873       -32.90215        47.56372       -47.78658    
  80.00       8.197      -3.900        28.24854       -27.81536        40.91052       -41.07006    
  80.00       9.059      -3.900        23.77092       -23.40972        34.98922       -35.09805    
  80.00       10.01      -3.900        19.90998       -19.61062        29.75054       -29.81995    
  80.00       11.06      -3.900        16.58687       -16.34047        25.13421       -25.17295    
  80.00       12.23      -3.900        13.71340       -13.51252        21.05389       -21.06942    
  80.00       13.51      -3.900        11.28496       -11.12228        17.53474       -17.53351    
  80.00       14.94      -3.900        9.197426       -9.067292        14.45146       -14.43857    
  80.00       16.51      -3.900        7.443135       -7.340067        11.81432       -11.79400    
  80.00       18.24      -3.900        5.970409       -5.889783        9.564783       -9.540429    
  80.00       20.16      -3.900        4.732632       -4.670582        7.646665       -7.620861    
  80.00       22.28      -3.900        3.706307       -3.659371        6.035012       -6.009546    
  80.00       24.63      -3.900        2.859647       -2.824894        4.688635       -4.664909    
  80.00       27.22      -3.900        2.171681       -2.146540        3.583234       -3.562081    
  80.00       30.08      -3.900        1.617554       -1.599881        2.684666       -2.666559    
  80.00       33.24      -3.900        1.177519       -1.165511        1.965268       -1.950323    
  80.00       36.74      -3.900       0.8334361      -0.8256117        1.398660       -1.386794    
  80.00       40.60      -3.900       0.5712664      -0.5664066       0.9640704      -0.9550123    
  80.00       44.87      -3.900       0.3763933      -0.3735493       0.6389976      -0.6323697    
  80.00       49.59      -3.900       0.2363472      -0.2347970       0.4038915      -0.3992706    
  80.00       54.81      -3.900       0.1400453      -0.1392702       0.2410608      -0.2380172    
  80.00       60.57      -3.900       0.7734836E-01  -0.7699910E-01   0.1342524      -0.1323718    
  80.00       66.94      -3.900       0.3906749E-01  -0.3892957E-01   0.6845099E-01  -0.6738183E-01
  80.00       73.98      -3.900       0.1762248E-01  -0.1757637E-01   0.3120247E-01  -0.3065500E-01
  80.00       81.76      -3.900       0.6845382E-02  -0.6833003E-02   0.1226745E-01  -0.1202344E-01
  80.00       89.36      -3.900       0.2489025E-02  -0.2486027E-02   0.4514644E-02  -0.4413190E-02
  80.00       90.36      -3.900       0.2161424E-02  -0.2158966E-02   0.3926836E-02  -0.3837160E-02
  80.00       91.20      -3.900       0.1916593E-02  -0.1914517E-02   0.3486998E-02  -0.3406279E-02
  80.00       92.00      -3.900       0.1706838E-02  -0.1705075E-02   0.3109496E-02  -0.3036583E-02
  80.00       99.86      -3.900       0.5015375E-03  -0.5012241E-03   0.9258462E-03  -0.9011561E-03
  80.00       110.4      -3.900       0.6879730E-04  -0.6877828E-04   0.1294971E-03  -0.1253450E-03
  80.00       120.0      -3.900       0.6097424E-05  -0.6096784E-05   0.1171933E-04  -0.1126201E-04
  80.00       130.0      -3.900       0.1074591E-06  -0.1074565E-06   0.2129303E-06  -0.2017857E-06
  80.00       140.0      -3.900       0.1009307E-11  -0.1009290E-11   0.2229679E-11  -0.1971540E-11
  80.00       150.0      -3.900        0.000000        0.000000        0.000000        0.000000    
  80.00       160.0      -3.900        0.000000        0.000000        0.000000        0.000000    
  80.00       170.0      -3.900        0.000000        0.000000        0.000000        0.000000    
  80.00       180.0      -3.900        0.000000        0.000000        0.000000        0.000000    
  80.00       190.0      -3.900        0.000000        0.000000        0.000000        0.000000    
  80.00       200.0      -3.900        0.000000        0.000000        0.000000        0.000000    
  80.00       210.0      -3.900        0.000000        0.000000        0.000000        0.000000    
  80.00       220.0      -3.900        0.000000        0.000000        0.000000        0.000000    
  80.00       230.0      -3.900        0.000000        0.000000        0.000000        0.000000    
  80.00       240.0      -3.900        0.000000        0.000000        0.000000        0.000000    
  80.00       250.0      -3.900        0.000000        0.000000        0.000000        0.000000    
  80.00       260.0      -3.900        0.000000        0.000000        0.000000        0.000000    
  80.00       270.0      -3.900        0.000000        0.000000        0.000000        0.000000    
  80.00       280.0      -3.900        0.000000        0.000000        0.000000        0.000000    
  80.00       290.0      -3.900        0.000000        0.000000        0.000000        0.000000    
  80.00       300.0      -3.900        0.000000        0.000000        0.000000        0.000000    
  80.00       310.0      -3.900        0.000000        0.000000        0.000000        0.000000    
  80.00       320.0      -3.900        0.000000        0.000000        0.000000        0.000000    
  80.00       330.0      -3.900        0.000000        0.000000        0.000000        0.000000    
  80.00       340.0      -3.900        0.000000        0.000000        0.000000        0.000000    
  80.00       350.0      -3.900        0.000000        0.000000        0.000000        0.000000    
  80.00       360.0      -3.900        0.000000        0.000000        0.000000        0.000000    
  80.00       370.0      -3.900        0.000000        0.000000        0.000000        0.000000    
  80.00       380.0      -3.900        0.000000        0.000000        0.000000        0.000000    
  80.00       400.0      -3.900        0.000000        0.000000        0.000000        0.000000    
  80.00       450.0      -3.900        0.000000        0.000000        0.000000        0.000000    
  80.00       500.0      -3.900        0.000000        0.000000        0.000000        0.000000    
  80.00      0.9106E-01  -3.200        35084.76       -31840.41       -66082.91        58994.49    
  80.00      0.1006      -3.200        31257.39       -28366.81       -55323.63        49340.09    
  80.00      0.1112      -3.200        27822.39       -25249.33       -46116.53        41081.52    
  80.00      0.1229      -3.200        24762.16       -22471.99       -38317.86        34090.34    
  80.00      0.1358      -3.200        22038.29       -19999.92       -31726.07        28184.85    
  80.00      0.1501      -3.200        19601.58       -17788.48       -26137.49        23181.66    
  80.00      0.1659      -3.200        17430.03       -15817.70       -21429.69        18970.11    
  80.00      0.1834      -3.200        15490.68       -14057.65       -17462.48        15424.11    
  80.00      0.2027      -3.200        13766.39       -12492.79       -14143.32        12460.06    
  80.00      0.2240      -3.200        12232.07       -11100.34       -11371.49        9987.342    
  80.00      0.2475      -3.200        10866.94       -9861.444       -9063.600        7930.836    
  80.00      0.2736      -3.200        9645.101       -8752.598       -7137.324        6216.612    
  80.00      0.3023      -3.200        8562.398       -7770.028       -5551.648        4807.565    
  80.00      0.3341      -3.200        7595.971       -6892.987       -4242.071        3645.809    
  80.00      0.3693      -3.200        6734.831       -6111.501       -3168.801        2695.528    
  80.00      0.4081      -3.200        5970.796       -5418.144       -2297.713        1926.028    
  80.00      0.4510      -3.200        5290.812       -4801.067       -1593.525        1305.565    
  80.00      0.4985      -3.200        4685.366       -4251.636       -1026.777        807.8116    
  80.00      0.5509      -3.200        4147.972       -3763.967       -579.1189        416.1872    
  80.00      0.6088      -3.200        3670.461       -3330.643       -227.1280        109.7331    
  80.00      0.6729      -3.200        3245.556       -2945.061        45.32263       -126.0036    
  80.00      0.7436      -3.200        2868.966       -2603.328        251.5750       -303.0175    
  80.00      0.8218      -3.200        2534.397       -2299.729        404.1582       -432.4789    
  80.00      0.9083      -3.200        2237.297       -2030.135        512.9986       -523.2784    
  80.00       1.004      -3.200        1973.566       -1790.824        586.4678       -582.8928    
  80.00       1.109      -3.200        1741.251       -1580.024        631.2544       -617.3588    
  80.00       1.226      -3.200        1533.651       -1391.653        654.1575       -632.6358    
  80.00       1.355      -3.200        1350.274       -1225.265        659.5183       -632.6527    
  80.00       1.497      -3.200        1188.470       -1078.453        651.5148       -621.1276    
  80.00       1.655      -3.200        1044.243       -947.5933        633.1555       -600.6888    
  80.00       1.829      -3.200        917.1775       -832.3064        607.4251       -574.0186    
  80.00       2.021      -3.200        805.0097       -730.5391        576.5290       -543.0747    
  80.00       2.234      -3.200        705.4812       -640.2416        542.0544       -509.2196    
  80.00       2.469      -3.200        617.7608       -560.6597        505.6489       -473.9292    
  80.00       2.729      -3.200        540.2597       -490.3514        468.3724       -438.1226    
  80.00       3.016      -3.200        471.9809       -428.4116        431.0676       -402.5377    
  80.00       3.333      -3.200        411.8316       -373.8485        394.3990       -367.7464    
  80.00       3.683      -3.200        358.9045       -325.8385        358.9725       -334.2751    
  80.00       4.071      -3.200        312.1791       -283.4554        324.9823       -302.2698    
  80.00       4.499      -3.200        271.1739       -246.2622        292.8425       -272.0945    
  80.00       4.972      -3.200        235.1474       -213.5858        262.6652       -243.8304    
  80.00       5.495      -3.200        203.5126       -184.8932        234.5217       -217.5266    
  80.00       6.073      -3.200        175.7749       -159.7358        208.4634       -193.2161    
  80.00       6.711      -3.200        151.5075       -137.7259        184.5071       -170.9018    
  80.00       7.417      -3.200        130.2618       -118.4562        162.5645       -150.4925    
  80.00       8.197      -3.200        111.7104       -101.6296        142.5916       -131.9399    
  80.00       9.059      -3.200        95.53900       -86.96080        124.5183       -115.1698    
  80.00       10.01      -3.200        81.48639       -74.21261        108.2537       -100.0941    
  80.00       11.06      -3.200        69.28281       -63.14014        93.67410       -86.59260    
  80.00       12.23      -3.200        58.60950       -53.45417        80.55117       -74.44989    
  80.00       13.51      -3.200        49.47025       -45.15821        69.00306       -63.77284    
  80.00       14.94      -3.200        41.50330       -37.92394        58.69374       -54.24726    
  80.00       16.51      -3.200        34.69850       -31.74227        49.68437       -45.92762    
  80.00       18.24      -3.200        28.87021       -26.44498        41.81107       -38.66085    
  80.00       20.16      -3.200        23.86244       -21.89044        34.91981       -32.30282    
  80.00       22.28      -3.200        19.60082       -18.01138        28.95542       -26.80120    
  80.00       24.63      -3.200        15.96994       -14.70329        23.79692       -22.04388    
  80.00       27.22      -3.200        12.90984       -11.91182        19.39101       -17.98026    
  80.00       30.08      -3.200        10.33995       -9.564063        15.64584       -14.52502    
  80.00       33.24      -3.200        8.191491       -7.597837        12.48190       -11.60455    
  80.00       36.74      -3.200        6.402184       -5.956640        9.820961       -9.146240    
  80.00       40.60      -3.200        4.932744       -4.605265        7.617189       -7.107813    
  80.00       44.87      -3.200        3.736163       -3.501352        5.808211       -5.431838    
  80.00       49.59      -3.200        2.773928       -2.610328        4.341797       -4.070453    
  80.00       54.81      -3.200        2.012712       -1.902413        3.173024       -2.982699    
  80.00       60.57      -3.200        1.424158       -1.352444        2.262149       -2.132503    
  80.00       66.94      -3.200       0.9781474      -0.9334552        1.565921       -1.480536    
  80.00       73.98      -3.200       0.6497068      -0.6231502        1.048778      -0.9945480    
  80.00       81.76      -3.200       0.4156997      -0.4007415       0.6768766      -0.6437579    
  80.00       89.36      -3.200       0.2696438      -0.2611117       0.4425363      -0.4219407    
  80.00       90.36      -3.200       0.2547579      -0.2468345       0.4185287      -0.3991623    
  80.00       91.20      -3.200       0.2429000      -0.2354539       0.3993853      -0.3809982    
  80.00       92.00      -3.200       0.2321269      -0.2251087       0.3819770      -0.3644745    
  80.00       99.86      -3.200       0.1487866      -0.1448690       0.2466937      -0.2358747    
  80.00       110.4      -3.200       0.8201606E-01  -0.8023229E-01   0.1372755      -0.1315410    
  80.00       120.0      -3.200       0.4757593E-01  -0.4671225E-01   0.8026716E-01  -0.7702512E-01
  80.00       130.0      -3.200       0.2687987E-01  -0.2647806E-01   0.4569962E-01  -0.4389781E-01
  80.00       140.0      -3.200       0.1508584E-01  -0.1490144E-01   0.2583340E-01  -0.2482859E-01
  80.00       150.0      -3.200       0.8383643E-02  -0.8300473E-02   0.1445413E-01  -0.1389352E-01
  80.00       160.0      -3.200       0.4600872E-02  -0.4564139E-02   0.7983404E-02  -0.7671657E-02
  80.00       170.0      -3.200       0.2483933E-02  -0.2468122E-02   0.4336641E-02  -0.4164610E-02
  80.00       180.0      -3.200       0.1313970E-02  -0.1307370E-02   0.2307606E-02  -0.2213869E-02
  80.00       190.0      -3.200       0.6775728E-03  -0.6749185E-03   0.1196818E-02  -0.1146665E-02
  80.00       200.0      -3.200       0.3386672E-03  -0.3376461E-03   0.6015886E-03  -0.5754069E-03
  80.00       210.0      -3.200       0.1627854E-03  -0.1624132E-03   0.2908256E-03  -0.2776022E-03
  80.00       220.0      -3.200       0.7457825E-04  -0.7445113E-04   0.1339899E-03  -0.1275825E-03
  80.00       230.0      -3.200       0.3212315E-04  -0.3208315E-04   0.5806481E-04  -0.5512659E-04
  80.00       240.0      -3.200       0.1279676E-04  -0.1278538E-04   0.2327383E-04  -0.2201941E-04
  80.00       250.0      -3.200       0.4597310E-05  -0.4594470E-05   0.8418652E-05  -0.7931641E-05
  80.00       260.0      -3.200       0.1434361E-05  -0.1433765E-05   0.2647209E-05  -0.2481041E-05
  80.00       270.0      -3.200       0.3661932E-06  -0.3660953E-06   0.6821703E-06  -0.6350966E-06
  80.00       280.0      -3.200       0.6881310E-07  -0.6880186E-07   0.1297437E-06  -0.1197113E-06
  80.00       290.0      -3.200       0.7660027E-08  -0.7659321E-08   0.1469200E-07  -0.1337760E-07
  80.00       300.0      -3.200       0.2881978E-09  -0.2881850E-09   0.5698525E-09  -0.5073387E-09
  80.00       310.0      -3.200       0.4755282E-12  -0.4755151E-12   0.9890068E-12  -0.8528357E-12
  80.00       320.0      -3.200        0.000000        0.000000        0.000000        0.000000    
  80.00       330.0      -3.200        0.000000        0.000000        0.000000        0.000000    
  80.00       340.0      -3.200        0.000000        0.000000        0.000000        0.000000    
  80.00       350.0      -3.200        0.000000        0.000000        0.000000        0.000000    
  80.00       360.0      -3.200        0.000000        0.000000        0.000000        0.000000    
  80.00       370.0      -3.200        0.000000        0.000000        0.000000        0.000000    
  80.00       380.0      -3.200        0.000000        0.000000        0.000000        0.000000    
  80.00       400.0      -3.200        0.000000        0.000000        0.000000        0.000000    
  80.00       450.0      -3.200        0.000000        0.000000        0.000000        0.000000    
  80.00       500.0      -3.200        0.000000        0.000000        0.000000        0.000000    
  80.00      0.9106E-01  -2.960        39417.92       -34011.78       -78034.20        66344.17    
  80.00      0.1006      -2.960        35124.29       -30306.78       -65478.78        55620.82    
  80.00      0.1112      -2.960        31270.92       -26981.70       -54753.14        46465.00    
  80.00      0.1229      -2.960        27837.58       -24019.09       -45640.16        38689.51    
  80.00      0.1358      -2.960        24780.98       -21381.57       -37916.82        32103.77    
  80.00      0.1501      -2.960        22045.73       -19021.38       -31359.13        26514.59    
  80.00      0.1659      -2.960        19607.26       -16917.27       -25818.89        21796.10    
  80.00      0.1834      -2.960        17429.36       -15038.04       -21142.47        17816.14    
  80.00      0.2027      -2.960        15492.95       -13367.18       -17222.47        14482.62    
  80.00      0.2240      -2.960        13769.61       -11880.18       -13941.39        11694.83    
  80.00      0.2475      -2.960        12236.13       -10557.02       -11201.47        9369.167    
  80.00      0.2736      -2.960        10863.29       -9372.475       -8907.079        7423.678    
  80.00      0.3023      -2.960        9646.767       -8322.819       -7011.517        5818.465    
  80.00      0.3341      -2.960        8560.561       -7385.611       -5440.418        4489.768    
  80.00      0.3693      -2.960        7592.322       -6550.197       -4145.998        3396.836    
  80.00      0.4081      -2.960        6732.951       -5808.724       -3089.834        2506.712    
  80.00      0.4510      -2.960        5968.016       -5148.739       -2230.441        1783.988    
  80.00      0.4985      -2.960        5286.653       -4560.868       -1535.140        1200.714    
  80.00      0.5509      -2.960        4682.071       -4039.248       -979.4711        736.0193    
  80.00      0.6088      -2.960        4144.689       -3575.616       -539.1826        369.1391    
  80.00      0.6729      -2.960        3666.380       -3162.955       -193.8270        82.70635    
  80.00      0.7436      -2.960        3242.336       -2797.118        71.97661       -136.4375    
  80.00      0.8218      -2.960        2865.428       -2471.952        273.6362       -301.4013    
  80.00      0.9083      -2.960        2530.623       -2183.115        422.1645       -421.5795    
  80.00       1.004      -2.960        2233.351       -1926.661        527.4074       -505.3359    
  80.00       1.109      -2.960        1971.520       -1700.788        597.3199       -559.4819    
  80.00       1.226      -2.960        1737.406       -1498.830        640.0164       -590.8280    
  80.00       1.355      -2.960        1530.509       -1320.355        660.6655       -603.8065    
  80.00       1.497      -2.960        1347.909       -1162.845        664.1076       -602.5496    
  80.00       1.655      -2.960        1185.100       -1022.411        654.4264       -590.4441    
  80.00       1.829      -2.960        1041.618       -898.6529        634.9550       -570.3565    
  80.00       2.021      -2.960        914.8679       -789.3303        608.2876       -544.4687    
  80.00       2.234      -2.960        802.3799       -692.3129        576.4339       -514.4473    
  80.00       2.469      -2.960        703.1918       -606.7696        541.3801       -481.9782    
  80.00       2.729      -2.960        615.5355       -531.1750        504.4221       -448.1586    
  80.00       3.016      -2.960        538.2730       -464.5473        466.7352       -413.9285    
  80.00       3.333      -2.960        470.1555       -405.8089        429.1560       -380.0210    
  80.00       3.683      -2.960        410.1763       -354.0911        392.4134       -347.0230    
  80.00       4.071      -2.960        357.2255       -308.4361        356.7542       -315.1268    
  80.00       4.499      -2.960        310.7413       -268.3589        322.7300       -284.7905    
  80.00       4.972      -2.960        269.8668       -233.1201        290.6156       -256.2300    
  80.00       5.495      -2.960        233.9273       -202.1370        260.4269       -229.4446    
  80.00       6.073      -2.960        202.4012       -174.9596        232.3376       -204.5689    
  80.00       6.711      -2.960        174.8143       -151.1783        206.4080       -181.6452    
  80.00       7.417      -2.960        150.6288       -130.3291        182.5327       -160.5690    
  80.00       8.197      -2.960        129.4904       -112.1062        160.7139       -141.3339    
  80.00       9.059      -2.960        111.0444       -96.20337        140.8842       -123.8728    
  80.00       10.01      -2.960        94.99235       -82.36288        122.9810       -108.1240    
  80.00       11.06      -2.960        81.03493       -70.32631        106.8749       -93.96868    
  80.00       12.23      -2.960        68.81651       -59.78693        92.32837       -81.19414    
  80.00       13.51      -2.960        58.33443       -50.74250        79.48866       -69.92653    
  80.00       14.94      -2.960        49.17066       -42.83219        67.96816       -59.82226    
  80.00       16.51      -2.960        41.32489       -36.05589        57.86871       -50.96790    
  80.00       18.24      -2.960        34.59268       -30.23750        49.01507       -43.20796    
  80.00       20.16      -2.960        28.79129       -25.21935        41.23456       -36.38969    
  80.00       22.28      -2.960        23.82828       -20.92182        34.46143       -30.45389    
  80.00       24.63      -2.960        19.58461       -17.24243        28.57848       -25.29664    
  80.00       27.22      -2.960        15.99215       -14.12268        23.52757       -20.86646    
  80.00       30.08      -2.960        12.95418       -11.47929        19.20302       -17.07017    
  80.00       33.24      -2.960        10.39395       -9.246186        15.51887       -13.83168    
  80.00       36.74      -2.960        8.246158       -7.367364        12.39731       -11.08326    
  80.00       40.60      -2.960        6.463407       -5.802236        9.783217       -8.776188    
  80.00       44.87      -2.960        4.991640       -4.504650        7.607426       -6.850489    
  80.00       49.59      -2.960        3.791984       -3.441635        5.819617       -5.262531    
  80.00       54.81      -2.960        2.825837       -2.580570        4.368444       -3.968197    
  80.00       60.57      -2.960        2.061815       -1.895164        3.211611       -2.931356    
  80.00       66.94      -2.960        1.468608       -1.359149        2.305741       -2.115092    
  80.00       73.98      -2.960        1.018158      -0.9489376        1.611737       -1.486071    
  80.00       81.76      -2.960       0.6849491      -0.6429777        1.093557       -1.013496    
  80.00       89.36      -2.960       0.4684919      -0.4426044       0.7537670      -0.7017626    
  80.00       90.36      -2.960       0.4458573      -0.4215568       0.7180560      -0.6688840    
  80.00       91.20      -2.960       0.4277205      -0.4046767       0.6894129      -0.6424937    
  80.00       92.00      -2.960       0.4111559      -0.3892475       0.6632304      -0.6183563    
  80.00       99.86      -2.960       0.2797237      -0.2663601       0.4545485      -0.4254744    
  80.00       110.4      -2.960       0.1681565      -0.1612342       0.2757280      -0.2592717    
  80.00       120.0      -2.960       0.1064024      -0.1025861       0.1757746      -0.1658601    
  80.00       130.0      -2.960       0.6632015E-01  -0.6426436E-01   0.1103526      -0.1044390    
  80.00       140.0      -2.960       0.4146664E-01  -0.4035826E-01   0.6946133E-01  -0.6589721E-01
  80.00       150.0      -2.960       0.2596376E-01  -0.2536697E-01   0.4376244E-01  -0.4159551E-01
  80.00       160.0      -2.960       0.1625380E-01  -0.1593338E-01   0.2755346E-01  -0.2622673E-01
  80.00       170.0      -2.960       0.1015671E-01  -0.9985606E-02   0.1731063E-01  -0.1649407E-01
  80.00       180.0      -2.960       0.6329521E-02  -0.6238663E-02   0.1084297E-01  -0.1033784E-01
  80.00       190.0      -2.960       0.3926461E-02  -0.3878647E-02   0.6758861E-02  -0.6445867E-02
  80.00       200.0      -2.960       0.2420310E-02  -0.2395370E-02   0.4185308E-02  -0.3991385E-02
  80.00       210.0      -2.960       0.1479444E-02  -0.1466608E-02   0.2569995E-02  -0.2450052E-02
  80.00       220.0      -2.960       0.8956728E-03  -0.8891643E-03   0.1562508E-02  -0.1488681E-02
  80.00       230.0      -2.960       0.5354660E-03  -0.5322240E-03   0.9381068E-03  -0.8929859E-03
  80.00       240.0      -2.960       0.3154883E-03  -0.3139062E-03   0.5550609E-03  -0.5277586E-03
  80.00       250.0      -2.960       0.1826780E-03  -0.1819241E-03   0.3226914E-03  -0.3063868E-03
  80.00       260.0      -2.960       0.1035360E-03  -0.1031868E-03   0.1836849E-03  -0.1741101E-03
  80.00       270.0      -2.960       0.5726836E-04  -0.5711183E-04   0.1020212E-03  -0.9651438E-04
  80.00       280.0      -2.960       0.3072754E-04  -0.3066004E-04   0.5498024E-04  -0.5189386E-04
  80.00       290.0      -2.960       0.1591848E-04  -0.1589065E-04   0.2861073E-04  -0.2693558E-04
  80.00       300.0      -2.960       0.7891270E-05  -0.7880402E-05   0.1425284E-04  -0.1337789E-04
  80.00       310.0      -2.960       0.3711440E-05  -0.3707464E-05   0.6737957E-05  -0.6302587E-05
  80.00       320.0      -2.960       0.1632483E-05  -0.1631140E-05   0.2980815E-05  -0.2776989E-05
  80.00       330.0      -2.960       0.6604107E-06  -0.6599997E-06   0.1213691E-05  -0.1125336E-05
  80.00       340.0      -2.960       0.2390396E-06  -0.2389291E-06   0.4426522E-06  -0.4080976E-06
  80.00       350.0      -2.960       0.7456984E-07  -0.7454476E-07   0.1393510E-06  -0.1275861E-06
  80.00       360.0      -2.960       0.1878343E-07  -0.1877895E-07   0.3551019E-07  -0.3222536E-07
  80.00       370.0      -2.960       0.3418825E-08  -0.3418267E-08   0.6565028E-08  -0.5888036E-08
  80.00       380.0      -2.960       0.3572661E-09  -0.3572284E-09   0.7023355E-09  -0.6194809E-09
  80.00       400.0      -2.960       0.3079953E-13  -0.3079720E-13   0.6604328E-13  -0.5537864E-13
  80.00       450.0      -2.960        0.000000        0.000000        0.000000        0.000000    
  80.00       500.0      -2.960        0.000000        0.000000        0.000000        0.000000    
  80.00      0.9106E-01  -2.400        42496.05       -30324.98       -90443.12        63887.54    
  80.00      0.1006      -2.400        37878.21       -27029.43       -76168.20        53774.54    
  80.00      0.1112      -2.400        33732.84       -24071.09       -63918.88        45099.31    
  80.00      0.1229      -2.400        30038.21       -21434.44       -53498.27        37721.51    
  80.00      0.1358      -2.400        26748.26       -19086.64       -44651.29        31461.04    
  80.00      0.1501      -2.400        23803.82       -16985.45       -37116.05        26129.73    
  80.00      0.1659      -2.400        21178.18       -15111.75       -30739.30        21620.26    
  80.00      0.1834      -2.400        18832.15       -13437.61       -25340.36        17804.03    
  80.00      0.2027      -2.400        16745.57       -11948.62       -20797.15        14594.30    
  80.00      0.2240      -2.400        14889.39       -10624.05       -16978.33        11897.95    
  80.00      0.2475      -2.400        13236.17       -9444.323       -13775.78        9637.969    
  80.00      0.2736      -2.400        11755.83       -8387.971       -11081.78        7738.151    
  80.00      0.3023      -2.400        10443.80       -7451.731       -8850.087        6165.579    
  80.00      0.3341      -2.400        9272.024       -6615.585       -6989.531        4855.693    
  80.00      0.3693      -2.400        8227.278       -5870.093       -5447.998        3771.385    
  80.00      0.4081      -2.400        7299.740       -5208.247       -4180.906        2881.100    
  80.00      0.4510      -2.400        6473.694       -4618.835       -3141.245        2151.476    
  80.00      0.4985      -2.400        5737.369       -4093.450       -2291.878        1556.274    
  80.00      0.5509      -2.400        5083.821       -3627.136       -1606.417        1076.695    
  80.00      0.6088      -2.400        4502.844       -3212.609       -1056.433        692.6974    
  80.00      0.6729      -2.400        3985.589       -2843.554       -618.2853        387.5299    
  80.00      0.7436      -2.400        3526.856       -2516.261       -274.3277        148.6848    
  80.00      0.8218      -2.400        3118.950       -2225.239       -7.285341       -36.04850    
  80.00      0.9083      -2.400        2756.405       -1966.587        196.2315       -176.1428    
  80.00       1.004      -2.400        2434.363       -1736.840        347.6648       -279.6849    
  80.00       1.109      -2.400        2150.495       -1534.334        455.5997       -352.7711    
  80.00       1.226      -2.400        1896.579       -1353.200        530.0047       -402.3705    
  80.00       1.355      -2.400        1672.126       -1193.091        576.7454       -432.6599    
  80.00       1.497      -2.400        1473.961       -1051.740        601.6211       -447.7368    
  80.00       1.655      -2.400        1297.214       -925.6725        609.4218       -450.9619    
  80.00       1.829      -2.400        1141.261       -814.4436        603.9169       -444.9980    
  80.00       2.021      -2.400        1003.429       -716.1464        588.5989       -432.2717    
  80.00       2.234      -2.400        881.0254       -628.8580        565.8182       -414.4505    
  80.00       2.469      -2.400        773.0305       -551.8522        537.8732       -393.1521    
  80.00       2.729      -2.400        677.5266       -483.7593        506.3777       -369.4997    
  80.00       3.016      -2.400        593.3096       -423.7180        472.8283       -344.5373    
  80.00       3.333      -2.400        519.0231       -370.7605        438.3225       -319.0287    
  80.00       3.683      -2.400        453.5354       -324.0798        403.7198       -293.5719    
  80.00       4.071      -2.400        395.6662       -282.8332        369.5747       -268.5429    
  80.00       4.499      -2.400        344.7960       -246.5786        336.4912       -244.3663    
  80.00       4.972      -2.400        300.0375       -214.6830        304.7799       -221.2514    
  80.00       5.495      -2.400        260.6683       -186.6303        274.6992       -199.3700    
  80.00       6.073      -2.400        226.0873       -161.9913        246.4286       -178.8407    
  80.00       6.711      -2.400        195.7815       -140.3994        220.1013       -159.7507    
  80.00       7.417      -2.400        169.1852       -121.4509        195.6831       -142.0680    
  80.00       8.197      -2.400        145.9149       -104.8723        173.2373       -125.8327    
  80.00       9.059      -2.400        125.5765       -90.38105        152.6974       -110.9898    
  80.00       10.01      -2.400        107.8536       -77.75106        134.0424       -97.51888    
  80.00       11.06      -2.400        92.41232       -66.74404        117.1722       -85.34375    
  80.00       12.23      -2.400        78.86307       -57.08242        101.8513       -74.29251    
  80.00       13.51      -2.400        67.21477       -48.77222        88.25897       -64.49144    
  80.00       14.94      -2.400        57.01589       -41.49089        76.01441       -55.66283    
  80.00       16.51      -2.400        48.25886       -35.23335        65.22265       -47.88082    
  80.00       18.24      -2.400        40.71426       -29.83602        55.70407       -41.01449    
  80.00       20.16      -2.400        34.18510       -25.15816        47.29537       -34.94409    
  80.00       22.28      -2.400        28.58116       -21.13600        39.93881       -29.62867    
  80.00       24.63      -2.400        23.76511       -17.67111        33.51137       -24.97677    
  80.00       27.22      -2.400        19.65880       -14.70851        27.95003       -20.94357    
  80.00       30.08      -2.400        16.16153       -12.17612        23.15174       -17.45413    
  80.00       33.24      -2.400        13.19126       -10.01581        19.03055       -14.44590    
  80.00       36.74      -2.400        10.66965       -8.171761        15.49683       -11.85518    
  80.00       40.60      -2.400        8.550941       -6.611943        12.50217       -9.646432    
  80.00       44.87      -2.400        6.777099       -5.295561        9.974139       -7.768949    
  80.00       49.59      -2.400        5.303289       -4.191372        7.857960       -6.183764    
  80.00       54.81      -2.400        4.089728       -3.272023        6.102379       -4.855449    
  80.00       60.57      -2.400        3.106270       -2.517557        4.668659       -3.758136    
  80.00       66.94      -2.400        2.317815       -1.904150        3.510059       -2.859946    
  80.00       73.98      -2.400        1.696198       -1.413114        2.588938       -2.135849    
  80.00       81.76      -2.400        1.216237       -1.027810        1.871358       -1.563417    
  80.00       89.36      -2.400       0.8881738      -0.7602095        1.376671       -1.163051    
  80.00       90.36      -2.400       0.8527731      -0.7310750        1.323026       -1.119286    
  80.00       91.20      -2.400       0.8242278      -0.7075405        1.279721       -1.083898    
  80.00       92.00      -2.400       0.7980149      -0.6858956        1.239919       -1.051327    
  80.00       99.86      -2.400       0.5839191      -0.5077771       0.9134637      -0.7823865    
  80.00       110.4      -2.400       0.3893819      -0.3433965       0.6141809      -0.5324004    
  80.00       120.0      -2.400       0.2723655      -0.2429428       0.4325613      -0.3785678    
  80.00       130.0      -2.400       0.1897270      -0.1710279       0.3032887      -0.2677670    
  80.00       140.0      -2.400       0.1334828      -0.1214664       0.2146504      -0.1909735    
  80.00       150.0      -2.400       0.9471247E-01  -0.8691586E-01   0.1531355      -0.1371670    
  80.00       160.0      -2.400       0.6771805E-01  -0.6261566E-01   0.1100426      -0.9915460E-01
  80.00       170.0      -2.400       0.4875921E-01  -0.4539342E-01   0.7960211E-01  -0.7210169E-01
  80.00       180.0      -2.400       0.3532541E-01  -0.3308961E-01   0.5792023E-01  -0.5270425E-01
  80.00       190.0      -2.400       0.2572646E-01  -0.2423257E-01   0.4235192E-01  -0.3869390E-01
  80.00       200.0      -2.400       0.1882578E-01  -0.1782224E-01   0.3110987E-01  -0.2852339E-01
  80.00       210.0      -2.400       0.1383135E-01  -0.1315413E-01   0.2293908E-01  -0.2109717E-01
  80.00       220.0      -2.400       0.1019888E-01  -0.9740120E-02   0.1697220E-01  -0.1565187E-01
  80.00       230.0      -2.400       0.7543475E-02  -0.7231624E-02   0.1259396E-01  -0.1164145E-01
  80.00       240.0      -2.400       0.5593856E-02  -0.5381242E-02   0.9368026E-02  -0.8676961E-02
  80.00       250.0      -2.400       0.4156785E-02  -0.4011576E-02   0.6981843E-02  -0.6478093E-02
  80.00       260.0      -2.400       0.3093752E-02  -0.2994374E-02   0.5211340E-02  -0.4842340E-02
  80.00       270.0      -2.400       0.2305192E-02  -0.2237122E-02   0.3893929E-02  -0.3622601E-02
  80.00       280.0      -2.400       0.1719048E-02  -0.1672388E-02   0.2911722E-02  -0.2711481E-02
  80.00       290.0      -2.400       0.1282559E-02  -0.1250567E-02   0.2178080E-02  -0.2029872E-02
  80.00       300.0      -2.400       0.9570095E-03  -0.9350668E-03   0.1629458E-02  -0.1519433E-02
  80.00       310.0      -2.400       0.7138551E-03  -0.6988300E-03   0.1218460E-02  -0.1136659E-02
  80.00       320.0      -2.400       0.5321516E-03  -0.5218627E-03   0.9105988E-03  -0.8496517E-03
  80.00       330.0      -2.400       0.3961907E-03  -0.3891629E-03   0.6796082E-03  -0.6341621E-03
  80.00       340.0      -2.400       0.2945140E-03  -0.2897208E-03   0.5064455E-03  -0.4725335E-03
  80.00       350.0      -2.400       0.2184930E-03  -0.2152326E-03   0.3766444E-03  -0.3513411E-03
  80.00       360.0      -2.400       0.1617264E-03  -0.1595148E-03   0.2794714E-03  -0.2605900E-03
  80.00       370.0      -2.400       0.1194128E-03  -0.1179174E-03   0.2068567E-03  -0.1927814E-03
  80.00       380.0      -2.400       0.8791665E-04  -0.8690922E-04   0.1526624E-03  -0.1421853E-03
  80.00       400.0      -2.400       0.4706964E-04  -0.4661908E-04   0.8214564E-04  -0.7637758E-04
  80.00       450.0      -2.400       0.9028602E-05  -0.8974427E-05   0.1596813E-04  -0.1475248E-04
  80.00       500.0      -2.400       0.1417889E-05  -0.1412717E-05   0.2547498E-05  -0.2330777E-05
  80.00      0.9106E-01  -1.200        41904.30       -12792.68       -95159.03        28536.61    
  80.00      0.1006      -1.200        37361.93       -11404.91       -80356.28        24081.09    
  80.00      0.1112      -1.200        33283.04       -10158.88       -67631.50        20251.98    
  80.00      0.1229      -1.200        29647.15       -9048.298       -56795.16        16990.65    
  80.00      0.1358      -1.200        26409.24       -8059.365       -47575.00        14220.03    
  80.00      0.1501      -1.200        23509.90       -7173.904       -39711.98        11857.60    
  80.00      0.1659      -1.200        20924.00       -6384.266       -33037.46        9853.784    
  80.00      0.1834      -1.200        18613.09       -5678.641       -27369.80        8153.258    
  80.00      0.2027      -1.200        16558.26       -5051.264       -22585.80        6718.951    
  80.00      0.2240      -1.200        14727.51       -4492.304       -18558.12        5512.061    
  80.00      0.2475      -1.200        13097.61       -3994.695       -15160.98        4494.779    
  80.00      0.2736      -1.200        11637.78       -3549.039       -12303.22        3640.228    
  80.00      0.3023      -1.200        10343.56       -3153.966       -9926.012        2929.858    
  80.00      0.3341      -1.200        9187.510       -2801.044       -7933.840        2335.289    
  80.00      0.3693      -1.200        8156.121       -2486.289       -6275.430        1840.775    
  80.00      0.4081      -1.200        7240.111       -2206.765       -4904.626        1432.681    
  80.00      0.4510      -1.200        6424.126       -1957.787       -3773.926        1096.429    
  80.00      0.4985      -1.200        5696.620       -1735.835       -2844.042        820.6091    
  80.00      0.5509      -1.200        5050.554       -1538.750       -2087.579        596.4570    
  80.00      0.6088      -1.200        4475.963       -1363.491       -1474.795        415.3095    
  80.00      0.6729      -1.200        3964.177       -1207.410       -981.4782        269.8234    
  80.00      0.7436      -1.200        3510.105       -1068.951       -589.1414        154.4862    
  80.00      0.8218      -1.200        3106.147       -945.7952       -279.5263        63.81344    
  80.00      0.9083      -1.200        2746.983       -836.3126       -38.72706       -6.384039    
  80.00       1.004      -1.200        2427.768       -739.0260        145.2041       -59.67549    
  80.00       1.109      -1.200        2146.288       -653.2595        281.6206       -98.87941    
  80.00       1.226      -1.200        1894.393       -576.5215        381.0276       -127.1309    
  80.00       1.355      -1.200        1671.542       -508.6422        449.3725       -146.1995    
  80.00       1.497      -1.200        1474.584       -448.6634        492.9093       -157.9717    
  80.00       1.655      -1.200        1298.845       -395.1598        517.1731       -164.0817    
  80.00       1.829      -1.200        1143.780       -347.9614        525.9460       -165.6774    
  80.00       2.021      -1.200        1006.658       -306.2351        522.8701       -163.8252    
  80.00       2.234      -1.200        884.7938       -269.1615        510.4813       -159.3499    
  80.00       2.469      -1.200        777.1881       -236.4369        491.5417       -152.8529    
  80.00       2.729      -1.200        681.9504       -207.4820        467.9924       -145.1392    
  80.00       3.016      -1.200        597.8866       -181.9324        441.2084       -136.5397    
  80.00       3.333      -1.200        523.6688       -159.3837        412.3485       -127.3990    
  80.00       3.683      -1.200        458.1987       -139.5024        382.5842       -118.0356    
  80.00       4.071      -1.200        400.2791       -121.9207        352.4934       -108.6322    
  80.00       4.499      -1.200        349.3342       -106.4625        322.8471       -99.41348    
  80.00       4.972      -1.200        304.4616       -92.85295        294.0321       -90.49143    
  80.00       5.495      -1.200        264.9391       -80.87172        266.3594       -81.95453    
  80.00       6.073      -1.200        230.1919       -70.34484        240.0935       -73.87893    
  80.00       6.711      -1.200        199.6969       -61.11178        215.4027       -66.30925    
  80.00       7.417      -1.200        172.8992       -53.00221        192.3221       -59.24977    
  80.00       8.197      -1.200        149.4221       -45.89968        170.9430       -52.72297    
  80.00       9.059      -1.200        128.8684       -39.68326        151.2622       -46.72502    
  80.00       10.01      -1.200        110.9284       -34.25902        133.2641       -41.24907    
  80.00       11.06      -1.200        95.28029       -29.52822        116.9387       -36.28965    
  80.00       12.23      -1.200        81.53555       -25.37232        102.0348       -31.76635    
  80.00       13.51      -1.200        69.70137       -21.79321        88.75235       -27.73861    
  80.00       14.94      -1.200        59.31238       -18.64999        76.72325       -24.09388    
  80.00       16.51      -1.200        50.36788       -15.94257        66.07104       -20.86852    
  80.00       18.24      -1.200        42.64562       -13.60280        56.64036       -18.01310    
  80.00       20.16      -1.200        35.95016       -11.57047        48.28449       -15.47901    
  80.00       22.28      -1.200        30.19059       -9.817885        40.94462       -13.25310    
  80.00       24.63      -1.200        25.22701       -8.302448        34.50653       -11.29486    
  80.00       27.22      -1.200        20.98363       -7.001272        28.91792       -9.589315    
  80.00       30.08      -1.200        17.35347       -5.881914        24.07464       -8.104377    
  80.00       33.24      -1.200        14.25811       -4.920660        19.90051       -6.816071    
  80.00       36.74      -1.200        11.62302       -4.094064        16.31117       -5.698776    
  80.00       40.60      -1.200        9.398265       -3.387230        13.25630       -4.737197    
  80.00       44.87      -1.200        7.523578       -2.781979        10.66450       -3.908285    
  80.00       49.59      -1.200        5.957628       -2.266562        8.486244       -3.198595    
  80.00       54.81      -1.200        4.660616       -1.829347        6.671574       -2.593442    
  80.00       60.57      -1.200        3.599296       -1.461226        5.178677       -2.081394    
  80.00       66.94      -1.200        2.740296       -1.153498        3.963529       -1.651083    
  80.00       73.98      -1.200        2.055289      -0.8991130        2.989081       -1.293339    
  80.00       81.76      -1.200        1.517464      -0.6910925        2.219196      -0.9990810    
  80.00       89.36      -1.200        1.143477      -0.5403519        1.680682      -0.7845961    
  80.00       90.36      -1.200        1.102714      -0.5235323        1.621778      -0.7605873    
  80.00       91.20      -1.200        1.069771      -0.5098750        1.574154      -0.7410832    
  80.00       92.00      -1.200        1.039441      -0.4972494        1.530276      -0.7230372    
  80.00       99.86      -1.200       0.7887587      -0.3907451        1.166648      -0.5703949    
  80.00       110.4      -1.200       0.5543172      -0.2866815       0.8245335      -0.4204264    
  80.00       120.0      -1.200       0.4085129      -0.2189650       0.6104444      -0.3222900    
  80.00       130.0      -1.200       0.3016831      -0.1672924       0.4527789      -0.2470544    
  80.00       140.0      -1.200       0.2258139      -0.1291510       0.3402449      -0.1912785    
  80.00       150.0      -1.200       0.1711199      -0.1006742       0.2587482      -0.1494803    
  80.00       160.0      -1.200       0.1311753      -0.7918769E-01   0.1990059      -0.1178431    
  80.00       170.0      -1.200       0.1015954      -0.6279244E-01   0.1545852      -0.9363096E-01
  80.00       180.0      -1.200       0.7942645E-01  -0.5016151E-01   0.1211947      -0.7493156E-01
  80.00       190.0      -1.200       0.6264373E-01  -0.4035433E-01   0.9583016E-01  -0.6037805E-01
  80.00       200.0      -1.200       0.4979918E-01  -0.3267072E-01   0.7636540E-01  -0.4895265E-01
  80.00       210.0      -1.200       0.3988185E-01  -0.2660717E-01   0.6129558E-01  -0.3992036E-01
  80.00       220.0      -1.200       0.3215358E-01  -0.2178652E-01   0.4952503E-01  -0.3272763E-01
  80.00       230.0      -1.200       0.2608723E-01  -0.1793152E-01   0.4026305E-01  -0.2696731E-01
  80.00       240.0      -1.200       0.2129071E-01  -0.1483055E-01   0.3292468E-01  -0.2232733E-01
  80.00       250.0      -1.200       0.1746966E-01  -0.1232062E-01   0.2706521E-01  -0.1856644E-01
  80.00       260.0      -1.200       0.1440507E-01  -0.1027673E-01   0.2235749E-01  -0.1550063E-01
  80.00       270.0      -1.200       0.1193272E-01  -0.8604825E-02   0.1855188E-01  -0.1298968E-01
  80.00       280.0      -1.200       0.9926197E-02  -0.7229854E-02   0.1545811E-01  -0.1092281E-01
  80.00       290.0      -1.200       0.8291350E-02  -0.6096089E-02   0.1293327E-01  -0.9217109E-02
  80.00       300.0      -1.200       0.6952681E-02  -0.5157137E-02   0.1086210E-01  -0.7802993E-02
  80.00       310.0      -1.200       0.5851184E-02  -0.4376248E-02   0.9155365E-02  -0.6626120E-02
  80.00       320.0      -1.200       0.4940482E-02  -0.3724067E-02   0.7741900E-02  -0.5642300E-02
  80.00       330.0      -1.200       0.4184488E-02  -0.3177491E-02   0.6566977E-02  -0.4817331E-02
  80.00       340.0      -1.200       0.3554225E-02  -0.2717704E-02   0.5585973E-02  -0.4122777E-02
  80.00       350.0      -1.200       0.3027116E-02  -0.2329876E-02   0.4764471E-02  -0.3536652E-02
  80.00       360.0      -1.200       0.2584912E-02  -0.2001909E-02   0.4074223E-02  -0.3040557E-02
  80.00       370.0      -1.200       0.2212758E-02  -0.1723830E-02   0.3492527E-02  -0.2619702E-02
  80.00       380.0      -1.200       0.1898641E-02  -0.1487415E-02   0.3000816E-02  -0.2261604E-02
  80.00       400.0      -1.200       0.1406994E-02  -0.1113785E-02   0.2229756E-02  -0.1695278E-02
  80.00       450.0      -1.200       0.6869639E-03  -0.5559803E-03   0.1095923E-02  -0.8483251E-03
  80.00       500.0      -1.200       0.3484509E-03  -0.2871472E-03   0.5595193E-03  -0.4391479E-03
  80.00      0.9106E-01   0.000        41803.93        0.000000       -97433.07       0.3189500    
  80.00      0.1006       0.000        37277.07      -0.3431069E-13   -82363.75       0.8808051E-01
  80.00      0.1112       0.000        33212.77      -0.1896296E-13   -69402.51       0.6444963E-01
  80.00      0.1229       0.000        29588.67       0.1397211E-13   -58352.23       0.1115070    
  80.00      0.1358       0.000        26360.18        0.000000       -48950.71       0.1490323    
  80.00      0.1501       0.000        23469.58        0.000000       -40918.19       0.2126416    
  80.00      0.1659       0.000        20891.53       0.4715162E-14   -34094.23       0.1620693    
  80.00      0.1834       0.000        18587.45        0.000000       -28293.78       0.7875961E-01
  80.00      0.2027       0.000        16537.38        0.000000       -23396.51       0.2412923    
  80.00      0.2240       0.000        14712.53      -0.3183231E-14   -19258.93       0.2486767    
  80.00      0.2475       0.000        13086.72        0.000000       -15782.59      -0.3864442    
  80.00      0.2736       0.000        11630.16        0.000000       -12851.43      -0.4474097E-01
  80.00      0.3023       0.000        10338.61        0.000000       -10400.99      -0.4580389E-01
  80.00      0.3341       0.000        9184.621       0.4747847E-14   -8347.302      -0.2414764E-01
  80.00      0.3693       0.000        8155.257        0.000000       -6634.982       0.2922176E-01
  80.00      0.4081       0.000        7240.979       0.4349587E-14   -5217.940       0.5189128E-01
  80.00      0.4510       0.000        6426.396        0.000000       -4046.346       0.6503640E-01
  80.00      0.4985       0.000        5699.896        0.000000       -3080.722       0.4211141E-01
  80.00      0.5509       0.000        5054.623        0.000000       -2292.446       0.2721972E-01
  80.00      0.6088       0.000        4480.560        0.000000       -1651.516       0.6800361E-02
  80.00      0.6729       0.000        3969.120        0.000000       -1132.255      -0.7377335E-02
  80.00      0.7436       0.000        3515.326       0.1981348E-14   -718.5421      -0.1722431E-01
  80.00      0.8218       0.000        3111.639        0.000000       -390.6030      -0.4972742E-02
  80.00      0.9083       0.000        2752.663      -0.3226930E-14   -133.9215      -0.2922269E-03
  80.00       1.004       0.000        2433.542      -0.4458656E-15    63.88558       0.2062029E-02
  80.00       1.109       0.000        2152.123      -0.2462475E-14    211.6285       0.9801236E-02
  80.00       1.226       0.000        1900.180      -0.5444534E-15    321.6407       0.1424458E-01
  80.00       1.355       0.000        1677.095       0.9026113E-15    399.0992       0.1520990E-01
  80.00       1.497       0.000        1480.053       0.6648015E-15    450.6065       0.7423502E-02
  80.00       1.655       0.000        1304.184        0.000000        481.8213      -0.5389402E-03
  80.00       1.829       0.000        1148.932       0.8122392E-15    496.4689      -0.2420568E-02
  80.00       2.021       0.000        1011.563      -0.6731282E-15    498.2904      -0.2025031E-02
  80.00       2.234       0.000        889.4645       0.3720357E-15    490.3149       0.1391817E-02
  80.00       2.469       0.000        781.6159      -0.6852852E-15    475.0288       0.3300247E-02
  80.00       2.729       0.000        686.1482        0.000000        454.3438       0.1503285E-01
  80.00       3.016       0.000        601.8734        0.000000        430.4068      -0.3489575E-03
  80.00       3.333       0.000        527.4510        0.000000        403.8169      -0.4981482E-03
  80.00       3.683       0.000        461.7772        0.000000        375.7896       0.1048332E-02
  80.00       4.071       0.000        403.6352        0.000000        347.1718       0.3324286E-03
  80.00       4.499       0.000        352.4314       0.3590080E-15    318.9122       0.1850950E-03
  80.00       4.972       0.000        307.3003       0.1725009E-15    291.0848       0.9590827E-03
  80.00       5.495       0.000        267.5764      -0.1906461E-15    264.2521       0.1192470E-02
  80.00       6.073       0.000        232.6287       0.2528394E-15    238.6618       0.1402911E-02
  80.00       6.711       0.000        201.9450      -0.1397008E-15    214.5125       0.1117562E-02
  80.00       7.417       0.000        174.9646      -0.5146578E-16    191.8999       0.7183555E-03
  80.00       8.197       0.000        151.3278       0.1137562E-15    170.8689       0.4714701E-03
  80.00       9.059       0.000        130.6155        0.000000        151.4413       0.2913930E-03
  80.00       10.01       0.000        112.5102        0.000000        133.6546       0.4204042E-03
  80.00       11.06       0.000        96.70296        0.000000        117.4156       0.4696276E-03
  80.00       12.23       0.000        82.81241        0.000000        102.5793       0.2998920E-03
  80.00       13.51       0.000        70.84198        0.000000        89.32902       0.1927668E-03
  80.00       14.94       0.000        60.33101        0.000000        77.31688       0.2335397E-03
  80.00       16.51       0.000        51.27783       0.1145611E-15    66.65391       0.1681162E-03
  80.00       18.24       0.000        43.45314        0.000000        57.20164      -0.3917507E-03
  80.00       20.16       0.000        36.65776        0.000000        48.80003       0.1894155E-03
  80.00       22.28       0.000        30.80462        0.000000        41.41256       0.1441771E-03
  80.00       24.63       0.000        25.75525        0.000000        34.92073       0.1108222E-03
  80.00       27.22       0.000        21.43479        0.000000        29.27758       0.9782950E-04
  80.00       30.08       0.000        17.73697       0.5218048E-16    24.38300      -0.7779086E-04
  80.00       33.24       0.000        14.57795        0.000000        20.15405       0.7617083E-04
  80.00       36.74       0.000        11.88465        0.000000        16.51416       0.1101321E-04
  80.00       40.60       0.000        9.608435        0.000000        13.41302       0.2950939E-04
  80.00       44.87       0.000        7.690658       0.3891852E-16    10.78227       0.2124758E-04
  80.00       49.59       0.000        6.086049        0.000000        8.568325       0.2658470E-05
  80.00       54.81       0.000        4.756185        0.000000        6.724049       0.9841225E-05
  80.00       60.57       0.000        3.668860       0.2626805E-16    5.208387       0.3188695E-05
  80.00       66.94       0.000        2.789239        0.000000        3.976373       0.4582537E-06
  80.00       73.98       0.000        2.087750        0.000000        2.989022      -0.2917859E-06
  80.00       81.76       0.000        1.538278        0.000000        2.211768      -0.5950114E-05
  80.00       89.36       0.000        1.157135        0.000000        1.669989      -0.7553345E-05
  80.00       90.36       0.000        1.115587        0.000000        1.610764      -0.7793393E-05
  80.00       91.20       0.000        1.082012        0.000000        1.562860      -0.9627177E-05
  80.00       92.00       0.000        1.051108        0.000000        1.518758      -0.1054427E-04
  80.00       99.86       0.000       0.7958912        0.000000        1.153952       0.1134563E-05
  80.00       110.4       0.000       0.5580661        0.000000       0.8123535      -0.1279513E-05
  80.00       120.0       0.000       0.4107468       0.3252607E-17   0.5997383      -0.5145162E-05
  80.00       130.0       0.000       0.3029868        0.000000       0.4436749      -0.3066948E-05
  80.00       140.0       0.000       0.2266705        0.000000       0.3327384      -0.2402129E-05
  80.00       150.0       0.000       0.1718282        0.000000       0.2527685      -0.2317988E-05
  80.00       160.0       0.000       0.1318517        0.000000       0.1943320       0.5161911E-08
  80.00       170.0       0.000       0.1022691       0.2303930E-17   0.1509691      -0.1642461E-05
  80.00       180.0       0.000       0.8014035E-01    0.000000       0.1184790      -0.1503718E-06
  80.00       190.0       0.000       0.6340282E-01    0.000000       0.9384613E-01  -0.1807072E-05
  80.00       200.0       0.000       0.5059576E-01    0.000000       0.7497762E-01  -0.7218915E-06
  80.00       210.0       0.000       0.4070262E-01   0.7115077E-18   0.6037486E-01  -0.7841597E-06
  80.00       220.0       0.000       0.3298146E-01  -0.3726945E-18   0.4896871E-01  -0.2892878E-06
  80.00       230.0       0.000       0.2691334E-01   0.3896352E-18   0.3999032E-01  -0.3023963E-06
  80.00       240.0       0.000       0.2210993E-01    0.000000       0.3287925E-01   0.3091990E-06
  80.00       250.0       0.000       0.1827212E-01    0.000000       0.2718889E-01  -0.5065739E-06
  80.00       260.0       0.000       0.1518753E-01   0.2202286E-18   0.2261352E-01  -0.2990914E-06
  80.00       270.0       0.000       0.1268772E-01  -0.2286989E-18   0.1890239E-01  -0.2904682E-06
  80.00       280.0       0.000       0.1065024E-01   0.4743385E-18   0.1587532E-01  -0.3423103E-06
  80.00       290.0       0.000       0.8981996E-02    0.000000       0.1339643E-01   0.3511379E-07
  80.00       300.0       0.000       0.7607857E-02    0.000000       0.1135244E-01  -0.8259532E-07
  80.00       310.0       0.000       0.6471019E-02    0.000000       0.9660522E-02  -0.1595003E-06
  80.00       320.0       0.000       0.5525564E-02   0.1355253E-18   0.8253163E-02  -0.6448890E-07
  80.00       330.0       0.000       0.4735301E-02    0.000000       0.7075671E-02  -0.8757131E-07
  80.00       340.0       0.000       0.4071953E-02    0.000000       0.6087014E-02  -0.1312380E-06
  80.00       350.0       0.000       0.3512769E-02    0.000000       0.5253564E-02  -0.2862915E-07
  80.00       360.0       0.000       0.3039448E-02    0.000000       0.4547751E-02  -0.5238618E-07
  80.00       370.0       0.000       0.2637668E-02  -0.3917527E-19   0.3948025E-02  -0.8361338E-07
  80.00       380.0       0.000       0.2295557E-02    0.000000       0.3437466E-02  -0.3676061E-07
  80.00       400.0       0.000       0.1751844E-02    0.000000       0.2625489E-02  -0.3223245E-07
  80.00       450.0       0.000       0.9274025E-03    0.000000       0.1392870E-02  -0.3223150E-07
  80.00       500.0       0.000       0.5145725E-03    0.000000       0.7745958E-03  -0.1040374E-07
  80.00      0.9106E-01   1.200        41904.30        12792.68       -95180.89       -28544.58    
  80.00      0.1006       1.200        37361.93        11404.91       -80383.13       -24087.65    
  80.00      0.1112       1.200        33283.04        10158.88       -67660.25       -20258.40    
  80.00      0.1229       1.200        29647.15        9048.298       -56815.31       -16997.10    
  80.00      0.1358       1.200        26409.24        8059.365       -47596.71       -14225.61    
  80.00      0.1501       1.200        23509.90        7173.904       -39744.33       -11863.36    
  80.00      0.1659       1.200        20924.00        6384.266       -33065.99       -9861.724    
  80.00      0.1834       1.200        18613.09        5678.641       -27392.84       -8160.141    
  80.00      0.2027       1.200        16558.26        5051.264       -22610.38       -6724.989    
  80.00      0.2240       1.200        14727.51        4492.304       -18553.68       -5511.996    
  80.00      0.2475       1.200        13097.61        3994.695       -15164.60       -4497.472    
  80.00      0.2736       1.200        11637.78        3549.039       -12306.06       -3642.307    
  80.00      0.3023       1.200        10343.56        3153.966       -9930.301       -2930.722    
  80.00      0.3341       1.200        9187.510        2801.044       -7935.072       -2335.934    
  80.00      0.3693       1.200        8156.121        2486.289       -6275.770       -1841.269    
  80.00      0.4081       1.200        7240.111        2206.765       -4905.421       -1433.255    
  80.00      0.4510       1.200        6424.126        1957.787       -3775.010       -1097.005    
  80.00      0.4985       1.200        5696.620        1735.835       -2845.692       -821.0175    
  80.00      0.5509       1.200        5050.554        1538.750       -2089.404       -596.9347    
  80.00      0.6088       1.200        4475.963        1363.491       -1476.452       -415.7240    
  80.00      0.6729       1.200        3964.177        1207.410       -982.9476       -270.1263    
  80.00      0.7436       1.200        3510.105        1068.951       -590.3384       -154.6616    
  80.00      0.8218       1.200        3106.147        945.7952       -280.7801       -64.00830    
  80.00      0.9083       1.200        2746.983        836.3126       -39.91520        6.195014    
  80.00       1.004       1.200        2427.768        739.0260        144.2001        59.53416    
  80.00       1.109       1.200        2146.288        653.2595        280.6678        98.70990    
  80.00       1.226       1.200        1894.393        576.5215        380.3354        126.9769    
  80.00       1.355       1.200        1671.542        508.6422        448.9014        146.0902    
  80.00       1.497       1.200        1474.584        448.6634        492.4944        157.8637    
  80.00       1.655       1.200        1298.845        395.1598        517.0638        163.9842    
  80.00       1.829       1.200        1143.780        347.9614        525.8400        165.6099    
  80.00       2.021       1.200        1006.658        306.2351        522.7401        163.8171    
  80.00       2.234       1.200        884.7938        269.1615        510.6035        159.3141    
  80.00       2.469       1.200        777.1881        236.4369        491.7630        152.9129    
  80.00       2.729       1.200        681.9504        207.4820        468.0774        145.1830    
  80.00       3.016       1.200        597.8866        181.9324        441.2437        136.5711    
  80.00       3.333       1.200        523.6688        159.3837        412.4249        127.4282    
  80.00       3.683       1.200        458.1987        139.5024        382.5908        118.0585    
  80.00       4.071       1.200        400.2791        121.9207        352.5582        108.6542    
  80.00       4.499       1.200        349.3342        106.4625        322.8909        99.43160    
  80.00       4.972       1.200        304.4616        92.85295        294.0763        90.51124    
  80.00       5.495       1.200        264.9391        80.87172        266.4030        81.97537    
  80.00       6.073       1.200        230.1919        70.34484        240.1350        73.89702    
  80.00       6.711       1.200        199.6969        61.11178        215.4443        66.32357    
  80.00       7.417       1.200        172.8992        53.00221        192.3671        59.26104    
  80.00       8.197       1.200        149.4221        45.89968        170.9915        52.73435    
  80.00       9.059       1.200        128.8684        39.68326        151.3055        46.73616    
  80.00       10.01       1.200        110.9284        34.25902        133.3216        41.26545    
  80.00       11.06       1.200        95.28029        29.52822        116.9734        36.29885    
  80.00       12.23       1.200        81.53555        25.37232        102.0637        31.77406    
  80.00       13.51       1.200        69.70137        21.79321        88.77357        27.74519    
  80.00       14.94       1.200        59.31238        18.64999        76.73884        24.09956    
  80.00       16.51       1.200        50.36788        15.94257        66.08575        20.87337    
  80.00       18.24       1.200        42.64562        13.60280        56.65619        18.01757    
  80.00       20.16       1.200        35.95016        11.57047        48.29212        15.48300    
  80.00       22.28       1.200        30.19059        9.817885        40.95048        13.25495    
  80.00       24.63       1.200        25.22701        8.302448        34.51133        11.29631    
  80.00       27.22       1.200        20.98363        7.001272        28.92251        9.590764    
  80.00       30.08       1.200        17.35347        5.881914        24.07807        8.105500    
  80.00       33.24       1.200        14.25811        4.920660        19.90183        6.817135    
  80.00       36.74       1.200        11.62302        4.094064        16.31204        5.699656    
  80.00       40.60       1.200        9.398265        3.387230        13.25680        4.737323    
  80.00       44.87       1.200        7.523578        2.781979        10.66470        3.908327    
  80.00       49.59       1.200        5.957628        2.266562        8.486394        3.198628    
  80.00       54.81       1.200        4.660616        1.829347        6.671697        2.593477    
  80.00       60.57       1.200        3.599296        1.461226        5.178877        2.081421    
  80.00       66.94       1.200        2.740296        1.153498        3.963691        1.651107    
  80.00       73.98       1.200        2.055289       0.8991130        2.989073        1.293316    
  80.00       81.76       1.200        1.517464       0.6910925        2.219224       0.9990726    
  80.00       89.36       1.200        1.143477       0.5403519        1.680744       0.7846065    
  80.00       90.36       1.200        1.102714       0.5235323        1.621840       0.7605976    
  80.00       91.20       1.200        1.069771       0.5098750        1.574214       0.7410934    
  80.00       92.00       1.200        1.039441       0.4972494        1.530333       0.7230465    
  80.00       99.86       1.200       0.7887587       0.3907451        1.166642       0.5703806    
  80.00       110.4       1.200       0.5543172       0.2866815       0.8245355       0.4204169    
  80.00       120.0       1.200       0.4085129       0.2189650       0.6104554       0.3222879    
  80.00       130.0       1.200       0.3016831       0.1672924       0.4527815       0.2470508    
  80.00       140.0       1.200       0.2258139       0.1291510       0.3402432       0.1912742    
  80.00       150.0       1.200       0.1711199       0.1006742       0.2587512       0.1494799    
  80.00       160.0       1.200       0.1311753       0.7918769E-01   0.1990072       0.1178420    
  80.00       170.0       1.200       0.1015954       0.6279244E-01   0.1545846       0.9362849E-01
  80.00       180.0       1.200       0.7942645E-01   0.5016151E-01   0.1211946       0.7492991E-01
  80.00       190.0       1.200       0.6264373E-01   0.4035433E-01   0.9582864E-01   0.6037647E-01
  80.00       200.0       1.200       0.4979918E-01   0.3267072E-01   0.7636558E-01   0.4895191E-01
  80.00       210.0       1.200       0.3988185E-01   0.2660717E-01   0.6129599E-01   0.3991999E-01
  80.00       220.0       1.200       0.3215358E-01   0.2178652E-01   0.4952563E-01   0.3272751E-01
  80.00       230.0       1.200       0.2608723E-01   0.1793152E-01   0.4026281E-01   0.2696701E-01
  80.00       240.0       1.200       0.2129071E-01   0.1483055E-01   0.3292381E-01   0.2232640E-01
  80.00       250.0       1.200       0.1746966E-01   0.1232062E-01   0.2706399E-01   0.1856528E-01
  80.00       260.0       1.200       0.1440507E-01   0.1027673E-01   0.2235653E-01   0.1549970E-01
  80.00       270.0       1.200       0.1193272E-01   0.8604825E-02   0.1855140E-01   0.1298915E-01
  80.00       280.0       1.200       0.9926197E-02   0.7229854E-02   0.1545810E-01   0.1092268E-01
  80.00       290.0       1.200       0.8291350E-02   0.6096089E-02   0.1293331E-01   0.9217053E-02
  80.00       300.0       1.200       0.6952681E-02   0.5157137E-02   0.1086209E-01   0.7802916E-02
  80.00       310.0       1.200       0.5851184E-02   0.4376248E-02   0.9155257E-02   0.6625976E-02
  80.00       320.0       1.200       0.4940482E-02   0.3724067E-02   0.7741745E-02   0.5642124E-02
  80.00       330.0       1.200       0.4184488E-02   0.3177491E-02   0.6566802E-02   0.4817146E-02
  80.00       340.0       1.200       0.3554225E-02   0.2717704E-02   0.5585772E-02   0.4122589E-02
  80.00       350.0       1.200       0.3027116E-02   0.2329876E-02   0.4764278E-02   0.3536477E-02
  80.00       360.0       1.200       0.2584912E-02   0.2001909E-02   0.4074077E-02   0.3040424E-02
  80.00       370.0       1.200       0.2212758E-02   0.1723830E-02   0.3492426E-02   0.2619609E-02
  80.00       380.0       1.200       0.1898641E-02   0.1487415E-02   0.3000740E-02   0.2261534E-02
  80.00       400.0       1.200       0.1406994E-02   0.1113785E-02   0.2229717E-02   0.1695225E-02
  80.00       450.0       1.200       0.6869639E-03   0.5559803E-03   0.1095917E-02   0.8483269E-03
  80.00       500.0       1.200       0.3484509E-03   0.2871472E-03   0.5595040E-03   0.4391331E-03
  80.00      0.9106E-01   2.400        42496.05        30324.98       -90454.27       -63895.17    
  80.00      0.1006       2.400        37878.21        27029.43       -76180.14       -53781.12    
  80.00      0.1112       2.400        33732.84        24071.09       -63925.30       -45103.46    
  80.00      0.1229       2.400        30038.21        21434.44       -53504.74       -37724.79    
  80.00      0.1358       2.400        26748.26        19086.64       -44658.91       -31464.80    
  80.00      0.1501       2.400        23803.82        16985.45       -37125.76       -26135.93    
  80.00      0.1659       2.400        21178.18        15111.75       -30748.17       -21626.14    
  80.00      0.1834       2.400        18832.15        13437.61       -25345.60       -17807.65    
  80.00      0.2027       2.400        16745.57        11948.62       -20797.48       -14594.66    
  80.00      0.2240       2.400        14889.39        10624.05       -16977.18       -11897.41    
  80.00      0.2475       2.400        13236.17        9444.323       -13776.14       -9638.448    
  80.00      0.2736       2.400        11755.83        8387.971       -11084.95       -7740.618    
  80.00      0.3023       2.400        10443.80        7451.731       -8851.869       -6167.089    
  80.00      0.3341       2.400        9272.024        6615.585       -6990.635       -4856.557    
  80.00      0.3693       2.400        8227.278        5870.093       -5448.210       -3771.549    
  80.00      0.4081       2.400        7299.740        5208.247       -4180.726       -2881.019    
  80.00      0.4510       2.400        6473.694        4618.835       -3141.363       -2151.542    
  80.00      0.4985       2.400        5737.369        4093.450       -2293.002       -1557.007    
  80.00      0.5509       2.400        5083.821        3627.136       -1607.507       -1077.544    
  80.00      0.6088       2.400        4502.844        3212.609       -1056.825       -693.2861    
  80.00      0.6729       2.400        3985.589        2843.554       -618.4621       -387.6189    
  80.00      0.7436       2.400        3526.856        2516.261       -274.2292       -148.6596    
  80.00      0.8218       2.400        3118.950        2225.239       -7.321799        36.43075    
  80.00      0.9083       2.400        2756.405        1966.587        196.2945        176.1154    
  80.00       1.004       2.400        2434.363        1736.840        347.5011        279.5912    
  80.00       1.109       2.400        2150.495        1534.334        455.5738        352.6714    
  80.00       1.226       2.400        1896.579        1353.200        529.8884        402.3094    
  80.00       1.355       2.400        1672.126        1193.091        576.7570        432.6314    
  80.00       1.497       2.400        1473.961        1051.740        601.6258        447.8837    
  80.00       1.655       2.400        1297.214        925.6725        609.4641        450.9879    
  80.00       1.829       2.400        1141.261        814.4436        604.0558        445.0520    
  80.00       2.021       2.400        1003.429        716.1464        588.6127        432.3000    
  80.00       2.234       2.400        881.0254        628.8580        565.8200        414.4635    
  80.00       2.469       2.400        773.0305        551.8522        537.9074        393.1805    
  80.00       2.729       2.400        677.5266        483.7593        506.3934        369.5091    
  80.00       3.016       2.400        593.3096        423.7180        472.8892        344.5697    
  80.00       3.333       2.400        519.0231        370.7605        438.3908        319.0700    
  80.00       3.683       2.400        453.5354        324.0798        403.7764        293.6134    
  80.00       4.071       2.400        395.6662        282.8332        369.6166        268.5605    
  80.00       4.499       2.400        344.7960        246.5786        336.5111        244.3824    
  80.00       4.972       2.400        300.0375        214.6830        304.8108        221.2741    
  80.00       5.495       2.400        260.6683        186.6303        274.7345        199.3895    
  80.00       6.073       2.400        226.0873        161.9913        246.4527        178.8598    
  80.00       6.711       2.400        195.7815        140.3994        220.1237        159.7671    
  80.00       7.417       2.400        169.1852        121.4509        195.7085        142.0874    
  80.00       8.197       2.400        145.9149        104.8723        173.2524        125.8438    
  80.00       9.059       2.400        125.5765        90.38105        152.7147        110.9976    
  80.00       10.01       2.400        107.8536        77.75106        134.0604        97.53111    
  80.00       11.06       2.400        92.41232        66.74404        117.1856        85.35345    
  80.00       12.23       2.400        78.86307        57.08242        101.8604        74.29945    
  80.00       13.51       2.400        67.21477        48.77222        88.26768        64.49672    
  80.00       14.94       2.400        57.01589        41.49089        76.02032        55.66667    
  80.00       16.51       2.400        48.25886        35.23335        65.22655        47.88397    
  80.00       18.24       2.400        40.71426        29.83602        55.70926        41.01831    
  80.00       20.16       2.400        34.18510        25.15816        47.29873        34.94692    
  80.00       22.28       2.400        28.58116        21.13600        39.94262        29.63140    
  80.00       24.63       2.400        23.76511        17.67111        33.51518        24.97936    
  80.00       27.22       2.400        19.65880        14.70851        27.95247        20.94537    
  80.00       30.08       2.400        16.16153        12.17612        23.15412        17.45573    
  80.00       33.24       2.400        13.19126        10.01581        19.03173        14.44691    
  80.00       36.74       2.400        10.66965        8.171761        15.49838        11.85622    
  80.00       40.60       2.400        8.550941        6.611943        12.50342        9.647476    
  80.00       44.87       2.400        6.777099        5.295561        9.975067        7.769622    
  80.00       49.59       2.400        5.303289        4.191372        7.858526        6.184199    
  80.00       54.81       2.400        4.089728        3.272023        6.103080        4.855992    
  80.00       60.57       2.400        3.106270        2.517557        4.669114        3.758483    
  80.00       66.94       2.400        2.317815        1.904150        3.510334        2.860152    
  80.00       73.98       2.400        1.696198        1.413114        2.589261        2.136104    
  80.00       81.76       2.400        1.216237        1.027810        1.871556        1.563545    
  80.00       89.36       2.400       0.8881738       0.7602095        1.376739        1.163075    
  80.00       90.36       2.400       0.8527731       0.7310750        1.323093        1.119316    
  80.00       91.20       2.400       0.8242278       0.7075405        1.279787        1.083933    
  80.00       92.00       2.400       0.7980149       0.6858956        1.239982        1.051364    
  80.00       99.86       2.400       0.5839191       0.5077771       0.9134992       0.7824188    
  80.00       110.4       2.400       0.3893819       0.3433965       0.6142159       0.5324302    
  80.00       120.0       2.400       0.2723655       0.2429428       0.4325949       0.3785998    
  80.00       130.0       2.400       0.1897270       0.1710279       0.3033082       0.2677843    
  80.00       140.0       2.400       0.1334828       0.1214664       0.2146525       0.1909773    
  80.00       150.0       2.400       0.9471247E-01   0.8691586E-01   0.1531390       0.1371721    
  80.00       160.0       2.400       0.6771805E-01   0.6261566E-01   0.1100464       0.9915951E-01
  80.00       170.0       2.400       0.4875921E-01   0.4539342E-01   0.7960491E-01   0.7210456E-01
  80.00       180.0       2.400       0.3532541E-01   0.3308961E-01   0.5791948E-01   0.5270394E-01
  80.00       190.0       2.400       0.2572646E-01   0.2423257E-01   0.4235134E-01   0.3869364E-01
  80.00       200.0       2.400       0.1882578E-01   0.1782224E-01   0.3110930E-01   0.2852326E-01
  80.00       210.0       2.400       0.1383135E-01   0.1315413E-01   0.2293928E-01   0.2109763E-01
  80.00       220.0       2.400       0.1019888E-01   0.9740120E-02   0.1697217E-01   0.1565183E-01
  80.00       230.0       2.400       0.7543475E-02   0.7231624E-02   0.1259371E-01   0.1164121E-01
  80.00       240.0       2.400       0.5593856E-02   0.5381242E-02   0.9367713E-02   0.8676665E-02
  80.00       250.0       2.400       0.4156785E-02   0.4011576E-02   0.6981663E-02   0.6477902E-02
  80.00       260.0       2.400       0.3093752E-02   0.2994374E-02   0.5211152E-02   0.4842160E-02
  80.00       270.0       2.400       0.2305192E-02   0.2237122E-02   0.3893789E-02   0.3622473E-02
  80.00       280.0       2.400       0.1719048E-02   0.1672388E-02   0.2911582E-02   0.2711410E-02
  80.00       290.0       2.400       0.1282559E-02   0.1250567E-02   0.2177698E-02   0.2029545E-02
  80.00       300.0       2.400       0.9570095E-03   0.9350668E-03   0.1629163E-02   0.1519180E-02
  80.00       310.0       2.400       0.7138551E-03   0.6988300E-03   0.1218346E-02   0.1136550E-02
  80.00       320.0       2.400       0.5321516E-03   0.5218627E-03   0.9105508E-03   0.8496071E-03
  80.00       330.0       2.400       0.3961907E-03   0.3891629E-03   0.6795878E-03   0.6341455E-03
  80.00       340.0       2.400       0.2945140E-03   0.2897208E-03   0.5064342E-03   0.4725242E-03
  80.00       350.0       2.400       0.2184930E-03   0.2152326E-03   0.3766438E-03   0.3513346E-03
  80.00       360.0       2.400       0.1617264E-03   0.1595148E-03   0.2794714E-03   0.2605900E-03
  80.00       370.0       2.400       0.1194128E-03   0.1179174E-03   0.2068567E-03   0.1927814E-03
  80.00       380.0       2.400       0.8791665E-04   0.8690922E-04   0.1526624E-03   0.1421853E-03
  80.00       400.0       2.400       0.4706964E-04   0.4661908E-04   0.8214564E-04   0.7637758E-04
  80.00       450.0       2.400       0.9028602E-05   0.8974427E-05   0.1596813E-04   0.1475248E-04
  80.00       500.0       2.400       0.1417889E-05   0.1412717E-05   0.2547498E-05   0.2330777E-05
  80.00      0.9106E-01   2.960        39417.92        34011.78       -78042.85       -66351.57    
  80.00      0.1006       2.960        35124.29        30306.78       -65497.78       -55637.29    
  80.00      0.1112       2.960        31270.92        26981.70       -54755.33       -46466.79    
  80.00      0.1229       2.960        27837.58        24019.09       -45635.50       -38685.43    
  80.00      0.1358       2.960        24780.98        21381.57       -37915.95       -32102.56    
  80.00      0.1501       2.960        22045.73        19021.38       -31358.82       -26514.65    
  80.00      0.1659       2.960        19607.26        16917.27       -25821.75       -21799.00    
  80.00      0.1834       2.960        17429.36        15038.04       -21146.64       -17819.69    
  80.00      0.2027       2.960        15492.95        13367.18       -17226.28       -14485.62    
  80.00      0.2240       2.960        13769.61        11880.18       -13943.87       -11696.41    
  80.00      0.2475       2.960        12236.13        10557.02       -11202.39       -9369.859    
  80.00      0.2736       2.960        10863.29        9372.475       -8907.644       -7424.115    
  80.00      0.3023       2.960        9646.767        8322.819       -7012.707       -5819.466    
  80.00      0.3341       2.960        8560.561        7385.611       -5441.199       -4490.495    
  80.00      0.3693       2.960        7592.322        6550.197       -4146.784       -3397.560    
  80.00      0.4081       2.960        6732.951        5808.724       -3090.887       -2507.516    
  80.00      0.4510       2.960        5968.016        5148.739       -2231.403       -1784.849    
  80.00      0.4985       2.960        5286.653        4560.868       -1535.973       -1201.370    
  80.00      0.5509       2.960        4682.071        4039.248       -979.7859       -736.2348    
  80.00      0.6088       2.960        4144.689        3575.616       -539.2106       -369.2220    
  80.00      0.6729       2.960        3666.380        3162.955       -193.6686       -82.59463    
  80.00      0.7436       2.960        3242.336        2797.118        72.27767        136.7464    
  80.00      0.8218       2.960        2865.428        2471.952        273.6019        301.4421    
  80.00      0.9083       2.960        2530.623        2183.115        422.3278        421.4192    
  80.00       1.004       2.960        2233.351        1926.661        527.1829        505.1446    
  80.00       1.109       2.960        1971.520        1700.788        597.2044        559.3872    
  80.00       1.226       2.960        1737.406        1498.830        640.3567        591.1292    
  80.00       1.355       2.960        1530.509        1320.355        660.6976        603.7946    
  80.00       1.497       2.960        1347.909        1162.845        664.2077        602.6396    
  80.00       1.655       2.960        1185.100        1022.411        654.4491        590.4684    
  80.00       1.829       2.960        1041.618        898.6529        634.9331        570.3433    
  80.00       2.021       2.960        914.8679        789.3303        608.3439        544.5204    
  80.00       2.234       2.960        802.3799        692.3129        576.4307        514.4439    
  80.00       2.469       2.960        703.1918        606.7696        541.3827        481.9813    
  80.00       2.729       2.960        615.5355        531.1750        504.5141        448.1878    
  80.00       3.016       2.960        538.2730        464.5473        466.7699        413.9602    
  80.00       3.333       2.960        470.1555        405.8089        429.1826        380.0449    
  80.00       3.683       2.960        410.1763        354.0911        392.3775        346.9962    
  80.00       4.071       2.960        357.2255        308.4361        356.7416        315.1182    
  80.00       4.499       2.960        310.7413        268.3589        322.7887        284.8268    
  80.00       4.972       2.960        269.8668        233.1201        290.6368        256.2491    
  80.00       5.495       2.960        233.9273        202.1370        260.4594        229.4721    
  80.00       6.073       2.960        202.4012        174.9596        232.3649        204.5853    
  80.00       6.711       2.960        174.8143        151.1783        206.4215        181.6582    
  80.00       7.417       2.960        150.6288        130.3291        182.5393        160.5750    
  80.00       8.197       2.960        129.4904        112.1062        160.7222        141.3414    
  80.00       9.059       2.960        111.0444        96.20337        140.8957        123.8830    
  80.00       10.01       2.960        94.99235        82.36288        122.9879        108.1301    
  80.00       11.06       2.960        81.03493        70.32631        106.8783        93.97008    
  80.00       12.23       2.960        68.81651        59.78693        92.33183        81.19747    
  80.00       13.51       2.960        58.33443        50.74250        79.49405        69.93118    
  80.00       14.94       2.960        49.17066        42.83219        67.97432        59.82744    
  80.00       16.51       2.960        41.32489        36.05589        57.87329        50.97189    
  80.00       18.24       2.960        34.59268        30.23750        49.01731        43.21002    
  80.00       20.16       2.960        28.79129        25.21935        41.23679        36.39164    
  80.00       22.28       2.960        23.82828        20.92182        34.46380        30.45582    
  80.00       24.63       2.960        19.58461        17.24243        28.58073        25.29861    
  80.00       27.22       2.960        15.99215        14.12268        23.52936        20.86804    
  80.00       30.08       2.960        12.95418        11.47929        19.20440        17.07129    
  80.00       33.24       2.960        10.39395        9.246186        15.51989        13.83264    
  80.00       36.74       2.960        8.246158        7.367364        12.39799        11.08381    
  80.00       40.60       2.960        6.463407        5.802236        9.783916        8.776813    
  80.00       44.87       2.960        4.991640        4.504650        7.608000        6.850996    
  80.00       49.59       2.960        3.791984        3.441635        5.819911        5.262803    
  80.00       54.81       2.960        2.825837        2.580570        4.368710        3.968368    
  80.00       60.57       2.960        2.061815        1.895164        3.211883        2.931613    
  80.00       66.94       2.960        1.468608        1.359149        2.305843        2.115199    
  80.00       73.98       2.960        1.018158       0.9489376        1.611803        1.486140    
  80.00       81.76       2.960       0.6849491       0.6429777        1.093625        1.013563    
  80.00       89.36       2.960       0.4684919       0.4426044       0.7538359       0.7018047    
  80.00       90.36       2.960       0.4458573       0.4215568       0.7181154       0.6689234    
  80.00       91.20       2.960       0.4277205       0.4046767       0.6894659       0.6425331    
  80.00       92.00       2.960       0.4111559       0.3892475       0.6632766       0.6183939    
  80.00       99.86       2.960       0.2797237       0.2663601       0.4545843       0.4254938    
  80.00       110.4       2.960       0.1681565       0.1612342       0.2757335       0.2592798    
  80.00       120.0       2.960       0.1064024       0.1025861       0.1757832       0.1658689    
  80.00       130.0       2.960       0.6632015E-01   0.6426436E-01   0.1103598       0.1044462    
  80.00       140.0       2.960       0.4146664E-01   0.4035826E-01   0.6946151E-01   0.6589761E-01
  80.00       150.0       2.960       0.2596376E-01   0.2536697E-01   0.4375891E-01   0.4159229E-01
  80.00       160.0       2.960       0.1625380E-01   0.1593338E-01   0.2755191E-01   0.2622582E-01
  80.00       170.0       2.960       0.1015671E-01   0.9985606E-02   0.1730951E-01   0.1649285E-01
  80.00       180.0       2.960       0.6329521E-02   0.6238663E-02   0.1084260E-01   0.1033747E-01
  80.00       190.0       2.960       0.3926461E-02   0.3878647E-02   0.6758777E-02   0.6445789E-02
  80.00       200.0       2.960       0.2420310E-02   0.2395370E-02   0.4185308E-02   0.3991385E-02
  80.00       210.0       2.960       0.1479444E-02   0.1466608E-02   0.2569995E-02   0.2450052E-02
  80.00       220.0       2.960       0.8956728E-03   0.8891643E-03   0.1562508E-02   0.1488681E-02
  80.00       230.0       2.960       0.5354660E-03   0.5322240E-03   0.9381068E-03   0.8929859E-03
  80.00       240.0       2.960       0.3154883E-03   0.3139062E-03   0.5550609E-03   0.5277586E-03
  80.00       250.0       2.960       0.1826780E-03   0.1819241E-03   0.3226914E-03   0.3063868E-03
  80.00       260.0       2.960       0.1035360E-03   0.1031868E-03   0.1836849E-03   0.1741101E-03
  80.00       270.0       2.960       0.5726836E-04   0.5711183E-04   0.1020212E-03   0.9651438E-04
  80.00       280.0       2.960       0.3072754E-04   0.3066004E-04   0.5498024E-04   0.5189386E-04
  80.00       290.0       2.960       0.1591848E-04   0.1589065E-04   0.2861073E-04   0.2693558E-04
  80.00       300.0       2.960       0.7891270E-05   0.7880402E-05   0.1425284E-04   0.1337789E-04
  80.00       310.0       2.960       0.3711440E-05   0.3707464E-05   0.6737957E-05   0.6302587E-05
  80.00       320.0       2.960       0.1632483E-05   0.1631140E-05   0.2980815E-05   0.2776989E-05
  80.00       330.0       2.960       0.6604107E-06   0.6599997E-06   0.1213691E-05   0.1125336E-05
  80.00       340.0       2.960       0.2390396E-06   0.2389291E-06   0.4426522E-06   0.4080976E-06
  80.00       350.0       2.960       0.7456984E-07   0.7454476E-07   0.1393510E-06   0.1275861E-06
  80.00       360.0       2.960       0.1878343E-07   0.1877895E-07   0.3551019E-07   0.3222536E-07
  80.00       370.0       2.960       0.3418825E-08   0.3418267E-08   0.6565028E-08   0.5888036E-08
  80.00       380.0       2.960       0.3572661E-09   0.3572284E-09   0.7023355E-09   0.6194809E-09
  80.00       400.0       2.960       0.3079953E-13   0.3079720E-13   0.6604328E-13   0.5537864E-13
  80.00       450.0       2.960        0.000000        0.000000        0.000000        0.000000    
  80.00       500.0       2.960        0.000000        0.000000        0.000000        0.000000    
  80.00      0.9106E-01   3.200        35084.76        31840.41       -66080.89       -58994.36    
  80.00      0.1006       3.200        31257.39        28366.81       -55320.23       -49337.16    
  80.00      0.1112       3.200        27822.39        25249.33       -46118.61       -41083.57    
  80.00      0.1229       3.200        24762.16        22471.99       -38321.19       -34093.55    
  80.00      0.1358       3.200        22038.29        19999.92       -31731.38       -28189.50    
  80.00      0.1501       3.200        19601.58        17788.48       -26143.40       -23187.08    
  80.00      0.1659       3.200        17430.03        15817.70       -21433.69       -18973.84    
  80.00      0.1834       3.200        15490.68        14057.65       -17466.78       -15427.92    
  80.00      0.2027       3.200        13766.39        12492.79       -14147.99       -12464.33    
  80.00      0.2240       3.200        12232.07        11100.34       -11373.32       -9988.978    
  80.00      0.2475       3.200        10866.94        9861.444       -9064.968       -7932.056    
  80.00      0.2736       3.200        9645.101        8752.598       -7138.376       -6217.529    
  80.00      0.3023       3.200        8562.398        7770.028       -5552.096       -4807.932    
  80.00      0.3341       3.200        7595.971        6892.987       -4243.101       -3646.627    
  80.00      0.3693       3.200        6734.831        6111.501       -3169.982       -2696.386    
  80.00      0.4081       3.200        5970.796        5418.144       -2298.626       -1926.785    
  80.00      0.4510       3.200        5290.812        4801.067       -1593.871       -1306.027    
  80.00      0.4985       3.200        4685.366        4251.636       -1027.601       -808.6028    
  80.00      0.5509       3.200        4147.972        3763.967       -579.0038       -416.0640    
  80.00      0.6088       3.200        3670.461        3330.643       -227.1975       -109.6928    
  80.00      0.6729       3.200        3245.556        2945.061        45.73143        125.9233    
  80.00      0.7436       3.200        2868.966        2603.328        251.2048        302.6887    
  80.00      0.8218       3.200        2534.397        2299.729        403.7875        432.1484    
  80.00      0.9083       3.200        2237.297        2030.135        513.1381        523.6491    
  80.00       1.004       3.200        1973.566        1790.824        586.4045        582.8541    
  80.00       1.109       3.200        1741.251        1580.024        631.3367        617.4362    
  80.00       1.226       3.200        1533.651        1391.653        654.1734        632.6507    
  80.00       1.355       3.200        1350.274        1225.265        659.5279        632.6598    
  80.00       1.497       3.200        1188.470        1078.453        651.6196        621.2237    
  80.00       1.655       3.200        1044.243        947.5933        633.1255        600.6604    
  80.00       1.829       3.200        917.1775        832.3064        607.3808        573.9847    
  80.00       2.021       3.200        805.0097        730.5391        576.5366        543.0535    
  80.00       2.234       3.200        705.4812        640.2416        542.0746        509.2392    
  80.00       2.469       3.200        617.7608        560.6597        505.6767        473.9567    
  80.00       2.729       3.200        540.2597        490.3514        468.3462        438.1023    
  80.00       3.016       3.200        471.9809        428.4116        431.0276        402.5040    
  80.00       3.333       3.200        411.8316        373.8485        394.4258        367.7725    
  80.00       3.683       3.200        358.9045        325.8385        358.9848        334.2874    
  80.00       4.071       3.200        312.1791        283.4554        325.0079        302.2930    
  80.00       4.499       3.200        271.1739        246.2622        292.8634        272.1137    
  80.00       4.972       3.200        235.1474        213.5858        262.6932        243.8562    
  80.00       5.495       3.200        203.5126        184.8932        234.5345        217.5384    
  80.00       6.073       3.200        175.7749        159.7358        208.4701        193.2224    
  80.00       6.711       3.200        151.5075        137.7259        184.5118        170.9058    
  80.00       7.417       3.200        130.2618        118.4562        162.5726        150.4979    
  80.00       8.197       3.200        111.7104        101.6296        142.6012        131.9481    
  80.00       9.059       3.200        95.53900        86.96080        124.5250        115.1754    
  80.00       10.01       3.200        81.48639        74.21261        108.2586        100.0987    
  80.00       11.06       3.200        69.28281        63.14014        93.67957        86.59743    
  80.00       12.23       3.200        58.60950        53.45417        80.55470        74.45322    
  80.00       13.51       3.200        49.47025        45.15821        69.01157        63.78057    
  80.00       14.94       3.200        41.50330        37.92394        58.69793        54.25104    
  80.00       16.51       3.200        34.69850        31.74227        49.68809        45.93106    
  80.00       18.24       3.200        28.87021        26.44498        41.81344        38.66301    
  80.00       20.16       3.200        23.86244        21.89044        34.92155        32.30438    
  80.00       22.28       3.200        19.60082        18.01138        28.95672        26.80249    
  80.00       24.63       3.200        15.96994        14.70329        23.79849        22.04531    
  80.00       27.22       3.200        12.90984        11.91182        19.39259        17.98169    
  80.00       30.08       3.200        10.33995        9.564063        15.64702        14.52612    
  80.00       33.24       3.200        8.191491        7.597837        12.48193        11.60459    
  80.00       36.74       3.200        6.402184        5.956640        9.821715        9.146932    
  80.00       40.60       3.200        4.932744        4.605265        7.617964        7.108525    
  80.00       44.87       3.200        3.736163        3.501352        5.808280        5.431916    
  80.00       49.59       3.200        2.773928        2.610328        4.342064        4.070730    
  80.00       54.81       3.200        2.012712        1.902413        3.173233        2.982903    
  80.00       60.57       3.200        1.424158        1.352444        2.262196        2.132505    
  80.00       66.94       3.200       0.9781474       0.9334552        1.566084        1.480692    
  80.00       73.98       3.200       0.6497068       0.6231502        1.048851       0.9946204    
  80.00       81.76       3.200       0.4156997       0.4007415       0.6768824       0.6437687    
  80.00       89.36       3.200       0.2696438       0.2611117       0.4426085       0.4220007    
  80.00       90.36       3.200       0.2547579       0.2468345       0.4185935       0.3992249    
  80.00       91.20       3.200       0.2429000       0.2354539       0.3994451       0.3810563    
  80.00       92.00       3.200       0.2321269       0.2251087       0.3820335       0.3645296    
  80.00       99.86       3.200       0.1487866       0.1448690       0.2466991       0.2358803    
  80.00       110.4       3.200       0.8201606E-01   0.8023229E-01   0.1372709       0.1315367    
  80.00       120.0       3.200       0.4757593E-01   0.4671225E-01   0.8025980E-01   0.7701786E-01
  80.00       130.0       3.200       0.2687987E-01   0.2647806E-01   0.4569708E-01   0.4389544E-01
  80.00       140.0       3.200       0.1508584E-01   0.1490144E-01   0.2583281E-01   0.2482801E-01
  80.00       150.0       3.200       0.8383643E-02   0.8300473E-02   0.1445415E-01   0.1389354E-01
  80.00       160.0       3.200       0.4600872E-02   0.4564139E-02   0.7983404E-02   0.7671657E-02
  80.00       170.0       3.200       0.2483933E-02   0.2468122E-02   0.4336641E-02   0.4164610E-02
  80.00       180.0       3.200       0.1313970E-02   0.1307370E-02   0.2307606E-02   0.2213869E-02
  80.00       190.0       3.200       0.6775728E-03   0.6749185E-03   0.1196818E-02   0.1146665E-02
  80.00       200.0       3.200       0.3386672E-03   0.3376461E-03   0.6015886E-03   0.5754069E-03
  80.00       210.0       3.200       0.1627854E-03   0.1624132E-03   0.2908256E-03   0.2776022E-03
  80.00       220.0       3.200       0.7457825E-04   0.7445113E-04   0.1339899E-03   0.1275825E-03
  80.00       230.0       3.200       0.3212315E-04   0.3208315E-04   0.5806481E-04   0.5512659E-04
  80.00       240.0       3.200       0.1279676E-04   0.1278538E-04   0.2327383E-04   0.2201941E-04
  80.00       250.0       3.200       0.4597310E-05   0.4594470E-05   0.8418652E-05   0.7931641E-05
  80.00       260.0       3.200       0.1434361E-05   0.1433765E-05   0.2647209E-05   0.2481041E-05
  80.00       270.0       3.200       0.3661932E-06   0.3660953E-06   0.6821703E-06   0.6350966E-06
  80.00       280.0       3.200       0.6881310E-07   0.6880186E-07   0.1297437E-06   0.1197113E-06
  80.00       290.0       3.200       0.7660027E-08   0.7659321E-08   0.1469200E-07   0.1337760E-07
  80.00       300.0       3.200       0.2881978E-09   0.2881850E-09   0.5698525E-09   0.5073387E-09
  80.00       310.0       3.200       0.4755282E-12   0.4755151E-12   0.9890068E-12   0.8528357E-12
  80.00       320.0       3.200        0.000000        0.000000        0.000000        0.000000    
  80.00       330.0       3.200        0.000000        0.000000        0.000000        0.000000    
  80.00       340.0       3.200        0.000000        0.000000        0.000000        0.000000    
  80.00       350.0       3.200        0.000000        0.000000        0.000000        0.000000    
  80.00       360.0       3.200        0.000000        0.000000        0.000000        0.000000    
  80.00       370.0       3.200        0.000000        0.000000        0.000000        0.000000    
  80.00       380.0       3.200        0.000000        0.000000        0.000000        0.000000    
  80.00       400.0       3.200        0.000000        0.000000        0.000000        0.000000    
  80.00       450.0       3.200        0.000000        0.000000        0.000000        0.000000    
  80.00       500.0       3.200        0.000000        0.000000        0.000000        0.000000    
  80.00      0.9106E-01   3.900        10537.52        10366.62       -15141.58       -14530.46    
  80.00      0.1006       3.900        9379.525        9227.403       -12475.12       -11947.46    
  80.00      0.1112       3.900        8341.048        8205.768       -10214.47       -9759.554    
  80.00      0.1229       3.900        7416.548        7296.263       -8316.013       -7924.006    
  80.00      0.1358       3.900        6594.205        6487.257       -6727.479       -6389.796    
  80.00      0.1501       3.900        5859.070        5764.045       -5395.712       -5105.157    
  80.00      0.1659       3.900        5204.313        5119.907       -4286.801       -4036.973    
  80.00      0.1834       3.900        4619.947        4545.020       -3364.600       -3150.019    
  80.00      0.2027       3.900        4100.870        4034.362       -2604.218       -2419.995    
  80.00      0.2240       3.900        3639.396        3580.373       -1979.280       -1821.247    
  80.00      0.2475       3.900        3229.209        3176.840       -1469.133       -1333.609    
  80.00      0.2736       3.900        2862.407        2815.988       -1052.208       -936.1432    
  80.00      0.3023       3.900        2537.746        2496.593       -717.3303       -617.9619    
  80.00      0.3341       3.900        2248.176        2211.720       -448.5242       -363.5641    
  80.00      0.3693       3.900        1990.378        1958.105       -235.4002       -162.8365    
  80.00      0.4081       3.900        1761.816        1733.250       -69.15593       -7.212819    
  80.00      0.4510       3.900        1558.619        1533.349        58.92878        111.7501    
  80.00      0.4985       3.900        1377.851        1355.514        155.7358        200.7207    
  80.00      0.5509       3.900        1217.667        1197.928        226.6226        264.9065    
  80.00      0.6088       3.900        1075.498        1058.065        276.8526        309.3952    
  80.00      0.6729       3.900        949.1439        933.7615        309.8525        337.4803    
  80.00      0.7436       3.900        837.3030        823.7352        329.5424        352.9757    
  80.00      0.8218       3.900        738.0557        726.0982        338.5949        358.4479    
  80.00      0.9083       3.900        650.0092        639.4804        339.3808        356.1674    
  80.00       1.004       3.900        571.9633        562.7011        333.7563        347.9305    
  80.00       1.109       3.900        503.3548        495.2061        323.4272        335.3931    
  80.00       1.226       3.900        442.1269        434.9721        309.5186        319.5908    
  80.00       1.355       3.900        388.1146        381.8366        293.2387        301.7053    
  80.00       1.497       3.900        340.5356        335.0302        275.5239        282.6257    
  80.00       1.655       3.900        298.2085        293.3905        256.6761        262.6237    
  80.00       1.829       3.900        260.9721        256.7588        237.6110        242.5792    
  80.00       2.021       3.900        228.1508        224.4707        218.6474        222.7880    
  80.00       2.234       3.900        199.1029        195.8948        200.0083        203.4471    
  80.00       2.469       3.900        173.5590        170.7659        181.9963        184.8443    
  80.00       2.729       3.900        151.0399        148.6129        164.7952        167.1444    
  80.00       3.016       3.900        131.2446        129.1394        148.5308        150.4603    
  80.00       3.333       3.900        113.8465        112.0241        133.2607        134.8384    
  80.00       3.683       3.900        98.57627        97.00213        119.0438        120.3266    
  80.00       4.071       3.900        85.13500        83.77935        105.8411        106.8760    
  80.00       4.499       3.900        73.38165        72.21700        93.71180        94.54036    
  80.00       4.972       3.900        63.08634        62.08894        82.59715        83.25425    
  80.00       5.495       3.900        54.08343        53.23217        72.47104        72.98582    
  80.00       6.073       3.900        46.22349        45.49971        63.29052        63.68786    
  80.00       6.711       3.900        39.37907        38.76613        55.01147        55.31270    
  80.00       7.417       3.900        33.41873        32.90215        47.56502        47.78787    
  80.00       8.197       3.900        28.24854        27.81536        40.91191        41.07145    
  80.00       9.059       3.900        23.77092        23.40972        34.99099        35.09992    
  80.00       10.01       3.900        19.90998        19.61062        29.75142        29.82067    
  80.00       11.06       3.900        16.58687        16.34047        25.13496        25.17364    
  80.00       12.23       3.900        13.71340        13.51252        21.05543        21.07091    
  80.00       13.51       3.900        11.28496        11.12228        17.53551        17.53430    
  80.00       14.94       3.900        9.197426        9.067292        14.45173        14.43879    
  80.00       16.51       3.900        7.443135        7.340067        11.81508        11.79473    
  80.00       18.24       3.900        5.970409        5.889783        9.565333        9.540973    
  80.00       20.16       3.900        4.732632        4.670582        7.646922        7.621055    
  80.00       22.28       3.900        3.706307        3.659371        6.035007        6.009542    
  80.00       24.63       3.900        2.859647        2.824894        4.688925        4.665195    
  80.00       27.22       3.900        2.171681        2.146540        3.583301        3.562149    
  80.00       30.08       3.900        1.617554        1.599881        2.684806        2.666689    
  80.00       33.24       3.900        1.177519        1.165511        1.965442        1.950496    
  80.00       36.74       3.900       0.8334361       0.8256117        1.394244        1.382393    
  80.00       40.60       3.900       0.5712664       0.5664066       0.9640257       0.9549659    
  80.00       44.87       3.900       0.3763933       0.3735493       0.6389896       0.6323618    
  80.00       49.59       3.900       0.2363472       0.2347970       0.4038131       0.3991925    
  80.00       54.81       3.900       0.1400453       0.1392702       0.2410618       0.2380155    
  80.00       60.57       3.900       0.7734836E-01   0.7699910E-01   0.1342525       0.1323719    
  80.00       66.94       3.900       0.3906749E-01   0.3892957E-01   0.6845099E-01   0.6738183E-01
  80.00       73.98       3.900       0.1762248E-01   0.1757637E-01   0.3120247E-01   0.3065500E-01
  80.00       81.76       3.900       0.6845382E-02   0.6833003E-02   0.1226745E-01   0.1202344E-01
  80.00       89.36       3.900       0.2489025E-02   0.2486027E-02   0.4514644E-02   0.4413190E-02
  80.00       90.36       3.900       0.2161424E-02   0.2158966E-02   0.3926836E-02   0.3837160E-02
  80.00       91.20       3.900       0.1916593E-02   0.1914517E-02   0.3486998E-02   0.3406279E-02
  80.00       92.00       3.900       0.1706838E-02   0.1705075E-02   0.3109496E-02   0.3036583E-02
  80.00       99.86       3.900       0.5015375E-03   0.5012241E-03   0.9258462E-03   0.9011561E-03
  80.00       110.4       3.900       0.6879730E-04   0.6877828E-04   0.1294971E-03   0.1253450E-03
  80.00       120.0       3.900       0.6097424E-05   0.6096784E-05   0.1171933E-04   0.1126201E-04
  80.00       130.0       3.900       0.1074591E-06   0.1074565E-06   0.2129303E-06   0.2017857E-06
  80.00       140.0       3.900       0.1009307E-11   0.1009290E-11   0.2229679E-11   0.1971540E-11
  80.00       150.0       3.900        0.000000        0.000000        0.000000        0.000000    
  80.00       160.0       3.900        0.000000        0.000000        0.000000        0.000000    
  80.00       170.0       3.900        0.000000        0.000000        0.000000        0.000000    
  80.00       180.0       3.900        0.000000        0.000000        0.000000        0.000000    
  80.00       190.0       3.900        0.000000        0.000000        0.000000        0.000000    
  80.00       200.0       3.900        0.000000        0.000000        0.000000        0.000000    
  80.00       210.0       3.900        0.000000        0.000000        0.000000        0.000000    
  80.00       220.0       3.900        0.000000        0.000000        0.000000        0.000000    
  80.00       230.0       3.900        0.000000        0.000000        0.000000        0.000000    
  80.00       240.0       3.900        0.000000        0.000000        0.000000        0.000000    
  80.00       250.0       3.900        0.000000        0.000000        0.000000        0.000000    
  80.00       260.0       3.900        0.000000        0.000000        0.000000        0.000000    
  80.00       270.0       3.900        0.000000        0.000000        0.000000        0.000000    
  80.00       280.0       3.900        0.000000        0.000000        0.000000        0.000000    
  80.00       290.0       3.900        0.000000        0.000000        0.000000        0.000000    
  80.00       300.0       3.900        0.000000        0.000000        0.000000        0.000000    
  80.00       310.0       3.900        0.000000        0.000000        0.000000        0.000000    
  80.00       320.0       3.900        0.000000        0.000000        0.000000        0.000000    
  80.00       330.0       3.900        0.000000        0.000000        0.000000        0.000000    
  80.00       340.0       3.900        0.000000        0.000000        0.000000        0.000000    
  80.00       350.0       3.900        0.000000        0.000000        0.000000        0.000000    
  80.00       360.0       3.900        0.000000        0.000000        0.000000        0.000000    
  80.00       370.0       3.900        0.000000        0.000000        0.000000        0.000000    
  80.00       380.0       3.900        0.000000        0.000000        0.000000        0.000000    
  80.00       400.0       3.900        0.000000        0.000000        0.000000        0.000000    
  80.00       450.0       3.900        0.000000        0.000000        0.000000        0.000000    
  80.00       500.0       3.900        0.000000        0.000000        0.000000        0.000000    
  100.0      0.9106E-01  -3.900        2042.916       -2030.913       -2583.578        2498.243    
  100.0      0.1006      -3.900        1818.347       -1807.664       -2112.030        2037.174    
  100.0      0.1112      -3.900        1616.970       -1607.471       -1713.614        1647.990    
  100.0      0.1229      -3.900        1437.709       -1429.264       -1380.434        1322.929    
  100.0      0.1358      -3.900        1278.276       -1270.767       -1102.762        1052.309    
  100.0      0.1501      -3.900        1135.744       -1129.073       -870.9258        826.7175    
  100.0      0.1659      -3.900        1008.810       -1002.885       -678.8955        640.1653    
  100.0      0.1834      -3.900        895.5249       -890.2660       -520.1499        486.2445    
  100.0      0.2027      -3.900        794.8848       -790.2172       -390.5569        360.8517    
  100.0      0.2240      -3.900        705.4019       -701.2601       -284.4215        258.4167    
  100.0      0.2475      -3.900        625.8656       -622.1911       -198.7032        175.9266    
  100.0      0.2736      -3.900        554.7526       -551.4959       -129.4092        109.4829    
  100.0      0.3023      -3.900        491.8129       -488.9261       -74.44462        57.00455    
  100.0      0.3341      -3.900        435.6817       -433.1246       -30.99165        15.73779    
  100.0      0.3693      -3.900        385.7111       -383.4475        2.767443       -16.10329    
  100.0      0.4081      -3.900        341.4135       -339.4103        28.44390       -40.10320    
  100.0      0.4510      -3.900        302.0284       -300.2564        47.54805       -57.73854    
  100.0      0.4985      -3.900        266.9828       -265.4167        61.38596       -70.28694    
  100.0      0.5509      -3.900        235.9264       -234.5428        70.88080       -78.65215    
  100.0      0.6088      -3.900        208.3669       -207.1452        76.86730       -83.65361    
  100.0      0.6729      -3.900        183.8781       -182.8001        80.10037       -86.02075    
  100.0      0.7436      -3.900        162.2027       -161.2521        81.14583       -86.30883    
  100.0      0.8218      -3.900        142.9694       -142.1318        80.51131       -85.01216    
  100.0      0.9083      -3.900        125.9104       -125.1730        78.57015       -82.49154    
  100.0       1.004      -3.900        110.7863       -110.1377        75.67621       -79.09011    
  100.0       1.109      -3.900        97.48740       -96.91690        72.13586       -75.10809    
  100.0       1.226      -3.900        85.61918       -85.11839        68.10696       -70.68956    
  100.0       1.355      -3.900        75.15199       -74.71267        63.78995       -66.03336    
  100.0       1.497      -3.900        65.93410       -65.54893        59.34256       -61.29061    
  100.0       1.655      -3.900        57.73386       -57.39685        54.83775       -56.52589    
  100.0       1.829      -3.900        50.52058       -50.22594        50.40477       -51.86632    
  100.0       2.021      -3.900        44.16189       -43.90461        46.08768       -47.35175    
  100.0       2.234      -3.900        38.53310       -38.30889        41.91714       -43.00854    
  100.0       2.469      -3.900        33.58258       -33.38745        37.95616       -38.89685    
  100.0       2.729      -3.900        29.21916       -29.04966        34.21567       -35.02466    
  100.0       3.016      -3.900        25.38521       -25.23823        30.71454       -31.40893    
  100.0       3.333      -3.900        22.01617       -21.88899        27.45582       -28.05051    
  100.0       3.683      -3.900        19.05767       -18.94786        24.44369       -24.95148    
  100.0       4.071      -3.900        16.45438       -16.35986        21.66520       -22.09722    
  100.0       4.499      -3.900        14.17760       -14.09643        19.12573       -19.49210    
  100.0       4.972      -3.900        12.18434       -12.11487        16.81198       -17.12138    
  100.0       5.495      -3.900        10.43955       -10.38029        14.71089       -14.97094    
  100.0       6.073      -3.900        8.916302       -8.865964        12.81382       -13.03092    
  100.0       6.711      -3.900        7.590821       -7.548226        11.10972       -11.29043    
  100.0       7.417      -3.900        6.436775       -6.400910        9.582614       -9.731738    
  100.0       8.197      -3.900        5.434766       -5.404727        8.220955       -8.343071    
  100.0       9.059      -3.900        4.567801       -4.542785        7.012999       -7.112120    
  100.0       10.01      -3.900        3.820572       -3.799868        5.947233       -6.026925    
  100.0       11.06      -3.900        3.177836       -3.160821        5.010913       -5.074282    
  100.0       12.23      -3.900        2.622392       -2.608545        4.185316       -4.234942    
  100.0       13.51      -3.900        2.152974       -2.141783        3.474421       -3.512812    
  100.0       14.94      -3.900        1.749703       -1.740773        2.853113       -2.882227    
  100.0       16.51      -3.900        1.411587       -1.404533        2.323685       -2.345362    
  100.0       18.24      -3.900        1.128333       -1.122830        1.873384       -1.889165    
  100.0       20.16      -3.900       0.8909005      -0.8866786        1.490829       -1.501981    
  100.0       22.28      -3.900       0.6945610      -0.6913782        1.170499       -1.178109    
  100.0       24.63      -3.900       0.5330925      -0.5307453       0.9040148      -0.9089726    
  100.0       27.22      -3.900       0.4024812      -0.4007912       0.6863121      -0.6893533    
  100.0       30.08      -3.900       0.2978653      -0.2966837       0.5104103      -0.5121093    
  100.0       33.24      -3.900       0.2151864      -0.2143888       0.3703789      -0.3711843    
  100.0       36.74      -3.900       0.1509563      -0.1504412       0.2608750      -0.2611221    
  100.0       40.60      -3.900       0.1023299      -0.1020137       0.1775535      -0.1774890    
  100.0       44.87      -3.900       0.6643902E-01  -0.6625707E-01   0.1157584      -0.1155518    
  100.0       49.59      -3.900       0.4090648E-01  -0.4080969E-01   0.7160986E-01  -0.7137006E-01
  100.0       54.81      -3.900       0.2356772E-01  -0.2352106E-01   0.4147867E-01  -0.4126810E-01
  100.0       60.57      -3.900       0.1249671E-01  -0.1247681E-01   0.2213789E-01  -0.2198183E-01
  100.0       66.94      -3.900       0.5940764E-02  -0.5933526E-02   0.1060854E-01  -0.1050972E-01
  100.0       73.98      -3.900       0.2441735E-02  -0.2439606E-02   0.4403289E-02  -0.4350664E-02
  100.0       81.76      -3.900       0.8183129E-03  -0.8178463E-03   0.1493695E-02  -0.1471115E-02
  100.0       89.36      -3.900       0.2406445E-03  -0.2405600E-03   0.4451510E-03  -0.4368858E-03
  100.0       90.36      -3.900       0.2018204E-03  -0.2017543E-03   0.3740424E-03  -0.3669129E-03
  100.0       91.20      -3.900       0.1735418E-03  -0.1734883E-03   0.3221398E-03  -0.3158588E-03
  100.0       92.00      -3.900       0.1498877E-03  -0.1498441E-03   0.2786671E-03  -0.2731198E-03
  100.0       99.86      -3.900       0.2972031E-04  -0.2971577E-04   0.5618510E-04  -0.5481336E-04
  100.0       110.4      -3.900       0.1471668E-05  -0.1471598E-05   0.2863224E-05  -0.2768797E-05
  100.0       120.0      -3.900       0.9407111E-08  -0.9407040E-08   0.1912413E-07  -0.1817870E-07
  100.0       130.0      -3.900        0.000000        0.000000        0.000000        0.000000    
  100.0       140.0      -3.900        0.000000        0.000000        0.000000        0.000000    
  100.0       150.0      -3.900        0.000000        0.000000        0.000000        0.000000    
  100.0       160.0      -3.900        0.000000        0.000000        0.000000        0.000000    
  100.0       170.0      -3.900        0.000000        0.000000        0.000000        0.000000    
  100.0       180.0      -3.900        0.000000        0.000000        0.000000        0.000000    
  100.0       190.0      -3.900        0.000000        0.000000        0.000000        0.000000    
  100.0       200.0      -3.900        0.000000        0.000000        0.000000        0.000000    
  100.0       210.0      -3.900        0.000000        0.000000        0.000000        0.000000    
  100.0       220.0      -3.900        0.000000        0.000000        0.000000        0.000000    
  100.0       230.0      -3.900        0.000000        0.000000        0.000000        0.000000    
  100.0       240.0      -3.900        0.000000        0.000000        0.000000        0.000000    
  100.0       250.0      -3.900        0.000000        0.000000        0.000000        0.000000    
  100.0       260.0      -3.900        0.000000        0.000000        0.000000        0.000000    
  100.0       270.0      -3.900        0.000000        0.000000        0.000000        0.000000    
  100.0       280.0      -3.900        0.000000        0.000000        0.000000        0.000000    
  100.0       290.0      -3.900        0.000000        0.000000        0.000000        0.000000    
  100.0       300.0      -3.900        0.000000        0.000000        0.000000        0.000000    
  100.0       310.0      -3.900        0.000000        0.000000        0.000000        0.000000    
  100.0       320.0      -3.900        0.000000        0.000000        0.000000        0.000000    
  100.0       330.0      -3.900        0.000000        0.000000        0.000000        0.000000    
  100.0       340.0      -3.900        0.000000        0.000000        0.000000        0.000000    
  100.0       350.0      -3.900        0.000000        0.000000        0.000000        0.000000    
  100.0       360.0      -3.900        0.000000        0.000000        0.000000        0.000000    
  100.0       370.0      -3.900        0.000000        0.000000        0.000000        0.000000    
  100.0       380.0      -3.900        0.000000        0.000000        0.000000        0.000000    
  100.0       400.0      -3.900        0.000000        0.000000        0.000000        0.000000    
  100.0       450.0      -3.900        0.000000        0.000000        0.000000        0.000000    
  100.0       500.0      -3.900        0.000000        0.000000        0.000000        0.000000    
  100.0      0.9106E-01  -3.200        15768.49       -14819.36       -29092.01        26914.95    
  100.0      0.1006      -3.200        14051.30       -13205.51       -24353.07        22507.92    
  100.0      0.1112      -3.200        12510.15       -11757.10       -20309.10        18749.40    
  100.0      0.1229      -3.200        11136.92       -10466.52       -16877.64        15561.83    
  100.0      0.1358      -3.200        9914.378       -9317.557       -13976.06        12868.10    
  100.0      0.1501      -3.200        8820.369       -8289.392       -11514.54        10584.46    
  100.0      0.1659      -3.200        7845.032       -7372.757       -9438.377        8659.749    
  100.0      0.1834      -3.200        6973.832       -6553.993       -7687.932        7038.291    
  100.0      0.2027      -3.200        6199.225       -5826.009       -6224.962        5684.344    
  100.0      0.2240      -3.200        5509.851       -5178.129       -5003.191        4554.752    
  100.0      0.2475      -3.200        4896.439       -4601.640       -3985.932        3615.292    
  100.0      0.2736      -3.200        4347.263       -4085.519       -3136.526        2831.839    
  100.0      0.3023      -3.200        3860.585       -3628.138       -2437.124        2187.674    
  100.0      0.3341      -3.200        3426.039       -3219.750       -1859.647        1656.666    
  100.0      0.3693      -3.200        3038.691       -2855.719       -1386.059        1222.006    
  100.0      0.4081      -3.200        2694.861       -2532.589       -1001.505        869.8373    
  100.0      0.4510      -3.200        2388.786       -2244.940       -690.5063        585.7733    
  100.0      0.4985      -3.200        2116.148       -1988.718       -440.6446        358.2730    
  100.0      0.5509      -3.200        1874.233       -1761.368       -242.9015        178.8990    
  100.0      0.6088      -3.200        1659.206       -1559.288       -87.76047        38.84594    
  100.0      0.6729      -3.200        1467.821       -1379.429        32.27136       -68.85140    
  100.0      0.7436      -3.200        1298.139       -1219.965        123.0964       -149.6810    
  100.0      0.8218      -3.200        1147.313       -1078.223        190.2056       -208.7361    
  100.0      0.9083      -3.200        1013.315       -952.2962        238.0926       -250.1788    
  100.0       1.004      -3.200        894.3319       -840.4805        270.3132       -277.2989    
  100.0       1.109      -3.200        789.5344       -741.9963        289.8106       -292.8465    
  100.0       1.226      -3.200        695.8294       -653.9367        299.5574       -299.5270    
  100.0       1.355      -3.200        613.0068       -576.1045        301.5240       -299.1898    
  100.0       1.497      -3.200        539.8878       -507.3916        297.5197       -293.4999    
  100.0       1.655      -3.200        474.7269       -446.1577        289.0406       -283.8144    
  100.0       1.829      -3.200        417.2865       -392.1795        277.2858       -271.2604    
  100.0       2.021      -3.200        366.5348       -344.4874        263.2469       -256.7355    
  100.0       2.234      -3.200        321.4919       -302.1604        247.6033       -240.8556    
  100.0       2.469      -3.200        281.7709       -264.8350        231.0969       -224.3080    
  100.0       2.729      -3.200        246.6677       -231.8494        214.1890       -207.5047    
  100.0       3.016      -3.200        215.7219       -202.7708        197.2908       -190.8214    
  100.0       3.333      -3.200        188.4315       -177.1274        180.6971       -174.5214    
  100.0       3.683      -3.200        164.3935       -154.5407        164.6371       -158.8085    
  100.0       4.071      -3.200        143.1700       -134.5987        149.2507       -143.8048    
  100.0       4.499      -3.200        124.5367       -117.0908        134.6629       -129.6176    
  100.0       4.972      -3.200        108.1510       -101.6949        120.9728       -116.3339    
  100.0       5.495      -3.200        93.74186       -88.15641        108.1780       -103.9441    
  100.0       6.073      -3.200        81.09644       -76.27508        96.32055       -92.48155    
  100.0       6.711      -3.200        70.02497       -65.87262        85.41366       -81.95312    
  100.0       7.417      -3.200        60.31724       -56.75147        75.40498       -72.30471    
  100.0       8.197      -3.200        51.82700       -48.77414        66.27880       -63.51777    
  100.0       9.059      -3.200        44.41505       -41.80975        58.00254       -55.55754    
  100.0       10.01      -3.200        37.96364       -35.74759        50.54433       -48.39081    
  100.0       11.06      -3.200        32.35112       -30.47330        43.84486       -41.95891    
  100.0       12.23      -3.200        27.43653       -25.85443        37.80158       -36.16159    
  100.0       13.51      -3.200        23.22046       -21.89156        32.47799       -31.05841    
  100.0       14.94      -3.200        19.53428       -18.42617        27.70436       -26.48572    
  100.0       16.51      -3.200        16.37646       -15.45683        23.52148       -22.48134    
  100.0       18.24      -3.200        13.66804       -12.90938        19.85806       -18.97634    
  100.0       20.16      -3.200        11.33731       -10.71645        16.64553       -15.90448    
  100.0       22.28      -3.200        9.347923       -8.843928        13.85545       -13.23786    
  100.0       24.63      -3.200        7.649687       -7.244643        11.43649       -10.92689    
  100.0       27.22      -3.200        6.216143       -5.893835        9.365225       -8.948930    
  100.0       30.08      -3.200        5.008399       -4.754977        7.598089       -7.261961    
  100.0       33.24      -3.200        3.995556       -3.799036        6.099970       -5.832002    
  100.0       36.74      -3.200        3.150066       -3.000229        4.836962       -4.626612    
  100.0       40.60      -3.200        2.453036       -2.340811        3.786941       -3.624428    
  100.0       44.87      -3.200        1.880636       -1.798446        2.918203       -2.795041    
  100.0       49.59      -3.200        1.416384       -1.357722        2.208829       -2.117533    
  100.0       54.81      -3.200        1.045309       -1.004651        1.638541       -1.572432    
  100.0       60.57      -3.200       0.7536514      -0.7264148        1.187636       -1.141061    
  100.0       66.94      -3.200       0.5283321      -0.5108037       0.8372897      -0.8054709    
  100.0       73.98      -3.200       0.3588989      -0.3481226       0.5722601      -0.5512460    
  100.0       81.76      -3.200       0.2350110      -0.2287264       0.3772012      -0.3638355    
  100.0       89.36      -3.200       0.1556235      -0.1519262       0.2513595      -0.2427267    
  100.0       90.36      -3.200       0.1474167      -0.1439700       0.2383019      -0.2301489    
  100.0       91.20      -3.200       0.1408593      -0.1376102       0.2278608      -0.2200897    
  100.0       92.00      -3.200       0.1348868      -0.1318154       0.2183435      -0.2109188    
  100.0       99.86      -3.200       0.8811036E-01  -0.8634658E-01   0.1435325      -0.1387777    
  100.0       110.4      -3.200       0.4961765E-01  -0.4878923E-01   0.8149767E-01  -0.7886895E-01
  100.0       120.0      -3.200       0.2925046E-01  -0.2883967E-01   0.4839081E-01  -0.4685287E-01
  100.0       130.0      -3.200       0.1674843E-01  -0.1655351E-01   0.2790817E-01  -0.2702628E-01
  100.0       140.0      -3.200       0.9490849E-02  -0.9400070E-02   0.1592576E-01  -0.1542063E-01
  100.0       150.0      -3.200       0.5307894E-02  -0.5266547E-02   0.8966393E-02  -0.8678227E-02
  100.0       160.0      -3.200       0.2921347E-02  -0.2902996E-02   0.4967191E-02  -0.4804061E-02
  100.0       170.0      -3.200       0.1576071E-02  -0.1568171E-02   0.2696822E-02  -0.2605596E-02
  100.0       180.0      -3.200       0.8299181E-03  -0.8266371E-03   0.1428963E-02  -0.1378829E-02
  100.0       190.0      -3.200       0.4242295E-03  -0.4229237E-03   0.7349756E-03  -0.7080536E-03
  100.0       200.0      -3.200       0.2091673E-03  -0.2086733E-03   0.3645996E-03  -0.3505800E-03
  100.0       210.0      -3.200       0.9858179E-04  -0.9840610E-04   0.1729310E-03  -0.1659032E-03
  100.0       220.0      -3.200       0.4394796E-04  -0.4388997E-04   0.7759276E-04  -0.7424268E-04
  100.0       230.0      -3.200       0.1825164E-04  -0.1823420E-04   0.3244248E-04  -0.3094601E-04
  100.0       240.0      -3.200       0.6911599E-05  -0.6906937E-05   0.1237716E-04  -0.1176243E-04
  100.0       250.0      -3.200       0.2315359E-05  -0.2314290E-05   0.4179662E-05  -0.3954272E-05
  100.0       260.0      -3.200       0.6534232E-06  -0.6532246E-06   0.1190700E-05  -0.1120151E-05
  100.0       270.0      -3.200       0.1430893E-06  -0.1430620E-06   0.2637860E-06  -0.2463261E-06
  100.0       280.0      -3.200       0.2080290E-07  -0.2080058E-07   0.3895468E-07  -0.3600042E-07
  100.0       290.0      -3.200       0.1403462E-08  -0.1403380E-08   0.2691481E-08  -0.2446885E-08
  100.0       300.0      -3.200       0.1358929E-10  -0.1358896E-10   0.2738838E-10  -0.2414469E-10
  100.0       310.0      -3.200        0.000000        0.000000        0.000000        0.000000    
  100.0       320.0      -3.200        0.000000        0.000000        0.000000        0.000000    
  100.0       330.0      -3.200        0.000000        0.000000        0.000000        0.000000    
  100.0       340.0      -3.200        0.000000        0.000000        0.000000        0.000000    
  100.0       350.0      -3.200        0.000000        0.000000        0.000000        0.000000    
  100.0       360.0      -3.200        0.000000        0.000000        0.000000        0.000000    
  100.0       370.0      -3.200        0.000000        0.000000        0.000000        0.000000    
  100.0       380.0      -3.200        0.000000        0.000000        0.000000        0.000000    
  100.0       400.0      -3.200        0.000000        0.000000        0.000000        0.000000    
  100.0       450.0      -3.200        0.000000        0.000000        0.000000        0.000000    
  100.0       500.0      -3.200        0.000000        0.000000        0.000000        0.000000    
  100.0      0.9106E-01  -2.960        19464.29       -17605.84       -38176.33        34052.85    
  100.0      0.1006      -2.960        17348.51       -15692.03       -32060.24        28572.72    
  100.0      0.1112      -2.960        15449.34       -13974.15       -26821.19        23881.81    
  100.0      0.1229      -2.960        13757.00       -12443.37       -22372.36        19899.80    
  100.0      0.1358      -2.960        12249.72       -11079.97       -18604.55        16529.07    
  100.0      0.1501      -2.960        10900.82       -9859.849       -15397.68        13661.96    
  100.0      0.1659      -2.960        9698.144       -8771.993       -12691.32        11243.76    
  100.0      0.1834      -2.960        8623.642       -7800.074       -10407.88        9204.868    
  100.0      0.2027      -2.960        7667.808       -6935.497       -8487.367        7491.292    
  100.0      0.2240      -2.960        6816.856       -6165.791       -6876.655        6055.327    
  100.0      0.2475      -2.960        6059.583       -5480.822       -5532.232        4857.900    
  100.0      0.2736      -2.960        5381.547       -4867.526       -4405.745        3855.606    
  100.0      0.3023      -2.960        4780.638       -4323.995       -3474.802        3028.275    
  100.0      0.3341      -2.960        4243.985       -3838.586       -2702.357        2342.712    
  100.0      0.3693      -2.960        3765.494       -3405.789       -2065.193        1778.058    
  100.0      0.4081      -2.960        3340.692       -3021.554       -1544.379        1317.339    
  100.0      0.4510      -2.960        2962.410       -2679.400       -1119.753        942.4578    
  100.0      0.4985      -2.960        2625.269       -2374.459       -775.6507        639.3950    
  100.0      0.5509      -2.960        2326.037       -2103.808       -500.2878        397.5712    
  100.0      0.6088      -2.960        2059.996       -1863.180       -281.6034        206.1941    
  100.0      0.6729      -2.960        1823.167       -1648.973       -109.5753        56.30908    
  100.0      0.7436      -2.960        1613.186       -1459.052        23.17074       -58.71563    
  100.0      0.8218      -2.960        1426.492       -1290.194        124.0959       -145.5247    
  100.0      0.9083      -2.960        1260.571       -1140.126        198.8251       -209.1474    
  100.0       1.004      -2.960        1113.133       -1006.776        252.2504       -253.9531    
  100.0       1.109      -2.960        983.2205       -889.2785        288.2321       -283.4065    
  100.0       1.226      -2.960        867.0301       -784.1929        310.7054       -300.9719    
  100.0       1.355      -2.960        764.3111       -691.2923        321.9968       -308.7608    
  100.0       1.497      -2.960        673.6247       -609.2754        324.7734       -309.1299    
  100.0       1.655      -2.960        592.7479       -536.1313        320.9581       -303.7746    
  100.0       1.829      -2.960        521.4157       -471.6204        312.1489       -294.1383    
  100.0       2.021      -2.960        458.3684       -414.6029        299.7263       -281.4298    
  100.0       2.234      -2.960        402.3895       -363.9788        284.6930       -266.5298    
  100.0       2.469      -2.960        352.9998       -319.3145        267.9648       -250.2543    
  100.0       2.729      -2.960        309.3235       -279.8178        250.1946       -233.1735    
  100.0       3.016      -2.960        270.8013       -244.9829        231.9655       -215.8001    
  100.0       3.333      -2.960        236.8246       -214.2594        213.7204       -198.5224    
  100.0       3.683      -2.960        206.8840       -187.1862        195.8000       -181.6329    
  100.0       4.071      -2.960        180.4206       -163.2578        178.3931       -165.2897    
  100.0       4.499      -2.960        157.1589       -142.2251        161.7489       -149.7120    
  100.0       4.972      -2.960        136.6933       -123.7211        145.9562       -134.9715    
  100.0       5.495      -2.960        118.6980       -107.4510        131.1100       -121.1441    
  100.0       6.073      -2.960        102.8938       -93.16225        117.2467       -108.2572    
  100.0       6.711      -2.960        89.03725       -80.63458        104.4203       -96.35301    
  100.0       7.417      -2.960        76.86827       -69.63277        92.57448       -85.37501    
  100.0       8.197      -2.960        66.22340       -60.00880        81.73029       -75.33827    
  100.0       9.059      -2.960        56.91934       -51.59682        71.84814       -66.20199    
  100.0       10.01      -2.960        48.80896       -44.26377        62.89998       -57.93737    
  100.0       11.06      -2.960        41.74014       -37.87201        54.82457       -50.48597    
  100.0       12.23      -2.960        35.54138       -32.26636        47.51279       -43.74450    
  100.0       13.51      -2.960        30.21478       -27.44868        41.04296       -37.78350    
  100.0       14.94      -2.960        25.54831       -23.22717        35.22283       -32.42448    
  100.0       16.51      -2.960        21.53964       -19.59977        30.09526       -27.70621    
  100.0       18.24      -2.960        18.09090       -16.47800        25.58577       -23.55849    
  100.0       20.16      -2.960        15.11212       -13.78046        21.61054       -19.90351    
  100.0       22.28      -2.960        12.56064       -11.46866        18.14209       -16.71557    
  100.0       24.63      -2.960        10.37420       -9.486316        15.11969       -13.93835    
  100.0       27.22      -2.960        8.516637       -7.800782        12.51342       -11.54369    
  100.0       30.08      -2.960        6.941743       -6.370367        10.27417       -9.486203    
  100.0       33.24      -2.960        5.612130       -5.161312        8.361337       -7.728384    
  100.0       36.74      -2.960        4.492995       -4.142151        6.734662       -6.232819    
  100.0       40.60      -2.960        3.559367       -3.290461        5.365459       -4.973264    
  100.0       44.87      -2.960        2.784052       -2.581642        4.219470       -3.918001    
  100.0       49.59      -2.960        2.146411       -1.997183        3.270284       -3.042831    
  100.0       54.81      -2.960        1.627045       -1.519658        2.492277       -2.324285    
  100.0       60.57      -2.960        1.210405       -1.135181        1.864368       -1.743126    
  100.0       66.94      -2.960       0.8806358      -0.8295817        1.364338       -1.279143    
  100.0       73.98      -2.960       0.6246867      -0.5912626       0.9738351      -0.9157179    
  100.0       81.76      -2.960       0.4306462      -0.4096292       0.6758145      -0.6374283    
  100.0       89.36      -2.960       0.3011253      -0.2877336       0.4755193      -0.4497455    
  100.0       90.36      -2.960       0.2873710      -0.2747489       0.4541729      -0.4297032    
  100.0       91.20      -2.960       0.2763192      -0.2643092       0.4370060      -0.4135786    
  100.0       92.00      -2.960       0.2662008      -0.2547460       0.4212764      -0.3987988    
  100.0       99.86      -2.960       0.1848670      -0.1776681       0.2943801      -0.2793707    
  100.0       110.4      -2.960       0.1139115      -0.1100473       0.1828240      -0.1740136    
  100.0       120.0      -2.960       0.7349170E-01  -0.7130105E-01   0.1187532      -0.1132848    
  100.0       130.0      -2.960       0.4662481E-01  -0.4541426E-01   0.7585192E-01  -0.7249876E-01
  100.0       140.0      -2.960       0.2959850E-01  -0.2893148E-01   0.4846206E-01  -0.4639188E-01
  100.0       150.0      -2.960       0.1877119E-01  -0.1840534E-01   0.3091943E-01  -0.2963411E-01
  100.0       160.0      -2.960       0.1187611E-01  -0.1167675E-01   0.1967459E-01  -0.1887243E-01
  100.0       170.0      -2.960       0.7487302E-02  -0.7379405E-02   0.1247238E-01  -0.1197019E-01
  100.0       180.0      -2.960       0.4698832E-02  -0.4641489E-02   0.7868626E-02  -0.7554098E-02
  100.0       190.0      -2.960       0.2930279E-02  -0.2899547E-02   0.4931671E-02  -0.4733979E-02
  100.0       200.0      -2.960       0.1812883E-02  -0.1796772E-02   0.3065905E-02  -0.2942096E-02
  100.0       210.0      -2.960       0.1110567E-02  -0.1102245E-02   0.1887295E-02  -0.1810070E-02
  100.0       220.0      -2.960       0.6727181E-03  -0.6684919E-03   0.1148434E-02  -0.1100564E-02
  100.0       230.0      -2.960       0.4017194E-03  -0.3996155E-03   0.6890185E-03  -0.6596113E-03
  100.0       240.0      -2.960       0.2360782E-03  -0.2350542E-03   0.4067530E-03  -0.3889001E-03
  100.0       250.0      -2.960       0.1360360E-03  -0.1355506E-03   0.2354638E-03  -0.2247880E-03
  100.0       260.0      -2.960       0.7661331E-04  -0.7639015E-04   0.1332297E-03  -0.1269657E-03
  100.0       270.0      -2.960       0.4199554E-04  -0.4189651E-04   0.7337223E-04  -0.6978127E-04
  100.0       280.0      -2.960       0.2226986E-04  -0.2222775E-04   0.3909987E-04  -0.3709998E-04
  100.0       290.0      -2.960       0.1136477E-04  -0.1134772E-04   0.2005439E-04  -0.1897869E-04
  100.0       300.0      -2.960       0.5525483E-05  -0.5518973E-05   0.9804246E-05  -0.9249825E-05
  100.0       310.0      -2.960       0.2535294E-05  -0.2532979E-05   0.4524977E-05  -0.4254324E-05
  100.0       320.0      -2.960       0.1079525E-05  -0.1078771E-05   0.1939513E-05  -0.1816000E-05
  100.0       330.0      -2.960       0.4185364E-06  -0.4183169E-06   0.7575226E-06  -0.7058532E-06
  100.0       340.0      -2.960       0.1429357E-06  -0.1428804E-06   0.2609792E-06  -0.2417502E-06
  100.0       350.0      -2.960       0.4105824E-07  -0.4104680E-07   0.7577271E-07  -0.6968222E-07
  100.0       360.0      -2.960       0.9144133E-08  -0.9142350E-08   0.1710723E-07  -0.1558495E-07
  100.0       370.0      -2.960       0.1358336E-08  -0.1358158E-08   0.2590215E-08  -0.2329641E-08
  100.0       380.0      -2.960       0.9600965E-10  -0.9600192E-10   0.1887303E-09  -0.1665540E-09
  100.0       400.0      -2.960       0.3799989E-16  -0.3798591E-16   0.1121925E-15  -0.8551303E-16
  100.0       450.0      -2.960        0.000000        0.000000        0.000000        0.000000    
  100.0       500.0      -2.960        0.000000        0.000000        0.000000        0.000000    
  100.0      0.9106E-01  -2.400        23010.59       -17922.32       -49357.38        38075.43    
  100.0      0.1006      -2.400        20516.09       -15979.35       -41627.94        32096.83    
  100.0      0.1112      -2.400        18276.11       -14234.64       -34987.60        26960.52    
  100.0      0.1229      -2.400        16279.28       -12679.32       -29332.12        22588.17    
  100.0      0.1358      -2.400        14500.88       -11294.14       -24527.81        18875.06    
  100.0      0.1501      -2.400        12908.92       -10054.18       -20432.46        15711.07    
  100.0      0.1659      -2.400        11489.14       -8948.341       -16959.94        13029.35    
  100.0      0.1834      -2.400        10220.35       -7960.105       -14015.02        10756.07    
  100.0      0.2027      -2.400        9091.477       -7080.849       -11533.15        8841.190    
  100.0      0.2240      -2.400        8085.975       -6297.692       -9444.816        7230.698    
  100.0      0.2475      -2.400        7190.924       -5600.566       -7691.199        5879.154    
  100.0      0.2736      -2.400        6389.281       -4976.194       -6213.899        4741.389    
  100.0      0.3023      -2.400        5678.511       -4422.601       -4985.859        3796.103    
  100.0      0.3341      -2.400        5043.850       -3928.289       -3959.587        3006.843    
  100.0      0.3693      -2.400        4477.465       -3487.157       -3107.568        2352.169    
  100.0      0.4081      -2.400        3974.493       -3095.416       -2404.784        1812.738    
  100.0      0.4510      -2.400        3526.489       -2746.491       -1827.761        1370.323    
  100.0      0.4985      -2.400        3127.105       -2435.435       -1354.037        1007.592    
  100.0      0.5509      -2.400        2772.439       -2159.210       -970.4819        714.3606    
  100.0      0.6088      -2.400        2456.951       -1913.501       -660.8605        478.1014    
  100.0      0.6729      -2.400        2175.897       -1694.613       -412.5703        289.0596    
  100.0      0.7436      -2.400        1926.574       -1500.439       -216.4757        140.1713    
  100.0      0.8218      -2.400        1704.830       -1327.746       -63.20103        24.18840    
  100.0      0.9083      -2.400        1507.708       -1174.229        54.70324       -64.63174    
  100.0       1.004      -2.400        1332.519       -1037.797        143.5030       -131.1419    
  100.0       1.109      -2.400        1178.050       -917.5024        208.1966       -179.1975    
  100.0       1.226      -2.400        1039.773       -809.8200        254.2423       -212.9817    
  100.0       1.355      -2.400        917.4563       -714.5683        284.6503       -234.8338    
  100.0       1.497      -2.400        809.3848       -630.4116        302.4721       -247.1101    
  100.0       1.655      -2.400        712.9398       -555.3104        310.5283       -251.9614    
  100.0       1.829      -2.400        627.8478       -489.0515        310.9518       -251.0429    
  100.0       2.021      -2.400        552.6077       -430.4658        305.6071       -245.7835    
  100.0       2.234      -2.400        485.7608       -378.4171        295.8912       -237.2474    
  100.0       2.469      -2.400        426.7245       -332.4517        282.9919       -226.3523    
  100.0       2.729      -2.400        374.4390       -291.7445        267.8505       -213.8176    
  100.0       3.016      -2.400        328.3190       -255.8392        251.3893       -200.3465    
  100.0       3.333      -2.400        287.6072       -224.1459        234.0633       -186.2844    
  100.0       3.683      -2.400        251.7022       -196.1962        216.5089       -172.1159    
  100.0       4.071      -2.400        219.9371       -171.4704        198.9871       -158.0353    
  100.0       4.499      -2.400        191.9884       -149.7167        181.8773       -144.3325    
  100.0       4.972      -2.400        167.3707       -130.5567        165.3791       -131.1552    
  100.0       5.495      -2.400        145.6939       -113.6866        149.6379       -118.6102    
  100.0       6.073      -2.400        126.6310       -98.85158        134.7545       -106.7714    
  100.0       6.711      -2.400        109.9008       -85.83266        120.8163       -95.70211    
  100.0       7.417      -2.400        95.19641       -74.39053        107.8298       -85.40332    
  100.0       8.197      -2.400        82.30899       -64.36236        95.83248       -75.89998    
  100.0       9.059      -2.400        71.02670       -55.58315        84.81364       -67.18096    
  100.0       10.01      -2.400        61.17228       -47.91471        74.76067       -59.23328    
  100.0       11.06      -2.400        52.57014       -41.22015        65.62230       -52.01434    
  100.0       12.23      -2.400        45.01012       -35.33563        57.29497       -45.43992    
  100.0       13.51      -2.400        38.49648       -30.26443        49.87521       -39.58502    
  100.0       14.94      -2.400        32.77196       -25.80621        43.15362       -34.28366    
  100.0       16.51      -2.400        27.84048       -21.96390        37.20123       -29.58994    
  100.0       18.24      -2.400        23.58409       -18.64559        31.93271       -25.43572    
  100.0       20.16      -2.400        19.89309       -15.76598        27.25753       -21.74933    
  100.0       22.28      -2.400        16.71556       -13.28463        23.15054       -18.51007    
  100.0       24.63      -2.400        13.97465       -11.14166        19.53974       -15.66081    
  100.0       27.22      -2.400        11.63241       -9.307702        16.40405       -13.18462    
  100.0       30.08      -2.400        9.632570       -7.738998        13.68729       -11.03687    
  100.0       33.24      -2.400        7.928327       -6.399128        11.34281       -9.180627    
  100.0       36.74      -2.400        6.476759       -5.254737        9.324053       -7.579127    
  100.0       40.60      -2.400        5.251797       -4.285706        7.604034       -6.211159    
  100.0       44.87      -2.400        4.218709       -3.465003        6.141685       -5.044155    
  100.0       49.59      -2.400        3.353162       -2.773927        4.907710       -4.055430    
  100.0       54.81      -2.400        2.632988       -2.195380        3.874439       -3.223203    
  100.0       60.57      -2.400        2.040191       -1.715722        3.018742       -2.529826    
  100.0       66.94      -2.400        1.555866       -1.320532        2.315534       -1.955875    
  100.0       73.98      -2.400        1.165962      -0.9993444        1.745970       -1.487170    
  100.0       81.76      -2.400       0.8569907      -0.7421195        1.291665       -1.109866    
  100.0       89.36      -2.400       0.6400669      -0.5595401       0.9706282      -0.8406982    
  100.0       90.36      -2.400       0.6163101      -0.5394203       0.9353332      -0.8109482    
  100.0       91.20      -2.400       0.5970991      -0.5231295       0.9067698      -0.7868451    
  100.0       92.00      -2.400       0.5794111      -0.5081135       0.8804524      -0.7646163    
  100.0       99.86      -2.400       0.4330280      -0.3831579       0.6619430      -0.5791482    
  100.0       110.4      -2.400       0.2961321      -0.2649368       0.4560574      -0.4026853    
  100.0       120.0      -2.400       0.2114010      -0.1908700       0.3276470      -0.2914683    
  100.0       130.0      -2.400       0.1500677      -0.1366751       0.2340374      -0.2096523    
  100.0       140.0      -2.400       0.1073312      -0.9852678E-01   0.1683578      -0.1517585    
  100.0       150.0      -2.400       0.7727081E-01  -0.7144262E-01   0.1218623      -0.1104592    
  100.0       160.0      -2.400       0.5596114E-01  -0.5207887E-01   0.8870294E-01  -0.8080185E-01
  100.0       170.0      -2.400       0.4075318E-01  -0.3815201E-01   0.6490310E-01  -0.5938361E-01
  100.0       180.0      -2.400       0.2981987E-01  -0.2806818E-01   0.4770441E-01  -0.4381866E-01
  100.0       190.0      -2.400       0.2191044E-01  -0.2072547E-01   0.3519950E-01  -0.3244418E-01
  100.0       200.0      -2.400       0.1615953E-01  -0.1535484E-01   0.2606403E-01  -0.2409764E-01
  100.0       210.0      -2.400       0.1195564E-01  -0.1140740E-01   0.1935769E-01  -0.1794537E-01
  100.0       220.0      -2.400       0.8870814E-02  -0.8496160E-02   0.1441494E-01  -0.1339482E-01
  100.0       230.0      -2.400       0.6597456E-02  -0.6340814E-02   0.1075788E-01  -0.1001724E-01
  100.0       240.0      -2.400       0.4916586E-02  -0.4740427E-02   0.8043806E-02  -0.7503350E-02
  100.0       250.0      -2.400       0.3669733E-02  -0.3548645E-02   0.6023008E-02  -0.5626908E-02
  100.0       260.0      -2.400       0.2741889E-02  -0.2658591E-02   0.4514148E-02  -0.4222711E-02
  100.0       270.0      -2.400       0.2050172E-02  -0.1992816E-02   0.3385692E-02  -0.3170440E-02
  100.0       280.0      -2.400       0.1533631E-02  -0.1494158E-02   0.2540045E-02  -0.2380644E-02
  100.0       290.0      -2.400       0.1147419E-02  -0.1120231E-02   0.1905868E-02  -0.1787438E-02
  100.0       300.0      -2.400       0.8582305E-03  -0.8395320E-03   0.1429500E-02  -0.1341353E-02
  100.0       310.0      -2.400       0.6415899E-03  -0.6287367E-03   0.1071585E-02  -0.1005838E-02
  100.0       320.0      -2.400       0.4791495E-03  -0.4703282E-03   0.8024550E-03  -0.7533493E-03
  100.0       330.0      -2.400       0.3573169E-03  -0.3512746E-03   0.6000321E-03  -0.5633275E-03
  100.0       340.0      -2.400       0.2659723E-03  -0.2618429E-03   0.4478384E-03  -0.4203911E-03
  100.0       350.0      -2.400       0.1975431E-03  -0.1947293E-03   0.3335063E-03  -0.3129827E-03
  100.0       360.0      -2.400       0.1463535E-03  -0.1444420E-03   0.2477426E-03  -0.2324041E-03
  100.0       370.0      -2.400       0.1081482E-03  -0.1068539E-03   0.1835526E-03  -0.1721002E-03
  100.0       380.0      -2.400       0.7965870E-04  -0.7878601E-04   0.1355562E-03  -0.1270202E-03
  100.0       400.0      -2.400       0.4266493E-04  -0.4227415E-04   0.7300045E-04  -0.6828900E-04
  100.0       450.0      -2.400       0.8162156E-05  -0.8115236E-05   0.1416790E-04  -0.1317202E-04
  100.0       500.0      -2.400       0.1270191E-05  -0.1265750E-05   0.2242066E-05  -0.2065081E-05
  100.0      0.9106E-01  -1.200        22640.75       -8161.031       -52099.78        18676.40    
  100.0      0.1006      -1.200        20192.55       -7278.329       -44072.65        15795.64    
  100.0      0.1112      -1.200        17993.79       -6485.576       -37164.04        13316.77    
  100.0      0.1229      -1.200        16033.27       -5778.737       -31269.87        11202.03    
  100.0      0.1358      -1.200        14286.61       -5149.043       -26250.91        9401.591    
  100.0      0.1501      -1.200        12722.51       -4585.198       -21961.52        7863.365    
  100.0      0.1659      -1.200        11327.24       -4082.217       -18316.40        6555.640    
  100.0      0.1834      -1.200        10079.99       -3632.601       -15215.15        5444.050    
  100.0      0.2027      -1.200        8969.970       -3232.464       -12595.64        4505.135    
  100.0      0.2240      -1.200        7981.193       -2876.036       -10384.50        3712.731    
  100.0      0.2475      -1.200        7100.683       -2558.645       -8521.915        3045.404    
  100.0      0.2736      -1.200        6311.824       -2274.303       -6947.087        2481.372    
  100.0      0.3023      -1.200        5612.199       -2022.139       -5632.273        2010.479    
  100.0      0.3341      -1.200        4987.181       -1796.888       -4528.392        1615.261    
  100.0      0.3693      -1.200        4429.245       -1595.805       -3607.335        1285.653    
  100.0      0.4081      -1.200        3933.617       -1417.183       -2843.646        1012.404    
  100.0      0.4510      -1.200        3492.008       -1258.034       -2212.411        786.7017    
  100.0      0.4985      -1.200        3098.162       -1116.100       -1691.152        600.3919    
  100.0      0.5509      -1.200        2748.288       -990.0154       -1265.100        448.1994    
  100.0      0.6088      -1.200        2436.982       -877.8330       -918.2384        324.3377    
  100.0      0.6729      -1.200        2159.576       -777.8709       -637.1710        224.0461    
  100.0      0.7436      -1.200        1913.362       -689.1531       -412.1085        143.7995    
  100.0      0.8218      -1.200        1694.254       -610.2061       -233.0884        80.03666    
  100.0      0.9083      -1.200        1499.374       -539.9942       -92.55060        30.02353    
  100.0       1.004      -1.200        1326.082       -477.5653        16.18298       -8.618002    
  100.0       1.109      -1.200        1173.220       -422.5019        98.17083       -37.69933    
  100.0       1.226      -1.200        1036.341       -373.2015        159.3445       -59.35672    
  100.0       1.355      -1.200        915.1771       -329.5681        202.9130       -74.72663    
  100.0       1.497      -1.200        808.0570       -290.9999        232.3110       -85.04603    
  100.0       1.655      -1.200        712.4008       -256.5605        250.6005       -91.40678    
  100.0       1.829      -1.200        627.9567       -226.1620        259.8823       -94.55724    
  100.0       2.021      -1.200        553.2189       -199.2596        262.1827       -95.21602    
  100.0       2.234      -1.200        486.7701       -175.3422        259.0508       -93.95657    
  100.0       2.469      -1.200        428.0652       -154.2139        251.8811       -91.26831    
  100.0       2.729      -1.200        376.0809       -135.5065        241.6956       -87.52679    
  100.0       3.016      -1.200        330.1738       -118.9883        229.4805       -83.05798    
  100.0       3.333      -1.200        289.6173       -104.3974        215.9081       -78.11554    
  100.0       3.683      -1.200        253.8087       -91.50952        201.3861       -72.83390    
  100.0       4.071      -1.200        222.0803       -80.10573        186.5979       -67.48495    
  100.0       4.499      -1.200        194.1563       -70.06621        171.7981       -62.13569    
  100.0       4.972      -1.200        169.5339       -61.21627        157.2363       -56.87924    
  100.0       5.495      -1.200        147.8270       -53.41658        143.1274       -51.79296    
  100.0       6.073      -1.200        128.7183       -46.55240        129.6203       -46.92941    
  100.0       6.711      -1.200        111.9358       -40.52354        116.8392       -42.32993    
  100.0       7.417      -1.200        97.16411       -35.22181        104.8111       -38.00911    
  100.0       8.197      -1.200        84.19831       -30.56719        93.60198       -33.98360    
  100.0       9.059      -1.200        72.82799       -26.48627        83.22622       -30.25967    
  100.0       10.01      -1.200        62.88712       -22.91898        73.69866       -26.84220    
  100.0       11.06      -1.200        54.19627       -19.80020        64.98893       -23.71908    
  100.0       12.23      -1.200        46.54417       -17.05415        56.99972       -20.85566    
  100.0       13.51      -1.200        39.93793       -14.68304        49.83969       -18.28963    
  100.0       14.94      -1.200        34.12517       -12.59619        43.32911       -15.95665    
  100.0       16.51      -1.200        29.10927       -10.79441        37.53737       -13.88090    
  100.0       18.24      -1.200        24.76970       -9.234320        32.38287       -12.03276    
  100.0       20.16      -1.200        20.99429       -7.875581        27.78552       -10.38333    
  100.0       22.28      -1.200        17.73329       -6.700514        23.72483       -8.925366    
  100.0       24.63      -1.200        14.91628       -5.683277        20.14831       -7.638135    
  100.0       27.22      -1.200        12.50179       -4.808925        17.02583       -6.513136    
  100.0       30.08      -1.200        10.43195       -4.056867        14.30753       -5.530428    
  100.0       33.24      -1.200        8.660044       -3.410162        11.95010       -4.674718    
  100.0       36.74      -1.200        7.143767       -2.853536        9.909972       -3.930429    
  100.0       40.60      -1.200        5.856408       -2.377605        8.162032       -3.288461    
  100.0       44.87      -1.200        4.764864       -1.970240        6.668927       -2.735107    
  100.0       49.59      -1.200        3.843548       -1.622177        5.400192       -2.259892    
  100.0       54.81      -1.200        3.069397       -1.325375        4.328519       -1.852628    
  100.0       60.57      -1.200        2.425482       -1.074044        3.433266       -1.506388    
  100.0       66.94      -1.200        1.893361      -0.8619147        2.690405       -1.213143    
  100.0       73.98      -1.200        1.458270      -0.6839182        2.080670      -0.9662162    
  100.0       81.76      -1.200        1.107000      -0.5359139        1.586372      -0.7601186    
  100.0       89.36      -1.200       0.8554782      -0.4266577        1.230930      -0.6073568    
  100.0       90.36      -1.200       0.8275807      -0.4143254        1.191420      -0.5900816    
  100.0       91.20      -1.200       0.8049538      -0.4042859        1.159353      -0.5760090    
  100.0       92.00      -1.200       0.7840660      -0.3949866        1.129740      -0.5629731    
  100.0       99.86      -1.200       0.6088241      -0.3156529       0.8807538      -0.4514734    
  100.0       110.4      -1.200       0.4398620      -0.2364431       0.6395608      -0.3396629    
  100.0       120.0      -1.200       0.3314475      -0.1836800       0.4840300      -0.2648253    
  100.0       130.0      -1.200       0.2497558      -0.1425318       0.3662671      -0.2062052    
  100.0       140.0      -1.200       0.1902728      -0.1115734       0.2801398      -0.1619249    
  100.0       150.0      -1.200       0.1464562      -0.8805130E-01   0.2164231      -0.1281471    
  100.0       160.0      -1.200       0.1137968      -0.7001321E-01   0.1687321      -0.1021581    
  100.0       170.0      -1.200       0.8919322E-01  -0.5605373E-01   0.1326816      -0.8198297E-01
  100.0       180.0      -1.200       0.7046842E-01  -0.4516591E-01   0.1051380      -0.6620044E-01
  100.0       190.0      -1.200       0.5610031E-01  -0.3661445E-01   0.8394225E-01  -0.5377269E-01
  100.0       200.0      -1.200       0.4496519E-01  -0.2984498E-01   0.6745639E-01  -0.4391001E-01
  100.0       210.0      -1.200       0.3627621E-01  -0.2445487E-01   0.5456051E-01  -0.3604048E-01
  100.0       220.0      -1.200       0.2943770E-01  -0.2013379E-01   0.4438136E-01  -0.2971891E-01
  100.0       230.0      -1.200       0.2402542E-01  -0.1665404E-01   0.3630531E-01  -0.2461848E-01
  100.0       240.0      -1.200       0.1971147E-01  -0.1383594E-01   0.2985154E-01  -0.2048065E-01
  100.0       250.0      -1.200       0.1625088E-01  -0.1154055E-01   0.2466228E-01  -0.1710473E-01
  100.0       260.0      -1.200       0.1345750E-01  -0.9661446E-02   0.2046434E-01  -0.1433681E-01
  100.0       270.0      -1.200       0.1119088E-01  -0.8116379E-02   0.1705065E-01  -0.1205775E-01
  100.0       280.0      -1.200       0.9342089E-02  -0.6840452E-02   0.1426066E-01  -0.1017319E-01
  100.0       290.0      -1.200       0.7828778E-02  -0.5784001E-02   0.1197262E-01  -0.8610874E-02
  100.0       300.0      -1.200       0.6584277E-02  -0.4905803E-02   0.1008716E-01  -0.7310639E-02
  100.0       310.0      -1.200       0.5556032E-02  -0.4172727E-02   0.8526665E-02  -0.6224066E-02
  100.0       320.0      -1.200       0.4702954E-02  -0.3558649E-02   0.7229540E-02  -0.5312814E-02
  100.0       330.0      -1.200       0.3992304E-02  -0.3042369E-02   0.6147333E-02  -0.4546037E-02
  100.0       340.0      -1.200       0.3398074E-02  -0.2606938E-02   0.5240814E-02  -0.3898657E-02
  100.0       350.0      -1.200       0.2899728E-02  -0.2238732E-02   0.4479413E-02  -0.3350769E-02
  100.0       360.0      -1.200       0.2480598E-02  -0.1926693E-02   0.3837991E-02  -0.2886011E-02
  100.0       370.0      -1.200       0.2127024E-02  -0.1661536E-02   0.3296027E-02  -0.2490744E-02
  100.0       380.0      -1.200       0.1827912E-02  -0.1435657E-02   0.2836799E-02  -0.2153686E-02
  100.0       400.0      -1.200       0.1358373E-02  -0.1077724E-02   0.2114361E-02  -0.1619007E-02
  100.0       450.0      -1.200       0.6668902E-03  -0.5406634E-03   0.1045567E-02  -0.8148681E-03
  100.0       500.0      -1.200       0.3396497E-03  -0.2802771E-03   0.5362508E-03  -0.4237230E-03
  100.0      0.9106E-01   0.000        22427.75        0.000000       -52792.94      -0.2820710    
  100.0      0.1006       0.000        20004.82       0.5718448E-14   -44699.80      -0.2946865    
  100.0      0.1112       0.000        17828.62       0.1264198E-13   -37730.96      -0.2046498    
  100.0      0.1229       0.000        15888.09       0.1047908E-13   -31780.31      -0.3871137E-01
  100.0      0.1358       0.000        14159.17        0.000000       -26710.07       0.7518521E-01
  100.0      0.1501       0.000        12610.86      -0.2133049E-14   -22374.81       0.1506547    
  100.0      0.1659       0.000        11229.30      -0.2357581E-14   -18686.57       0.1587929    
  100.0      0.1834       0.000        9994.050      -0.3909406E-14   -15547.49       0.1658774    
  100.0      0.2027       0.000        8894.682       0.4320810E-14   -12892.41       0.8837602E-01
  100.0      0.2240       0.000        7915.274       0.1591616E-14   -10648.21       0.6870949E-01
  100.0      0.2475       0.000        7043.001        0.000000       -8756.287       0.2306940E-01
  100.0      0.2736       0.000        6261.475      -0.1944045E-14   -7154.800      -0.5046119E-02
  100.0      0.3023       0.000        5568.333      -0.3221956E-14   -5816.371      -0.2399416E-01
  100.0      0.3341       0.000        4948.849        0.000000       -4692.191      -0.3358282E-01
  100.0      0.3693       0.000        4396.102        0.000000       -3752.606       0.8679565E-02
  100.0      0.4081       0.000        3905.108      -0.2899725E-14   -2972.122      -0.3893046E-01
  100.0      0.4510       0.000        3467.370        0.000000       -2326.453       0.1470158E-01
  100.0      0.4985       0.000        3076.883       0.4427569E-15   -1792.141       0.1394734E-01
  100.0      0.5509       0.000        2729.926       0.9785950E-15   -1353.981       0.8860825E-02
  100.0      0.6088       0.000        2421.186       0.5407230E-15   -996.2935       0.1458799E-01
  100.0      0.6729       0.000        2146.029        0.000000       -705.6994       0.1393714E-01
  100.0      0.7436       0.000        1901.776        0.000000       -472.2546       0.1131633E-01
  100.0      0.8218       0.000        1684.377      -0.7299050E-15   -285.8054       0.7321361E-02
  100.0      0.9083       0.000        1490.970       0.4033662E-15   -138.5782       0.4424073E-02
  100.0       1.004       0.000        1318.966        0.000000       -23.87375       0.2400737E-02
  100.0       1.109       0.000        1167.215       0.4924949E-15    63.36997       0.2859258E-02
  100.0       1.226       0.000        1031.308       0.6805667E-15    129.2207       0.3367795E-02
  100.0       1.355       0.000        910.9851       0.7521761E-15    176.8983      -0.2009913E-02
  100.0       1.497       0.000        804.6131      -0.4155010E-15    209.8788       0.7465253E-03
  100.0       1.655       0.000        709.6219      -0.5512257E-15    231.2873       0.1169989E-02
  100.0       1.829       0.000        625.7192       0.8122392E-15    243.3025       0.3633827E-02
  100.0       2.021       0.000        551.4045        0.000000        247.9378       0.4469709E-02
  100.0       2.234       0.000        485.3655        0.000000        246.9476       0.2489802E-02
  100.0       2.469       0.000        427.0041        0.000000        241.6309       0.2034182E-02
  100.0       2.729       0.000        375.2988      -0.4165973E-15    233.0774       0.1682226E-02
  100.0       3.016       0.000        329.6045        0.000000        222.2146       0.4974406E-03
  100.0       3.333       0.000        289.2264        0.000000        209.7909       0.4645916E-03
  100.0       3.683       0.000        253.5752        0.000000        196.3916       0.6305248E-03
  100.0       4.071       0.000        221.9906        0.000000        182.4306       0.1385948E-02
  100.0       4.499       0.000        194.1717       0.1716995E-15    168.4007       0.2532438E-02
  100.0       4.972       0.000        169.6325      -0.6900036E-16    154.4686       0.2157242E-02
  100.0       5.495       0.000        147.9898       0.2287753E-15    140.8729       0.1644452E-02
  100.0       6.073       0.000        128.9259        0.000000        127.8034       0.3052353E-02
  100.0       6.711       0.000        112.1693      -0.1397008E-15    115.3942       0.3488291E-03
  100.0       7.417       0.000        97.41649       0.5146578E-16    103.6885       0.3001739E-03
  100.0       8.197       0.000        84.46733        0.000000        92.74030       0.4353857E-03
  100.0       9.059       0.000        73.10854       0.9428916E-16    82.59322       0.4195824E-03
  100.0       10.01       0.000        63.17157       0.3472916E-16    73.23806       0.3082450E-03
  100.0       11.06       0.000        54.47943      -0.3837208E-16    64.66700       0.1814588E-03
  100.0       12.23       0.000        46.82187        0.000000        56.80015       0.1115042E-03
  100.0       13.51       0.000        40.20266        0.000000        49.72380       0.1063144E-03
  100.0       14.94       0.000        34.37023        0.000000        43.26794       0.8537312E-04
  100.0       16.51       0.000        29.33387        0.000000        37.51423       0.1022062E-03
  100.0       18.24       0.000        24.97487        0.000000        32.39011       0.8256703E-04
  100.0       20.16       0.000        21.18305        0.000000        27.81291       0.4793331E-04
  100.0       22.28       0.000        17.90829        0.000000        23.77185       0.8983179E-04
  100.0       24.63       0.000        15.07338        0.000000        20.19947       0.9903547E-04
  100.0       27.22       0.000        12.63855        0.000000        17.07569       0.5794368E-04
  100.0       30.08       0.000        10.54935        0.000000        14.35292       0.3820622E-04
  100.0       33.24       0.000        8.760299        0.000000        11.98922       0.1361978E-03
  100.0       36.74       0.000        7.229562        0.000000        9.943555       0.3146652E-04
  100.0       40.60       0.000        5.928350        0.000000        8.188131       0.1502994E-04
  100.0       44.87       0.000        4.821966        0.000000        6.684597       0.3975526E-05
  100.0       49.59       0.000        3.887772       0.2150623E-16    5.407302       0.5513514E-05
  100.0       54.81       0.000        3.103510        0.000000        4.329515       0.1097054E-04
  100.0       60.57       0.000        2.451034        0.000000        3.429042      -0.1097799E-05
  100.0       66.94       0.000        1.910879        0.000000        2.681256      -0.1492361E-05
  100.0       73.98       0.000        1.469809        0.000000        2.068640       0.7230119E-05
  100.0       81.76       0.000        1.114455        0.000000        1.573310      -0.2871011E-05
  100.0       89.36       0.000       0.8600634        0.000000        1.217701      -0.2758630E-05
  100.0       90.36       0.000       0.8318391        0.000000        1.178202      -0.2750077E-05
  100.0       91.20       0.000       0.8089475        0.000000        1.146117      -0.1617097E-05
  100.0       92.00       0.000       0.7878209      -0.4987330E-17    1.116506      -0.1467743E-05
  100.0       99.86       0.000       0.6108010        0.000000       0.8680484       0.4460108E-06
  100.0       110.4       0.000       0.4407747       0.8977194E-17   0.6285485      -0.2013442E-05
  100.0       120.0       0.000       0.3318978        0.000000       0.4746595      -0.1903121E-05
  100.0       130.0       0.000       0.2499567       0.3523657E-17   0.3584378      -0.2151452E-05
  100.0       140.0       0.000       0.1904659        0.000000       0.2738140      -0.1013879E-05
  100.0       150.0       0.000       0.1467469        0.000000       0.2114302      -0.4002093E-06
  100.0       160.0       0.000       0.1141896        0.000000       0.1648495      -0.2307048E-05
  100.0       170.0       0.000       0.8967616E-01    0.000000       0.1297065      -0.3886608E-06
  100.0       180.0       0.000       0.7105051E-01    0.000000       0.1029361      -0.1186702E-05
  100.0       190.0       0.000       0.5676560E-01    0.000000       0.8236800E-01  -0.1050744E-07
  100.0       200.0       0.000       0.4568833E-01    0.000000       0.6638334E-01  -0.1093991E-05
  100.0       210.0       0.000       0.3703856E-01    0.000000       0.5388560E-01  -0.4629169E-06
  100.0       220.0       0.000       0.3021734E-01    0.000000       0.4401522E-01  -0.1156934E-06
  100.0       230.0       0.000       0.2481283E-01    0.000000       0.3618118E-01  -0.2720798E-06
  100.0       240.0       0.000       0.2049672E-01    0.000000       0.2991895E-01  -0.2276931E-06
  100.0       250.0       0.000       0.1702458E-01    0.000000       0.2487274E-01  -0.5256675E-06
  100.0       260.0       0.000       0.1421410E-01    0.000000       0.2078562E-01  -0.2453152E-06
  100.0       270.0       0.000       0.1192259E-01    0.000000       0.1744921E-01  -0.2557265E-06
  100.0       280.0       0.000       0.1004533E-01    0.000000       0.1471281E-01  -0.3019231E-06
  100.0       290.0       0.000       0.8500549E-02    0.000000       0.1246064E-01   0.3392880E-07
  100.0       300.0       0.000       0.7222640E-02    0.000000       0.1059447E-01  -0.1553456E-06
  100.0       310.0       0.000       0.6160946E-02    0.000000       0.9043551E-02  -0.6070939E-07
  100.0       320.0       0.000       0.5274367E-02    0.000000       0.7747551E-02  -0.6608381E-07
  100.0       330.0       0.000       0.4530946E-02    0.000000       0.6659616E-02  -0.9624355E-07
  100.0       340.0       0.000       0.3904765E-02    0.000000       0.5742696E-02  -0.1200832E-06
  100.0       350.0       0.000       0.3375355E-02    0.000000       0.4967426E-02  -0.1454234E-07
  100.0       360.0       0.000       0.2926039E-02    0.000000       0.4308756E-02  -0.5337562E-07
  100.0       370.0       0.000       0.2543814E-02    0.000000       0.3748069E-02  -0.8405223E-07
  100.0       380.0       0.000       0.2217412E-02    0.000000       0.3269098E-02  -0.4112952E-07
  100.0       400.0       0.000       0.1697187E-02    0.000000       0.2505013E-02  -0.3966266E-07
  100.0       450.0       0.000       0.9036778E-03    0.000000       0.1337606E-02  -0.2748982E-07
  100.0       500.0       0.000       0.5035260E-03    0.000000       0.7474363E-03  -0.8391059E-08
  100.0      0.9106E-01   1.200        22640.75        8161.031       -52113.04       -18681.37    
  100.0      0.1006       1.200        20192.55        7278.329       -44085.67       -15800.70    
  100.0      0.1112       1.200        17993.79        6485.576       -37175.38       -13320.57    
  100.0      0.1229       1.200        16033.27        5778.737       -31280.25       -11205.35    
  100.0      0.1358       1.200        14286.61        5149.043       -26261.06       -9404.630    
  100.0      0.1501       1.200        12722.51        4585.198       -21971.81       -7865.935    
  100.0      0.1659       1.200        11327.24        4082.217       -18323.58       -6558.165    
  100.0      0.1834       1.200        10079.99        3632.601       -15222.36       -5446.500    
  100.0      0.2027       1.200        8969.970        3232.464       -12601.91       -4507.463    
  100.0      0.2240       1.200        7981.193        2876.036       -10395.39       -3716.483    
  100.0      0.2475       1.200        7100.683        2558.645       -8530.858       -3048.583    
  100.0      0.2736       1.200        6311.824        2274.303       -6954.939       -2484.071    
  100.0      0.3023       1.200        5612.199        2022.139       -5639.314       -2012.836    
  100.0      0.3341       1.200        4987.181        1796.888       -4529.724       -1615.601    
  100.0      0.3693       1.200        4429.245        1595.805       -3608.451       -1285.752    
  100.0      0.4081       1.200        3933.617        1417.183       -2845.135       -1012.915    
  100.0      0.4510       1.200        3492.008        1258.034       -2212.521       -786.9815    
  100.0      0.4985       1.200        3098.162        1116.100       -1691.391       -600.6575    
  100.0      0.5509       1.200        2748.288        990.0154       -1265.426       -448.4277    
  100.0      0.6088       1.200        2436.982        877.8330       -918.6340       -324.5321    
  100.0      0.6729       1.200        2159.576        777.8709       -637.5216       -224.2218    
  100.0      0.7436       1.200        1913.362        689.1531       -412.4525       -143.8752    
  100.0      0.8218       1.200        1694.254        610.2061       -233.4286       -80.17642    
  100.0      0.9083       1.200        1499.374        539.9942       -92.92206       -30.17251    
  100.0       1.004       1.200        1326.082        477.5653        15.88849        8.488833    
  100.0       1.109       1.200        1173.220        422.5019        97.87953        37.59715    
  100.0       1.226       1.200        1036.341        373.2015        159.0423        59.26381    
  100.0       1.355       1.200        915.1771        329.5681        202.6576        74.66272    
  100.0       1.497       1.200        808.0570        290.9999        232.0621        84.98267    
  100.0       1.655       1.200        712.4008        256.5605        250.3598        91.34355    
  100.0       1.829       1.200        627.9567        226.1620        259.6836        94.50701    
  100.0       2.021       1.200        553.2189        199.2596        261.9827        95.16674    
  100.0       2.234       1.200        486.7701        175.3422        258.9941        93.91722    
  100.0       2.469       1.200        428.0652        154.2139        251.8495        91.27015    
  100.0       2.729       1.200        376.0809        135.5065        241.7035        87.52628    
  100.0       3.016       1.200        330.1738        118.9883        229.5172        83.05651    
  100.0       3.333       1.200        289.6173        104.3974        215.9225        78.11372    
  100.0       3.683       1.200        253.8087        91.50952        201.4936        72.87514    
  100.0       4.071       1.200        222.0803        80.10573        186.6490        67.50282    
  100.0       4.499       1.200        194.1563        70.06621        171.8263        62.14849    
  100.0       4.972       1.200        169.5339        61.21627        157.2611        56.89138    
  100.0       5.495       1.200        147.8270        53.41658        143.1468        51.80486    
  100.0       6.073       1.200        128.7183        46.55240        129.6385        46.93687    
  100.0       6.711       1.200        111.9358        40.52354        116.8591        42.33758    
  100.0       7.417       1.200        97.16411        35.22181        104.8340        38.01708    
  100.0       8.197       1.200        84.19831        30.56719        93.62388        33.99096    
  100.0       9.059       1.200        72.82799        26.48627        83.24541        30.26632    
  100.0       10.01       1.200        62.88712        22.91898        73.71521        26.84725    
  100.0       11.06       1.200        54.19627        19.80020        65.00289        23.72340    
  100.0       12.23       1.200        46.54417        17.05415        57.01300        20.86016    
  100.0       13.51       1.200        39.93793        14.68304        49.85550        18.29538    
  100.0       14.94       1.200        34.12517        12.59619        43.34151        15.96107    
  100.0       16.51       1.200        29.10927        10.79441        37.54566        13.88376    
  100.0       18.24       1.200        24.76970        9.234320        32.38999        12.03552    
  100.0       20.16       1.200        20.99429        7.875581        27.79136        10.38566    
  100.0       22.28       1.200        17.73329        6.700514        23.73028        8.927261    
  100.0       24.63       1.200        14.91628        5.683277        20.15115        7.639896    
  100.0       27.22       1.200        12.50179        4.808925        17.02824        6.514049    
  100.0       30.08       1.200        10.43195        4.056867        14.30971        5.531220    
  100.0       33.24       1.200        8.660044        3.410162        11.95162        4.675330    
  100.0       36.74       1.200        7.143767        2.853536        9.911522        3.930970    
  100.0       40.60       1.200        5.856408        2.377605        8.163334        3.288989    
  100.0       44.87       1.200        4.764864        1.970240        6.669112        2.735444    
  100.0       49.59       1.200        3.843548        1.622177        5.400221        2.259926    
  100.0       54.81       1.200        3.069397        1.325375        4.328660        1.852676    
  100.0       60.57       1.200        2.425482        1.074044        3.433458        1.506459    
  100.0       66.94       1.200        1.893361       0.8619147        2.690444        1.213147    
  100.0       73.98       1.200        1.458270       0.6839182        2.080683       0.9662131    
  100.0       81.76       1.200        1.107000       0.5359139        1.586427       0.7601346    
  100.0       89.36       1.200       0.8554782       0.4266577        1.230966       0.6073659    
  100.0       90.36       1.200       0.8275807       0.4143254        1.191452       0.5900884    
  100.0       91.20       1.200       0.8049538       0.4042859        1.159381       0.5760151    
  100.0       92.00       1.200       0.7840660       0.3949866        1.129767       0.5629780    
  100.0       99.86       1.200       0.6088241       0.3156529       0.8807660       0.4514714    
  100.0       110.4       1.200       0.4398620       0.2364431       0.6395768       0.3396660    
  100.0       120.0       1.200       0.3314475       0.1836800       0.4840359       0.2648233    
  100.0       130.0       1.200       0.2497558       0.1425318       0.3662694       0.2062032    
  100.0       140.0       1.200       0.1902728       0.1115734       0.2801428       0.1619236    
  100.0       150.0       1.200       0.1464562       0.8805130E-01   0.2164264       0.1281472    
  100.0       160.0       1.200       0.1137968       0.7001321E-01   0.1687322       0.1021568    
  100.0       170.0       1.200       0.8919322E-01   0.5605373E-01   0.1326811       0.8198159E-01
  100.0       180.0       1.200       0.7046842E-01   0.4516591E-01   0.1051370       0.6619896E-01
  100.0       190.0       1.200       0.5610031E-01   0.3661445E-01   0.8394123E-01   0.5377150E-01
  100.0       200.0       1.200       0.4496519E-01   0.2984498E-01   0.6745687E-01   0.4390951E-01
  100.0       210.0       1.200       0.3627621E-01   0.2445487E-01   0.5456087E-01   0.3604019E-01
  100.0       220.0       1.200       0.2943770E-01   0.2013379E-01   0.4438190E-01   0.2971883E-01
  100.0       230.0       1.200       0.2402542E-01   0.1665404E-01   0.3630502E-01   0.2461819E-01
  100.0       240.0       1.200       0.1971147E-01   0.1383594E-01   0.2985065E-01   0.2047971E-01
  100.0       250.0       1.200       0.1625088E-01   0.1154055E-01   0.2466123E-01   0.1710373E-01
  100.0       260.0       1.200       0.1345750E-01   0.9661446E-02   0.2046350E-01   0.1433599E-01
  100.0       270.0       1.200       0.1119088E-01   0.8116379E-02   0.1705028E-01   0.1205732E-01
  100.0       280.0       1.200       0.9342089E-02   0.6840452E-02   0.1426071E-01   0.1017312E-01
  100.0       290.0       1.200       0.7828778E-02   0.5784001E-02   0.1197263E-01   0.8610897E-02
  100.0       300.0       1.200       0.6584277E-02   0.4905803E-02   0.1008712E-01   0.7310544E-02
  100.0       310.0       1.200       0.5556032E-02   0.4172727E-02   0.8526559E-02   0.6223933E-02
  100.0       320.0       1.200       0.4702954E-02   0.3558649E-02   0.7229391E-02   0.5312649E-02
  100.0       330.0       1.200       0.3992304E-02   0.3042369E-02   0.6147159E-02   0.4545857E-02
  100.0       340.0       1.200       0.3398074E-02   0.2606938E-02   0.5240652E-02   0.3898491E-02
  100.0       350.0       1.200       0.2899728E-02   0.2238732E-02   0.4479290E-02   0.3350641E-02
  100.0       360.0       1.200       0.2480598E-02   0.1926693E-02   0.3837867E-02   0.2885888E-02
  100.0       370.0       1.200       0.2127024E-02   0.1661536E-02   0.3295937E-02   0.2490653E-02
  100.0       380.0       1.200       0.1827912E-02   0.1435657E-02   0.2836743E-02   0.2153626E-02
  100.0       400.0       1.200       0.1358373E-02   0.1077724E-02   0.2114324E-02   0.1618972E-02
  100.0       450.0       1.200       0.6668902E-03   0.5406634E-03   0.1045560E-02   0.8148922E-03
  100.0       500.0       1.200       0.3396497E-03   0.2802771E-03   0.5362356E-03   0.4237080E-03
  100.0      0.9106E-01   2.400        23010.59        17922.32       -49361.96       -38078.57    
  100.0      0.1006       2.400        20516.09        15979.35       -41634.36       -32101.62    
  100.0      0.1112       2.400        18276.11        14234.64       -34991.47       -26963.63    
  100.0      0.1229       2.400        16279.28        12679.32       -29338.01       -22592.34    
  100.0      0.1358       2.400        14500.88        11294.14       -24531.64       -18878.20    
  100.0      0.1501       2.400        12908.92        10054.18       -20435.18       -15713.14    
  100.0      0.1659       2.400        11489.14        8948.341       -16962.54       -13030.84    
  100.0      0.1834       2.400        10220.35        7960.105       -14017.65       -10757.92    
  100.0      0.2027       2.400        9091.477        7080.849       -11535.66       -8843.024    
  100.0      0.2240       2.400        8085.975        6297.692       -9447.085       -7232.489    
  100.0      0.2475       2.400        7190.924        5600.566       -7693.336       -5880.272    
  100.0      0.2736       2.400        6389.281        4976.194       -6214.511       -4741.802    
  100.0      0.3023       2.400        5678.511        4422.601       -4986.387       -3796.472    
  100.0      0.3341       2.400        5043.850        3928.289       -3959.917       -3007.090    
  100.0      0.3693       2.400        4477.465        3487.157       -3107.649       -2352.216    
  100.0      0.4081       2.400        3974.493        3095.416       -2405.486       -1813.265    
  100.0      0.4510       2.400        3526.489        2746.491       -1827.374       -1370.277    
  100.0      0.4985       2.400        3127.105        2435.435       -1354.405       -1007.855    
  100.0      0.5509       2.400        2772.439        2159.210       -970.5012       -714.3646    
  100.0      0.6088       2.400        2456.951        1913.501       -660.8490       -478.0831    
  100.0      0.6729       2.400        2175.897        1694.613       -412.8131       -289.2426    
  100.0      0.7436       2.400        1926.574        1500.439       -216.8803       -140.4793    
  100.0      0.8218       2.400        1704.830        1327.746       -63.41837       -24.36471    
  100.0      0.9083       2.400        1507.708        1174.229        54.52409        64.50560    
  100.0       1.004       2.400        1332.519        1037.797        143.5120        131.1556    
  100.0       1.109       2.400        1178.050        917.5024        208.4220        179.3767    
  100.0       1.226       2.400        1039.773        809.8200        254.2541        212.9942    
  100.0       1.355       2.400        917.4563        714.5683        284.5744        234.7779    
  100.0       1.497       2.400        809.3848        630.4116        302.3941        247.0506    
  100.0       1.655       2.400        712.9398        555.3104        310.4977        251.9396    
  100.0       1.829       2.400        627.8478        489.0515        311.0032        251.0633    
  100.0       2.021       2.400        552.6077        430.4658        305.6373        245.8037    
  100.0       2.234       2.400        485.7608        378.4171        295.9174        237.2625    
  100.0       2.469       2.400        426.7245        332.4517        283.0337        226.3714    
  100.0       2.729       2.400        374.4390        291.7445        267.8594        213.8306    
  100.0       3.016       2.400        328.3190        255.8392        251.3557        200.3144    
  100.0       3.333       2.400        287.6072        224.1459        234.0695        186.2866    
  100.0       3.683       2.400        251.7022        196.1962        216.5201        172.1224    
  100.0       4.071       2.400        219.9371        171.4704        199.0097        158.0490    
  100.0       4.499       2.400        191.9884        149.7167        181.8972        144.3501    
  100.0       4.972       2.400        167.3707        130.5567        165.4025        131.1718    
  100.0       5.495       2.400        145.6939        113.6866        149.6445        118.6122    
  100.0       6.073       2.400        126.6310        98.85158        134.7610        106.7768    
  100.0       6.711       2.400        109.9008        85.83266        120.8295        95.71289    
  100.0       7.417       2.400        95.19641        74.39053        107.8414        85.41270    
  100.0       8.197       2.400        82.30899        64.36236        95.84100        75.90695    
  100.0       9.059       2.400        71.02670        55.58315        84.82001        67.18611    
  100.0       10.01       2.400        61.17228        47.91471        74.76396        59.23601    
  100.0       11.06       2.400        52.57014        41.22015        65.62661        52.01770    
  100.0       12.23       2.400        45.01012        35.33563        57.29846        45.44276    
  100.0       13.51       2.400        38.49648        30.26443        49.88090        39.58975    
  100.0       14.94       2.400        32.77196        25.80621        43.15877        34.28767    
  100.0       16.51       2.400        27.84048        21.96390        37.20445        29.59254    
  100.0       18.24       2.400        23.58409        18.64559        31.93610        25.43813    
  100.0       20.16       2.400        19.89309        15.76598        27.25984        21.75115    
  100.0       22.28       2.400        16.71556        13.28463        23.15104        18.51050    
  100.0       24.63       2.400        13.97465        11.14166        19.54152        15.66224    
  100.0       27.22       2.400        11.63241        9.307702        16.40557        13.18578    
  100.0       30.08       2.400        9.632570        7.738998        13.68864        11.03793    
  100.0       33.24       2.400        7.928327        6.399128        11.34394        9.181558    
  100.0       36.74       2.400        6.476759        5.254737        9.324881        7.579819    
  100.0       40.60       2.400        5.251797        4.285706        7.604632        6.211617    
  100.0       44.87       2.400        4.218709        3.465003        6.142229        5.044614    
  100.0       49.59       2.400        3.353162        2.773927        4.908214        4.055818    
  100.0       54.81       2.400        2.632988        2.195380        3.874769        3.223486    
  100.0       60.57       2.400        2.040191        1.715722        3.018974        2.530009    
  100.0       66.94       2.400        1.555866        1.320532        2.315751        1.956058    
  100.0       73.98       2.400        1.165962       0.9993444        1.746118        1.487295    
  100.0       81.76       2.400       0.8569907       0.7421195        1.291748        1.109935    
  100.0       89.36       2.400       0.6400669       0.5595401       0.9707175       0.8407776    
  100.0       90.36       2.400       0.6163101       0.5394203       0.9354224       0.8110285    
  100.0       91.20       2.400       0.5970991       0.5231295       0.9068572       0.7869252    
  100.0       92.00       2.400       0.5794111       0.5081135       0.8805373       0.7646944    
  100.0       99.86       2.400       0.4330280       0.3831579       0.6619665       0.5791777    
  100.0       110.4       2.400       0.2961321       0.2649368       0.4560884       0.4027012    
  100.0       120.0       2.400       0.2114010       0.1908700       0.3276750       0.2914967    
  100.0       130.0       2.400       0.1500677       0.1366751       0.2340467       0.2096610    
  100.0       140.0       2.400       0.1073312       0.9852678E-01   0.1683604       0.1517627    
  100.0       150.0       2.400       0.7727081E-01   0.7144262E-01   0.1218660       0.1104642    
  100.0       160.0       2.400       0.5596114E-01   0.5207887E-01   0.8870834E-01   0.8080798E-01
  100.0       170.0       2.400       0.4075318E-01   0.3815201E-01   0.6490694E-01   0.5938770E-01
  100.0       180.0       2.400       0.2981987E-01   0.2806818E-01   0.4770420E-01   0.4381892E-01
  100.0       190.0       2.400       0.2191044E-01   0.2072547E-01   0.3519996E-01   0.3244406E-01
  100.0       200.0       2.400       0.1615953E-01   0.1535484E-01   0.2606463E-01   0.2409824E-01
  100.0       210.0       2.400       0.1195564E-01   0.1140740E-01   0.1935792E-01   0.1794580E-01
  100.0       220.0       2.400       0.8870814E-02   0.8496160E-02   0.1441488E-01   0.1339493E-01
  100.0       230.0       2.400       0.6597456E-02   0.6340814E-02   0.1075767E-01   0.1001709E-01
  100.0       240.0       2.400       0.4916586E-02   0.4740427E-02   0.8043604E-02   0.7503125E-02
  100.0       250.0       2.400       0.3669733E-02   0.3548645E-02   0.6022813E-02   0.5626864E-02
  100.0       260.0       2.400       0.2741889E-02   0.2658591E-02   0.4514015E-02   0.4222671E-02
  100.0       270.0       2.400       0.2050172E-02   0.1992816E-02   0.3385575E-02   0.3170397E-02
  100.0       280.0       2.400       0.1533631E-02   0.1494158E-02   0.2539923E-02   0.2380580E-02
  100.0       290.0       2.400       0.1147419E-02   0.1120231E-02   0.1905396E-02   0.1787179E-02
  100.0       300.0       2.400       0.8582305E-03   0.8395320E-03   0.1429318E-02   0.1341158E-02
  100.0       310.0       2.400       0.6415899E-03   0.6287367E-03   0.1071502E-02   0.1005753E-02
  100.0       320.0       2.400       0.4791495E-03   0.4703282E-03   0.8024229E-03   0.7533172E-03
  100.0       330.0       2.400       0.3573169E-03   0.3512746E-03   0.6000189E-03   0.5633142E-03
  100.0       340.0       2.400       0.2659723E-03   0.2618429E-03   0.4478332E-03   0.4203841E-03
  100.0       350.0       2.400       0.1975431E-03   0.1947293E-03   0.3335015E-03   0.3129780E-03
  100.0       360.0       2.400       0.1463535E-03   0.1444420E-03   0.2477426E-03   0.2324041E-03
  100.0       370.0       2.400       0.1081482E-03   0.1068539E-03   0.1835526E-03   0.1721002E-03
  100.0       380.0       2.400       0.7965870E-04   0.7878601E-04   0.1355562E-03   0.1270202E-03
  100.0       400.0       2.400       0.4266493E-04   0.4227415E-04   0.7300045E-04   0.6828900E-04
  100.0       450.0       2.400       0.8162156E-05   0.8115236E-05   0.1416790E-04   0.1317202E-04
  100.0       500.0       2.400       0.1270191E-05   0.1265750E-05   0.2242066E-05   0.2065081E-05
  100.0      0.9106E-01   2.960        19464.29        17605.84       -38178.56       -34054.77    
  100.0      0.1006       2.960        17348.51        15692.03       -32063.64       -28576.41    
  100.0      0.1112       2.960        15449.34        13974.15       -26825.75       -23885.91    
  100.0      0.1229       2.960        13757.00        12443.37       -22376.27       -19903.34    
  100.0      0.1358       2.960        12249.72        11079.97       -18606.92       -16531.32    
  100.0      0.1501       2.960        10900.82        9859.849       -15402.27       -13666.27    
  100.0      0.1659       2.960        9698.144        8771.993       -12694.36       -11246.55    
  100.0      0.1834       2.960        8623.642        7800.074       -10406.05       -9203.266    
  100.0      0.2027       2.960        7667.808        6935.497       -8486.217       -7490.315    
  100.0      0.2240       2.960        6816.856        6165.791       -6877.550       -6056.177    
  100.0      0.2475       2.960        6059.583        5480.822       -5533.339       -4858.977    
  100.0      0.2736       2.960        5381.547        4867.526       -4406.891       -3856.655    
  100.0      0.3023       2.960        4780.638        4323.995       -3475.663       -3029.063    
  100.0      0.3341       2.960        4243.985        3838.586       -2702.720       -2343.045    
  100.0      0.3693       2.960        3765.494        3405.789       -2065.272       -1778.094    
  100.0      0.4081       2.960        3340.692        3021.554       -1544.629       -1317.553    
  100.0      0.4510       2.960        2962.410        2679.400       -1120.039       -942.7055    
  100.0      0.4985       2.960        2625.269        2374.459       -776.0483       -639.7639    
  100.0      0.5509       2.960        2326.037        2103.808       -500.6805       -397.9315    
  100.0      0.6088       2.960        2059.996        1863.180       -281.9559       -206.4799    
  100.0      0.6729       2.960        1823.167        1648.973       -109.8947       -56.55967    
  100.0      0.7436       2.960        1613.186        1459.052        23.11764        58.67644    
  100.0      0.8218       2.960        1426.492        1290.194        124.1100        145.5126    
  100.0      0.9083       2.960        1260.571        1140.126        199.0305        209.1928    
  100.0       1.004       2.960        1113.133        1006.776        252.2613        253.9861    
  100.0       1.109       2.960        983.2205        889.2785        288.1675        283.3637    
  100.0       1.226       2.960        867.0301        784.1929        310.5466        300.8358    
  100.0       1.355       2.960        764.3111        691.2923        321.9203        308.6914    
  100.0       1.497       2.960        673.6247        609.2754        324.7503        309.1104    
  100.0       1.655       2.960        592.7479        536.1313        320.9552        303.7751    
  100.0       1.829       2.960        521.4157        471.6204        312.1833        294.1692    
  100.0       2.021       2.960        458.3684        414.6029        299.7545        281.4547    
  100.0       2.234       2.960        402.3895        363.9788        284.6851        266.5226    
  100.0       2.469       2.960        352.9998        319.3145        267.9818        250.2704    
  100.0       2.729       2.960        309.3235        279.8178        250.1979        233.1767    
  100.0       3.016       2.960        270.8013        244.9829        231.9651        215.8012    
  100.0       3.333       2.960        236.8246        214.2594        213.7377        198.5258    
  100.0       3.683       2.960        206.8840        187.1862        195.8226        181.6539    
  100.0       4.071       2.960        180.4206        163.2578        178.4031        165.2994    
  100.0       4.499       2.960        157.1589        142.2251        161.7521        149.7157    
  100.0       4.972       2.960        136.6933        123.7211        145.9592        134.9748    
  100.0       5.495       2.960        118.6980        107.4510        131.1145        121.1501    
  100.0       6.073       2.960        102.8938        93.16225        117.2563        108.2659    
  100.0       6.711       2.960        89.03725        80.63458        104.4284        96.36042    
  100.0       7.417       2.960        76.86827        69.63277        92.58232        85.38228    
  100.0       8.197       2.960        66.22340        60.00880        81.73553        75.34307    
  100.0       9.059       2.960        56.91934        51.59682        71.85106        66.20469    
  100.0       10.01       2.960        48.80896        44.26377        62.90301        57.94032    
  100.0       11.06       2.960        41.74014        37.87201        54.82824        50.48935    
  100.0       12.23       2.960        35.54138        32.26636        47.51584        43.74720    
  100.0       13.51       2.960        30.21478        27.44868        41.04582        37.78596    
  100.0       14.94       2.960        25.54831        23.22717        35.22300        32.42469    
  100.0       16.51       2.960        21.53964        19.59977        30.09723        27.70785    
  100.0       18.24       2.960        18.09090        16.47800        25.58753        23.55997    
  100.0       20.16       2.960        15.11212        13.78046        21.61211        19.90492    
  100.0       22.28       2.960        12.56064        11.46866        18.14310        16.71652    
  100.0       24.63       2.960        10.37420        9.486316        15.12036        13.93895    
  100.0       27.22       2.960        8.516637        7.800782        12.51411        11.54433    
  100.0       30.08       2.960        6.941743        6.370367        10.27499        9.486982    
  100.0       33.24       2.960        5.612130        5.161312        8.361990        7.728953    
  100.0       36.74       2.960        4.492995        4.142151        6.734910        6.233064    
  100.0       40.60       2.960        3.559367        3.290461        5.365742        4.973517    
  100.0       44.87       2.960        2.784052        2.581642        4.219777        3.918285    
  100.0       49.59       2.960        2.146411        1.997183        3.270482        3.043018    
  100.0       54.81       2.960        1.627045        1.519658        2.492440        2.324434    
  100.0       60.57       2.960        1.210405        1.135181        1.864494        1.743254    
  100.0       66.94       2.960       0.8806358       0.8295817        1.364422        1.279221    
  100.0       73.98       2.960       0.6246867       0.5912626       0.9739184       0.9157865    
  100.0       81.76       2.960       0.4306462       0.4096292       0.6758763       0.6374825    
  100.0       89.36       2.960       0.3011253       0.2877336       0.4755484       0.4497740    
  100.0       90.36       2.960       0.2873710       0.2747489       0.4541953       0.4297255    
  100.0       91.20       2.960       0.2763192       0.2643092       0.4370237       0.4135964    
  100.0       92.00       2.960       0.2662008       0.2547460       0.4212908       0.3988134    
  100.0       99.86       2.960       0.1848670       0.1776681       0.2943999       0.2793902    
  100.0       110.4       2.960       0.1139115       0.1100473       0.1828343       0.1740235    
  100.0       120.0       2.960       0.7349170E-01   0.7130105E-01   0.1187631       0.1132946    
  100.0       130.0       2.960       0.4662481E-01   0.4541426E-01   0.7585569E-01   0.7250310E-01
  100.0       140.0       2.960       0.2959850E-01   0.2893148E-01   0.4846223E-01   0.4639202E-01
  100.0       150.0       2.960       0.1877119E-01   0.1840534E-01   0.3091803E-01   0.2963249E-01
  100.0       160.0       2.960       0.1187611E-01   0.1167675E-01   0.1967122E-01   0.1886918E-01
  100.0       170.0       2.960       0.7487302E-02   0.7379405E-02   0.1247211E-01   0.1196993E-01
  100.0       180.0       2.960       0.4698832E-02   0.4641489E-02   0.7868498E-02   0.7553969E-02
  100.0       190.0       2.960       0.2930279E-02   0.2899547E-02   0.4931683E-02   0.4733991E-02
  100.0       200.0       2.960       0.1812883E-02   0.1796772E-02   0.3065905E-02   0.2942096E-02
  100.0       210.0       2.960       0.1110567E-02   0.1102245E-02   0.1887295E-02   0.1810070E-02
  100.0       220.0       2.960       0.6727181E-03   0.6684919E-03   0.1148434E-02   0.1100564E-02
  100.0       230.0       2.960       0.4017194E-03   0.3996155E-03   0.6890185E-03   0.6596113E-03
  100.0       240.0       2.960       0.2360782E-03   0.2350542E-03   0.4067530E-03   0.3889001E-03
  100.0       250.0       2.960       0.1360360E-03   0.1355506E-03   0.2354638E-03   0.2247880E-03
  100.0       260.0       2.960       0.7661331E-04   0.7639015E-04   0.1332297E-03   0.1269657E-03
  100.0       270.0       2.960       0.4199554E-04   0.4189651E-04   0.7337223E-04   0.6978127E-04
  100.0       280.0       2.960       0.2226986E-04   0.2222775E-04   0.3909987E-04   0.3709998E-04
  100.0       290.0       2.960       0.1136477E-04   0.1134772E-04   0.2005439E-04   0.1897869E-04
  100.0       300.0       2.960       0.5525483E-05   0.5518973E-05   0.9804246E-05   0.9249825E-05
  100.0       310.0       2.960       0.2535294E-05   0.2532979E-05   0.4524977E-05   0.4254324E-05
  100.0       320.0       2.960       0.1079525E-05   0.1078771E-05   0.1939513E-05   0.1816000E-05
  100.0       330.0       2.960       0.4185364E-06   0.4183169E-06   0.7575226E-06   0.7058532E-06
  100.0       340.0       2.960       0.1429357E-06   0.1428804E-06   0.2609792E-06   0.2417502E-06
  100.0       350.0       2.960       0.4105824E-07   0.4104680E-07   0.7577271E-07   0.6968222E-07
  100.0       360.0       2.960       0.9144133E-08   0.9142350E-08   0.1710723E-07   0.1558495E-07
  100.0       370.0       2.960       0.1358336E-08   0.1358158E-08   0.2590215E-08   0.2329641E-08
  100.0       380.0       2.960       0.9600965E-10   0.9600192E-10   0.1887303E-09   0.1665540E-09
  100.0       400.0       2.960       0.3799989E-16   0.3798591E-16   0.1121925E-15   0.8551303E-16
  100.0       450.0       2.960        0.000000        0.000000        0.000000        0.000000    
  100.0       500.0       2.960        0.000000        0.000000        0.000000        0.000000    
  100.0      0.9106E-01   3.200        15768.49        14819.36       -29094.31       -26917.12    
  100.0      0.1006       3.200        14051.30        13205.51       -24359.45       -22514.02    
  100.0      0.1112       3.200        12510.15        11757.10       -20310.23       -18750.46    
  100.0      0.1229       3.200        11136.92        10466.52       -16878.17       -15562.31    
  100.0      0.1358       3.200        9914.378        9317.557       -13975.13       -12867.22    
  100.0      0.1501       3.200        8820.369        8289.392       -11514.82       -10584.74    
  100.0      0.1659       3.200        7845.032        7372.757       -9438.500       -8659.887    
  100.0      0.1834       3.200        6973.832        6553.993       -7689.789       -7040.055    
  100.0      0.2027       3.200        6199.225        5826.009       -6226.623       -5685.926    
  100.0      0.2240       3.200        5509.851        5178.129       -5004.383       -4555.878    
  100.0      0.2475       3.200        4896.439        4601.640       -3986.884       -3616.225    
  100.0      0.2736       3.200        4347.263        4085.519       -3137.299       -2832.575    
  100.0      0.3023       3.200        3860.585        3628.138       -2437.760       -2188.305    
  100.0      0.3341       3.200        3426.039        3219.750       -1860.197       -1657.177    
  100.0      0.3693       3.200        3038.691        2855.719       -1386.458       -1222.372    
  100.0      0.4081       3.200        2694.861        2532.589       -1001.790       -870.0944    
  100.0      0.4510       3.200        2388.786        2244.940       -690.7995       -586.0440    
  100.0      0.4985       3.200        2116.148        1988.718       -441.0133       -358.5985    
  100.0      0.5509       3.200        1874.233        1761.368       -243.0906       -179.0629    
  100.0      0.6088       3.200        1659.206        1559.288       -87.88684       -38.95479    
  100.0      0.6729       3.200        1467.821        1379.429        32.70001        69.26081    
  100.0      0.7436       3.200        1298.139        1219.965        123.1138        149.7069    
  100.0      0.8218       3.200        1147.313        1078.223        190.2411        208.7741    
  100.0      0.9083       3.200        1013.315        952.2962        238.0195        250.1116    
  100.0       1.004       3.200        894.3319        840.4805        270.1814        277.1775    
  100.0       1.109       3.200        789.5344        741.9963        289.7352        292.7766    
  100.0       1.226       3.200        695.8294        653.9367        299.5212        299.4942    
  100.0       1.355       3.200        613.0068        576.1045        301.5360        299.1997    
  100.0       1.497       3.200        539.8878        507.3916        297.5395        293.5169    
  100.0       1.655       3.200        474.7269        446.1577        289.0331        283.8081    
  100.0       1.829       3.200        417.2865        392.1795        277.3192        271.2918    
  100.0       2.021       3.200        366.5348        344.4874        263.2297        256.7204    
  100.0       2.234       3.200        321.4919        302.1604        247.5911        240.8460    
  100.0       2.469       3.200        281.7709        264.8350        231.0875        224.2999    
  100.0       2.729       3.200        246.6677        231.8494        214.1950        207.5110    
  100.0       3.016       3.200        215.7219        202.7708        197.3018        190.8322    
  100.0       3.333       3.200        188.4315        177.1274        180.7084        174.5320    
  100.0       3.683       3.200        164.3935        154.5407        164.6454        158.8166    
  100.0       4.071       3.200        143.1700        134.5987        149.2411        143.7947    
  100.0       4.499       3.200        124.5367        117.0908        134.6736        129.6269    
  100.0       4.972       3.200        108.1510        101.6949        120.9788        116.3398    
  100.0       5.495       3.200        93.74186        88.15641        108.1848        103.9507    
  100.0       6.073       3.200        81.09644        76.27508        96.33101        92.49161    
  100.0       6.711       3.200        70.02497        65.87262        85.41749        81.95707    
  100.0       7.417       3.200        60.31724        56.75147        75.40669        72.30667    
  100.0       8.197       3.200        51.82700        48.77414        66.28172        63.52008    
  100.0       9.059       3.200        44.41505        41.80975        58.00607        55.56095    
  100.0       10.01       3.200        37.96364        35.74759        50.54610        48.39261    
  100.0       11.06       3.200        32.35112        30.47330        43.84633        41.96012    
  100.0       12.23       3.200        27.43653        25.85443        37.80418        36.16407    
  100.0       13.51       3.200        23.22046        21.89156        32.47860        31.05900    
  100.0       14.94       3.200        19.53428        18.42617        27.70602        26.48726    
  100.0       16.51       3.200        16.37646        15.45683        23.52277        22.48261    
  100.0       18.24       3.200        13.66804        12.90938        19.85958        18.97785    
  100.0       20.16       3.200        11.33731        10.71645        16.64658        15.90547    
  100.0       22.28       3.200        9.347923        8.843928        13.85621        13.23856    
  100.0       24.63       3.200        7.649687        7.244643        11.43698        10.92743    
  100.0       27.22       3.200        6.216143        5.893835        9.365584        8.949295    
  100.0       30.08       3.200        5.008399        4.754977        7.598646        7.262461    
  100.0       33.24       3.200        3.995556        3.799036        6.100362        5.832370    
  100.0       36.74       3.200        3.150066        3.000229        4.837386        4.627008    
  100.0       40.60       3.200        2.453036        2.340811        3.787034        3.624508    
  100.0       44.87       3.200        1.880636        1.798446        2.918286        2.795133    
  100.0       49.59       3.200        1.416384        1.357722        2.209092        2.117775    
  100.0       54.81       3.200        1.045309        1.004651        1.638610        1.572502    
  100.0       60.57       3.200       0.7536514       0.7264148        1.187702        1.141126    
  100.0       66.94       3.200       0.5283321       0.5108037       0.8373656       0.8055451    
  100.0       73.98       3.200       0.3588989       0.3481226       0.5722879       0.5512680    
  100.0       81.76       3.200       0.2350110       0.2287264       0.3772303       0.3638637    
  100.0       89.36       3.200       0.1556235       0.1519262       0.2513897       0.2427563    
  100.0       90.36       3.200       0.1474167       0.1439700       0.2383304       0.2301770    
  100.0       91.20       3.200       0.1408593       0.1376102       0.2278871       0.2201155    
  100.0       92.00       3.200       0.1348868       0.1318154       0.2183675       0.2109422    
  100.0       99.86       3.200       0.8811036E-01   0.8634658E-01   0.1435328       0.1387783    
  100.0       110.4       3.200       0.4961765E-01   0.4878923E-01   0.8149290E-01   0.7886439E-01
  100.0       120.0       3.200       0.2925046E-01   0.2883967E-01   0.4838391E-01   0.4684602E-01
  100.0       130.0       3.200       0.1674843E-01   0.1655351E-01   0.2790793E-01   0.2702617E-01
  100.0       140.0       3.200       0.9490849E-02   0.9400070E-02   0.1592582E-01   0.1542069E-01
  100.0       150.0       3.200       0.5307894E-02   0.5266547E-02   0.8966393E-02   0.8678227E-02
  100.0       160.0       3.200       0.2921347E-02   0.2902996E-02   0.4967191E-02   0.4804061E-02
  100.0       170.0       3.200       0.1576071E-02   0.1568171E-02   0.2696822E-02   0.2605596E-02
  100.0       180.0       3.200       0.8299181E-03   0.8266371E-03   0.1428963E-02   0.1378829E-02
  100.0       190.0       3.200       0.4242295E-03   0.4229237E-03   0.7349756E-03   0.7080536E-03
  100.0       200.0       3.200       0.2091673E-03   0.2086733E-03   0.3645996E-03   0.3505800E-03
  100.0       210.0       3.200       0.9858179E-04   0.9840610E-04   0.1729310E-03   0.1659032E-03
  100.0       220.0       3.200       0.4394796E-04   0.4388997E-04   0.7759276E-04   0.7424268E-04
  100.0       230.0       3.200       0.1825164E-04   0.1823420E-04   0.3244248E-04   0.3094601E-04
  100.0       240.0       3.200       0.6911599E-05   0.6906937E-05   0.1237716E-04   0.1176243E-04
  100.0       250.0       3.200       0.2315359E-05   0.2314290E-05   0.4179662E-05   0.3954272E-05
  100.0       260.0       3.200       0.6534232E-06   0.6532246E-06   0.1190700E-05   0.1120151E-05
  100.0       270.0       3.200       0.1430893E-06   0.1430620E-06   0.2637860E-06   0.2463261E-06
  100.0       280.0       3.200       0.2080290E-07   0.2080058E-07   0.3895468E-07   0.3600042E-07
  100.0       290.0       3.200       0.1403462E-08   0.1403380E-08   0.2691481E-08   0.2446885E-08
  100.0       300.0       3.200       0.1358929E-10   0.1358896E-10   0.2738838E-10   0.2414469E-10
  100.0       310.0       3.200        0.000000        0.000000        0.000000        0.000000    
  100.0       320.0       3.200        0.000000        0.000000        0.000000        0.000000    
  100.0       330.0       3.200        0.000000        0.000000        0.000000        0.000000    
  100.0       340.0       3.200        0.000000        0.000000        0.000000        0.000000    
  100.0       350.0       3.200        0.000000        0.000000        0.000000        0.000000    
  100.0       360.0       3.200        0.000000        0.000000        0.000000        0.000000    
  100.0       370.0       3.200        0.000000        0.000000        0.000000        0.000000    
  100.0       380.0       3.200        0.000000        0.000000        0.000000        0.000000    
  100.0       400.0       3.200        0.000000        0.000000        0.000000        0.000000    
  100.0       450.0       3.200        0.000000        0.000000        0.000000        0.000000    
  100.0       500.0       3.200        0.000000        0.000000        0.000000        0.000000    
  100.0      0.9106E-01   3.900        2042.916        2030.913       -2584.031       -2498.726    
  100.0      0.1006       3.900        1818.347        1807.664       -2112.474       -2037.614    
  100.0      0.1112       3.900        1616.970        1607.471       -1714.018       -1648.384    
  100.0      0.1229       3.900        1437.709        1429.264       -1380.692       -1323.149    
  100.0      0.1358       3.900        1278.276        1270.767       -1103.271       -1052.815    
  100.0      0.1501       3.900        1135.744        1129.073       -871.1668       -826.9559    
  100.0      0.1659       3.900        1008.810        1002.885       -679.0773       -640.3448    
  100.0      0.1834       3.900        895.5249        890.2660       -520.3596       -486.4438    
  100.0      0.2027       3.900        794.8848        790.2172       -390.4486       -360.7473    
  100.0      0.2240       3.900        705.4019        701.2601       -284.5709       -258.5616    
  100.0      0.2475       3.900        625.8656        622.1911       -198.8453       -176.0678    
  100.0      0.2736       3.900        554.7526        551.4959       -129.5072       -109.5798    
  100.0      0.3023       3.900        491.8129        488.9261       -74.49437       -57.05330    
  100.0      0.3341       3.900        435.6817        433.1246       -31.06668       -15.81188    
  100.0      0.3693       3.900        385.7111        383.4475        2.714674        16.05107    
  100.0      0.4081       3.900        341.4135        339.4103        28.58973        40.24923    
  100.0      0.4510       3.900        302.0284        300.2564        47.58121        57.77184    
  100.0      0.4985       3.900        266.9828        265.4167        61.40833        70.30940    
  100.0      0.5509       3.900        235.9264        234.5428        70.87799        78.65160    
  100.0      0.6088       3.900        208.3669        207.1452        76.87282        83.65895    
  100.0      0.6729       3.900        183.8781        182.8001        80.10276        86.02300    
  100.0      0.7436       3.900        162.2027        161.2521        81.14598        86.31001    
  100.0      0.8218       3.900        142.9694        142.1318        80.49923        85.00094    
  100.0      0.9083       3.900        125.9104        125.1730        78.57975        82.50009    
  100.0       1.004       3.900        110.7863        110.1377        75.67476        79.08845    
  100.0       1.109       3.900        97.48740        96.91690        72.13050        75.10278    
  100.0       1.226       3.900        85.61918        85.11839        68.09931        70.68203    
  100.0       1.355       3.900        75.15199        74.71267        63.78803        66.03148    
  100.0       1.497       3.900        65.93410        65.54893        59.34115        61.28934    
  100.0       1.655       3.900        57.73386        57.39685        54.83550        56.52369    
  100.0       1.829       3.900        50.52058        50.22594        50.40556        51.86737    
  100.0       2.021       3.900        44.16189        43.90461        46.08583        47.35009    
  100.0       2.234       3.900        38.53310        38.30889        41.91678        43.00818    
  100.0       2.469       3.900        33.58258        33.38745        37.95563        38.89638    
  100.0       2.729       3.900        29.21916        29.04966        34.21572        35.02476    
  100.0       3.016       3.900        25.38521        25.23823        30.71456        31.40902    
  100.0       3.333       3.900        22.01617        21.88899        27.45614        28.05088    
  100.0       3.683       3.900        19.05767        18.94786        24.44395        24.95184    
  100.0       4.071       3.900        16.45438        16.35986        21.66546        22.09752    
  100.0       4.499       3.900        14.17760        14.09643        19.12591        19.49230    
  100.0       4.972       3.900        12.18434        12.11487        16.81186        17.12131    
  100.0       5.495       3.900        10.43955        10.38029        14.71125        14.97130    
  100.0       6.073       3.900        8.916302        8.865964        12.81419        13.03158    
  100.0       6.711       3.900        7.590821        7.548226        11.11009        11.29080    
  100.0       7.417       3.900        6.436775        6.400910        9.582740        9.731880    
  100.0       8.197       3.900        5.434766        5.404727        8.221110        8.343235    
  100.0       9.059       3.900        4.567801        4.542785        7.013040        7.112156    
  100.0       10.01       3.900        3.820572        3.799868        5.947266        6.026973    
  100.0       11.06       3.900        3.177836        3.160821        5.010869        5.074240    
  100.0       12.23       3.900        2.622392        2.608545        4.185353        4.234980    
  100.0       13.51       3.900        2.152974        2.141783        3.474494        3.512885    
  100.0       14.94       3.900        1.749703        1.740773        2.853225        2.882339    
  100.0       16.51       3.900        1.411587        1.404533        2.323770        2.345448    
  100.0       18.24       3.900        1.128333        1.122830        1.873467        1.889249    
  100.0       20.16       3.900       0.8909005       0.8866786        1.490861        1.502013    
  100.0       22.28       3.900       0.6945610       0.6913782        1.170480        1.178090    
  100.0       24.63       3.900       0.5330925       0.5307453       0.9001621       0.9054596    
  100.0       27.22       3.900       0.4024812       0.4007912       0.6863091       0.6893493    
  100.0       30.08       3.900       0.2978653       0.2966837       0.5104374       0.5121367    
  100.0       33.24       3.900       0.2151864       0.2143888       0.3703845       0.3711895    
  100.0       36.74       3.900       0.1509563       0.1504412       0.2608905       0.2611373    
  100.0       40.60       3.900       0.1023299       0.1020137       0.1775462       0.1774818    
  100.0       44.87       3.900       0.6643902E-01   0.6625707E-01   0.1157574       0.1155507    
  100.0       49.59       3.900       0.4090648E-01   0.4080969E-01   0.7160982E-01   0.7137005E-01
  100.0       54.81       3.900       0.2356772E-01   0.2352106E-01   0.4147867E-01   0.4126810E-01
  100.0       60.57       3.900       0.1249671E-01   0.1247681E-01   0.2213789E-01   0.2198183E-01
  100.0       66.94       3.900       0.5940764E-02   0.5933526E-02   0.1060854E-01   0.1050972E-01
  100.0       73.98       3.900       0.2441735E-02   0.2439606E-02   0.4403289E-02   0.4350664E-02
  100.0       81.76       3.900       0.8183129E-03   0.8178463E-03   0.1493695E-02   0.1471115E-02
  100.0       89.36       3.900       0.2406445E-03   0.2405600E-03   0.4451510E-03   0.4368858E-03
  100.0       90.36       3.900       0.2018204E-03   0.2017543E-03   0.3740424E-03   0.3669129E-03
  100.0       91.20       3.900       0.1735418E-03   0.1734883E-03   0.3221398E-03   0.3158588E-03
  100.0       92.00       3.900       0.1498877E-03   0.1498441E-03   0.2786671E-03   0.2731198E-03
  100.0       99.86       3.900       0.2972031E-04   0.2971577E-04   0.5618510E-04   0.5481336E-04
  100.0       110.4       3.900       0.1471668E-05   0.1471598E-05   0.2863224E-05   0.2768797E-05
  100.0       120.0       3.900       0.9407111E-08   0.9407040E-08   0.1912413E-07   0.1817870E-07
  100.0       130.0       3.900        0.000000        0.000000        0.000000        0.000000    
  100.0       140.0       3.900        0.000000        0.000000        0.000000        0.000000    
  100.0       150.0       3.900        0.000000        0.000000        0.000000        0.000000    
  100.0       160.0       3.900        0.000000        0.000000        0.000000        0.000000    
  100.0       170.0       3.900        0.000000        0.000000        0.000000        0.000000    
  100.0       180.0       3.900        0.000000        0.000000        0.000000        0.000000    
  100.0       190.0       3.900        0.000000        0.000000        0.000000        0.000000    
  100.0       200.0       3.900        0.000000        0.000000        0.000000        0.000000    
  100.0       210.0       3.900        0.000000        0.000000        0.000000        0.000000    
  100.0       220.0       3.900        0.000000        0.000000        0.000000        0.000000    
  100.0       230.0       3.900        0.000000        0.000000        0.000000        0.000000    
  100.0       240.0       3.900        0.000000        0.000000        0.000000        0.000000    
  100.0       250.0       3.900        0.000000        0.000000        0.000000        0.000000    
  100.0       260.0       3.900        0.000000        0.000000        0.000000        0.000000    
  100.0       270.0       3.900        0.000000        0.000000        0.000000        0.000000    
  100.0       280.0       3.900        0.000000        0.000000        0.000000        0.000000    
  100.0       290.0       3.900        0.000000        0.000000        0.000000        0.000000    
  100.0       300.0       3.900        0.000000        0.000000        0.000000        0.000000    
  100.0       310.0       3.900        0.000000        0.000000        0.000000        0.000000    
  100.0       320.0       3.900        0.000000        0.000000        0.000000        0.000000    
  100.0       330.0       3.900        0.000000        0.000000        0.000000        0.000000    
  100.0       340.0       3.900        0.000000        0.000000        0.000000        0.000000    
  100.0       350.0       3.900        0.000000        0.000000        0.000000        0.000000    
  100.0       360.0       3.900        0.000000        0.000000        0.000000        0.000000    
  100.0       370.0       3.900        0.000000        0.000000        0.000000        0.000000    
  100.0       380.0       3.900        0.000000        0.000000        0.000000        0.000000    
  100.0       400.0       3.900        0.000000        0.000000        0.000000        0.000000    
  100.0       450.0       3.900        0.000000        0.000000        0.000000        0.000000    
  100.0       500.0       3.900        0.000000        0.000000        0.000000        0.000000    
  120.0      0.9106E-01  -3.900        269.7888       -269.3590       -274.0926        264.3892    
  120.0      0.1006      -3.900        240.0762       -239.6938       -220.1979        211.5906    
  120.0      0.1112      -3.900        213.4342       -213.0942       -174.9795        167.3512    
  120.0      0.1229      -3.900        189.7192       -189.4170       -137.4519        130.6923    
  120.0      0.1358      -3.900        168.6299       -168.3613       -106.4465        100.4549    
  120.0      0.1501      -3.900        149.7818       -149.5433       -80.80406        75.49778    
  120.0      0.1659      -3.900        133.0008       -132.7890       -59.82190        55.12201    
  120.0      0.1834      -3.900        118.0305       -117.8426       -42.70650        38.54617    
  120.0      0.2027      -3.900        104.7344       -104.5677       -28.90103        25.21819    
  120.0      0.2240      -3.900        92.91576       -92.76785       -17.85048        14.59060    
  120.0      0.2475      -3.900        82.41254       -82.28137       -9.080462        6.195537    
  120.0      0.2736      -3.900        73.02168       -72.90547       -2.176429      -0.3745183    
  120.0      0.3023      -3.900        64.71133       -64.60835        3.122834       -5.379271    
  120.0      0.3341      -3.900        57.30174       -57.21057        7.140154       -9.134818    
  120.0      0.3693      -3.900        50.70754       -50.62686        10.09891       -11.86076    
  120.0      0.4081      -3.900        44.86494       -44.79357        12.19192       -13.74873    
  120.0      0.4510      -3.900        39.67211       -39.60901        13.58768       -14.96240    
  120.0      0.4985      -3.900        35.05347       -34.99773        14.42282       -15.63601    
  120.0      0.5509      -3.900        30.96150       -30.91228        14.80866       -15.87905    
  120.0      0.6088      -3.900        27.33062       -27.28717        14.84723       -15.79125    
  120.0      0.6729      -3.900        24.10448       -24.06617        14.62207       -15.45386    
  120.0      0.7436      -3.900        21.24992       -21.21616        14.19576       -14.92844    
  120.0      0.8218      -3.900        18.71825       -18.68852        13.61845       -14.26345    
  120.0      0.9083      -3.900        16.47405       -16.44789        12.93420       -13.50156    
  120.0       1.004      -3.900        14.48554       -14.46255        12.18164       -12.68034    
  120.0       1.109      -3.900        12.73781       -12.71760        11.39656       -11.83483    
  120.0       1.226      -3.900        11.17858       -11.16086        10.58663       -10.97105    
  120.0       1.355      -3.900        9.803521       -9.787988        9.777435       -10.11446    
  120.0       1.497      -3.900        8.592917       -8.579313        8.985465       -9.280762    
  120.0       1.655      -3.900        7.516636       -7.504746        8.212594       -8.470763    
  120.0       1.829      -3.900        6.570608       -6.560224        7.474719       -7.700215    
  120.0       2.021      -3.900        5.737426       -5.728369        6.773968       -6.970696    
  120.0       2.234      -3.900        5.000255       -4.992372        6.111114       -6.282379    
  120.0       2.469      -3.900        4.352177       -4.345327        5.492158       -5.641027    
  120.0       2.729      -3.900        3.781108       -3.775167        4.915562       -5.044670    
  120.0       3.016      -3.900        3.279608       -3.274466        4.383009       -4.494737    
  120.0       3.333      -3.900        2.839306       -2.834865        3.893206       -3.989661    
  120.0       3.683      -3.900        2.453263       -2.449437        3.445099       -3.528135    
  120.0       4.071      -3.900        2.113711       -2.110425        3.035289       -3.106505    
  120.0       4.499      -3.900        1.816929       -1.814114        2.663918       -2.724792    
  120.0       4.972      -3.900        1.557409       -1.555007        2.328039       -2.379863    
  120.0       5.495      -3.900        1.330601       -1.328559        2.025312       -2.069224    
  120.0       6.073      -3.900        1.132878       -1.131150        1.753766       -1.790785    
  120.0       6.711      -3.900       0.9610738      -0.9596170        1.511465       -1.542502    
  120.0       7.417      -3.900       0.8117086      -0.8104875        1.295556       -1.321398    
  120.0       8.197      -3.900       0.6823800      -0.6813623        1.104361       -1.125726    
  120.0       9.059      -3.900       0.5706808      -0.5698380       0.9355731      -0.9530901    
  120.0       10.01      -3.900       0.4746096      -0.4739164       0.7875479      -0.8017878    
  120.0       11.06      -3.900       0.3922254      -0.3916599       0.6582825      -0.6697426    
  120.0       12.23      -3.900       0.3213545      -0.3208980       0.5450760      -0.5541752    
  120.0       13.51      -3.900       0.2617401      -0.2613744       0.4483522      -0.4555021    
  120.0       14.94      -3.900       0.2107862      -0.2104974       0.3644091      -0.3699306    
  120.0       16.51      -3.900       0.1682928      -0.1680674       0.2933853      -0.2975891    
  120.0       18.24      -3.900       0.1329296      -0.1327561       0.2335208      -0.2366634    
  120.0       20.16      -3.900       0.1035388      -0.1034078       0.1831600      -0.1854555    
  120.0       22.28      -3.900       0.7947050E-01  -0.7937350E-01   0.1414643      -0.1431001    
  120.0       24.63      -3.900       0.5992201E-01  -0.5985200E-01   0.1072430      -0.1083730    
  120.0       27.22      -3.900       0.4429973E-01  -0.4425060E-01   0.7966204E-01  -0.8041609E-01
  120.0       30.08      -3.900       0.3197954E-01  -0.3194625E-01   0.5774548E-01  -0.5822623E-01
  120.0       33.24      -3.900       0.2242910E-01  -0.2240746E-01   0.4064942E-01  -0.4093825E-01
  120.0       36.74      -3.900       0.1517105E-01  -0.1515772E-01   0.2758835E-01  -0.2774799E-01
  120.0       40.60      -3.900       0.9830866E-02  -0.9823163E-02   0.1793742E-01  -0.1801537E-01
  120.0       44.87      -3.900       0.6026318E-02  -0.6022213E-02   0.1103640E-01  -0.1106672E-01
  120.0       49.59      -3.900       0.3443475E-02  -0.3441502E-02   0.6333410E-02  -0.6339434E-02
  120.0       54.81      -3.900       0.1794656E-02  -0.1793826E-02   0.3319206E-02  -0.3315555E-02
  120.0       60.57      -3.900       0.8284840E-03  -0.8281913E-03   0.1543134E-02  -0.1537780E-02
  120.0       66.94      -3.900       0.3224739E-03  -0.3223930E-03   0.6063370E-03  -0.6025274E-03
  120.0       73.98      -3.900       0.9772873E-04  -0.9771304E-04   0.1860726E-03  -0.1842672E-03
  120.0       81.76      -3.900       0.1980002E-04  -0.1979829E-04   0.3835377E-04  -0.3781188E-04
  120.0       89.36      -3.900       0.2590213E-05  -0.2590109E-05   0.5128338E-05  -0.5027716E-05
  120.0       90.36      -3.900       0.1877907E-05  -0.1877840E-05   0.3730550E-05  -0.3654145E-05
  120.0       91.20      -3.900       0.1414323E-05  -0.1414277E-05   0.2818637E-05  -0.2758767E-05
  120.0       92.00      -3.900       0.1065917E-05  -0.1065886E-05   0.2130083E-05  -0.2083167E-05
  120.0       99.86      -3.900       0.2378042E-07  -0.2378025E-07   0.4942218E-07  -0.4780145E-07
  120.0       110.4      -3.900        0.000000        0.000000        0.000000        0.000000    
  120.0       120.0      -3.900        0.000000        0.000000        0.000000        0.000000    
  120.0       130.0      -3.900        0.000000        0.000000        0.000000        0.000000    
  120.0       140.0      -3.900        0.000000        0.000000        0.000000        0.000000    
  120.0       150.0      -3.900        0.000000        0.000000        0.000000        0.000000    
  120.0       160.0      -3.900        0.000000        0.000000        0.000000        0.000000    
  120.0       170.0      -3.900        0.000000        0.000000        0.000000        0.000000    
  120.0       180.0      -3.900        0.000000        0.000000        0.000000        0.000000    
  120.0       190.0      -3.900        0.000000        0.000000        0.000000        0.000000    
  120.0       200.0      -3.900        0.000000        0.000000        0.000000        0.000000    
  120.0       210.0      -3.900        0.000000        0.000000        0.000000        0.000000    
  120.0       220.0      -3.900        0.000000        0.000000        0.000000        0.000000    
  120.0       230.0      -3.900        0.000000        0.000000        0.000000        0.000000    
  120.0       240.0      -3.900        0.000000        0.000000        0.000000        0.000000    
  120.0       250.0      -3.900        0.000000        0.000000        0.000000        0.000000    
  120.0       260.0      -3.900        0.000000        0.000000        0.000000        0.000000    
  120.0       270.0      -3.900        0.000000        0.000000        0.000000        0.000000    
  120.0       280.0      -3.900        0.000000        0.000000        0.000000        0.000000    
  120.0       290.0      -3.900        0.000000        0.000000        0.000000        0.000000    
  120.0       300.0      -3.900        0.000000        0.000000        0.000000        0.000000    
  120.0       310.0      -3.900        0.000000        0.000000        0.000000        0.000000    
  120.0       320.0      -3.900        0.000000        0.000000        0.000000        0.000000    
  120.0       330.0      -3.900        0.000000        0.000000        0.000000        0.000000    
  120.0       340.0      -3.900        0.000000        0.000000        0.000000        0.000000    
  120.0       350.0      -3.900        0.000000        0.000000        0.000000        0.000000    
  120.0       360.0      -3.900        0.000000        0.000000        0.000000        0.000000    
  120.0       370.0      -3.900        0.000000        0.000000        0.000000        0.000000    
  120.0       380.0      -3.900        0.000000        0.000000        0.000000        0.000000    
  120.0       400.0      -3.900        0.000000        0.000000        0.000000        0.000000    
  120.0       450.0      -3.900        0.000000        0.000000        0.000000        0.000000    
  120.0       500.0      -3.900        0.000000        0.000000        0.000000        0.000000    
  120.0      0.9106E-01  -3.200        7343.744       -7053.114       -13180.24        12463.67    
  120.0      0.1006      -3.200        6545.374       -6286.341       -11028.75        10418.55    
  120.0      0.1112      -3.200        5828.215       -5597.566       -9189.162        8670.843    
  120.0      0.1229      -3.200        5189.111       -4983.757       -7630.113        7190.474    
  120.0      0.1358      -3.200        4620.139       -4437.303       -6312.603        5940.245    
  120.0      0.1501      -3.200        4111.003       -3948.318       -5194.383        4879.821    
  120.0      0.1659      -3.200        3657.097       -3512.375       -4254.348        3989.053    
  120.0      0.1834      -3.200        3251.593       -3122.920       -3461.415        3238.273    
  120.0      0.2027      -3.200        2890.945       -2776.545       -2798.061        2610.773    
  120.0      0.2240      -3.200        2569.885       -2468.191       -2243.985        2087.129    
  120.0      0.2475      -3.200        2284.127       -2193.743       -1782.749        1651.729    
  120.0      0.2736      -3.200        2028.297       -1948.038       -1397.764        1288.771    
  120.0      0.3023      -3.200        1801.594       -1730.306       -1081.490        991.0333    
  120.0      0.3341      -3.200        1599.160       -1535.885       -820.6503        745.8892    
  120.0      0.3693      -3.200        1418.690       -1362.557       -606.9947        545.4765    
  120.0      0.4081      -3.200        1258.482       -1208.689       -433.6494        383.2482    
  120.0      0.4510      -3.200        1115.837       -1071.689       -293.6591        252.5740    
  120.0      0.4985      -3.200        988.7182       -949.6013       -181.4054        148.1330    
  120.0      0.5509      -3.200        875.8833       -841.2319       -92.67468        65.90448    
  120.0      0.6088      -3.200        775.5734       -744.8918       -23.30755        1.942749    
  120.0      0.6729      -3.200        686.2816       -659.1338        30.12543       -47.01385    
  120.0      0.7436      -3.200        607.1271       -583.1119        70.32019       -83.52126    
  120.0      0.8218      -3.200        536.7690       -515.5384        99.81080       -109.9782    
  120.0      0.9083      -3.200        474.2488       -455.4925        120.5510       -128.2461    
  120.0       1.004      -3.200        418.7139       -402.1556        134.2563       -139.9401    
  120.0       1.109      -3.200        369.7757       -355.1544        142.2603       -146.3333    
  120.0       1.226      -3.200        326.0026       -313.1139        145.9092       -148.6807    
  120.0       1.355      -3.200        287.3088       -275.9517        146.0628       -147.8055    
  120.0       1.497      -3.200        253.1527       -243.1477        143.5642       -144.5032    
  120.0       1.655      -3.200        222.6991       -213.8996        139.0240       -139.3387    
  120.0       1.829      -3.200        195.8378       -188.1018        133.0492       -132.8916    
  120.0       2.021      -3.200        172.1026       -165.3063        126.0753       -125.5677    
  120.0       2.234      -3.200        151.0345       -145.0725        118.4305       -117.6701    
  120.0       2.469      -3.200        132.4511       -127.2251        110.4397       -109.5053    
  120.0       2.729      -3.200        116.0170       -111.4419        102.2933       -101.2489    
  120.0       3.016      -3.200        101.5267       -97.52557        94.18543       -93.08069    
  120.0       3.333      -3.200        88.74778       -85.25299        86.24456       -85.11826    
  120.0       3.683      -3.200        77.49018       -74.44146        78.58255       -77.46355    
  120.0       4.071      -3.200        67.53959       -64.88521        71.23785       -70.14844    
  120.0       4.499      -3.200        58.79294       -56.48521        64.29666       -63.25264    
  120.0       4.972      -3.200        51.09673       -49.09405        57.77587       -56.78855    
  120.0       5.495      -3.200        44.33180       -42.59727        51.69888       -50.77512    
  120.0       6.073      -3.200        38.39391       -36.89474        46.06349       -45.20782    
  120.0       6.711      -3.200        33.19082       -31.89789        40.88144       -40.09527    
  120.0       7.417      -3.200        28.62238       -27.51051        36.12294       -35.40646    
  120.0       8.197      -3.200        24.62465       -23.67120        31.78461       -31.13640    
  120.0       9.059      -3.200        21.13156       -20.31648        27.84900       -27.26647    
  120.0       10.01      -3.200        18.08771       -17.39311        24.29906       -23.77882    
  120.0       11.06      -3.200        15.43539       -14.84563        21.10616       -20.64448    
  120.0       12.23      -3.200        13.11087       -12.61289        18.22477       -17.81803    
  120.0       13.51      -3.200        11.11420       -10.69489        15.68244       -15.32585    
  120.0       14.94      -3.200        9.366910       -9.016300        13.40203       -13.09193    
  120.0       16.51      -3.200        7.868134       -7.576269        11.40063       -11.13252    
  120.0       18.24      -3.200        6.580224       -6.338640        9.644767       -9.414495    
  120.0       20.16      -3.200        5.468902       -5.270498        8.100960       -7.904808    
  120.0       22.28      -3.200        4.518843       -4.357140        6.757789       -6.592116    
  120.0       24.63      -3.200        3.707306       -3.576743        5.592139       -5.453370    
  120.0       27.22      -3.200        3.021241       -2.916774        4.592440       -4.477301    
  120.0       30.08      -3.200        2.441992       -2.359326        3.737437       -3.642935    
  120.0       33.24      -3.200        1.955493       -1.890913        3.011079       -2.934412    
  120.0       36.74      -3.200        1.548671       -1.498995        2.397650       -2.336258    
  120.0       40.60      -3.200        1.212376       -1.174783        1.886035       -1.837677    
  120.0       44.87      -3.200       0.9355531      -0.9076797        1.461679       -1.424207    
  120.0       49.59      -3.200       0.7104120      -0.6902243        1.114317       -1.085856    
  120.0       54.81      -3.200       0.5292827      -0.5150523       0.8334074      -0.8122239    
  120.0       60.57      -3.200       0.3857469      -0.3760364       0.6096857      -0.5943215    
  120.0       66.94      -3.200       0.2739546      -0.2675694       0.4347124      -0.4238671    
  120.0       73.98      -3.200       0.1887871      -0.1847707       0.3008447      -0.2934271    
  120.0       81.76      -3.200       0.1255092      -0.1231086       0.2009520      -0.1960515    
  120.0       89.36      -3.200       0.8431587E-01  -0.8287250E-01   0.1356298      -0.1323506    
  120.0       90.36      -3.200       0.8001702E-01  -0.7866761E-01   0.1287946      -0.1256835    
  120.0       91.20      -3.200       0.7657526E-01  -0.7530013E-01   0.1233193      -0.1203424    
  120.0       92.00      -3.200       0.7343445E-01  -0.7222630E-01   0.1183191      -0.1154647    
  120.0       99.86      -3.200       0.4860440E-01  -0.4789678E-01   0.7869948E-01  -0.7680794E-01
  120.0       110.4      -3.200       0.2778661E-01  -0.2744634E-01   0.4529338E-01  -0.4420180E-01
  120.0       120.0      -3.200       0.1656776E-01  -0.1639604E-01   0.2717097E-01  -0.2650937E-01
  120.0       130.0      -3.200       0.9569373E-02  -0.9486779E-02   0.1579361E-01  -0.1540177E-01
  120.0       140.0      -3.200       0.5451522E-02  -0.5412727E-02   0.9054683E-02  -0.8823910E-02
  120.0       150.0      -3.200       0.3054920E-02  -0.3037181E-02   0.5106054E-02  -0.4971416E-02
  120.0       160.0      -3.200       0.1678093E-02  -0.1670229E-02   0.2822463E-02  -0.2744913E-02
  120.0       170.0      -3.200       0.9000036E-03  -0.8966409E-03   0.1523280E-02  -0.1479403E-02
  120.0       180.0      -3.200       0.4688162E-03  -0.4674378E-03   0.7985044E-03  -0.7742549E-03
  120.0       190.0      -3.200       0.2358446E-03  -0.2353069E-03   0.4042670E-03  -0.3912580E-03
  120.0       200.0      -3.200       0.1136319E-03  -0.1134343E-03   0.1960497E-03  -0.1893302E-03
  120.0       210.0      -3.200       0.5193770E-04  -0.5187009E-04   0.9021286E-04  -0.8690578E-04
  120.0       220.0      -3.200       0.2219657E-04  -0.2217541E-04   0.3883438E-04  -0.3730174E-04
  120.0       230.0      -3.200       0.8710969E-05  -0.8705031E-05   0.1535605E-04  -0.1469941E-04
  120.0       240.0      -3.200       0.3052482E-05  -0.3051039E-05   0.5426468E-05  -0.5173549E-05
  120.0       250.0      -3.200       0.9151874E-06  -0.9148981E-06   0.1642687E-05  -0.1558328E-05
  120.0       260.0      -3.200       0.2190680E-06  -0.2190238E-06   0.3978170E-06  -0.3749577E-06
  120.0       270.0      -3.200       0.3683853E-07  -0.3683406E-07   0.6790008E-07  -0.6343462E-07
  120.0       280.0      -3.200       0.3306293E-08  -0.3306074E-08   0.6230988E-08  -0.5744426E-08
  120.0       290.0      -3.200       0.7147430E-10  -0.7147220E-10   0.1402240E-09  -0.1262135E-09
  120.0       300.0      -3.200       0.4176537E-13  -0.4176291E-13   0.8916845E-13  -0.7685756E-13
  120.0       310.0      -3.200        0.000000        0.000000        0.000000        0.000000    
  120.0       320.0      -3.200        0.000000        0.000000        0.000000        0.000000    
  120.0       330.0      -3.200        0.000000        0.000000        0.000000        0.000000    
  120.0       340.0      -3.200        0.000000        0.000000        0.000000        0.000000    
  120.0       350.0      -3.200        0.000000        0.000000        0.000000        0.000000    
  120.0       360.0      -3.200        0.000000        0.000000        0.000000        0.000000    
  120.0       370.0      -3.200        0.000000        0.000000        0.000000        0.000000    
  120.0       380.0      -3.200        0.000000        0.000000        0.000000        0.000000    
  120.0       400.0      -3.200        0.000000        0.000000        0.000000        0.000000    
  120.0       450.0      -3.200        0.000000        0.000000        0.000000        0.000000    
  120.0       500.0      -3.200        0.000000        0.000000        0.000000        0.000000    
  120.0      0.9106E-01  -2.960        10179.80       -9487.879       -19660.01        18077.52    
  120.0      0.1006      -2.960        9074.657       -8457.846       -16513.07        15171.39    
  120.0      0.1112      -2.960        8082.134       -7532.782       -13817.77        12683.39    
  120.0      0.1229      -2.960        7197.668       -6708.430       -11529.00        10571.59    
  120.0      0.1358      -2.960        6410.176       -5974.461       -9588.177        8781.884    
  120.0      0.1501      -2.960        5705.411       -5317.596       -7937.227        7260.282    
  120.0      0.1659      -2.960        5077.186       -4732.069       -6541.529        5974.709    
  120.0      0.1834      -2.960        4515.514       -4208.573       -5362.722        4889.642    
  120.0      0.2027      -2.960        4015.915       -3742.931       -4373.546        3979.803    
  120.0      0.2240      -2.960        3571.125       -3328.373       -3543.770        3217.190    
  120.0      0.2475      -2.960        3175.190       -2959.350       -2851.737        2581.761    
  120.0      0.2736      -2.960        2820.585       -2628.848       -2270.576        2048.692    
  120.0      0.3023      -2.960        2506.187       -2335.821       -1789.780        1608.156    
  120.0      0.3341      -2.960        2225.343       -2074.067       -1390.481        1242.778    
  120.0      0.3693      -2.960        1974.937       -1840.682       -1061.533        942.2274    
  120.0      0.4081      -2.960        1752.620       -1633.478       -792.7808        697.0985    
  120.0      0.4510      -2.960        1554.634       -1448.951       -573.7224        497.6969    
  120.0      0.4985      -2.960        1378.159       -1284.473       -396.2451        336.5265    
  120.0      0.5509      -2.960        1221.462       -1138.428       -254.0199        207.7412    
  120.0      0.6088      -2.960        1082.112       -1008.553       -141.0355        105.7746    
  120.0      0.6729      -2.960        958.0084       -892.8863       -52.12858        25.88638    
  120.0      0.7436      -2.960        847.9401       -790.3013        16.51630       -35.45427    
  120.0      0.8218      -2.960        750.0533       -699.0697        68.60494       -81.65931    
  120.0      0.9083      -2.960        663.0660       -617.9967        107.1814       -115.5324    
  120.0       1.004      -2.960        585.7818       -545.9673        134.7288       -139.3613    
  120.0       1.109      -2.960        517.6613       -482.4787        153.2210       -154.9702    
  120.0       1.226      -2.960        456.7060       -425.6684        164.6960       -164.2138    
  120.0       1.355      -2.960        402.7805       -375.4101        170.4752       -168.3164    
  120.0       1.497      -2.960        355.1543       -331.0230        171.8375       -168.4527    
  120.0       1.655      -2.960        312.6703       -291.4285        169.7571       -165.5075    
  120.0       1.829      -2.960        275.1934       -256.5008        165.0870       -160.2668    
  120.0       2.021      -2.960        242.0632       -225.6245        158.5290       -153.3706    
  120.0       2.234      -2.960        212.6396       -198.2028        150.6043       -145.2895    
  120.0       2.469      -2.960        186.6663       -173.9969        141.8118       -136.4819    
  120.0       2.729      -2.960        163.6831       -152.5778        132.4782       -127.2419    
  120.0       3.016      -2.960        143.4111       -133.6857        122.9227       -117.8600    
  120.0       3.333      -2.960        125.5191       -117.0119        113.3489       -108.5181    
  120.0       3.683      -2.960        109.7475       -102.3141        103.9408       -99.38009    
  120.0       4.071      -2.960        95.79641       -89.31320        94.78792       -90.52415    
  120.0       4.499      -2.960        83.52869       -77.88113        86.02814       -82.07485    
  120.0       4.972      -2.960        72.72634       -67.81474        77.71608       -74.07741    
  120.0       5.495      -2.960        63.22018       -58.95635        69.89445       -66.56782    
  120.0       6.073      -2.960        54.86452       -51.17013        62.59182       -59.56907    
  120.0       6.711      -2.960        47.53634       -44.34142        55.82226       -53.09154    
  120.0       7.417      -2.960        41.10061       -38.34437        49.57076       -47.11785    
  120.0       8.197      -2.960        35.46359       -33.09157        43.83761       -41.64629    
  120.0       9.059      -2.960        30.52832       -28.49264        38.60402       -36.65682    
  120.0       10.01      -2.960        26.21916       -24.47705        33.85662       -32.13516    
  120.0       11.06      -2.960        22.46127       -20.97504        29.56852       -28.05457    
  120.0       12.23      -2.960        19.16199       -17.90023        25.67951       -24.35656    
  120.0       13.51      -2.960        16.32189       -15.25312        22.23132       -21.07998    
  120.0       14.94      -2.960        13.82899       -12.92935        19.12142       -18.12679    
  120.0       16.51      -2.960        11.68559       -10.93106        16.37944       -15.52450    
  120.0       18.24      -2.960        9.838771       -9.208949        13.96267       -13.23204    
  120.0       20.16      -2.960        8.239600       -7.717387        11.82620       -11.20647    
  120.0       22.28      -2.960        6.865925       -6.435748        9.955652       -9.433780    
  120.0       24.63      -2.960        5.686775       -5.335184        8.322211       -7.886371    
  120.0       27.22      -2.960        4.684264       -4.399053        6.911581       -6.550468    
  120.0       30.08      -2.960        3.832756       -3.603493        5.696776       -5.400341    
  120.0       33.24      -2.960        3.112109       -2.929736        4.655837       -4.415001    
  120.0       36.74      -2.960        2.503657       -2.360401        3.767378       -3.574060    
  120.0       40.60      -2.960        1.995365       -1.884333        3.018161       -2.864949    
  120.0       44.87      -2.960        1.572204       -1.487515        2.389164       -2.269513    
  120.0       49.59      -2.960        1.222669       -1.159269        1.866134       -1.774229    
  120.0       54.81      -2.960       0.9364332      -0.8899947        1.435196       -1.365959    
  120.0       60.57      -2.960       0.7050240      -0.6718336        1.084975       -1.033888    
  120.0       66.94      -2.960       0.5201610      -0.4971197       0.8038711      -0.7670730    
  120.0       73.98      -2.960       0.3748422      -0.3593745       0.5818914      -0.5560996    
  120.0       81.76      -2.960       0.2629128      -0.2529234       0.4101212      -0.3925836    
  120.0       89.36      -2.960       0.1868964      -0.1803695       0.2929155      -0.2808124    
  120.0       90.36      -2.960       0.1787376      -0.1725665       0.2803014      -0.2687710    
  120.0       91.20      -2.960       0.1721668      -0.1662794       0.2701364      -0.2590654    
  120.0       92.00      -2.960       0.1661392      -0.1605098       0.2608081      -0.2501561    
  120.0       99.86      -2.960       0.1172611      -0.1136362       0.1849689      -0.1776632    
  120.0       110.4      -2.960       0.7370244E-01  -0.7169861E-01   0.1170046      -0.1125694    
  120.0       120.0      -2.960       0.4833394E-01  -0.4717037E-01   0.7716854E-01  -0.7433673E-01
  120.0       130.0      -2.960       0.3113324E-01  -0.3047593E-01   0.5000088E-01  -0.4821714E-01
  120.0       140.0      -2.960       0.2002781E-01  -0.1965844E-01   0.3234920E-01  -0.3122033E-01
  120.0       150.0      -2.960       0.1284465E-01  -0.1263880E-01   0.2086151E-01  -0.2014480E-01
  120.0       160.0      -2.960       0.8203310E-02  -0.8089518E-02   0.1339579E-01  -0.1293940E-01
  120.0       170.0      -2.960       0.5211892E-02  -0.5149594E-02   0.8555737E-02  -0.8264878E-02
  120.0       180.0      -2.960       0.3290617E-02  -0.3256887E-02   0.5429256E-02  -0.5243909E-02
  120.0       190.0      -2.960       0.2060469E-02  -0.2042445E-02   0.3416638E-02  -0.3298763E-02
  120.0       200.0      -2.960       0.1277692E-02  -0.1268204E-02   0.2129201E-02  -0.2054541E-02
  120.0       210.0      -2.960       0.7834835E-03  -0.7785727E-03   0.1312004E-02  -0.1265001E-02
  120.0       220.0      -2.960       0.4740397E-03  -0.4715467E-03   0.7975474E-03  -0.7682063E-03
  120.0       230.0      -2.960       0.2822619E-03  -0.2810243E-03   0.4772287E-03  -0.4591175E-03
  120.0       240.0      -2.960       0.1650665E-03  -0.1644673E-03   0.2803865E-03  -0.2693651E-03
  120.0       250.0      -2.960       0.9439680E-04  -0.9411528E-04   0.1611548E-03  -0.1545657E-03
  120.0       260.0      -2.960       0.5265540E-04  -0.5252741E-04   0.9033225E-04  -0.8647772E-04
  120.0       270.0      -2.960       0.2847761E-04  -0.2842170E-04   0.4910729E-04  -0.4691156E-04
  120.0       280.0      -2.960       0.1485710E-04  -0.1483379E-04   0.2575551E-04  -0.2454442E-04
  120.0       290.0      -2.960       0.7418088E-05  -0.7408885E-05   0.1293195E-04  -0.1228989E-04
  120.0       300.0      -2.960       0.3511143E-05  -0.3507740E-05   0.6158324E-05  -0.5834160E-05
  120.0       310.0      -2.960       0.1554667E-05  -0.1553506E-05   0.2744738E-05  -0.2590884E-05
  120.0       320.0      -2.960       0.6326321E-06  -0.6322734E-06   0.1125222E-05  -0.1057595E-05
  120.0       330.0      -2.960       0.2304996E-06  -0.2304022E-06   0.4134953E-06  -0.3866641E-06
  120.0       340.0      -2.960       0.7236639E-07  -0.7234409E-07   0.1311361E-06  -0.1218649E-06
  120.0       350.0      -2.960       0.1836135E-07  -0.1835733E-07   0.3369926E-07  -0.3107013E-07
  120.0       360.0      -2.960       0.3371200E-08  -0.3370694E-08   0.6291408E-08  -0.5739978E-08
  120.0       370.0      -2.960       0.3565280E-09  -0.3564934E-09   0.6819668E-09  -0.6129994E-09
  120.0       380.0      -2.960       0.1202043E-10  -0.1201977E-10   0.2401357E-10  -0.2108615E-10
  120.0       400.0      -2.960        0.000000        0.000000        0.000000        0.000000    
  120.0       450.0      -2.960        0.000000        0.000000        0.000000        0.000000    
  120.0       500.0      -2.960        0.000000        0.000000        0.000000        0.000000    
  120.0      0.9106E-01  -2.400        13601.50       -11229.19       -29216.82        23897.03    
  120.0      0.1006      -2.400        12129.39       -10013.83       -24662.99        20161.98    
  120.0      0.1112      -2.400        10807.37       -8922.382       -20749.36        16952.89    
  120.0      0.1229      -2.400        9628.769       -7949.344       -17414.92        14219.61    
  120.0      0.1358      -2.400        8578.939       -7082.617       -14579.69        11896.35    
  120.0      0.1501      -2.400        7638.978       -6306.597       -12160.82        9914.990    
  120.0      0.1659      -2.400        6800.500       -5614.361       -10108.17        8234.203    
  120.0      0.1834      -2.400        6050.997       -4995.580       -8365.488        6807.863    
  120.0      0.2027      -2.400        5384.015       -4444.929       -6895.364        5605.162    
  120.0      0.2240      -2.400        4789.989       -3954.511       -5656.927        4592.531    
  120.0      0.2475      -2.400        4261.025       -3517.807       -4616.138        3741.996    
  120.0      0.2736      -2.400        3787.146       -3126.581       -3738.630        3025.308    
  120.0      0.3023      -2.400        3366.867       -2779.606       -3008.095        2429.081    
  120.0      0.3341      -2.400        2991.284       -2469.533       -2396.880        1930.654    
  120.0      0.3693      -2.400        2656.227       -2192.918       -1888.263        1516.218    
  120.0      0.4081      -2.400        2358.647       -1947.243       -1468.461        1174.509    
  120.0      0.4510      -2.400        2093.517       -1728.359       -1122.575        893.2742    
  120.0      0.4985      -2.400        1857.161       -1533.230       -838.5606        662.6427    
  120.0      0.5509      -2.400        1647.130       -1359.835       -607.7810        475.5297    
  120.0      0.6088      -2.400        1460.273       -1205.572       -420.8941        324.2679    
  120.0      0.6729      -2.400        1293.792       -1068.132       -270.8436        203.0869    
  120.0      0.7436      -2.400        1146.067       -946.1762       -151.8510        107.2347    
  120.0      0.8218      -2.400        1014.631       -837.6678       -58.36023        32.16990    
  120.0      0.9083      -2.400        897.7251       -741.1563        14.06291       -25.74057    
  120.0       1.004      -2.400        793.7800       -655.3446        69.12607       -69.53003    
  120.0       1.109      -2.400        702.1117       -579.6686        109.5984       -101.4743    
  120.0       1.226      -2.400        620.0466       -511.9208        138.7576       -124.2354    
  120.0       1.355      -2.400        547.4320       -451.9753        158.3943       -139.2900    
  120.0       1.497      -2.400        483.2588       -398.9991        170.4640       -148.2345    
  120.0       1.655      -2.400        425.9414       -351.6832        176.6159       -152.4079    
  120.0       1.829      -2.400        375.3620       -309.9302        178.1605       -152.8850    
  120.0       2.021      -2.400        330.6087       -272.9873        176.1114       -150.4907    
  120.0       2.234      -2.400        290.8198       -240.1430        171.2855       -145.8807    
  120.0       2.469      -2.400        255.6725       -211.1307        164.4505       -139.6909    
  120.0       2.729      -2.400        224.5586       -185.4484        156.2078       -132.4031    
  120.0       3.016      -2.400        197.0887       -162.7743        147.0601       -124.4261    
  120.0       3.333      -2.400        172.8245       -142.7467        137.3708       -116.0531    
  120.0       3.683      -2.400        151.4016       -125.0650        127.4041       -107.4972    
  120.0       4.071      -2.400        132.4278       -109.4052        117.4388       -98.98104    
  120.0       4.499      -2.400        115.7359       -95.62919        107.6194       -90.62244    
  120.0       4.972      -2.400        101.0225       -83.48657        98.11002       -82.55076    
  120.0       5.495      -2.400        88.05598       -72.78591        88.99456       -74.83196    
  120.0       6.073      -2.400        76.64656       -63.37063        80.35074       -67.52712    
  120.0       6.711      -2.400        66.62260       -55.09892        72.23019       -60.67602    
  120.0       7.417      -2.400        57.80432       -47.82235        64.64241       -54.28352    
  120.0       8.197      -2.400        50.06756       -41.43836        57.60865       -48.36515    
  120.0       9.059      -2.400        43.28487       -35.84160        51.12520       -42.91565    
  120.0       10.01      -2.400        37.35286       -30.94669        45.19098       -37.93247    
  120.0       11.06      -2.400        32.16637       -26.66681        39.78366       -33.39546    
  120.0       12.23      -2.400        27.60241       -22.90036        34.84250       -29.25243    
  120.0       13.51      -2.400        23.66263       -19.64866        30.42791       -25.55308    
  120.0       14.94      -2.400        20.19575       -16.78677        26.41401       -22.19139    
  120.0       16.51      -2.400        17.20438       -14.31679        22.85035       -19.20785    
  120.0       18.24      -2.400        14.61607       -12.17893        19.68429       -16.55799    
  120.0       20.16      -2.400        12.36439       -10.31834        16.86306       -14.19723    
  120.0       22.28      -2.400        10.42164       -8.712139        14.37533       -12.11568    
  120.0       24.63      -2.400        8.744238       -7.324361        12.18450       -10.28238    
  120.0       27.22      -2.400        7.308073       -6.135162        10.27502       -8.684191    
  120.0       30.08      -2.400        6.078167       -5.115675        8.614147       -7.293501    
  120.0       33.24      -2.400        5.026923       -4.243145        7.174421       -6.087255    
  120.0       36.74      -2.400        4.130101       -3.497610        5.931307       -5.044806    
  120.0       40.60      -2.400        3.371567       -2.865808        4.868692       -4.152697    
  120.0       44.87      -2.400        2.729850       -2.330031        3.961710       -3.390000    
  120.0       49.59      -2.400        2.190056       -1.878050        3.193025       -2.742297    
  120.0       54.81      -2.400        1.738464       -1.498575        2.545783       -2.195477    
  120.0       60.57      -2.400        1.364149       -1.182709        2.006279       -1.738222    
  120.0       66.94      -2.400        1.055549      -0.9209613        1.559318       -1.357865    
  120.0       73.98      -2.400       0.8040437      -0.7063742        1.193305       -1.044933    
  120.0       81.76      -2.400       0.6015919      -0.5324407       0.8973020      -0.7904297    
  120.0       89.36      -2.400       0.4571013      -0.4073896       0.6850513      -0.6068463    
  120.0       90.36      -2.400       0.4411215      -0.3935003       0.6615103      -0.5864138    
  120.0       91.20      -2.400       0.4281715      -0.3822346       0.6424229      -0.5698345    
  120.0       92.00      -2.400       0.4162246      -0.3718331       0.6248057      -0.5545221    
  120.0       99.86      -2.400       0.3163415      -0.2845286       0.4771418      -0.4257650    
  120.0       110.4      -2.400       0.2209264      -0.2004187       0.3353155      -0.3012301    
  120.0       120.0      -2.400       0.1605396      -0.1466986       0.2450074      -0.2213570    
  120.0       130.0      -2.400       0.1159057      -0.1066594       0.1778614      -0.1615623    
  120.0       140.0      -2.400       0.8416642E-01  -0.7795673E-01   0.1298354      -0.1185177    
  120.0       150.0      -2.400       0.6144027E-01  -0.5724926E-01   0.9525306E-01  -0.8733695E-01
  120.0       160.0      -2.400       0.4505440E-01  -0.4221379E-01   0.7018458E-01  -0.6461029E-01
  120.0       170.0      -2.400       0.3318036E-01  -0.3124711E-01   0.5192297E-01  -0.4797179E-01
  120.0       180.0      -2.400       0.2452302E-01  -0.2320274E-01   0.3854235E-01  -0.3572525E-01
  120.0       190.0      -2.400       0.1818318E-01  -0.1727875E-01   0.2869713E-01  -0.2667697E-01
  120.0       200.0      -2.400       0.1351985E-01  -0.1289869E-01   0.2142260E-01  -0.1996510E-01
  120.0       210.0      -2.400       0.1007620E-01  -0.9648620E-02   0.1602721E-01  -0.1497069E-01
  120.0       220.0      -2.400       0.7525702E-02  -0.7230843E-02   0.1201419E-01  -0.1124468E-01
  120.0       230.0      -2.400       0.5630218E-02  -0.5426523E-02   0.9020153E-02  -0.8457058E-02
  120.0       240.0      -2.400       0.4218191E-02  -0.4077356E-02   0.6780814E-02  -0.6367188E-02
  120.0       250.0      -2.400       0.3163482E-02  -0.3066016E-02   0.5102169E-02  -0.4797102E-02
  120.0       260.0      -2.400       0.2373772E-02  -0.2306303E-02   0.3840898E-02  -0.3615181E-02
  120.0       270.0      -2.400       0.1781595E-02  -0.1734910E-02   0.2891770E-02  -0.2724285E-02
  120.0       280.0      -2.400       0.1337359E-02  -0.1305054E-02   0.2177363E-02  -0.2052710E-02
  120.0       290.0      -2.400       0.1003588E-02  -0.9812445E-03   0.1638887E-02  -0.1545877E-02
  120.0       300.0      -2.400       0.7526850E-03  -0.7372603E-03   0.1232703E-02  -0.1163219E-02
  120.0       310.0      -2.400       0.5640288E-03  -0.5533852E-03   0.9264274E-03  -0.8744104E-03
  120.0       320.0      -2.400       0.4220777E-03  -0.4147534E-03   0.6952462E-03  -0.6562794E-03
  120.0       330.0      -2.400       0.3153028E-03  -0.3102719E-03   0.5208347E-03  -0.4916222E-03
  120.0       340.0      -2.400       0.2350471E-03  -0.2316013E-03   0.3893603E-03  -0.3674577E-03
  120.0       350.0      -2.400       0.1747882E-03  -0.1724351E-03   0.2903646E-03  -0.2739469E-03
  120.0       360.0      -2.400       0.1296229E-03  -0.1280216E-03   0.2159407E-03  -0.2036443E-03
  120.0       370.0      -2.400       0.9586170E-04  -0.9477608E-04   0.1601396E-03  -0.1509410E-03
  120.0       380.0      -2.400       0.7063669E-04  -0.6990403E-04   0.1183309E-03  -0.1114621E-03
  120.0       400.0      -2.400       0.3784233E-04  -0.3751388E-04   0.6376081E-04  -0.5995983E-04
  120.0       450.0      -2.400       0.7211447E-05  -0.7172113E-05   0.1233599E-04  -0.1153070E-04
  120.0       500.0      -2.400       0.1109049E-05  -0.1105368E-05   0.1930937E-05  -0.1788475E-05
  120.0      0.9106E-01  -1.200        13599.43       -5582.961       -31624.49        13005.01    
  120.0      0.1006      -1.200        12131.53       -4980.382       -26787.39        11016.13    
  120.0      0.1112      -1.200        10813.00       -4439.120       -22619.54        9303.327    
  120.0      0.1229      -1.200        9637.125       -3956.425       -19060.93        7840.452    
  120.0      0.1358      -1.200        8589.360       -3526.316       -16027.49        6593.435    
  120.0      0.1501      -1.200        7651.004       -3141.110       -13432.58        5526.609    
  120.0      0.1659      -1.200        6813.793       -2797.420       -11224.73        4618.826    
  120.0      0.1834      -1.200        6065.327       -2490.122       -9344.940        3846.012    
  120.0      0.2027      -1.200        5399.013       -2216.580       -7754.630        3191.932    
  120.0      0.2240      -1.200        4805.359       -1972.866       -6409.752        2638.768    
  120.0      0.2475      -1.200        4276.550       -1755.771       -5274.859        2172.103    
  120.0      0.2736      -1.200        3802.640       -1561.217       -4314.092        1776.886    
  120.0      0.3023      -1.200        3382.227       -1388.626       -3510.529        1446.322    
  120.0      0.3341      -1.200        3006.387       -1234.338       -2835.172        1168.481    
  120.0      0.3693      -1.200        2670.963       -1096.638       -2270.405        936.0641    
  120.0      0.4081      -1.200        2372.933       -974.2871       -1801.378        743.0458    
  120.0      0.4510      -1.200        2107.318       -865.2438       -1412.120        582.8331    
  120.0      0.4985      -1.200        1870.468       -768.0130       -1089.941        450.2028    
  120.0      0.5509      -1.200        1659.894       -681.5640       -825.8548        341.4461    
  120.0      0.6088      -1.200        1472.473       -604.6201       -609.4851        252.3221    
  120.0      0.6729      -1.200        1305.416       -536.0361       -433.9452        180.0068    
  120.0      0.7436      -1.200        1157.101       -475.1505       -292.7168        121.7958    
  120.0      0.8218      -1.200        1025.086       -420.9547       -179.7331        75.21246    
  120.0      0.9083      -1.200        907.6280       -372.7336       -90.35260        38.34089    
  120.0       1.004      -1.200        803.1552       -329.8426       -20.56443        9.535060    
  120.0       1.109      -1.200        710.9651       -291.9935        32.67417       -12.46205    
  120.0       1.226      -1.200        628.3852       -258.0896        73.02345       -29.15185    
  120.0       1.355      -1.200        555.2614       -228.0678        102.4000       -41.32218    
  120.0       1.497      -1.200        490.5987       -201.5199        122.8725       -49.82487    
  120.0       1.655      -1.200        432.8402       -177.8071        136.3464       -55.44582    
  120.0       1.829      -1.200        381.8181       -156.8607        144.0896       -58.70231    
  120.0       2.021      -1.200        336.6470       -138.3173        147.3652       -60.11847    
  120.0       2.234      -1.200        296.4549       -121.8233        147.1750       -60.10742    
  120.0       2.469      -1.200        260.9343       -107.2386        144.3448       -58.99802    
  120.0       2.729      -1.200        229.4564       -94.32038        139.5339       -57.07613    
  120.0       3.016      -1.200        201.6343       -82.90383        133.2873       -54.55983    
  120.0       3.333      -1.200        177.0397       -72.81286        126.0498       -51.63288    
  120.0       3.683      -1.200        155.3166       -63.90003        118.1962       -48.44737    
  120.0       4.071      -1.200        136.0711       -56.00377        109.9829       -45.11148    
  120.0       4.499      -1.200        119.1152       -49.04698        101.6656       -41.72848    
  120.0       4.972      -1.200        104.1547       -42.90902        93.41846       -38.37264    
  120.0       5.495      -1.200        90.95410       -37.49317        85.35306       -35.08497    
  120.0       6.073      -1.200        79.32187       -32.72094        77.59182       -31.92123    
  120.0       6.711      -1.200        69.09329       -28.52490        70.20032       -28.90680    
  120.0       7.417      -1.200        60.08659       -24.83056        63.20821       -26.05442    
  120.0       8.197      -1.200        52.17540       -21.58600        56.66145       -23.38365    
  120.0       9.059      -1.200        45.23025       -18.73805        50.57414       -20.90010    
  120.0       10.01      -1.200        39.14679       -16.24414        44.95515       -18.60804    
  120.0       11.06      -1.200        33.81782       -14.05940        39.79437       -16.50238    
  120.0       12.23      -1.200        29.11778       -12.13217        35.04165       -14.56259    
  120.0       13.51      -1.200        25.05445       -10.46580        30.76808       -12.81782    
  120.0       14.94      -1.200        21.47189       -8.996253        26.86250       -11.22277    
  120.0       16.51      -1.200        18.37474       -7.725155        23.37341       -9.796918    
  120.0       18.24      -1.200        15.68865       -6.622016        20.25683       -8.522347    
  120.0       20.16      -1.200        13.34712       -5.659465        17.46584       -7.379210    
  120.0       22.28      -1.200        11.32129       -4.825767        14.99169       -6.365803    
  120.0       24.63      -1.200        9.566161       -4.102567        12.80169       -5.466713    
  120.0       27.22      -1.200        8.057205       -3.479623        10.88048       -4.677096    
  120.0       30.08      -1.200        6.759557       -2.942708        9.199799       -3.985290    
  120.0       33.24      -1.200        5.646352       -2.480722        7.736440       -3.380751    
  120.0       36.74      -1.200        4.691991       -2.083044        6.465165       -2.853673    
  120.0       40.60      -1.200        3.879683       -1.742878        5.371265       -2.397989    
  120.0       44.87      -1.200        3.187534       -1.451259        4.430703       -2.003975    
  120.0       49.59      -1.200        2.600204       -1.201904        3.626927       -1.664784    
  120.0       54.81      -1.200        2.103917      -0.9892836        2.944088       -1.373991    
  120.0       60.57      -1.200        1.687810      -0.8088609        2.368621       -1.126334    
  120.0       66.94      -1.200        1.339939      -0.6558005        1.885757      -0.9154689    
  120.0       73.98      -1.200        1.051507      -0.5266057        1.484201      -0.7370285    
  120.0       81.76      -1.200       0.8147250      -0.4183687        1.153590      -0.5871834    
  120.0       89.36      -1.200       0.6418735      -0.3375435       0.9116253      -0.4750251    
  120.0       90.36      -1.200       0.6224769      -0.3283507       0.8844346      -0.4622559    
  120.0       91.20      -1.200       0.6067011      -0.3208523       0.8623068      -0.4518319    
  120.0       92.00      -1.200       0.5921085      -0.3138986       0.8418358      -0.4421625    
  120.0       99.86      -1.200       0.4683929      -0.2541959       0.6680477      -0.3590549    
  120.0       110.4      -1.200       0.3463934      -0.1936932       0.4961047      -0.2745820    
  120.0       120.0      -1.200       0.2660967      -0.1526544       0.3825075      -0.2170836    
  120.0       130.0      -1.200       0.2041786      -0.1201081       0.2946046      -0.1713369    
  120.0       140.0      -1.200       0.1581416      -0.9522782E-01   0.2290050      -0.1362452    
  120.0       150.0      -1.200       0.1235300      -0.7602905E-01   0.1794993      -0.1090777    
  120.0       160.0      -1.200       0.9726770E-01  -0.6109370E-01   0.1418078      -0.8787866E-01
  120.0       170.0      -1.200       0.7713827E-01  -0.4937789E-01   0.1128151      -0.7119921E-01
  120.0       180.0      -1.200       0.6160438E-01  -0.4013418E-01   0.9036965E-01  -0.5800093E-01
  120.0       190.0      -1.200       0.4951026E-01  -0.3278984E-01   0.7283472E-01  -0.4748739E-01
  120.0       200.0      -1.200       0.4002831E-01  -0.2691764E-01   0.5904854E-01  -0.3906045E-01
  120.0       210.0      -1.200       0.3254168E-01  -0.2219755E-01   0.4812987E-01  -0.3227066E-01
  120.0       220.0      -1.200       0.2659339E-01  -0.1838276E-01   0.3943122E-01  -0.2677190E-01
  120.0       230.0      -1.200       0.2184210E-01  -0.1528727E-01   0.3246551E-01  -0.2230053E-01
  120.0       240.0      -1.200       0.1802356E-01  -0.1276228E-01   0.2685081E-01  -0.1864596E-01
  120.0       250.0      -1.200       0.1493635E-01  -0.1069180E-01   0.2230184E-01  -0.1564417E-01
  120.0       260.0      -1.200       0.1242764E-01  -0.8987300E-02   0.1859551E-01  -0.1316825E-01
  120.0       270.0      -1.200       0.1037850E-01  -0.7577584E-02   0.1556184E-01  -0.1111749E-01
  120.0       280.0      -1.200       0.8698549E-02  -0.6408467E-02   0.1306932E-01  -0.9414201E-02
  120.0       290.0      -1.200       0.7316032E-02  -0.5435918E-02   0.1101365E-01  -0.7995032E-02
  120.0       300.0      -1.200       0.6173689E-02  -0.4624044E-02   0.9311661E-02  -0.6808908E-02
  120.0       310.0      -1.200       0.5225439E-02  -0.3943554E-02   0.7896013E-02  -0.5813279E-02
  120.0       320.0      -1.200       0.4435686E-02  -0.3371575E-02   0.6714733E-02  -0.4975401E-02
  120.0       330.0      -1.200       0.3775105E-02  -0.2888952E-02   0.5724919E-02  -0.4267596E-02
  120.0       340.0      -1.200       0.3220960E-02  -0.2480745E-02   0.4893090E-02  -0.3668290E-02
  120.0       350.0      -1.200       0.2754715E-02  -0.2134561E-02   0.4191978E-02  -0.3159439E-02
  120.0       360.0      -1.200       0.2361460E-02  -0.1840458E-02   0.3599596E-02  -0.2726684E-02
  120.0       370.0      -1.200       0.2028804E-02  -0.1589911E-02   0.3097631E-02  -0.2357656E-02
  120.0       380.0      -1.200       0.1746635E-02  -0.1375980E-02   0.2671108E-02  -0.2042192E-02
  120.0       400.0      -1.200       0.1302219E-02  -0.1035953E-02   0.1997764E-02  -0.1540114E-02
  120.0       450.0      -1.200       0.6434730E-03  -0.5227536E-03   0.9947603E-03  -0.7802151E-03
  120.0       500.0      -1.200       0.3293050E-03  -0.2721869E-03   0.5128416E-03  -0.4077132E-03
  120.0      0.9106E-01   0.000        13380.47        0.000000       -31725.49       0.2493808    
  120.0      0.1006       0.000        11937.33      -0.8577672E-14   -26893.16       0.2201212    
  120.0      0.1112       0.000        10640.88      -0.4740741E-14   -22726.86      -0.1090079E-01
  120.0      0.1229       0.000        9484.580       0.2619771E-14   -19167.11       0.1852778E-01
  120.0      0.1358       0.000        8454.213      -0.2894751E-14   -16131.42      -0.5495232E-01
  120.0      0.1501       0.000        7531.374        0.000000       -13533.28      -0.1194955    
  120.0      0.1659       0.000        6707.963       0.3536371E-14   -11321.04      -0.1257359    
  120.0      0.1834       0.000        5971.719        0.000000       -9436.720      -0.1130744    
  120.0      0.2027       0.000        5316.306       0.2160405E-14   -7841.145      -0.9075741E-01
  120.0      0.2240       0.000        4732.359       0.7958079E-15   -6491.502      -0.5607683E-01
  120.0      0.2475       0.000        4212.278      -0.2198242E-14   -5351.983      -0.1086233E-01
  120.0      0.2736       0.000        3746.026       0.2430056E-14   -4386.125       0.2948504E-01
  120.0      0.3023       0.000        3332.326      -0.1610978E-14   -3577.593       0.4287400E-01
  120.0      0.3341       0.000        2962.470        0.000000       -2897.066       0.4686375E-01
  120.0      0.3693       0.000        2632.333       0.6560086E-15   -2327.075       0.3847429E-01
  120.0      0.4081       0.000        2338.923       0.7249312E-15   -1853.123       0.2371770E-01
  120.0      0.4510       0.000        2077.371      -0.2002842E-14   -1459.093       0.1032750E-01
  120.0      0.4985       0.000        1844.046        0.000000       -1132.614      -0.9525734E-02
  120.0      0.5509       0.000        1636.713       0.2446487E-15   -864.3652      -0.1420927E-01
  120.0      0.6088       0.000        1452.181        0.000000       -644.8598       0.5006333E-02
  120.0      0.6729       0.000        1287.761       0.7470691E-15   -465.3518      -0.4593378E-01
  120.0      0.7436       0.000        1141.693        0.000000       -321.2726      -0.1910962E-02
  120.0      0.8218       0.000        1011.654        0.000000       -205.4999       0.4835579E-02
  120.0      0.9083       0.000        895.9288       0.3025247E-15   -113.4364       0.8021492E-02
  120.0       1.004       0.000        792.9659        0.000000       -41.12849       0.7766253E-02
  120.0       1.109       0.000        702.0934      -0.3078093E-15    14.37106       0.6503508E-02
  120.0       1.226       0.000        620.6773        0.000000        56.79410       0.2944402E-02
  120.0       1.355       0.000        548.5795      -0.1880440E-15    88.00703       0.2410407E-02
  120.0       1.497       0.000        484.8099       0.2077505E-15    110.1457       0.2158369E-02
  120.0       1.655       0.000        427.8367        0.000000        125.1380      -0.1202681E-03
  120.0       1.829       0.000        377.4987        0.000000        134.2421      -0.9223307E-03
  120.0       2.021       0.000        332.9285      -0.1402350E-15    138.7361      -0.2056897E-04
  120.0       2.234       0.000        293.2760       0.1627656E-15    139.6376       0.2824361E-03
  120.0       2.469       0.000        258.2150       0.1801550E-15    137.7638       0.7579829E-03
  120.0       2.729       0.000        227.1287      -0.3976611E-15    133.7945       0.1173976E-02
  120.0       3.016       0.000        199.6579        0.000000        128.3134       0.8720271E-03
  120.0       3.333       0.000        175.3675       0.1272003E-15    121.7603       0.8864560E-03
  120.0       3.683       0.000        153.9105        0.000000        114.5166       0.5590267E-03
  120.0       4.071       0.000        134.8936       0.2259859E-15    106.8373       0.1271149E-03
  120.0       4.499       0.000        118.1328       0.7804521E-16    98.98896      -0.3643124E-05
  120.0       4.972       0.000        103.3361       0.8625045E-16    91.13848       0.3200891E-04
  120.0       5.495       0.000        90.28058       0.9532306E-16    83.42679       0.2366886E-03
  120.0       6.073       0.000        78.77448      -0.6320985E-16    75.98379      -0.3005102E-03
  120.0       6.711       0.000        68.65159        0.000000        68.84881       0.1856599E-03
  120.0       7.417       0.000        59.72843      -0.7719866E-16    62.07371       0.5882804E-03
  120.0       8.197       0.000        51.88549       0.2843906E-16    55.71473       0.3653429E-03
  120.0       9.059       0.000        44.99635      -0.3142972E-16    49.78583       0.6186726E-04
  120.0       10.01       0.000        38.96231        0.000000        44.30244       0.1517772E-03
  120.0       11.06       0.000        33.67607        0.000000        39.26115       0.1110091E-03
  120.0       12.23       0.000        29.01361        0.000000        34.61436       0.1380186E-03
  120.0       13.51       0.000        24.98010        0.000000        30.42355       0.1049808E-03
  120.0       14.94       0.000        21.42092        0.000000        26.59058       0.1007663E-03
  120.0       16.51       0.000        18.34214        0.000000        23.15782       0.8767492E-04
  120.0       18.24       0.000        15.67006       0.3164136E-16    20.08612       0.5097483E-04
  120.0       20.16       0.000        13.33750       0.1748601E-16    17.33082       0.5249081E-04
  120.0       22.28       0.000        11.31730        0.000000        14.88113       0.2712804E-04
  120.0       24.63       0.000        9.567032        0.000000        12.71319       0.1095489E-04
  120.0       27.22       0.000        8.062283        0.000000        10.81029       0.3316225E-04
  120.0       30.08       0.000        6.768028        0.000000        9.144806       0.4568709E-04
  120.0       33.24       0.000        5.656252        0.000000        7.692112       0.3826866E-04
  120.0       36.74       0.000        4.701144       0.1593344E-16    6.428176       0.2283410E-04
  120.0       40.60       0.000        3.886954      -0.1760744E-16    5.338432       0.9702717E-05
  120.0       44.87       0.000        3.193637       0.9729630E-17    4.402079       0.1468162E-04
  120.0       49.59       0.000        2.605554        0.000000        3.601871      -0.3372883E-04
  120.0       54.81       0.000        2.108153        0.000000        2.921372      -0.5567342E-04
  120.0       60.57       0.000        1.690151        0.000000        2.347190      -0.8849149E-05
  120.0       66.94       0.000        1.340850        0.000000        1.865811       0.3702615E-05
  120.0       73.98       0.000        1.051729        0.000000        1.466227       0.9392391E-06
  120.0       81.76       0.000       0.8143567        0.000000        1.137532      -0.4488925E-05
  120.0       89.36       0.000       0.6409453        0.000000       0.8970939       0.1916795E-05
  120.0       90.36       0.000       0.6214847        0.000000       0.8700665       0.2587273E-05
  120.0       91.20       0.000       0.6056710      -0.1483189E-16   0.8481017       0.7820973E-06
  120.0       92.00       0.000       0.5910462        0.000000       0.8277870      -0.1913557E-06
  120.0       99.86       0.000       0.4672628        0.000000       0.6557008       0.2040027E-06
  120.0       110.4       0.000       0.3454581        0.000000       0.4860091      -0.4535783E-06
  120.0       120.0       0.000       0.2653165        0.000000       0.3740911      -0.1649713E-05
  120.0       130.0       0.000       0.2036470        0.000000       0.2877983      -0.1108407E-05
  120.0       140.0       0.000       0.1578741        0.000000       0.2235903      -0.3074027E-06
  120.0       150.0       0.000       0.1235114        0.000000       0.1752762      -0.1439263E-05
  120.0       160.0       0.000       0.9744157E-01    0.000000       0.1385452      -0.9266761E-06
  120.0       170.0       0.000       0.7747917E-01   0.2303930E-17   0.1103640      -0.6229564E-06
  120.0       180.0       0.000       0.6208475E-01   0.1219727E-17   0.8858132E-01  -0.6651810E-06
  120.0       190.0       0.000       0.5009479E-01    0.000000       0.7158625E-01  -0.8333430E-06
  120.0       200.0       0.000       0.4068845E-01    0.000000       0.5823018E-01  -0.4465289E-06
  120.0       210.0       0.000       0.3324848E-01    0.000000       0.4764979E-01  -0.3187562E-06
  120.0       220.0       0.000       0.2732780E-01    0.000000       0.3921480E-01  -0.3174280E-06
  120.0       230.0       0.000       0.2259183E-01    0.000000       0.3245996E-01   0.2156410E-06
  120.0       240.0       0.000       0.1877451E-01    0.000000       0.2700497E-01  -0.3235682E-06
  120.0       250.0       0.000       0.1568058E-01    0.000000       0.2257934E-01  -0.2377776E-06
  120.0       260.0       0.000       0.1315627E-01    0.000000       0.1896390E-01  -0.2377338E-06
  120.0       270.0       0.000       0.1108534E-01    0.000000       0.1599428E-01  -0.3361216E-06
  120.0       280.0       0.000       0.9379198E-02  -0.1185846E-18   0.1354595E-01  -0.6503041E-07
  120.0       290.0       0.000       0.7966940E-02    0.000000       0.1151698E-01  -0.9687837E-07
  120.0       300.0       0.000       0.6793425E-02    0.000000       0.9828929E-02  -0.1800066E-06
  120.0       310.0       0.000       0.5813489E-02    0.000000       0.8418421E-02  -0.7805311E-07
  120.0       320.0       0.000       0.4991660E-02    0.000000       0.7234008E-02  -0.6553675E-07
  120.0       330.0       0.000       0.4299855E-02    0.000000       0.6236259E-02  -0.1140342E-06
  120.0       340.0       0.000       0.3715008E-02    0.000000       0.5392168E-02  -0.9791990E-07
  120.0       350.0       0.000       0.3218835E-02    0.000000       0.4675710E-02  -0.5092363E-07
  120.0       360.0       0.000       0.2796455E-02    0.000000       0.4065008E-02  -0.7196259E-07
  120.0       370.0       0.000       0.2436183E-02    0.000000       0.3543860E-02  -0.5810845E-07
  120.0       380.0       0.000       0.2127546E-02    0.000000       0.3097220E-02  -0.3050663E-07
  120.0       400.0       0.000       0.1633977E-02    0.000000       0.2381944E-02  -0.3911346E-07
  120.0       450.0       0.000       0.8759455E-03    0.000000       0.1281237E-02  -0.1262694E-07
  120.0       500.0       0.000       0.4905164E-03    0.000000       0.7198608E-03  -0.3039504E-08
  120.0      0.9106E-01   1.200        13599.43        5582.961       -31635.03       -13008.20    
  120.0      0.1006       1.200        12131.53        4980.382       -26796.43       -11019.43    
  120.0      0.1112       1.200        10813.00        4439.120       -22627.70       -9306.119    
  120.0      0.1229       1.200        9637.125        3956.425       -19067.85       -7842.978    
  120.0      0.1358       1.200        8589.360        3526.316       -16032.69       -6595.412    
  120.0      0.1501       1.200        7651.004        3141.110       -13436.78       -5528.553    
  120.0      0.1659       1.200        6813.793        2797.420       -11228.14       -4620.512    
  120.0      0.1834       1.200        6065.327        2490.122       -9347.875       -3847.340    
  120.0      0.2027       1.200        5399.013        2216.580       -7757.157       -3193.087    
  120.0      0.2240       1.200        4805.359        1972.866       -6411.870       -2639.885    
  120.0      0.2475       1.200        4276.550        1755.771       -5277.192       -2173.130    
  120.0      0.2736       1.200        3802.640        1561.217       -4318.798       -1777.859    
  120.0      0.3023       1.200        3382.227        1388.626       -3514.997       -1448.124    
  120.0      0.3341       1.200        3006.387        1234.338       -2839.053       -1170.093    
  120.0      0.3693       1.200        2670.963        1096.638       -2273.859       -937.4591    
  120.0      0.4081       1.200        2372.933        974.2871       -1804.472       -744.2676    
  120.0      0.4510       1.200        2107.318        865.2438       -1412.643       -583.8952    
  120.0      0.4985       1.200        1870.468        768.0130       -1090.383       -450.3450    
  120.0      0.5509       1.200        1659.894        681.5640       -826.1442       -341.5326    
  120.0      0.6088       1.200        1472.473        604.6201       -610.1523       -252.5620    
  120.0      0.6729       1.200        1305.416        536.0361       -434.3832       -180.1789    
  120.0      0.7436       1.200        1157.101        475.1505       -292.9608       -121.9343    
  120.0      0.8218       1.200        1025.086        420.9547       -179.8866       -75.31444    
  120.0      0.9083       1.200        907.6280        372.7336       -90.47127       -38.42637    
  120.0       1.004       1.200        803.1552        329.8426       -20.61249       -9.580390    
  120.0       1.109       1.200        710.9651        291.9935        32.56149        12.40959    
  120.0       1.226       1.200        628.3852        258.0896        72.92336        29.09860    
  120.0       1.355       1.200        555.2614        228.0678        102.3090        41.27409    
  120.0       1.497       1.200        490.5987        201.5199        122.7557        49.77187    
  120.0       1.655       1.200        432.8402        177.8071        136.2221        55.39679    
  120.0       1.829       1.200        381.8181        156.8607        143.9971        58.66738    
  120.0       2.021       1.200        336.6470        138.3173        147.2794        60.08727    
  120.0       2.234       1.200        296.4549        121.8233        147.0952        60.08033    
  120.0       2.469       1.200        260.9343        107.2386        144.2647        58.97339    
  120.0       2.729       1.200        229.4564        94.32038        139.5003        57.05246    
  120.0       3.016       1.200        201.6343        82.90383        133.2559        54.55595    
  120.0       3.333       1.200        177.0397        72.81286        126.0321        51.63077    
  120.0       3.683       1.200        155.3166        63.90003        118.2027        48.44784    
  120.0       4.071       1.200        136.0711        56.00377        110.0058        45.11761    
  120.0       4.499       1.200        119.1152        49.04698        101.6960        41.73968    
  120.0       4.972       1.200        104.1547        42.90902        93.45190        38.38114    
  120.0       5.495       1.200        90.95410        37.49317        85.38884        35.09750    
  120.0       6.073       1.200        79.32187        32.72094        77.61530        31.92921    
  120.0       6.711       1.200        69.09329        28.52490        70.21292        28.91183    
  120.0       7.417       1.200        60.08659        24.83056        63.21813        26.05868    
  120.0       8.197       1.200        52.17540        21.58600        56.66994        23.38777    
  120.0       9.059       1.200        45.23025        18.73805        50.57961        20.90377    
  120.0       10.01       1.200        39.14679        16.24414        44.96142        18.61151    
  120.0       11.06       1.200        33.81782        14.05940        39.80156        16.50578    
  120.0       12.23       1.200        29.11778        12.13217        35.04845        14.56562    
  120.0       13.51       1.200        25.05445        10.46580        30.77468        12.82023    
  120.0       14.94       1.200        21.47189        8.996253        26.86831        11.22487    
  120.0       16.51       1.200        18.37474        7.725155        23.37872        9.798859    
  120.0       18.24       1.200        15.68865        6.622016        20.26129        8.524021    
  120.0       20.16       1.200        13.34712        5.659465        17.46961        7.381196    
  120.0       22.28       1.200        11.32129        4.825767        14.99457        6.367015    
  120.0       24.63       1.200        9.566161        4.102567        12.80308        5.467855    
  120.0       27.22       1.200        8.057205        3.479623        10.88186        4.678157    
  120.0       30.08       1.200        6.759557        2.942708        9.201246        3.985832    
  120.0       33.24       1.200        5.646352        2.480722        7.737393        3.381188    
  120.0       36.74       1.200        4.691991        2.083044        6.465914        2.853989    
  120.0       40.60       1.200        3.879683        1.742878        5.371932        2.398294    
  120.0       44.87       1.200        3.187534        1.451259        4.431276        2.004260    
  120.0       49.59       1.200        2.600204        1.201904        3.627439        1.665010    
  120.0       54.81       1.200        2.103917       0.9892836        2.944259        1.374198    
  120.0       60.57       1.200        1.687810       0.8088609        2.368736        1.126382    
  120.0       66.94       1.200        1.339939       0.6558005        1.885753       0.9154657    
  120.0       73.98       1.200        1.051507       0.5266057        1.484234       0.7370380    
  120.0       81.76       1.200       0.8147250       0.4183687        1.153633       0.5871964    
  120.0       89.36       1.200       0.6418735       0.3375435       0.9116546       0.4750341    
  120.0       90.36       1.200       0.6224769       0.3283507       0.8844593       0.4622628    
  120.0       91.20       1.200       0.6067011       0.3208523       0.8623281       0.4518372    
  120.0       92.00       1.200       0.5921085       0.3138986       0.8418532       0.4421671    
  120.0       99.86       1.200       0.4683929       0.2541959       0.6680616       0.3590587    
  120.0       110.4       1.200       0.3463934       0.1936932       0.4961147       0.2745838    
  120.0       120.0       1.200       0.2660967       0.1526544       0.3825144       0.2170835    
  120.0       130.0       1.200       0.2041786       0.1201081       0.2946100       0.1713373    
  120.0       140.0       1.200       0.1581416       0.9522782E-01   0.2290087       0.1362459    
  120.0       150.0       1.200       0.1235300       0.7602905E-01   0.1795027       0.1090793    
  120.0       160.0       1.200       0.9726770E-01   0.6109370E-01   0.1418091       0.8787811E-01
  120.0       170.0       1.200       0.7713827E-01   0.4937789E-01   0.1128164       0.7119872E-01
  120.0       180.0       1.200       0.6160438E-01   0.4013418E-01   0.9036876E-01   0.5800016E-01
  120.0       190.0       1.200       0.4951026E-01   0.3278984E-01   0.7283424E-01   0.4748655E-01
  120.0       200.0       1.200       0.4002831E-01   0.2691764E-01   0.5904890E-01   0.3906026E-01
  120.0       210.0       1.200       0.3254168E-01   0.2219755E-01   0.4813042E-01   0.3227067E-01
  120.0       220.0       1.200       0.2659339E-01   0.1838276E-01   0.3943168E-01   0.2677195E-01
  120.0       230.0       1.200       0.2184210E-01   0.1528727E-01   0.3246522E-01   0.2230027E-01
  120.0       240.0       1.200       0.1802356E-01   0.1276228E-01   0.2684994E-01   0.1864508E-01
  120.0       250.0       1.200       0.1493635E-01   0.1069180E-01   0.2230094E-01   0.1564331E-01
  120.0       260.0       1.200       0.1242764E-01   0.8987300E-02   0.1859484E-01   0.1316759E-01
  120.0       270.0       1.200       0.1037850E-01   0.7577584E-02   0.1556165E-01   0.1111721E-01
  120.0       280.0       1.200       0.8698549E-02   0.6408467E-02   0.1306942E-01   0.9414192E-02
  120.0       290.0       1.200       0.7316032E-02   0.5435918E-02   0.1101364E-01   0.7995041E-02
  120.0       300.0       1.200       0.6173689E-02   0.4624044E-02   0.9311596E-02   0.6808804E-02
  120.0       310.0       1.200       0.5225439E-02   0.3943554E-02   0.7895916E-02   0.5813157E-02
  120.0       320.0       1.200       0.4435686E-02   0.3371575E-02   0.6714585E-02   0.4975245E-02
  120.0       330.0       1.200       0.3775105E-02   0.2888952E-02   0.5724750E-02   0.4267430E-02
  120.0       340.0       1.200       0.3220960E-02   0.2480745E-02   0.4892943E-02   0.3668145E-02
  120.0       350.0       1.200       0.2754715E-02   0.2134561E-02   0.4191866E-02   0.3159327E-02
  120.0       360.0       1.200       0.2361460E-02   0.1840458E-02   0.3599489E-02   0.2726608E-02
  120.0       370.0       1.200       0.2028804E-02   0.1589911E-02   0.3097539E-02   0.2357570E-02
  120.0       380.0       1.200       0.1746635E-02   0.1375980E-02   0.2671059E-02   0.2042142E-02
  120.0       400.0       1.200       0.1302219E-02   0.1035953E-02   0.1997735E-02   0.1540081E-02
  120.0       450.0       1.200       0.6434730E-03   0.5227536E-03   0.9947528E-03   0.7802245E-03
  120.0       500.0       1.200       0.3293050E-03   0.2721869E-03   0.5128253E-03   0.4076999E-03
  120.0      0.9106E-01   2.400        13601.50        11229.19       -29223.48       -23898.58    
  120.0      0.1006       2.400        12129.39        10013.83       -24665.84       -20164.17    
  120.0      0.1112       2.400        10807.37        8922.382       -20752.38       -16955.16    
  120.0      0.1229       2.400        9628.769        7949.344       -17419.36       -14221.80    
  120.0      0.1358       2.400        8578.939        7082.617       -14582.47       -11900.15    
  120.0      0.1501       2.400        7638.978        6306.597       -12162.98       -9916.855    
  120.0      0.1659       2.400        6800.500        5614.361       -10110.01       -8235.578    
  120.0      0.1834       2.400        6050.997        4995.580       -8366.511       -6808.808    
  120.0      0.2027       2.400        5384.015        4444.929       -6896.437       -5606.150    
  120.0      0.2240       2.400        4789.989        3954.511       -5658.057       -4593.378    
  120.0      0.2475       2.400        4261.025        3517.807       -4617.361       -3742.887    
  120.0      0.2736       2.400        3787.146        3126.581       -3739.679       -3026.137    
  120.0      0.3023       2.400        3366.867        2779.606       -3008.668       -2429.732    
  120.0      0.3341       2.400        2991.284        2469.533       -2396.927       -1930.695    
  120.0      0.3693       2.400        2656.227        2192.918       -1888.391       -1516.340    
  120.0      0.4081       2.400        2358.647        1947.243       -1468.708       -1174.697    
  120.0      0.4510       2.400        2093.517        1728.359       -1122.810       -893.4337    
  120.0      0.4985       2.400        1857.161        1533.230       -838.7462       -662.7446    
  120.0      0.5509       2.400        1647.130        1359.835       -607.8753       -475.5964    
  120.0      0.6088       2.400        1460.273        1205.572       -421.0973       -324.4788    
  120.0      0.6729       2.400        1293.792        1068.132       -271.0206       -203.2347    
  120.0      0.7436       2.400        1146.067        946.1762       -151.9586       -107.3261    
  120.0      0.8218       2.400        1014.631        837.6678       -58.38164       -32.18869    
  120.0      0.9083       2.400        897.7251        741.1563        14.03581        25.71816    
  120.0       1.004       2.400        793.7800        655.3446        69.13232        69.53682    
  120.0       1.109       2.400        702.1117        579.6686        109.5474        101.4336    
  120.0       1.226       2.400        620.0466        511.9208        138.6712        124.1736    
  120.0       1.355       2.400        547.4320        451.9753        158.3575        139.2631    
  120.0       1.497       2.400        483.2588        398.9991        170.4679        148.2430    
  120.0       1.655       2.400        425.9414        351.6832        176.6369        152.4289    
  120.0       1.829       2.400        375.3620        309.9302        178.1525        152.8807    
  120.0       2.021       2.400        330.6087        272.9873        176.0796        150.4643    
  120.0       2.234       2.400        290.8198        240.1430        171.2732        145.8719    
  120.0       2.469       2.400        255.6725        211.1307        164.4706        139.7077    
  120.0       2.729       2.400        224.5586        185.4484        156.2185        132.4119    
  120.0       3.016       2.400        197.0887        162.7743        147.0722        124.4360    
  120.0       3.333       2.400        172.8245        142.7467        137.3793        116.0603    
  120.0       3.683       2.400        151.4016        125.0650        127.4359        107.5235    
  120.0       4.071       2.400        132.4278        109.4052        117.4419        98.98407    
  120.0       4.499       2.400        115.7359        95.62919        107.6230        90.62533    
  120.0       4.972       2.400        101.0225        83.48657        98.11515        82.55517    
  120.0       5.495       2.400        88.05598        72.78591        89.00044        74.83714    
  120.0       6.073       2.400        76.64656        63.37063        80.36066        67.53578    
  120.0       6.711       2.400        66.62260        55.09892        72.23479        60.68022    
  120.0       7.417       2.400        57.80432        47.82235        64.64588        54.28645    
  120.0       8.197       2.400        50.06756        41.43836        57.61305        48.36878    
  120.0       9.059       2.400        43.28487        35.84160        51.12987        42.91940    
  120.0       10.01       2.400        37.35286        30.94669        45.19470        37.93558    
  120.0       11.06       2.400        32.16637        26.66681        39.78686        33.39816    
  120.0       12.23       2.400        27.60241        22.90036        34.84536        29.25485    
  120.0       13.51       2.400        23.66263        19.64866        30.42869        25.55380    
  120.0       14.94       2.400        20.19575        16.78677        26.41628        22.19323    
  120.0       16.51       2.400        17.20438        14.31679        22.85233        19.20951    
  120.0       18.24       2.400        14.61607        12.17893        19.68608        16.55953    
  120.0       20.16       2.400        12.36439        10.31834        16.86454        14.19849    
  120.0       22.28       2.400        10.42164        8.712139        14.37682        12.11692    
  120.0       24.63       2.400        8.744238        7.324361        12.18567        10.28330    
  120.0       27.22       2.400        7.308073        6.135162        10.27575        8.684789    
  120.0       30.08       2.400        6.078167        5.115675        8.614540        7.293827    
  120.0       33.24       2.400        5.026923        4.243145        7.174997        6.087731    
  120.0       36.74       2.400        4.130101        3.497610        5.931826        5.045264    
  120.0       40.60       2.400        3.371567        2.865808        4.869143        4.153066    
  120.0       44.87       2.400        2.729850        2.330031        3.962042        3.390286    
  120.0       49.59       2.400        2.190056        1.878050        3.193275        2.742506    
  120.0       54.81       2.400        1.738464        1.498575        2.546005        2.195666    
  120.0       60.57       2.400        1.364149        1.182709        2.006467        1.738377    
  120.0       66.94       2.400        1.055549       0.9209613        1.559438        1.357973    
  120.0       73.98       2.400       0.8040437       0.7063742        1.193386        1.045000    
  120.0       81.76       2.400       0.6015919       0.5324407       0.8973785       0.7904980    
  120.0       89.36       2.400       0.4571013       0.4073896       0.6851158       0.6069039    
  120.0       90.36       2.400       0.4411215       0.3935003       0.6615676       0.5864654    
  120.0       91.20       2.400       0.4281715       0.3822346       0.6424742       0.5698811    
  120.0       92.00       2.400       0.4162246       0.3718331       0.6248511       0.5545637    
  120.0       99.86       2.400       0.3163415       0.2845286       0.4771609       0.4257822    
  120.0       110.4       2.400       0.2209264       0.2004187       0.3353401       0.3012606    
  120.0       120.0       2.400       0.1605396       0.1466986       0.2450226       0.2213729    
  120.0       130.0       2.400       0.1159057       0.1066594       0.1778659       0.1615665    
  120.0       140.0       2.400       0.8416642E-01   0.7795673E-01   0.1298383       0.1185205    
  120.0       150.0       2.400       0.6144027E-01   0.5724926E-01   0.9525670E-01   0.8734012E-01
  120.0       160.0       2.400       0.4505440E-01   0.4221379E-01   0.7018892E-01   0.6461441E-01
  120.0       170.0       2.400       0.3318036E-01   0.3124711E-01   0.5192576E-01   0.4797449E-01
  120.0       180.0       2.400       0.2452302E-01   0.2320274E-01   0.3854295E-01   0.3572530E-01
  120.0       190.0       2.400       0.1818318E-01   0.1727875E-01   0.2869770E-01   0.2667674E-01
  120.0       200.0       2.400       0.1351985E-01   0.1289869E-01   0.2142321E-01   0.1996574E-01
  120.0       210.0       2.400       0.1007620E-01   0.9648620E-02   0.1602762E-01   0.1497114E-01
  120.0       220.0       2.400       0.7525702E-02   0.7230843E-02   0.1201428E-01   0.1124484E-01
  120.0       230.0       2.400       0.5630218E-02   0.5426523E-02   0.9020037E-02   0.8456975E-02
  120.0       240.0       2.400       0.4218191E-02   0.4077356E-02   0.6780647E-02   0.6367045E-02
  120.0       250.0       2.400       0.3163482E-02   0.3066016E-02   0.5102048E-02   0.4797000E-02
  120.0       260.0       2.400       0.2373772E-02   0.2306303E-02   0.3840774E-02   0.3615055E-02
  120.0       270.0       2.400       0.1781595E-02   0.1734910E-02   0.2891724E-02   0.2724207E-02
  120.0       280.0       2.400       0.1337359E-02   0.1305054E-02   0.2176920E-02   0.2052314E-02
  120.0       290.0       2.400       0.1003588E-02   0.9812445E-03   0.1638549E-02   0.1545573E-02
  120.0       300.0       2.400       0.7526850E-03   0.7372603E-03   0.1232570E-02   0.1163087E-02
  120.0       310.0       2.400       0.5640288E-03   0.5533852E-03   0.9263744E-03   0.8743575E-03
  120.0       320.0       2.400       0.4220777E-03   0.4147534E-03   0.6952271E-03   0.6562603E-03
  120.0       330.0       2.400       0.3153028E-03   0.3102719E-03   0.5208275E-03   0.4916150E-03
  120.0       340.0       2.400       0.2350471E-03   0.2316013E-03   0.3893602E-03   0.3674576E-03
  120.0       350.0       2.400       0.1747882E-03   0.1724351E-03   0.2903641E-03   0.2739463E-03
  120.0       360.0       2.400       0.1296229E-03   0.1280216E-03   0.2159407E-03   0.2036443E-03
  120.0       370.0       2.400       0.9586170E-04   0.9477608E-04   0.1601396E-03   0.1509410E-03
  120.0       380.0       2.400       0.7063669E-04   0.6990403E-04   0.1183309E-03   0.1114621E-03
  120.0       400.0       2.400       0.3784233E-04   0.3751388E-04   0.6376081E-04   0.5995983E-04
  120.0       450.0       2.400       0.7211447E-05   0.7172113E-05   0.1233599E-04   0.1153070E-04
  120.0       500.0       2.400       0.1109049E-05   0.1105368E-05   0.1930937E-05   0.1788475E-05
  120.0      0.9106E-01   2.960        10179.80        9487.879       -19665.00       -18082.48    
  120.0      0.1006       2.960        9074.657        8457.846       -16517.42       -15175.67    
  120.0      0.1112       2.960        8082.134        7532.782       -13820.26       -12685.76    
  120.0      0.1229       2.960        7197.668        6708.430       -11530.04       -10572.64    
  120.0      0.1358       2.960        6410.176        5974.461       -9588.988       -8782.639    
  120.0      0.1501       2.960        5705.411        5317.596       -7938.438       -7261.421    
  120.0      0.1659       2.960        5077.186        4732.069       -6543.169       -5976.238    
  120.0      0.1834       2.960        4515.514        4208.573       -5364.363       -4891.165    
  120.0      0.2027       2.960        4015.915        3742.931       -4374.017       -3980.227    
  120.0      0.2240       2.960        3571.125        3328.373       -3544.720       -3218.053    
  120.0      0.2475       2.960        3175.190        2959.350       -2851.512       -2581.536    
  120.0      0.2736       2.960        2820.585        2628.848       -2270.127       -2048.241    
  120.0      0.3023       2.960        2506.187        2335.821       -1789.602       -1607.979    
  120.0      0.3341       2.960        2225.343        2074.067       -1390.820       -1243.082    
  120.0      0.3693       2.960        1974.937        1840.682       -1061.948       -942.6030    
  120.0      0.4081       2.960        1752.620        1633.478       -793.1432       -697.4269    
  120.0      0.4510       2.960        1554.634        1448.951       -573.9123       -497.8657    
  120.0      0.4985       2.960        1378.159        1284.473       -396.3829       -336.6501    
  120.0      0.5509       2.960        1221.462        1138.428       -254.1341       -207.8390    
  120.0      0.6088       2.960        1082.112        1008.553       -141.1321       -105.8652    
  120.0      0.6729       2.960        958.0084        892.8863       -52.23115       -25.98389    
  120.0      0.7436       2.960        847.9401        790.3013        16.37363        35.31891    
  120.0      0.8218       2.960        750.0533        699.0697        68.49885        81.55796    
  120.0      0.9083       2.960        663.0660        617.9967        107.1543        115.5059    
  120.0       1.004       2.960        585.7818        545.9673        134.6991        139.3265    
  120.0       1.109       2.960        517.6613        482.4787        153.1994        154.9508    
  120.0       1.226       2.960        456.7060        425.6684        164.7052        164.2223    
  120.0       1.355       2.960        402.7805        375.4101        170.4946        168.3350    
  120.0       1.497       2.960        355.1543        331.0230        171.8314        168.4490    
  120.0       1.655       2.960        312.6703        291.4285        169.7311        165.4839    
  120.0       1.829       2.960        275.1934        256.5008        165.0588        160.2414    
  120.0       2.021       2.960        242.0632        225.6245        158.5164        153.3595    
  120.0       2.234       2.960        212.6396        198.2028        150.6154        145.3002    
  120.0       2.469       2.960        186.6663        173.9969        141.8223        136.4921    
  120.0       2.729       2.960        163.6831        152.5778        132.4791        127.2433    
  120.0       3.016       2.960        143.4111        133.6857        122.9291        117.8663    
  120.0       3.333       2.960        125.5191        117.0119        113.3457        108.5149    
  120.0       3.683       2.960        109.7475        102.3141        103.9397        99.37931    
  120.0       4.071       2.960        95.79641        89.31320        94.78888        90.52549    
  120.0       4.499       2.960        83.52869        77.88113        86.03260        82.07910    
  120.0       4.972       2.960        72.72634        67.81474        77.72115        74.08206    
  120.0       5.495       2.960        63.22018        58.95635        69.89857        66.57164    
  120.0       6.073       2.960        54.86452        51.17013        62.59284        59.57005    
  120.0       6.711       2.960        47.53634        44.34142        55.82494        53.09407    
  120.0       7.417       2.960        41.10061        38.34437        49.57162        47.11876    
  120.0       8.197       2.960        35.46359        33.09157        43.83873        41.64741    
  120.0       9.059       2.960        30.52832        28.49264        38.60752        36.65938    
  120.0       10.01       2.960        26.21916        24.47705        33.85926        32.13773    
  120.0       11.06       2.960        22.46127        20.97504        29.56968        28.05520    
  120.0       12.23       2.960        19.16199        17.90023        25.68074        24.35774    
  120.0       13.51       2.960        16.32189        15.25312        22.23247        21.08137    
  120.0       14.94       2.960        13.82899        12.92935        19.12238        18.12771    
  120.0       16.51       2.960        11.68559        10.93106        16.38029        15.52530    
  120.0       18.24       2.960        9.838771        9.208949        13.96321        13.23257    
  120.0       20.16       2.960        8.239600        7.717387        11.82669        11.20693    
  120.0       22.28       2.960        6.865925        6.435748        9.956422        9.434499    
  120.0       24.63       2.960        5.686775        5.335184        8.322873        7.887097    
  120.0       27.22       2.960        4.684264        4.399053        6.912079        6.550945    
  120.0       30.08       2.960        3.832756        3.603493        5.696993        5.400534    
  120.0       33.24       2.960        3.112109        2.929736        4.656030        4.415187    
  120.0       36.74       2.960        2.503657        2.360401        3.767637        3.574314    
  120.0       40.60       2.960        1.995365        1.884333        3.018375        2.865150    
  120.0       44.87       2.960        1.572204        1.487515        2.389360        2.269699    
  120.0       49.59       2.960        1.222669        1.159269        1.866237        1.774333    
  120.0       54.81       2.960       0.9364332       0.8899947        1.435282        1.366038    
  120.0       60.57       2.960       0.7050240       0.6718336        1.085093        1.033993    
  120.0       66.94       2.960       0.5201610       0.4971197       0.8039013       0.7671020    
  120.0       73.98       2.960       0.3748422       0.3593745       0.5819217       0.5561291    
  120.0       81.76       2.960       0.2629128       0.2529234       0.4101597       0.3926168    
  120.0       89.36       2.960       0.1868964       0.1803695       0.2929417       0.2808361    
  120.0       90.36       2.960       0.1787376       0.1725665       0.2803248       0.2687940    
  120.0       91.20       2.960       0.1721668       0.1662794       0.2701588       0.2590879    
  120.0       92.00       2.960       0.1661392       0.1605098       0.2608294       0.2501785    
  120.0       99.86       2.960       0.1172611       0.1136362       0.1849846       0.1776775    
  120.0       110.4       2.960       0.7370244E-01   0.7169861E-01   0.1170095       0.1125738    
  120.0       120.0       2.960       0.4833394E-01   0.4717037E-01   0.7717580E-01   0.7434431E-01
  120.0       130.0       2.960       0.3113324E-01   0.3047593E-01   0.5000387E-01   0.4822020E-01
  120.0       140.0       2.960       0.2002781E-01   0.1965844E-01   0.3234848E-01   0.3122099E-01
  120.0       150.0       2.960       0.1284465E-01   0.1263880E-01   0.2086067E-01   0.2014396E-01
  120.0       160.0       2.960       0.8203310E-02   0.8089518E-02   0.1339438E-01   0.1293811E-01
  120.0       170.0       2.960       0.5211892E-02   0.5149594E-02   0.8555433E-02   0.8264737E-02
  120.0       180.0       2.960       0.3290617E-02   0.3256887E-02   0.5429281E-02   0.5243935E-02
  120.0       190.0       2.960       0.2060469E-02   0.2042445E-02   0.3416638E-02   0.3298763E-02
  120.0       200.0       2.960       0.1277692E-02   0.1268204E-02   0.2129201E-02   0.2054541E-02
  120.0       210.0       2.960       0.7834835E-03   0.7785727E-03   0.1312004E-02   0.1265001E-02
  120.0       220.0       2.960       0.4740397E-03   0.4715467E-03   0.7975474E-03   0.7682063E-03
  120.0       230.0       2.960       0.2822619E-03   0.2810243E-03   0.4772287E-03   0.4591175E-03
  120.0       240.0       2.960       0.1650665E-03   0.1644673E-03   0.2803865E-03   0.2693651E-03
  120.0       250.0       2.960       0.9439680E-04   0.9411528E-04   0.1611548E-03   0.1545657E-03
  120.0       260.0       2.960       0.5265540E-04   0.5252741E-04   0.9033225E-04   0.8647772E-04
  120.0       270.0       2.960       0.2847761E-04   0.2842170E-04   0.4910729E-04   0.4691156E-04
  120.0       280.0       2.960       0.1485710E-04   0.1483379E-04   0.2575551E-04   0.2454442E-04
  120.0       290.0       2.960       0.7418088E-05   0.7408885E-05   0.1293195E-04   0.1228989E-04
  120.0       300.0       2.960       0.3511143E-05   0.3507740E-05   0.6158324E-05   0.5834160E-05
  120.0       310.0       2.960       0.1554667E-05   0.1553506E-05   0.2744738E-05   0.2590884E-05
  120.0       320.0       2.960       0.6326321E-06   0.6322734E-06   0.1125222E-05   0.1057595E-05
  120.0       330.0       2.960       0.2304996E-06   0.2304022E-06   0.4134953E-06   0.3866641E-06
  120.0       340.0       2.960       0.7236639E-07   0.7234409E-07   0.1311361E-06   0.1218649E-06
  120.0       350.0       2.960       0.1836135E-07   0.1835733E-07   0.3369926E-07   0.3107013E-07
  120.0       360.0       2.960       0.3371200E-08   0.3370694E-08   0.6291408E-08   0.5739978E-08
  120.0       370.0       2.960       0.3565280E-09   0.3564934E-09   0.6819668E-09   0.6129994E-09
  120.0       380.0       2.960       0.1202043E-10   0.1201977E-10   0.2401357E-10   0.2108615E-10
  120.0       400.0       2.960        0.000000        0.000000        0.000000        0.000000    
  120.0       450.0       2.960        0.000000        0.000000        0.000000        0.000000    
  120.0       500.0       2.960        0.000000        0.000000        0.000000        0.000000    
  120.0      0.9106E-01   3.200        7343.744        7053.114       -13181.91       -12465.11    
  120.0      0.1006       3.200        6545.374        6286.341       -11029.57       -10419.37    
  120.0      0.1112       3.200        5828.215        5597.566       -9189.876       -8671.502    
  120.0      0.1229       3.200        5189.111        4983.757       -7631.003       -7191.316    
  120.0      0.1358       3.200        4620.139        4437.303       -6313.494       -5941.079    
  120.0      0.1501       3.200        4111.003        3948.318       -5196.390       -4881.732    
  120.0      0.1659       3.200        3657.097        3512.375       -4254.802       -3989.483    
  120.0      0.1834       3.200        3251.593        3122.920       -3461.794       -3238.631    
  120.0      0.2027       3.200        2890.945        2776.545       -2797.965       -2610.651    
  120.0      0.2240       3.200        2569.885        2468.191       -2243.917       -2087.056    
  120.0      0.2475       3.200        2284.127        2193.743       -1782.875       -1651.848    
  120.0      0.2736       3.200        2028.297        1948.038       -1398.291       -1289.276    
  120.0      0.3023       3.200        1801.594        1730.306       -1082.068       -991.5882    
  120.0      0.3341       3.200        1599.160        1535.885       -821.0496       -746.2748    
  120.0      0.3693       3.200        1418.690        1362.557       -607.2081       -545.6855    
  120.0      0.4081       3.200        1258.482        1208.689       -433.8506       -383.4381    
  120.0      0.4510       3.200        1115.837        1071.689       -293.8127       -252.7252    
  120.0      0.4985       3.200        988.7182        949.6013       -181.4437       -148.1738    
  120.0      0.5509       3.200        875.8833        841.2319       -92.72165       -65.95284    
  120.0      0.6088       3.200        775.5734        744.8918       -23.38016       -2.011645    
  120.0      0.6729       3.200        686.2816        659.1338        30.04591        46.93574    
  120.0      0.7436       3.200        607.1271        583.1119        70.24736        83.45049    
  120.0      0.8218       3.200        536.7690        515.5384        99.76049        109.9326    
  120.0      0.9083       3.200        474.2488        455.4925        120.5423        128.2375    
  120.0       1.004       3.200        418.7139        402.1556        134.2654        139.9486    
  120.0       1.109       3.200        369.7757        355.1544        142.2795        146.3516    
  120.0       1.226       3.200        326.0026        313.1139        145.8954        148.6675    
  120.0       1.355       3.200        287.3088        275.9517        146.0362        147.7802    
  120.0       1.497       3.200        253.1527        243.1477        143.5364        144.4770    
  120.0       1.655       3.200        222.6991        213.8996        139.0235        139.3387    
  120.0       1.829       3.200        195.8378        188.1018        133.0478        132.8909    
  120.0       2.021       3.200        172.1026        165.3063        126.0760        125.5690    
  120.0       2.234       3.200        151.0345        145.0725        118.4292        117.6701    
  120.0       2.469       3.200        132.4511        127.2251        110.4363        109.5027    
  120.0       2.729       3.200        116.0170        111.4419        102.2883        101.2443    
  120.0       3.016       3.200        101.5267        97.52557        94.18321        93.07869    
  120.0       3.333       3.200        88.74778        85.25299        86.24550        85.11915    
  120.0       3.683       3.200        77.49018        74.44146        78.58786        77.46876    
  120.0       4.071       3.200        67.53959        64.88521        71.24165        70.15200    
  120.0       4.499       3.200        58.79294        56.48521        64.29941        63.25531    
  120.0       4.972       3.200        51.09673        49.09405        57.77667        56.78937    
  120.0       5.495       3.200        44.33180        42.59727        51.69539        50.77201    
  120.0       6.073       3.200        38.39391        36.89474        46.06455        45.20901    
  120.0       6.711       3.200        33.19082        31.89789        40.88201        40.09600    
  120.0       7.417       3.200        28.62238        27.51051        36.12543        35.40894    
  120.0       8.197       3.200        24.62465        23.67120        31.78648        31.13832    
  120.0       9.059       3.200        21.13156        20.31648        27.85044        27.26784    
  120.0       10.01       3.200        18.08771        17.39311        24.29990        23.77960    
  120.0       11.06       3.200        15.43539        14.84563        21.10646        20.64477    
  120.0       12.23       3.200        13.11087        12.61289        18.22530        17.81854    
  120.0       13.51       3.200        11.11420        10.69489        15.68347        15.32664    
  120.0       14.94       3.200        9.366910        9.016300        13.40240        13.09228    
  120.0       16.51       3.200        7.868134        7.576269        11.40086        11.13274    
  120.0       18.24       3.200        6.580224        6.338640        9.645053        9.414771    
  120.0       20.16       3.200        5.468902        5.270498        8.101326        7.905161    
  120.0       22.28       3.200        4.518843        4.357140        6.758174        6.592408    
  120.0       24.63       3.200        3.707306        3.576743        5.592505        5.453723    
  120.0       27.22       3.200        3.021241        2.916774        4.592608        4.477464    
  120.0       30.08       3.200        2.441992        2.359326        3.737631        3.643103    
  120.0       33.24       3.200        1.955493        1.890913        3.011332        2.934654    
  120.0       36.74       3.200        1.548671        1.498995        2.397815        2.336476    
  120.0       40.60       3.200        1.212376        1.174783        1.886077        1.837713    
  120.0       44.87       3.200       0.9355531       0.9076797        1.461781        1.424305    
  120.0       49.59       3.200       0.7104120       0.6902243        1.114407        1.085928    
  120.0       54.81       3.200       0.5292827       0.5150523       0.8334189       0.8122360    
  120.0       60.57       3.200       0.3857469       0.3760364       0.6097325       0.5943670    
  120.0       66.94       3.200       0.2739546       0.2675694       0.4347421       0.4238946    
  120.0       73.98       3.200       0.1887871       0.1847707       0.3008598       0.2934419    
  120.0       81.76       3.200       0.1255092       0.1231086       0.2009527       0.1960525    
  120.0       89.36       3.200       0.8431587E-01   0.8287250E-01   0.1356398       0.1323605    
  120.0       90.36       3.200       0.8001702E-01   0.7866761E-01   0.1288046       0.1256932    
  120.0       91.20       3.200       0.7657526E-01   0.7530013E-01   0.1233276       0.1203505    
  120.0       92.00       3.200       0.7343445E-01   0.7222630E-01   0.1183259       0.1154714    
  120.0       99.86       3.200       0.4860440E-01   0.4789678E-01   0.7869897E-01   0.7680742E-01
  120.0       110.4       3.200       0.2778661E-01   0.2744634E-01   0.4529125E-01   0.4419970E-01
  120.0       120.0       3.200       0.1656776E-01   0.1639604E-01   0.2717019E-01   0.2650849E-01
  120.0       130.0       3.200       0.9569373E-02   0.9486779E-02   0.1579389E-01   0.1540199E-01
  120.0       140.0       3.200       0.5451522E-02   0.5412727E-02   0.9054688E-02   0.8823919E-02
  120.0       150.0       3.200       0.3054920E-02   0.3037181E-02   0.5106054E-02   0.4971416E-02
  120.0       160.0       3.200       0.1678093E-02   0.1670229E-02   0.2822463E-02   0.2744913E-02
  120.0       170.0       3.200       0.9000036E-03   0.8966409E-03   0.1523280E-02   0.1479403E-02
  120.0       180.0       3.200       0.4688162E-03   0.4674378E-03   0.7985044E-03   0.7742549E-03
  120.0       190.0       3.200       0.2358446E-03   0.2353069E-03   0.4042670E-03   0.3912580E-03
  120.0       200.0       3.200       0.1136319E-03   0.1134343E-03   0.1960497E-03   0.1893302E-03
  120.0       210.0       3.200       0.5193770E-04   0.5187009E-04   0.9021286E-04   0.8690578E-04
  120.0       220.0       3.200       0.2219657E-04   0.2217541E-04   0.3883438E-04   0.3730174E-04
  120.0       230.0       3.200       0.8710969E-05   0.8705031E-05   0.1535605E-04   0.1469941E-04
  120.0       240.0       3.200       0.3052482E-05   0.3051039E-05   0.5426468E-05   0.5173549E-05
  120.0       250.0       3.200       0.9151874E-06   0.9148981E-06   0.1642687E-05   0.1558328E-05
  120.0       260.0       3.200       0.2190680E-06   0.2190238E-06   0.3978170E-06   0.3749577E-06
  120.0       270.0       3.200       0.3683853E-07   0.3683406E-07   0.6790008E-07   0.6343462E-07
  120.0       280.0       3.200       0.3306293E-08   0.3306074E-08   0.6230988E-08   0.5744426E-08
  120.0       290.0       3.200       0.7147430E-10   0.7147220E-10   0.1402240E-09   0.1262135E-09
  120.0       300.0       3.200       0.4176537E-13   0.4176291E-13   0.8916845E-13   0.7685756E-13
  120.0       310.0       3.200        0.000000        0.000000        0.000000        0.000000    
  120.0       320.0       3.200        0.000000        0.000000        0.000000        0.000000    
  120.0       330.0       3.200        0.000000        0.000000        0.000000        0.000000    
  120.0       340.0       3.200        0.000000        0.000000        0.000000        0.000000    
  120.0       350.0       3.200        0.000000        0.000000        0.000000        0.000000    
  120.0       360.0       3.200        0.000000        0.000000        0.000000        0.000000    
  120.0       370.0       3.200        0.000000        0.000000        0.000000        0.000000    
  120.0       380.0       3.200        0.000000        0.000000        0.000000        0.000000    
  120.0       400.0       3.200        0.000000        0.000000        0.000000        0.000000    
  120.0       450.0       3.200        0.000000        0.000000        0.000000        0.000000    
  120.0       500.0       3.200        0.000000        0.000000        0.000000        0.000000    
  120.0      0.9106E-01   3.900        269.7888        269.3590       -274.0955       -264.3914    
  120.0      0.1006       3.900        240.0762        239.6938       -220.2296       -211.6225    
  120.0      0.1112       3.900        213.4342        213.0942       -175.0025       -167.3741    
  120.0      0.1229       3.900        189.7192        189.4170       -137.4608       -130.7003    
  120.0      0.1358       3.900        168.6299        168.3613       -106.4533       -100.4615    
  120.0      0.1501       3.900        149.7818        149.5433       -80.83130       -75.52426    
  120.0      0.1659       3.900        133.0008        132.7890       -59.85377       -55.15391    
  120.0      0.1834       3.900        118.0305        117.8426       -42.72228       -38.56212    
  120.0      0.2027       3.900        104.7344        104.5677       -28.91535       -25.23279    
  120.0      0.2240       3.900        92.91576        92.76785       -17.85923       -14.59957    
  120.0      0.2475       3.900        82.41254        82.28137       -9.095523       -6.210416    
  120.0      0.2736       3.900        73.02168        72.90547       -2.191655       0.3595182    
  120.0      0.3023       3.900        64.71133        64.60835        3.106416        5.363048    
  120.0      0.3341       3.900        57.30174        57.21057        7.127634        9.122295    
  120.0      0.3693       3.900        50.70754        50.62686        10.09117        11.85337    
  120.0      0.4081       3.900        44.86494        44.79357        12.18775        13.74460    
  120.0      0.4510       3.900        39.67211        39.60901        13.58143        14.95619    
  120.0      0.4985       3.900        35.05347        34.99773        14.41601        15.62925    
  120.0      0.5509       3.900        30.96150        30.91228        14.80640        15.87679    
  120.0      0.6088       3.900        27.33062        27.28717        14.84821        15.79213    
  120.0      0.6729       3.900        24.10448        24.06617        14.62069        15.45266    
  120.0      0.7436       3.900        21.24992        21.21616        14.19180        14.92457    
  120.0      0.8218       3.900        18.71825        18.68852        13.61526        14.26026    
  120.0      0.9083       3.900        16.47405        16.44789        12.93361        13.50103    
  120.0       1.004       3.900        14.48554        14.46255        12.18105        12.67974    
  120.0       1.109       3.900        12.73781        12.71760        11.39562        11.83389    
  120.0       1.226       3.900        11.17858        11.16086        10.58585        10.97028    
  120.0       1.355       3.900        9.803521        9.787988        9.777004        10.11403    
  120.0       1.497       3.900        8.592917        8.579313        8.985341        9.280638    
  120.0       1.655       3.900        7.516636        7.504746        8.212463        8.470634    
  120.0       1.829       3.900        6.570608        6.560224        7.474429        7.699935    
  120.0       2.021       3.900        5.737426        5.728369        6.773737        6.970490    
  120.0       2.234       3.900        5.000255        4.992372        6.111562        6.282841    
  120.0       2.469       3.900        4.352177        4.345327        5.491929        5.640808    
  120.0       2.729       3.900        3.781108        3.775167        4.915619        5.044732    
  120.0       3.016       3.900        3.279608        3.274466        4.382975        4.494713    
  120.0       3.333       3.900        2.839306        2.834865        3.893164        3.989631    
  120.0       3.683       3.900        2.453263        2.449437        3.445257        3.528295    
  120.0       4.071       3.900        2.113711        2.110425        3.035391        3.106605    
  120.0       4.499       3.900        1.816929        1.814114        2.663851        2.724729    
  120.0       4.972       3.900        1.557409        1.555007        2.327965        2.379794    
  120.0       5.495       3.900        1.330601        1.328559        2.025345        2.069258    
  120.0       6.073       3.900        1.132878        1.131150        1.753822        1.790838    
  120.0       6.711       3.900       0.9610738       0.9596170        1.511474        1.542506    
  120.0       7.417       3.900       0.8117086       0.8104875        1.295550        1.321393    
  120.0       8.197       3.900       0.6823800       0.6813623        1.104316        1.125679    
  120.0       9.059       3.900       0.5706808       0.5698380       0.9355835       0.9531012    
  120.0       10.01       3.900       0.4746096       0.4739164       0.7875599       0.8017997    
  120.0       11.06       3.900       0.3922254       0.3916599       0.6582860       0.6697440    
  120.0       12.23       3.900       0.3213545       0.3208980       0.5451047       0.5542030    
  120.0       13.51       3.900       0.2617401       0.2613744       0.4483659       0.4555157    
  120.0       14.94       3.900       0.2107862       0.2104974       0.3644184       0.3699401    
  120.0       16.51       3.900       0.1682928       0.1680674       0.2933981       0.2976004    
  120.0       18.24       3.900       0.1329296       0.1327561       0.2335298       0.2366718    
  120.0       20.16       3.900       0.1035388       0.1034078       0.1831646       0.1854601    
  120.0       22.28       3.900       0.7947050E-01   0.7937350E-01   0.1414658       0.1431016    
  120.0       24.63       3.900       0.5992201E-01   0.5985200E-01   0.1072397       0.1083701    
  120.0       27.22       3.900       0.4429973E-01   0.4425060E-01   0.7965348E-01   0.8040753E-01
  120.0       30.08       3.900       0.3197954E-01   0.3194625E-01   0.5774396E-01   0.5822471E-01
  120.0       33.24       3.900       0.2242910E-01   0.2240746E-01   0.4064909E-01   0.4093792E-01
  120.0       36.74       3.900       0.1517105E-01   0.1515772E-01   0.2758835E-01   0.2774799E-01
  120.0       40.60       3.900       0.9830866E-02   0.9823163E-02   0.1793742E-01   0.1801537E-01
  120.0       44.87       3.900       0.6026318E-02   0.6022213E-02   0.1103640E-01   0.1106672E-01
  120.0       49.59       3.900       0.3443475E-02   0.3441502E-02   0.6333410E-02   0.6339434E-02
  120.0       54.81       3.900       0.1794656E-02   0.1793826E-02   0.3319206E-02   0.3315555E-02
  120.0       60.57       3.900       0.8284840E-03   0.8281913E-03   0.1543134E-02   0.1537780E-02
  120.0       66.94       3.900       0.3224739E-03   0.3223930E-03   0.6063370E-03   0.6025274E-03
  120.0       73.98       3.900       0.9772873E-04   0.9771304E-04   0.1860726E-03   0.1842672E-03
  120.0       81.76       3.900       0.1980002E-04   0.1979829E-04   0.3835377E-04   0.3781188E-04
  120.0       89.36       3.900       0.2590213E-05   0.2590109E-05   0.5128338E-05   0.5027716E-05
  120.0       90.36       3.900       0.1877907E-05   0.1877840E-05   0.3730550E-05   0.3654145E-05
  120.0       91.20       3.900       0.1414323E-05   0.1414277E-05   0.2818637E-05   0.2758767E-05
  120.0       92.00       3.900       0.1065917E-05   0.1065886E-05   0.2130083E-05   0.2083167E-05
  120.0       99.86       3.900       0.2378042E-07   0.2378025E-07   0.4942218E-07   0.4780145E-07
  120.0       110.4       3.900        0.000000        0.000000        0.000000        0.000000    
  120.0       120.0       3.900        0.000000        0.000000        0.000000        0.000000    
  120.0       130.0       3.900        0.000000        0.000000        0.000000        0.000000    
  120.0       140.0       3.900        0.000000        0.000000        0.000000        0.000000    
  120.0       150.0       3.900        0.000000        0.000000        0.000000        0.000000    
  120.0       160.0       3.900        0.000000        0.000000        0.000000        0.000000    
  120.0       170.0       3.900        0.000000        0.000000        0.000000        0.000000    
  120.0       180.0       3.900        0.000000        0.000000        0.000000        0.000000    
  120.0       190.0       3.900        0.000000        0.000000        0.000000        0.000000    
  120.0       200.0       3.900        0.000000        0.000000        0.000000        0.000000    
  120.0       210.0       3.900        0.000000        0.000000        0.000000        0.000000    
  120.0       220.0       3.900        0.000000        0.000000        0.000000        0.000000    
  120.0       230.0       3.900        0.000000        0.000000        0.000000        0.000000    
  120.0       240.0       3.900        0.000000        0.000000        0.000000        0.000000    
  120.0       250.0       3.900        0.000000        0.000000        0.000000        0.000000    
  120.0       260.0       3.900        0.000000        0.000000        0.000000        0.000000    
  120.0       270.0       3.900        0.000000        0.000000        0.000000        0.000000    
  120.0       280.0       3.900        0.000000        0.000000        0.000000        0.000000    
  120.0       290.0       3.900        0.000000        0.000000        0.000000        0.000000    
  120.0       300.0       3.900        0.000000        0.000000        0.000000        0.000000    
  120.0       310.0       3.900        0.000000        0.000000        0.000000        0.000000    
  120.0       320.0       3.900        0.000000        0.000000        0.000000        0.000000    
  120.0       330.0       3.900        0.000000        0.000000        0.000000        0.000000    
  120.0       340.0       3.900        0.000000        0.000000        0.000000        0.000000    
  120.0       350.0       3.900        0.000000        0.000000        0.000000        0.000000    
  120.0       360.0       3.900        0.000000        0.000000        0.000000        0.000000    
  120.0       370.0       3.900        0.000000        0.000000        0.000000        0.000000    
  120.0       380.0       3.900        0.000000        0.000000        0.000000        0.000000    
  120.0       400.0       3.900        0.000000        0.000000        0.000000        0.000000    
  120.0       450.0       3.900        0.000000        0.000000        0.000000        0.000000    
  120.0       500.0       3.900        0.000000        0.000000        0.000000        0.000000    
