 ECM, IBEAM, JWTYPE_IN, NORDER, IDO_CBAR, JZ_TYPE, scale_fac_muR, scale_fac_muF, iscale=    38.799999999999997                1           2           2           0           0   1.0000000000000000        1.0000000000000000                1

  Q,qT,y, pertL0_1, pertA3_1,  pertL0_1+pertL0_2 pertA3_1+pertA3_2 
  7.100      0.9106E-01  -.2000        340131.2       -999.0000        403762.6       -999.0000    
  7.100      0.1006      -.2000        297767.5       -999.0000        376029.4       -999.0000    
  7.100      0.1112      -.2000        260195.5       -999.0000        347569.5       -999.0000    
  7.100      0.1229      -.2000        227131.5       -999.0000        319230.0       -999.0000    
  7.100      0.1358      -.2000        198075.7       -999.0000        291535.2       -999.0000    
  7.100      0.1501      -.2000        172426.2       -999.0000        264711.6       -999.0000    
  7.100      0.1659      -.2000        149883.6       -999.0000        239125.1       -999.0000    
  7.100      0.1834      -.2000        130044.4       -999.0000        214903.5       -999.0000    
  7.100      0.2027      -.2000        112675.1       -999.0000        192267.2       -999.0000    
  7.100      0.2240      -.2000        97466.50       -999.0000        171250.4       -999.0000    
  7.100      0.2475      -.2000        84164.07       -999.0000        151869.4       -999.0000    
  7.100      0.2736      -.2000        72469.71       -999.0000        133993.9       -999.0000    
  7.100      0.3023      -.2000        62303.84       -999.0000        117763.3       -999.0000    
  7.100      0.3341      -.2000        53408.96       -999.0000        102989.9       -999.0000    
  7.100      0.3693      -.2000        45649.46       -999.0000        89630.64       -999.0000    
  7.100      0.4081      -.2000        38919.04       -999.0000        77658.84       -999.0000    
  7.100      0.4510      -.2000        33072.33       -999.0000        66947.44       -999.0000    
  7.100      0.4985      -.2000        27997.70       -999.0000        57398.93       -999.0000    
  7.100      0.5509      -.2000        23619.04       -999.0000        48969.28       -999.0000    
  7.100      0.6088      -.2000        19843.05       -999.0000        41532.17       -999.0000    
  7.100      0.6729      -.2000        16590.09       -999.0000        35001.50       -999.0000    
  7.100      0.7436      -.2000        13806.49       -999.0000        29318.37       -999.0000    
  7.100      0.8218      -.2000        11425.51       -999.0000        24385.82       -999.0000    
  7.100      0.9083      -.2000        9396.989       -999.0000        20130.77       -999.0000    
  7.100       1.004      -.2000        7676.176       -999.0000        16483.52       -999.0000    
  7.100       1.109      -.2000        6234.223       -999.0000        13401.83       -999.0000    
  7.100       1.226      -.2000        5013.835       -999.0000        10779.84       -999.0000    
  7.100       1.355      -.2000        3998.817       -999.0000        8586.823       -999.0000    
  7.100       1.497      -.2000        3160.886       -999.0000        6772.070       -999.0000    
  7.100       1.655      -.2000        2467.233       -999.0000        5269.003       -999.0000    
  7.100       1.829      -.2000        1904.058       -999.0000        4050.048       -999.0000    
  7.100       2.021      -.2000        1449.979       -999.0000        3070.338       -999.0000    
  7.100       2.234      -.2000        1086.032       -999.0000        2288.439       -999.0000    
  7.100       2.469      -.2000        799.6537       -999.0000        1676.675       -999.0000    
  7.100       2.729      -.2000        576.8866       -999.0000        1203.903       -999.0000    
  7.100       3.016      -.2000        406.8707       -999.0000        845.6533       -999.0000    
  7.100       3.333      -.2000        279.4964       -999.0000        579.1475       -999.0000    
  7.100       3.683      -.2000        186.2624       -999.0000        385.3212       -999.0000    
  7.100       4.071      -.2000        119.6207       -999.0000        247.4968       -999.0000    
  7.100       4.499      -.2000        73.75899       -999.0000        152.9516       -999.0000    
  7.100       4.972      -.2000        43.32570       -999.0000        90.26960       -999.0000    
  7.100       5.495      -.2000        24.04091       -999.0000        50.46633       -999.0000    
  7.100       6.073      -.2000        12.48066       -999.0000        26.47896       -999.0000    
  7.100       6.711      -.2000        5.995428       -999.0000        12.90008       -999.0000    
  7.100       7.417      -.2000        2.619908       -999.0000        5.739848       -999.0000    
  7.100       8.197      -.2000        1.021923       -999.0000        2.290494       -999.0000    
  7.100       9.059      -.2000       0.3461518       -999.0000       0.7983462       -999.0000    
  7.100      0.9106E-01  -.1000        345248.8       -999.0000        407225.8       -999.0000    
  7.100      0.1006      -.1000        302264.0       -999.0000        379463.9       -999.0000    
  7.100      0.1112      -.1000        264140.0       -999.0000        350914.0       -999.0000    
  7.100      0.1229      -.1000        230589.0       -999.0000        322440.7       -999.0000    
  7.100      0.1358      -.1000        201104.2       -999.0000        294582.3       -999.0000    
  7.100      0.1501      -.1000        175075.1       -999.0000        267574.3       -999.0000    
  7.100      0.1659      -.1000        152198.0       -999.0000        241790.9       -999.0000    
  7.100      0.1834      -.1000        132063.6       -999.0000        217367.1       -999.0000    
  7.100      0.2027      -.1000        114435.1       -999.0000        194528.3       -999.0000    
  7.100      0.2240      -.1000        98998.98       -999.0000        173312.9       -999.0000    
  7.100      0.2475      -.1000        85496.68       -999.0000        153740.1       -999.0000    
  7.100      0.2736      -.1000        73625.79       -999.0000        135680.5       -999.0000    
  7.100      0.3023      -.1000        63305.75       -999.0000        119276.7       -999.0000    
  7.100      0.3341      -.1000        54275.51       -999.0000        104340.7       -999.0000    
  7.100      0.3693      -.1000        46397.42       -999.0000        90830.06       -999.0000    
  7.100      0.4081      -.1000        39563.56       -999.0000        78719.21       -999.0000    
  7.100      0.4510      -.1000        33626.39       -999.0000        67894.76       -999.0000    
  7.100      0.4985      -.1000        28472.73       -999.0000        58227.99       -999.0000    
  7.100      0.5509      -.1000        24025.47       -999.0000        49681.81       -999.0000    
  7.100      0.6088      -.1000        20189.88       -999.0000        42149.76       -999.0000    
  7.100      0.6729      -.1000        16885.05       -999.0000        35533.98       -999.0000    
  7.100      0.7436      -.1000        14056.61       -999.0000        29775.16       -999.0000    
  7.100      0.8218      -.1000        11636.84       -999.0000        24775.48       -999.0000    
  7.100      0.9083      -.1000        9574.838       -999.0000        20461.20       -999.0000    
  7.100       1.004      -.1000        7825.195       -999.0000        16761.99       -999.0000    
  7.100       1.109      -.1000        6358.666       -999.0000        13638.93       -999.0000    
  7.100       1.226      -.1000        5117.068       -999.0000        10974.26       -999.0000    
  7.100       1.355      -.1000        4083.994       -999.0000        8747.411       -999.0000    
  7.100       1.497      -.1000        3230.776       -999.0000        6903.778       -999.0000    
  7.100       1.655      -.1000        2524.120       -999.0000        5375.829       -999.0000    
  7.100       1.829      -.1000        1950.020       -999.0000        4136.463       -999.0000    
  7.100       2.021      -.1000        1486.755       -999.0000        3139.173       -999.0000    
  7.100       2.234      -.1000        1115.132       -999.0000        2342.753       -999.0000    
  7.100       2.469      -.1000        822.4102       -999.0000        1719.011       -999.0000    
  7.100       2.729      -.1000        594.4171       -999.0000        1236.498       -999.0000    
  7.100       3.016      -.1000        420.1456       -999.0000        870.3397       -999.0000    
  7.100       3.333      -.1000        289.3619       -999.0000        597.5297       -999.0000    
  7.100       3.683      -.1000        193.4272       -999.0000        398.7344       -999.0000    
  7.100       4.071      -.1000        124.6682       -999.0000        256.9987       -999.0000    
  7.100       4.499      -.1000        77.20302       -999.0000        159.4993       -999.0000    
  7.100       4.972      -.1000        45.58871       -999.0000        94.62189       -999.0000    
  7.100       5.495      -.1000        25.45530       -999.0000        53.22796       -999.0000    
  7.100       6.073      -.1000        13.31953       -999.0000        28.14474       -999.0000    
  7.100       6.711      -.1000        6.460850       -999.0000        13.84339       -999.0000    
  7.100       7.417      -.1000        2.857641       -999.0000        6.233221       -999.0000    
  7.100       8.197      -.1000        1.132219       -999.0000        2.525659       -999.0000    
  7.100       9.059      -.1000       0.3914441       -999.0000       0.8980051       -999.0000    
  7.100      0.9106E-01   0.000        346920.9       -999.0000        408317.8       -999.0000    
  7.100      0.1006       0.000        303733.3       -999.0000        380550.8       -999.0000    
  7.100      0.1112       0.000        265429.0       -999.0000        351976.8       -999.0000    
  7.100      0.1229       0.000        231719.1       -999.0000        323464.2       -999.0000    
  7.100      0.1358       0.000        202094.3       -999.0000        295555.9       -999.0000    
  7.100      0.1501       0.000        175941.3       -999.0000        268490.9       -999.0000    
  7.100      0.1659       0.000        152954.9       -999.0000        242646.2       -999.0000    
  7.100      0.1834       0.000        132724.0       -999.0000        218158.2       -999.0000    
  7.100      0.2027       0.000        115010.7       -999.0000        195255.5       -999.0000    
  7.100      0.2240       0.000        99500.06       -999.0000        173976.8       -999.0000    
  7.100      0.2475       0.000        85932.45       -999.0000        154342.8       -999.0000    
  7.100      0.2736       0.000        74004.00       -999.0000        136224.2       -999.0000    
  7.100      0.3023       0.000        63633.80       -999.0000        119765.0       -999.0000    
  7.100      0.3341       0.000        54559.33       -999.0000        104777.0       -999.0000    
  7.100      0.3693       0.000        46642.32       -999.0000        91239.21       -999.0000    
  7.100      0.4081       0.000        39774.46       -999.0000        79080.78       -999.0000    
  7.100      0.4510       0.000        33807.77       -999.0000        68198.24       -999.0000    
  7.100      0.4985       0.000        28628.39       -999.0000        58493.65       -999.0000    
  7.100      0.5509       0.000        24158.68       -999.0000        49913.29       -999.0000    
  7.100      0.6088       0.000        20303.57       -999.0000        42350.57       -999.0000    
  7.100      0.6729       0.000        16981.79       -999.0000        35707.23       -999.0000    
  7.100      0.7436       0.000        14138.67       -999.0000        29923.85       -999.0000    
  7.100      0.8218       0.000        11706.20       -999.0000        24902.38       -999.0000    
  7.100      0.9083       0.000        9633.254       -999.0000        20568.89       -999.0000    
  7.100       1.004       0.000        7874.151       -999.0000        16857.59       -999.0000    
  7.100       1.109       0.000        6399.578       -999.0000        13715.44       -999.0000    
  7.100       1.226       0.000        5151.034       -999.0000        11037.96       -999.0000    
  7.100       1.355       0.000        4112.041       -999.0000        8800.054       -999.0000    
  7.100       1.497       0.000        3253.816       -999.0000        6946.996       -999.0000    
  7.100       1.655       0.000        2542.877       -999.0000        5411.192       -999.0000    
  7.100       1.829       0.000        1965.182       -999.0000        4164.799       -999.0000    
  7.100       2.021       0.000        1498.927       -999.0000        3161.835       -999.0000    
  7.100       2.234       0.000        1124.788       -999.0000        2360.676       -999.0000    
  7.100       2.469       0.000        829.9461       -999.0000        1732.975       -999.0000    
  7.100       2.729       0.000        600.2404       -999.0000        1247.269       -999.0000    
  7.100       3.016       0.000        424.5708       -999.0000        878.5281       -999.0000    
  7.100       3.333       0.000        292.6568       -999.0000        603.6548       -999.0000    
  7.100       3.683       0.000        195.8209       -999.0000        403.1856       -999.0000    
  7.100       4.071       0.000        126.3664       -999.0000        260.1860       -999.0000    
  7.100       4.499       0.000        78.36592       -999.0000        161.6988       -999.0000    
  7.100       4.972       0.000        46.35178       -999.0000        96.08449       -999.0000    
  7.100       5.495       0.000        25.93694       -999.0000        54.16378       -999.0000    
  7.100       6.073       0.000        13.60607       -999.0000        28.71193       -999.0000    
  7.100       6.711       0.000        6.620340       -999.0000        14.16562       -999.0000    
  7.100       7.417       0.000        2.939984       -999.0000        6.403558       -999.0000    
  7.100       8.197       0.000        1.170931       -999.0000        2.607929       -999.0000    
  7.100       9.059       0.000       0.4075198       -999.0000       0.9332840       -999.0000    
  7.100      0.9106E-01  0.1000        345248.8       -999.0000        407171.3       -999.0000    
  7.100      0.1006      0.1000        302264.0       -999.0000        379415.8       -999.0000    
  7.100      0.1112      0.1000        264140.0       -999.0000        350872.1       -999.0000    
  7.100      0.1229      0.1000        230589.0       -999.0000        322404.0       -999.0000    
  7.100      0.1358      0.1000        201104.2       -999.0000        294550.1       -999.0000    
  7.100      0.1501      0.1000        175075.1       -999.0000        267546.3       -999.0000    
  7.100      0.1659      0.1000        152198.0       -999.0000        241766.5       -999.0000    
  7.100      0.1834      0.1000        132063.6       -999.0000        217345.3       -999.0000    
  7.100      0.2027      0.1000        114435.1       -999.0000        194509.0       -999.0000    
  7.100      0.2240      0.1000        98998.98       -999.0000        173295.8       -999.0000    
  7.100      0.2475      0.1000        85496.68       -999.0000        153725.1       -999.0000    
  7.100      0.2736      0.1000        73625.79       -999.0000        135702.9       -999.0000    
  7.100      0.3023      0.1000        63305.75       -999.0000        119296.5       -999.0000    
  7.100      0.3341      0.1000        54275.51       -999.0000        104358.2       -999.0000    
  7.100      0.3693      0.1000        46397.42       -999.0000        90845.29       -999.0000    
  7.100      0.4081      0.1000        39563.56       -999.0000        78732.42       -999.0000    
  7.100      0.4510      0.1000        33626.39       -999.0000        67891.61       -999.0000    
  7.100      0.4985      0.1000        28472.73       -999.0000        58225.14       -999.0000    
  7.100      0.5509      0.1000        24025.47       -999.0000        49679.35       -999.0000    
  7.100      0.6088      0.1000        20189.88       -999.0000        42147.66       -999.0000    
  7.100      0.6729      0.1000        16885.05       -999.0000        35532.21       -999.0000    
  7.100      0.7436      0.1000        14056.61       -999.0000        29773.66       -999.0000    
  7.100      0.8218      0.1000        11636.84       -999.0000        24774.21       -999.0000    
  7.100      0.9083      0.1000        9574.838       -999.0000        20466.40       -999.0000    
  7.100       1.004      0.1000        7825.195       -999.0000        16766.35       -999.0000    
  7.100       1.109      0.1000        6358.666       -999.0000        13638.88       -999.0000    
  7.100       1.226      0.1000        5117.068       -999.0000        10974.26       -999.0000    
  7.100       1.355      0.1000        4083.994       -999.0000        8747.415       -999.0000    
  7.100       1.497      0.1000        3230.776       -999.0000        6903.852       -999.0000    
  7.100       1.655      0.1000        2524.120       -999.0000        5376.070       -999.0000    
  7.100       1.829      0.1000        1950.020       -999.0000        4136.466       -999.0000    
  7.100       2.021      0.1000        1486.755       -999.0000        3139.182       -999.0000    
  7.100       2.234      0.1000        1115.132       -999.0000        2342.703       -999.0000    
  7.100       2.469      0.1000        822.4102       -999.0000        1719.004       -999.0000    
  7.100       2.729      0.1000        594.4171       -999.0000        1236.493       -999.0000    
  7.100       3.016      0.1000        420.1456       -999.0000        870.3723       -999.0000    
  7.100       3.333      0.1000        289.3619       -999.0000        597.5391       -999.0000    
  7.100       3.683      0.1000        193.4272       -999.0000        398.7387       -999.0000    
  7.100       4.071      0.1000        124.6682       -999.0000        257.0069       -999.0000    
  7.100       4.499      0.1000        77.20302       -999.0000        159.5013       -999.0000    
  7.100       4.972      0.1000        45.58871       -999.0000        94.62307       -999.0000    
  7.100       5.495      0.1000        25.45530       -999.0000        53.22845       -999.0000    
  7.100       6.073      0.1000        13.31953       -999.0000        28.14567       -999.0000    
  7.100       6.711      0.1000        6.460850       -999.0000        13.84369       -999.0000    
  7.100       7.417      0.1000        2.857641       -999.0000        6.233490       -999.0000    
  7.100       8.197      0.1000        1.132219       -999.0000        2.525767       -999.0000    
  7.100       9.059      0.1000       0.3914441       -999.0000       0.8980674       -999.0000    
  7.100      0.9106E-01  0.2000        340131.2       -999.0000        403657.8       -999.0000    
  7.100      0.1006      0.2000        297767.5       -999.0000        375936.9       -999.0000    
  7.100      0.1112      0.2000        260195.5       -999.0000        347487.7       -999.0000    
  7.100      0.1229      0.2000        227131.5       -999.0000        319157.6       -999.0000    
  7.100      0.1358      0.2000        198075.7       -999.0000        291471.2       -999.0000    
  7.100      0.1501      0.2000        172426.2       -999.0000        264655.2       -999.0000    
  7.100      0.1659      0.2000        149883.6       -999.0000        239075.2       -999.0000    
  7.100      0.1834      0.2000        130044.4       -999.0000        214859.8       -999.0000    
  7.100      0.2027      0.2000        112675.1       -999.0000        192286.3       -999.0000    
  7.100      0.2240      0.2000        97466.50       -999.0000        171267.6       -999.0000    
  7.100      0.2475      0.2000        84164.07       -999.0000        151884.5       -999.0000    
  7.100      0.2736      0.2000        72469.71       -999.0000        134007.0       -999.0000    
  7.100      0.3023      0.2000        62303.84       -999.0000        117774.7       -999.0000    
  7.100      0.3341      0.2000        53408.96       -999.0000        102999.9       -999.0000    
  7.100      0.3693      0.2000        45649.46       -999.0000        89639.29       -999.0000    
  7.100      0.4081      0.2000        38919.04       -999.0000        77666.43       -999.0000    
  7.100      0.4510      0.2000        33072.33       -999.0000        66953.99       -999.0000    
  7.100      0.4985      0.2000        27997.70       -999.0000        57404.56       -999.0000    
  7.100      0.5509      0.2000        23619.04       -999.0000        48964.53       -999.0000    
  7.100      0.6088      0.2000        19843.05       -999.0000        41528.05       -999.0000    
  7.100      0.6729      0.2000        16590.09       -999.0000        34997.99       -999.0000    
  7.100      0.7436      0.2000        13806.49       -999.0000        29315.37       -999.0000    
  7.100      0.8218      0.2000        11425.51       -999.0000        24391.32       -999.0000    
  7.100      0.9083      0.2000        9396.989       -999.0000        20135.41       -999.0000    
  7.100       1.004      0.2000        7676.176       -999.0000        16487.32       -999.0000    
  7.100       1.109      0.2000        6234.223       -999.0000        13405.01       -999.0000    
  7.100       1.226      0.2000        5013.835       -999.0000        10779.80       -999.0000    
  7.100       1.355      0.2000        3998.817       -999.0000        8586.814       -999.0000    
  7.100       1.497      0.2000        3160.886       -999.0000        6772.137       -999.0000    
  7.100       1.655      0.2000        2467.233       -999.0000        5269.052       -999.0000    
  7.100       1.829      0.2000        1904.058       -999.0000        4050.216       -999.0000    
  7.100       2.021      0.2000        1449.979       -999.0000        3070.268       -999.0000    
  7.100       2.234      0.2000        1086.032       -999.0000        2288.385       -999.0000    
  7.100       2.469      0.2000        799.6537       -999.0000        1676.632       -999.0000    
  7.100       2.729      0.2000        576.8866       -999.0000        1203.943       -999.0000    
  7.100       3.016      0.2000        406.8707       -999.0000        845.6829       -999.0000    
  7.100       3.333      0.2000        279.4964       -999.0000        579.1620       -999.0000    
  7.100       3.683      0.2000        186.2624       -999.0000        385.3383       -999.0000    
  7.100       4.071      0.2000        119.6207       -999.0000        247.5019       -999.0000    
  7.100       4.499      0.2000        73.75899       -999.0000        152.9564       -999.0000    
  7.100       4.972      0.2000        43.32570       -999.0000        90.27143       -999.0000    
  7.100       5.495      0.2000        24.04091       -999.0000        50.46736       -999.0000    
  7.100       6.073      0.2000        12.48066       -999.0000        26.47976       -999.0000    
  7.100       6.711      0.2000        5.995428       -999.0000        12.90069       -999.0000    
  7.100       7.417      0.2000        2.619908       -999.0000        5.740106       -999.0000    
  7.100       8.197      0.2000        1.021923       -999.0000        2.290639       -999.0000    
  7.100       9.059      0.2000       0.3461518       -999.0000       0.7983896       -999.0000    
  7.100      0.9106E-01  0.3000        331272.9       -999.0000        397380.4       -999.0000    
  7.100      0.1006      0.3000        289985.5       -999.0000        369746.6       -999.0000    
  7.100      0.1112      0.3000        253369.9       -999.0000        341484.9       -999.0000    
  7.100      0.1229      0.3000        221149.2       -999.0000        313414.7       -999.0000    
  7.100      0.1358      0.3000        192836.2       -999.0000        286142.0       -999.0000    
  7.100      0.1501      0.3000        167843.9       -999.0000        259657.3       -999.0000    
  7.100      0.1659      0.3000        145880.6       -999.0000        234426.9       -999.0000    
  7.100      0.1834      0.3000        126552.7       -999.0000        210568.9       -999.0000    
  7.100      0.2027      0.3000        109632.5       -999.0000        188294.1       -999.0000    
  7.100      0.2240      0.3000        94818.47       -999.0000        167630.8       -999.0000    
  7.100      0.2475      0.3000        81862.27       -999.0000        148590.4       -999.0000    
  7.100      0.2736      0.3000        70473.36       -999.0000        131040.9       -999.0000    
  7.100      0.3023      0.3000        60574.03       -999.0000        115116.3       -999.0000    
  7.100      0.3341      0.3000        51913.36       -999.0000        100629.8       -999.0000    
  7.100      0.3693      0.3000        44359.13       -999.0000        87536.84       -999.0000    
  7.100      0.4081      0.3000        37807.68       -999.0000        75809.77       -999.0000    
  7.100      0.4510      0.3000        32117.35       -999.0000        65322.40       -999.0000    
  7.100      0.4985      0.3000        27179.29       -999.0000        55978.04       -999.0000    
  7.100      0.5509      0.3000        22919.30       -999.0000        47723.03       -999.0000    
  7.100      0.6088      0.3000        19246.46       -999.0000        40452.99       -999.0000    
  7.100      0.6729      0.3000        16083.10       -999.0000        34072.05       -999.0000    
  7.100      0.7436      0.3000        13376.90       -999.0000        28532.02       -999.0000    
  7.100      0.8218      0.3000        11062.89       -999.0000        23715.76       -999.0000    
  7.100      0.9083      0.3000        9092.147       -999.0000        19563.20       -999.0000    
  7.100       1.004      0.3000        7421.057       -999.0000        16005.69       -999.0000    
  7.100       1.109      0.3000        6021.475       -999.0000        13001.72       -999.0000    
  7.100       1.226      0.3000        4837.613       -999.0000        10444.94       -999.0000    
  7.100       1.355      0.3000        3853.573       -999.0000        8310.718       -999.0000    
  7.100       1.497      0.3000        3041.912       -999.0000        6545.979       -999.0000    
  7.100       1.655      0.3000        2370.647       -999.0000        5085.688       -999.0000    
  7.100       1.829      0.3000        1826.238       -999.0000        3902.791       -999.0000    
  7.100       2.021      0.3000        1387.849       -999.0000        2952.867       -999.0000    
  7.100       2.234      0.3000        1037.015       -999.0000        2196.004       -999.0000    
  7.100       2.469      0.3000        761.4596       -999.0000        1604.806       -999.0000    
  7.100       2.729      0.3000        547.5770       -999.0000        1148.895       -999.0000    
  7.100       3.016      0.3000        384.7430       -999.0000        804.1164       -999.0000    
  7.100       3.333      0.3000        263.1426       -999.0000        548.4030       -999.0000    
  7.100       3.683      0.3000        174.4580       -999.0000        363.0405       -999.0000    
  7.100       4.071      0.3000        111.3462       -999.0000        231.7724       -999.0000    
  7.100       4.499      0.3000        68.15127       -999.0000        142.2003       -999.0000    
  7.100       4.972      0.3000        39.67604       -999.0000        83.18989       -999.0000    
  7.100       5.495      0.3000        21.77637       -999.0000        46.01080       -999.0000    
  7.100       6.073      0.3000        11.15463       -999.0000        23.82465       -999.0000    
  7.100       6.711      0.3000        5.269248       -999.0000        11.41739       -999.0000    
  7.100       7.417      0.3000        2.254169       -999.0000        4.975636       -999.0000    
  7.100       8.197      0.3000       0.8557742       -999.0000        1.933602       -999.0000    
  7.100       9.059      0.3000       0.2795793       -999.0000       0.6505193       -999.0000    
  7.310      0.9106E-01  -.2000        294796.8       -999.0000        353161.8       -999.0000    
  7.310      0.1006      -.2000        258093.1       -999.0000        328641.2       -999.0000    
  7.310      0.1112      -.2000        225539.9       -999.0000        303565.4       -999.0000    
  7.310      0.1229      -.2000        196891.5       -999.0000        278658.8       -999.0000    
  7.310      0.1358      -.2000        171715.3       -999.0000        254366.5       -999.0000    
  7.310      0.1501      -.2000        149489.7       -999.0000        230874.5       -999.0000    
  7.310      0.1659      -.2000        129955.5       -999.0000        208493.0       -999.0000    
  7.310      0.1834      -.2000        112763.1       -999.0000        187326.6       -999.0000    
  7.310      0.2027      -.2000        97710.18       -999.0000        167561.1       -999.0000    
  7.310      0.2240      -.2000        84529.37       -999.0000        149221.7       -999.0000    
  7.310      0.2475      -.2000        73000.01       -999.0000        132319.1       -999.0000    
  7.310      0.2736      -.2000        62863.72       -999.0000        116736.6       -999.0000    
  7.310      0.3023      -.2000        54051.68       -999.0000        102593.3       -999.0000    
  7.310      0.3341      -.2000        46340.81       -999.0000        89723.60       -999.0000    
  7.310      0.3693      -.2000        39613.66       -999.0000        78088.32       -999.0000    
  7.310      0.4081      -.2000        33778.16       -999.0000        67663.44       -999.0000    
  7.310      0.4510      -.2000        28708.36       -999.0000        58337.17       -999.0000    
  7.310      0.4985      -.2000        24307.56       -999.0000        50024.08       -999.0000    
  7.310      0.5509      -.2000        20509.86       -999.0000        42685.16       -999.0000    
  7.310      0.6088      -.2000        17234.44       -999.0000        36210.24       -999.0000    
  7.310      0.6729      -.2000        14412.28       -999.0000        30524.08       -999.0000    
  7.310      0.7436      -.2000        11996.88       -999.0000        25575.26       -999.0000    
  7.310      0.8218      -.2000        9930.472       -999.0000        21279.29       -999.0000    
  7.310      0.9083      -.2000        8169.588       -999.0000        17572.58       -999.0000    
  7.310       1.004      -.2000        6675.457       -999.0000        14394.46       -999.0000    
  7.310       1.109      -.2000        5423.141       -999.0000        11708.28       -999.0000    
  7.310       1.226      -.2000        4362.973       -999.0000        9419.637       -999.0000    
  7.310       1.355      -.2000        3480.947       -999.0000        7508.863       -999.0000    
  7.310       1.497      -.2000        2752.578       -999.0000        5925.028       -999.0000    
  7.310       1.655      -.2000        2149.428       -999.0000        4612.540       -999.0000    
  7.310       1.829      -.2000        1659.593       -999.0000        3547.608       -999.0000    
  7.310       2.021      -.2000        1264.495       -999.0000        2691.091       -999.0000    
  7.310       2.234      -.2000        947.7106       -999.0000        2007.304       -999.0000    
  7.310       2.469      -.2000        698.3400       -999.0000        1471.883       -999.0000    
  7.310       2.729      -.2000        504.2697       -999.0000        1057.850       -999.0000    
  7.310       3.016      -.2000        356.0661       -999.0000        743.8843       -999.0000    
  7.310       3.333      -.2000        244.9394       -999.0000        510.1184       -999.0000    
  7.310       3.683      -.2000        163.5197       -999.0000        339.9388       -999.0000    
  7.310       4.071      -.2000        105.2367       -999.0000        218.7708       -999.0000    
  7.310       4.499      -.2000        65.05053       -999.0000        135.5073       -999.0000    
  7.310       4.972      -.2000        38.32077       -999.0000        80.18824       -999.0000    
  7.310       5.495      -.2000        21.33266       -999.0000        44.96787       -999.0000    
  7.310       6.073      -.2000        11.11406       -999.0000        23.67385       -999.0000    
  7.310       6.711      -.2000        5.358576       -999.0000        11.57433       -999.0000    
  7.310       7.417      -.2000        2.350106       -999.0000        5.168346       -999.0000    
  7.310       8.197      -.2000       0.9196396       -999.0000        2.069034       -999.0000    
  7.310       9.059      -.2000       0.3123219       -999.0000       0.7230768       -999.0000    
  7.310      0.9106E-01  -.1000        299579.4       -999.0000        356599.7       -999.0000    
  7.310      0.1006      -.1000        262294.4       -999.0000        332021.1       -999.0000    
  7.310      0.1112      -.1000        229224.7       -999.0000        306834.6       -999.0000    
  7.310      0.1229      -.1000        200120.8       -999.0000        281780.6       -999.0000    
  7.310      0.1358      -.1000        174543.3       -999.0000        257316.2       -999.0000    
  7.310      0.1501      -.1000        151962.5       -999.0000        233635.0       -999.0000    
  7.310      0.1659      -.1000        132115.3       -999.0000        211055.2       -999.0000    
  7.310      0.1834      -.1000        114646.9       -999.0000        189687.2       -999.0000    
  7.310      0.2027      -.1000        99351.89       -999.0000        169722.2       -999.0000    
  7.310      0.2240      -.1000        85958.29       -999.0000        151188.7       -999.0000    
  7.310      0.2475      -.1000        74242.00       -999.0000        134099.7       -999.0000    
  7.310      0.2736      -.1000        63940.68       -999.0000        118338.9       -999.0000    
  7.310      0.3023      -.1000        54984.69       -999.0000        104028.5       -999.0000    
  7.310      0.3341      -.1000        47147.48       -999.0000        91002.45       -999.0000    
  7.310      0.3693      -.1000        40309.58       -999.0000        79222.22       -999.0000    
  7.310      0.4081      -.1000        34377.48       -999.0000        68664.42       -999.0000    
  7.310      0.4510      -.1000        29223.29       -999.0000        59216.63       -999.0000    
  7.310      0.4985      -.1000        24748.82       -999.0000        50803.64       -999.0000    
  7.310      0.5509      -.1000        20887.17       -999.0000        43354.99       -999.0000    
  7.310      0.6088      -.1000        17556.16       -999.0000        36790.12       -999.0000    
  7.310      0.6729      -.1000        14685.69       -999.0000        31023.46       -999.0000    
  7.310      0.7436      -.1000        12228.56       -999.0000        26003.13       -999.0000    
  7.310      0.8218      -.1000        10126.05       -999.0000        21643.85       -999.0000    
  7.310      0.9083      -.1000        8334.032       -999.0000        17881.36       -999.0000    
  7.310       1.004      -.1000        6813.112       -999.0000        14654.37       -999.0000    
  7.310       1.109      -.1000        5537.982       -999.0000        11925.94       -999.0000    
  7.310       1.226      -.1000        4458.133       -999.0000        9602.949       -999.0000    
  7.310       1.355      -.1000        3559.378       -999.0000        7658.196       -999.0000    
  7.310       1.497      -.1000        2816.871       -999.0000        6047.364       -999.0000    
  7.310       1.655      -.1000        2201.711       -999.0000        4711.838       -999.0000    
  7.310       1.829      -.1000        1701.770       -999.0000        3627.500       -999.0000    
  7.310       2.021      -.1000        1298.205       -999.0000        2754.890       -999.0000    
  7.310       2.234      -.1000        974.3623       -999.0000        2057.501       -999.0000    
  7.310       2.469      -.1000        719.1625       -999.0000        1510.999       -999.0000    
  7.310       2.729      -.1000        520.2931       -999.0000        1087.899       -999.0000    
  7.310       3.016      -.1000        368.1951       -999.0000        766.6238       -999.0000    
  7.310       3.333      -.1000        253.9549       -999.0000        527.0405       -999.0000    
  7.310       3.683      -.1000        170.0645       -999.0000        352.2803       -999.0000    
  7.310       4.071      -.1000        109.8492       -999.0000        227.5143       -999.0000    
  7.310       4.499      -.1000        68.20058       -999.0000        141.5329       -999.0000    
  7.310       4.972      -.1000        40.39252       -999.0000        84.19495       -999.0000    
  7.310       5.495      -.1000        22.63011       -999.0000        47.51352       -999.0000    
  7.310       6.073      -.1000        11.88462       -999.0000        25.21128       -999.0000    
  7.310       6.711      -.1000        5.786878       -999.0000        12.44631       -999.0000    
  7.310       7.417      -.1000        2.569207       -999.0000        5.624899       -999.0000    
  7.310       8.197      -.1000        1.021534       -999.0000        2.287164       -999.0000    
  7.310       9.059      -.1000       0.3542349       -999.0000       0.8156583       -999.0000    
  7.310      0.9106E-01   0.000        301145.4       -999.0000        357694.2       -999.0000    
  7.310      0.1006       0.000        263670.3       -999.0000        333100.5       -999.0000    
  7.310      0.1112       0.000        230431.5       -999.0000        307881.5       -999.0000    
  7.310      0.1229       0.000        201178.5       -999.0000        282782.5       -999.0000    
  7.310      0.1358       0.000        175469.5       -999.0000        258264.5       -999.0000    
  7.310      0.1501       0.000        152772.5       -999.0000        234523.9       -999.0000    
  7.310      0.1659       0.000        132822.9       -999.0000        211881.4       -999.0000    
  7.310      0.1834       0.000        115264.1       -999.0000        190449.0       -999.0000    
  7.310      0.2027       0.000        99889.59       -999.0000        170420.5       -999.0000    
  7.310      0.2240       0.000        86426.27       -999.0000        151824.6       -999.0000    
  7.310      0.2475       0.000        74648.89       -999.0000        134675.5       -999.0000    
  7.310      0.2736       0.000        64293.76       -999.0000        118857.4       -999.0000    
  7.310      0.3023       0.000        55290.73       -999.0000        104493.3       -999.0000    
  7.310      0.3341       0.000        47411.99       -999.0000        91416.93       -999.0000    
  7.310      0.3693       0.000        40537.63       -999.0000        79608.46       -999.0000    
  7.310      0.4081       0.000        34573.89       -999.0000        69005.24       -999.0000    
  7.310      0.4510       0.000        29392.15       -999.0000        59515.84       -999.0000    
  7.310      0.4985       0.000        24893.59       -999.0000        51054.27       -999.0000    
  7.310      0.5509       0.000        21010.98       -999.0000        43573.15       -999.0000    
  7.310      0.6088       0.000        17661.76       -999.0000        36979.09       -999.0000    
  7.310      0.6729       0.000        14775.44       -999.0000        31186.23       -999.0000    
  7.310      0.7436       0.000        12304.64       -999.0000        26142.67       -999.0000    
  7.310      0.8218       0.000        10190.31       -999.0000        21762.79       -999.0000    
  7.310      0.9083       0.000        8388.073       -999.0000        17982.12       -999.0000    
  7.310       1.004       0.000        6858.375       -999.0000        14739.24       -999.0000    
  7.310       1.109       0.000        5575.765       -999.0000        12000.53       -999.0000    
  7.310       1.226       0.000        4489.458       -999.0000        9662.313       -999.0000    
  7.310       1.355       0.000        3585.224       -999.0000        7707.202       -999.0000    
  7.310       1.497       0.000        2838.069       -999.0000        6087.531       -999.0000    
  7.310       1.655       0.000        2218.951       -999.0000        4744.494       -999.0000    
  7.310       1.829       0.000        1715.691       -999.0000        3653.926       -999.0000    
  7.310       2.021       0.000        1309.379       -999.0000        2775.875       -999.0000    
  7.310       2.234       0.000        983.2013       -999.0000        2074.060       -999.0000    
  7.310       2.469       0.000        726.0599       -999.0000        1523.863       -999.0000    
  7.310       2.729       0.000        525.6221       -999.0000        1097.839       -999.0000    
  7.310       3.016       0.000        372.2396       -999.0000        774.1654       -999.0000    
  7.310       3.333       0.000        256.9656       -999.0000        532.6826       -999.0000    
  7.310       3.683       0.000        172.2521       -999.0000        356.3832       -999.0000    
  7.310       4.071       0.000        111.4027       -999.0000        230.4443       -999.0000    
  7.310       4.499       0.000        69.26211       -999.0000        143.5542       -999.0000    
  7.310       4.972       0.000        41.09127       -999.0000        85.54229       -999.0000    
  7.310       5.495       0.000        23.07182       -999.0000        48.37627       -999.0000    
  7.310       6.073       0.000        12.14719       -999.0000        25.73372       -999.0000    
  7.310       6.711       0.000        5.933902       -999.0000        12.74467       -999.0000    
  7.310       7.417       0.000        2.645391       -999.0000        5.783056       -999.0000    
  7.310       8.197       0.000        1.057341       -999.0000        2.363545       -999.0000    
  7.310       9.059       0.000       0.3691084       -999.0000       0.8484456       -999.0000    
  7.310      0.9106E-01  0.1000        299579.4       -999.0000        356553.6       -999.0000    
  7.310      0.1006      0.1000        262294.4       -999.0000        331980.4       -999.0000    
  7.310      0.1112      0.1000        229224.7       -999.0000        306798.7       -999.0000    
  7.310      0.1229      0.1000        200120.8       -999.0000        281749.1       -999.0000    
  7.310      0.1358      0.1000        174543.3       -999.0000        257288.5       -999.0000    
  7.310      0.1501      0.1000        151962.5       -999.0000        233610.7       -999.0000    
  7.310      0.1659      0.1000        132115.3       -999.0000        211033.9       -999.0000    
  7.310      0.1834      0.1000        114646.9       -999.0000        189668.2       -999.0000    
  7.310      0.2027      0.1000        99351.89       -999.0000        169705.4       -999.0000    
  7.310      0.2240      0.1000        85958.29       -999.0000        151174.0       -999.0000    
  7.310      0.2475      0.1000        74242.00       -999.0000        134086.8       -999.0000    
  7.310      0.2736      0.1000        63940.68       -999.0000        118327.9       -999.0000    
  7.310      0.3023      0.1000        54984.69       -999.0000        104045.6       -999.0000    
  7.310      0.3341      0.1000        47147.48       -999.0000        91017.47       -999.0000    
  7.310      0.3693      0.1000        40309.58       -999.0000        79235.34       -999.0000    
  7.310      0.4081      0.1000        34377.48       -999.0000        68675.77       -999.0000    
  7.310      0.4510      0.1000        29223.29       -999.0000        59226.36       -999.0000    
  7.310      0.4985      0.1000        24748.82       -999.0000        50801.15       -999.0000    
  7.310      0.5509      0.1000        20887.17       -999.0000        43352.86       -999.0000    
  7.310      0.6088      0.1000        17556.16       -999.0000        36788.31       -999.0000    
  7.310      0.6729      0.1000        14685.69       -999.0000        31021.93       -999.0000    
  7.310      0.7436      0.1000        12228.56       -999.0000        26001.84       -999.0000    
  7.310      0.8218      0.1000        10126.05       -999.0000        21642.75       -999.0000    
  7.310      0.9083      0.1000        8334.032       -999.0000        17880.42       -999.0000    
  7.310       1.004      0.1000        6813.112       -999.0000        14658.13       -999.0000    
  7.310       1.109      0.1000        5537.982       -999.0000        11929.03       -999.0000    
  7.310       1.226      0.1000        4458.133       -999.0000        9602.951       -999.0000    
  7.310       1.355      0.1000        3559.378       -999.0000        7658.198       -999.0000    
  7.310       1.497      0.1000        2816.871       -999.0000        6047.427       -999.0000    
  7.310       1.655      0.1000        2201.711       -999.0000        4711.886       -999.0000    
  7.310       1.829      0.1000        1701.770       -999.0000        3627.666       -999.0000    
  7.310       2.021      0.1000        1298.205       -999.0000        2754.887       -999.0000    
  7.310       2.234      0.1000        974.3623       -999.0000        2057.452       -999.0000    
  7.310       2.469      0.1000        719.1625       -999.0000        1510.961       -999.0000    
  7.310       2.729      0.1000        520.2931       -999.0000        1087.895       -999.0000    
  7.310       3.016      0.1000        368.1951       -999.0000        766.6248       -999.0000    
  7.310       3.333      0.1000        253.9549       -999.0000        527.0600       -999.0000    
  7.310       3.683      0.1000        170.0645       -999.0000        352.2842       -999.0000    
  7.310       4.071      0.1000        109.8492       -999.0000        227.5173       -999.0000    
  7.310       4.499      0.1000        68.20058       -999.0000        141.5343       -999.0000    
  7.310       4.972      0.1000        40.39252       -999.0000        84.19653       -999.0000    
  7.310       5.495      0.1000        22.63011       -999.0000        47.51413       -999.0000    
  7.310       6.073      0.1000        11.88462       -999.0000        25.21194       -999.0000    
  7.310       6.711      0.1000        5.786878       -999.0000        12.44659       -999.0000    
  7.310       7.417      0.1000        2.569207       -999.0000        5.625125       -999.0000    
  7.310       8.197      0.1000        1.021534       -999.0000        2.287247       -999.0000    
  7.310       9.059      0.1000       0.3542349       -999.0000       0.8157147       -999.0000    
  7.310      0.9106E-01  0.2000        294796.8       -999.0000        353071.3       -999.0000    
  7.310      0.1006      0.2000        258093.1       -999.0000        328561.6       -999.0000    
  7.310      0.1112      0.2000        225539.9       -999.0000        303495.1       -999.0000    
  7.310      0.1229      0.2000        196891.5       -999.0000        278596.4       -999.0000    
  7.310      0.1358      0.2000        171715.3       -999.0000        254311.3       -999.0000    
  7.310      0.1501      0.2000        149489.7       -999.0000        230825.6       -999.0000    
  7.310      0.1659      0.2000        129955.5       -999.0000        208449.9       -999.0000    
  7.310      0.1834      0.2000        112763.1       -999.0000        187288.9       -999.0000    
  7.310      0.2027      0.2000        97710.18       -999.0000        167577.8       -999.0000    
  7.310      0.2240      0.2000        84529.37       -999.0000        149236.7       -999.0000    
  7.310      0.2475      0.2000        73000.01       -999.0000        132332.1       -999.0000    
  7.310      0.2736      0.2000        62863.72       -999.0000        116747.9       -999.0000    
  7.310      0.3023      0.2000        54051.68       -999.0000        102603.1       -999.0000    
  7.310      0.3341      0.2000        46340.81       -999.0000        89732.10       -999.0000    
  7.310      0.3693      0.2000        39613.66       -999.0000        78095.80       -999.0000    
  7.310      0.4081      0.2000        33778.16       -999.0000        67669.97       -999.0000    
  7.310      0.4510      0.2000        28708.36       -999.0000        58342.87       -999.0000    
  7.310      0.4985      0.2000        24307.56       -999.0000        50028.92       -999.0000    
  7.310      0.5509      0.2000        20509.86       -999.0000        42681.04       -999.0000    
  7.310      0.6088      0.2000        17234.44       -999.0000        36206.69       -999.0000    
  7.310      0.6729      0.2000        14412.28       -999.0000        30521.06       -999.0000    
  7.310      0.7436      0.2000        11996.88       -999.0000        25572.66       -999.0000    
  7.310      0.8218      0.2000        9930.472       -999.0000        21284.03       -999.0000    
  7.310      0.9083      0.2000        8169.588       -999.0000        17576.57       -999.0000    
  7.310       1.004      0.2000        6675.457       -999.0000        14397.80       -999.0000    
  7.310       1.109      0.2000        5423.141       -999.0000        11711.01       -999.0000    
  7.310       1.226      0.2000        4362.973       -999.0000        9421.902       -999.0000    
  7.310       1.355      0.2000        3480.947       -999.0000        7508.854       -999.0000    
  7.310       1.497      0.2000        2752.578       -999.0000        5925.087       -999.0000    
  7.310       1.655      0.2000        2149.428       -999.0000        4612.596       -999.0000    
  7.310       1.829      0.2000        1659.593       -999.0000        3547.762       -999.0000    
  7.310       2.021      0.2000        1264.495       -999.0000        2691.200       -999.0000    
  7.310       2.234      0.2000        947.7106       -999.0000        2007.253       -999.0000    
  7.310       2.469      0.2000        698.3400       -999.0000        1471.847       -999.0000    
  7.310       2.729      0.2000        504.2697       -999.0000        1057.842       -999.0000    
  7.310       3.016      0.2000        356.0661       -999.0000        743.9103       -999.0000    
  7.310       3.333      0.2000        244.9394       -999.0000        510.1291       -999.0000    
  7.310       3.683      0.2000        163.5197       -999.0000        339.9547       -999.0000    
  7.310       4.071      0.2000        105.2367       -999.0000        218.7739       -999.0000    
  7.310       4.499      0.2000        65.05053       -999.0000        135.5113       -999.0000    
  7.310       4.972      0.2000        38.32077       -999.0000        80.19039       -999.0000    
  7.310       5.495      0.2000        21.33266       -999.0000        44.96853       -999.0000    
  7.310       6.073      0.2000        11.11406       -999.0000        23.67445       -999.0000    
  7.310       6.711      0.2000        5.358576       -999.0000        11.57489       -999.0000    
  7.310       7.417      0.2000        2.350106       -999.0000        5.168471       -999.0000    
  7.310       8.197      0.2000       0.9196396       -999.0000        2.069175       -999.0000    
  7.310       9.059      0.2000       0.3123219       -999.0000       0.7231335       -999.0000    
  7.310      0.9106E-01  0.3000        286544.5       -999.0000        346906.3       -999.0000    
  7.310      0.1006      0.3000        250844.7       -999.0000        322527.6       -999.0000    
  7.310      0.1112      0.3000        219183.6       -999.0000        297678.7       -999.0000    
  7.310      0.1229      0.3000        191321.8       -999.0000        273060.2       -999.0000    
  7.310      0.1358      0.3000        166837.9       -999.0000        249095.7       -999.0000    
  7.310      0.1501      0.3000        145225.2       -999.0000        226034.1       -999.0000    
  7.310      0.1659      0.3000        126231.1       -999.0000        204006.0       -999.0000    
  7.310      0.1834      0.3000        109515.5       -999.0000        183197.2       -999.0000    
  7.310      0.2027      0.3000        94881.27       -999.0000        163785.1       -999.0000    
  7.310      0.2240      0.3000        82068.08       -999.0000        145788.9       -999.0000    
  7.310      0.2475      0.3000        70861.10       -999.0000        129215.0       -999.0000    
  7.310      0.2736      0.3000        61009.16       -999.0000        113945.8       -999.0000    
  7.310      0.3023      0.3000        52445.26       -999.0000        100095.4       -999.0000    
  7.310      0.3341      0.3000        44952.45       -999.0000        87499.47       -999.0000    
  7.310      0.3693      0.3000        38416.39       -999.0000        76117.87       -999.0000    
  7.310      0.4081      0.3000        32747.42       -999.0000        65925.36       -999.0000    
  7.310      0.4510      0.3000        27823.02       -999.0000        56811.44       -999.0000    
  7.310      0.4985      0.3000        23549.20       -999.0000        48691.47       -999.0000    
  7.310      0.5509      0.3000        19861.83       -999.0000        41518.26       -999.0000    
  7.310      0.6088      0.3000        16682.24       -999.0000        35200.76       -999.0000    
  7.310      0.6729      0.3000        13943.27       -999.0000        29655.50       -999.0000    
  7.310      0.7436      0.3000        11599.74       -999.0000        24840.33       -999.0000    
  7.310      0.8218      0.3000        9595.485       -999.0000        20653.66       -999.0000    
  7.310      0.9083      0.3000        7888.187       -999.0000        17043.13       -999.0000    
  7.310       1.004      0.3000        6440.164       -999.0000        13949.18       -999.0000    
  7.310       1.109      0.3000        5227.097       -999.0000        11335.81       -999.0000    
  7.310       1.226      0.3000        4200.702       -999.0000        9110.651       -999.0000    
  7.310       1.355      0.3000        3347.352       -999.0000        7252.501       -999.0000    
  7.310       1.497      0.3000        2643.273       -999.0000        5715.350       -999.0000    
  7.310       1.655      0.3000        2060.790       -999.0000        4442.740       -999.0000    
  7.310       1.829      0.3000        1588.243       -999.0000        3411.346       -999.0000    
  7.310       2.021      0.3000        1207.591       -999.0000        2582.623       -999.0000    
  7.310       2.234      0.3000        902.8617       -999.0000        1921.971       -999.0000    
  7.310       2.469      0.3000        663.4319       -999.0000        1405.624       -999.0000    
  7.310       2.729      0.3000        477.4913       -999.0000        1007.170       -999.0000    
  7.310       3.016      0.3000        335.8679       -999.0000        705.6603       -999.0000    
  7.310       3.333      0.3000        230.0211       -999.0000        481.8545       -999.0000    
  7.310       3.683      0.3000        152.7507       -999.0000        319.4678       -999.0000    
  7.310       4.071      0.3000        97.68610       -999.0000        204.3260       -999.0000    
  7.310       4.499      0.3000        59.93109       -999.0000        125.6315       -999.0000    
  7.310       4.972      0.3000        34.98547       -999.0000        73.68212       -999.0000    
  7.310       5.495      0.3000        19.26073       -999.0000        40.86948       -999.0000    
  7.310       6.073      0.3000        9.898921       -999.0000        21.22945       -999.0000    
  7.310       6.711      0.3000        4.691925       -999.0000        10.20695       -999.0000    
  7.310       7.417      0.3000        2.013709       -999.0000        4.461768       -999.0000    
  7.310       8.197      0.3000       0.7666621       -999.0000        1.739109       -999.0000    
  7.310       9.059      0.3000       0.2509890       -999.0000       0.5863598       -999.0000    
  7.510      0.9106E-01  -.2000        257483.3       -999.0000        311155.6       -999.0000    
  7.510      0.1006      -.2000        225435.8       -999.0000        289335.2       -999.0000    
  7.510      0.1112      -.2000        197011.5       -999.0000        267090.8       -999.0000    
  7.510      0.1229      -.2000        171996.1       -999.0000        245048.5       -999.0000    
  7.510      0.1358      -.2000        150011.7       -999.0000        223588.6       -999.0000    
  7.510      0.1501      -.2000        130603.2       -999.0000        202865.1       -999.0000    
  7.510      0.1659      -.2000        113544.1       -999.0000        183143.7       -999.0000    
  7.510      0.1834      -.2000        98529.60       -999.0000        164510.0       -999.0000    
  7.510      0.2027      -.2000        85383.30       -999.0000        147122.8       -999.0000    
  7.510      0.2240      -.2000        73871.54       -999.0000        131000.4       -999.0000    
  7.510      0.2475      -.2000        63801.52       -999.0000        116148.8       -999.0000    
  7.510      0.2736      -.2000        54947.68       -999.0000        102462.9       -999.0000    
  7.510      0.3023      -.2000        47250.10       -999.0000        90045.24       -999.0000    
  7.510      0.3341      -.2000        40514.04       -999.0000        78749.11       -999.0000    
  7.510      0.3693      -.2000        34636.94       -999.0000        68538.84       -999.0000    
  7.510      0.4081      -.2000        29538.44       -999.0000        59392.36       -999.0000    
  7.510      0.4510      -.2000        25108.54       -999.0000        51210.80       -999.0000    
  7.510      0.4985      -.2000        21262.83       -999.0000        43918.65       -999.0000    
  7.510      0.5509      -.2000        17943.79       -999.0000        37473.93       -999.0000    
  7.510      0.6088      -.2000        15080.87       -999.0000        31801.50       -999.0000    
  7.510      0.6729      -.2000        12613.80       -999.0000        26813.52       -999.0000    
  7.510      0.7436      -.2000        10502.00       -999.0000        22471.90       -999.0000    
  7.510      0.8218      -.2000        8695.007       -999.0000        18702.51       -999.0000    
  7.510      0.9083      -.2000        7154.903       -999.0000        15449.53       -999.0000    
  7.510       1.004      -.2000        5847.840       -999.0000        12659.78       -999.0000    
  7.510       1.109      -.2000        4752.075       -999.0000        10301.19       -999.0000    
  7.510       1.226      -.2000        3824.217       -999.0000        8291.002       -999.0000    
  7.510       1.355      -.2000        3052.058       -999.0000        6612.058       -999.0000    
  7.510       1.497      -.2000        2414.232       -999.0000        5219.810       -999.0000    
  7.510       1.655      -.2000        1885.933       -999.0000        4065.602       -999.0000    
  7.510       1.829      -.2000        1456.748       -999.0000        3128.730       -999.0000    
  7.510       2.021      -.2000        1110.464       -999.0000        2374.638       -999.0000    
  7.510       2.234      -.2000        832.7293       -999.0000        1772.396       -999.0000    
  7.510       2.469      -.2000        614.0187       -999.0000        1300.564       -999.0000    
  7.510       2.729      -.2000        443.7406       -999.0000        935.5102       -999.0000    
  7.510       3.016      -.2000        313.6363       -999.0000        658.4756       -999.0000    
  7.510       3.333      -.2000        216.0164       -999.0000        452.0699       -999.0000    
  7.510       3.683      -.2000        144.4286       -999.0000        301.6765       -999.0000    
  7.510       4.071      -.2000        93.12174       -999.0000        194.4740       -999.0000    
  7.510       4.499      -.2000        57.68540       -999.0000        120.6974       -999.0000    
  7.510       4.972      -.2000        34.07021       -999.0000        71.59588       -999.0000    
  7.510       5.495      -.2000        19.02148       -999.0000        40.25916       -999.0000    
  7.510       6.073      -.2000        9.941300       -999.0000        21.25898       -999.0000    
  7.510       6.711      -.2000        4.808830       -999.0000        10.42664       -999.0000    
  7.510       7.417      -.2000        2.115817       -999.0000        4.670542       -999.0000    
  7.510       8.197      -.2000       0.8303460       -999.0000        1.874955       -999.0000    
  7.510       9.059      -.2000       0.2826453       -999.0000       0.6567657       -999.0000    
  7.510      0.9106E-01  -.1000        261950.9       -999.0000        314526.9       -999.0000    
  7.510      0.1006      -.1000        229359.8       -999.0000        292627.2       -999.0000    
  7.510      0.1112      -.1000        200452.4       -999.0000        270258.3       -999.0000    
  7.510      0.1229      -.1000        175010.9       -999.0000        248060.6       -999.0000    
  7.510      0.1358      -.1000        152651.2       -999.0000        226424.5       -999.0000    
  7.510      0.1501      -.1000        132910.8       -999.0000        205511.1       -999.0000    
  7.510      0.1659      -.1000        115559.5       -999.0000        185593.3       -999.0000    
  7.510      0.1834      -.1000        100287.3       -999.0000        166761.8       -999.0000    
  7.510      0.2027      -.1000        86914.60       -999.0000        149180.4       -999.0000    
  7.510      0.2240      -.1000        75203.77       -999.0000        132869.7       -999.0000    
  7.510      0.2475      -.1000        64959.00       -999.0000        117837.9       -999.0000    
  7.510      0.2736      -.1000        55951.09       -999.0000        103980.4       -999.0000    
  7.510      0.3023      -.1000        48119.23       -999.0000        91402.73       -999.0000    
  7.510      0.3341      -.1000        41265.23       -999.0000        79957.18       -999.0000    
  7.510      0.3693      -.1000        35284.72       -999.0000        69608.79       -999.0000    
  7.510      0.4081      -.1000        30096.07       -999.0000        60335.82       -999.0000    
  7.510      0.4510      -.1000        25587.42       -999.0000        52038.80       -999.0000    
  7.510      0.4985      -.1000        21673.02       -999.0000        44650.96       -999.0000    
  7.510      0.5509      -.1000        18294.36       -999.0000        38110.31       -999.0000    
  7.510      0.6088      -.1000        15379.64       -999.0000        32345.70       -999.0000    
  7.510      0.6729      -.1000        12867.54       -999.0000        27281.69       -999.0000    
  7.510      0.7436      -.1000        10716.86       -999.0000        22872.66       -999.0000    
  7.510      0.8218      -.1000        8876.279       -999.0000        19043.64       -999.0000    
  7.510      0.9083      -.1000        7307.207       -999.0000        15738.19       -999.0000    
  7.510       1.004      -.1000        5975.234       -999.0000        12902.52       -999.0000    
  7.510       1.109      -.1000        4858.267       -999.0000        10504.28       -999.0000    
  7.510       1.226      -.1000        3912.127       -999.0000        8461.750       -999.0000    
  7.510       1.355      -.1000        3124.455       -999.0000        6751.112       -999.0000    
  7.510       1.497      -.1000        2473.541       -999.0000        5333.637       -999.0000    
  7.510       1.655      -.1000        1934.107       -999.0000        4157.892       -999.0000    
  7.510       1.829      -.1000        1495.567       -999.0000        3202.797       -999.0000    
  7.510       2.021      -.1000        1141.468       -999.0000        2433.806       -999.0000    
  7.510       2.234      -.1000        857.2201       -999.0000        1818.907       -999.0000    
  7.510       2.469      -.1000        633.1374       -999.0000        1336.772       -999.0000    
  7.510       2.729      -.1000        458.4402       -999.0000        963.2777       -999.0000    
  7.510       3.016      -.1000        324.7609       -999.0000        679.4897       -999.0000    
  7.510       3.333      -.1000        224.2840       -999.0000        467.6995       -999.0000    
  7.510       3.683      -.1000        150.4288       -999.0000        313.0650       -999.0000    
  7.510       4.071      -.1000        97.35195       -999.0000        202.5451       -999.0000    
  7.510       4.499      -.1000        60.57813       -999.0000        126.2627       -999.0000    
  7.510       4.972      -.1000        35.97291       -999.0000        75.29660       -999.0000    
  7.510       5.495      -.1000        20.21485       -999.0000        42.61298       -999.0000    
  7.510       6.073      -.1000        10.65097       -999.0000        22.68188       -999.0000    
  7.510       6.711      -.1000        5.203968       -999.0000        11.23474       -999.0000    
  7.510       7.417      -.1000        2.318387       -999.0000        5.094445       -999.0000    
  7.510       8.197      -.1000       0.9247295       -999.0000        2.077993       -999.0000    
  7.510       9.059      -.1000       0.3215223       -999.0000       0.7430885       -999.0000    
  7.510      0.9106E-01   0.000        263416.1       -999.0000        315607.1       -999.0000    
  7.510      0.1006       0.000        230646.7       -999.0000        293684.9       -999.0000    
  7.510      0.1112       0.000        201580.8       -999.0000        271278.6       -999.0000    
  7.510      0.1229       0.000        175999.6       -999.0000        249032.5       -999.0000    
  7.510      0.1358       0.000        153517.0       -999.0000        227340.8       -999.0000    
  7.510      0.1501       0.000        133667.8       -999.0000        206367.0       -999.0000    
  7.510      0.1659       0.000        116220.6       -999.0000        186386.3       -999.0000    
  7.510      0.1834       0.000        100863.7       -999.0000        167491.3       -999.0000    
  7.510      0.2027       0.000        87416.65       -999.0000        149847.2       -999.0000    
  7.510      0.2240       0.000        75640.68       -999.0000        133475.7       -999.0000    
  7.510      0.2475       0.000        65338.85       -999.0000        118385.8       -999.0000    
  7.510      0.2736       0.000        56280.55       -999.0000        104473.0       -999.0000    
  7.510      0.3023       0.000        48404.56       -999.0000        91843.68       -999.0000    
  7.510      0.3341       0.000        41511.69       -999.0000        80349.88       -999.0000    
  7.510      0.3693       0.000        35497.19       -999.0000        69956.73       -999.0000    
  7.510      0.4081       0.000        30279.03       -999.0000        60656.49       -999.0000    
  7.510      0.4510       0.000        25744.65       -999.0000        52320.01       -999.0000    
  7.510      0.4985       0.000        21807.73       -999.0000        44887.04       -999.0000    
  7.510      0.5509       0.000        18409.49       -999.0000        38315.58       -999.0000    
  7.510      0.6088       0.000        15477.76       -999.0000        32523.29       -999.0000    
  7.510      0.6729       0.000        12950.91       -999.0000        27434.51       -999.0000    
  7.510      0.7436       0.000        10787.48       -999.0000        23003.52       -999.0000    
  7.510      0.8218       0.000        8935.863       -999.0000        19155.05       -999.0000    
  7.510      0.9083       0.000        7357.291       -999.0000        15832.50       -999.0000    
  7.510       1.004       0.000        6017.145       -999.0000        12981.86       -999.0000    
  7.510       1.109       0.000        4893.215       -999.0000        10573.70       -999.0000    
  7.510       1.226       0.000        3941.087       -999.0000        8517.090       -999.0000    
  7.510       1.355       0.000        3148.317       -999.0000        6796.760       -999.0000    
  7.510       1.497       0.000        2493.097       -999.0000        5371.022       -999.0000    
  7.510       1.655       0.000        1949.993       -999.0000        4188.044       -999.0000    
  7.510       1.829       0.000        1508.396       -999.0000        3227.340       -999.0000    
  7.510       2.021       0.000        1151.749       -999.0000        2453.285       -999.0000    
  7.510       2.234       0.000        865.3349       -999.0000        1834.245       -999.0000    
  7.510       2.469       0.000        639.4757       -999.0000        1348.690       -999.0000    
  7.510       2.729       0.000        463.3333       -999.0000        972.4761       -999.0000    
  7.510       3.016       0.000        328.4717       -999.0000        686.4615       -999.0000    
  7.510       3.333       0.000        227.0442       -999.0000        472.8915       -999.0000    
  7.510       3.683       0.000        152.4363       -999.0000        316.8571       -999.0000    
  7.510       4.071       0.000        98.77826       -999.0000        205.2516       -999.0000    
  7.510       4.499       0.000        61.55192       -999.0000        128.1277       -999.0000    
  7.510       4.972       0.000        36.61549       -999.0000        76.54228       -999.0000    
  7.510       5.495       0.000        20.62171       -999.0000        43.41166       -999.0000    
  7.510       6.073       0.000        10.89295       -999.0000        23.16568       -999.0000    
  7.510       6.711       0.000        5.340019       -999.0000        11.51191       -999.0000    
  7.510       7.417       0.000        2.388953       -999.0000        5.241541       -999.0000    
  7.510       8.197       0.000       0.9579025       -999.0000        2.149020       -999.0000    
  7.510       9.059       0.000       0.3353175       -999.0000       0.7735939       -999.0000    
  7.510      0.9106E-01  0.1000        261950.9       -999.0000        314485.7       -999.0000    
  7.510      0.1006      0.1000        229359.8       -999.0000        292590.9       -999.0000    
  7.510      0.1112      0.1000        200452.4       -999.0000        270226.9       -999.0000    
  7.510      0.1229      0.1000        175010.9       -999.0000        248033.4       -999.0000    
  7.510      0.1358      0.1000        152651.2       -999.0000        226400.8       -999.0000    
  7.510      0.1501      0.1000        132910.8       -999.0000        205490.2       -999.0000    
  7.510      0.1659      0.1000        115559.5       -999.0000        185574.6       -999.0000    
  7.510      0.1834      0.1000        100287.3       -999.0000        166745.2       -999.0000    
  7.510      0.2027      0.1000        86914.60       -999.0000        149165.7       -999.0000    
  7.510      0.2240      0.1000        75203.77       -999.0000        132856.8       -999.0000    
  7.510      0.2475      0.1000        64959.00       -999.0000        117826.9       -999.0000    
  7.510      0.2736      0.1000        55951.09       -999.0000        103971.1       -999.0000    
  7.510      0.3023      0.1000        48119.23       -999.0000        91417.73       -999.0000    
  7.510      0.3341      0.1000        41265.23       -999.0000        79970.31       -999.0000    
  7.510      0.3693      0.1000        35284.72       -999.0000        69620.17       -999.0000    
  7.510      0.4081      0.1000        30096.07       -999.0000        60345.63       -999.0000    
  7.510      0.4510      0.1000        25587.42       -999.0000        52047.17       -999.0000    
  7.510      0.4985      0.1000        21673.02       -999.0000        44648.79       -999.0000    
  7.510      0.5509      0.1000        18294.36       -999.0000        38108.49       -999.0000    
  7.510      0.6088      0.1000        15379.64       -999.0000        32344.13       -999.0000    
  7.510      0.6729      0.1000        12867.54       -999.0000        27280.37       -999.0000    
  7.510      0.7436      0.1000        10716.86       -999.0000        22871.53       -999.0000    
  7.510      0.8218      0.1000        8876.279       -999.0000        19042.68       -999.0000    
  7.510      0.9083      0.1000        7307.207       -999.0000        15737.37       -999.0000    
  7.510       1.004      0.1000        5975.234       -999.0000        12905.79       -999.0000    
  7.510       1.109      0.1000        4858.267       -999.0000        10506.96       -999.0000    
  7.510       1.226      0.1000        3912.127       -999.0000        8461.717       -999.0000    
  7.510       1.355      0.1000        3124.455       -999.0000        6751.114       -999.0000    
  7.510       1.497      0.1000        2473.541       -999.0000        5333.639       -999.0000    
  7.510       1.655      0.1000        1934.107       -999.0000        4157.927       -999.0000    
  7.510       1.829      0.1000        1495.567       -999.0000        3202.939       -999.0000    
  7.510       2.021      0.1000        1141.468       -999.0000        2433.809       -999.0000    
  7.510       2.234      0.1000        857.2201       -999.0000        1818.860       -999.0000    
  7.510       2.469      0.1000        633.1374       -999.0000        1336.738       -999.0000    
  7.510       2.729      0.1000        458.4402       -999.0000        963.2745       -999.0000    
  7.510       3.016      0.1000        324.7609       -999.0000        679.4874       -999.0000    
  7.510       3.333      0.1000        224.2840       -999.0000        467.7169       -999.0000    
  7.510       3.683      0.1000        150.4288       -999.0000        313.0628       -999.0000    
  7.510       4.071      0.1000        97.35195       -999.0000        202.5476       -999.0000    
  7.510       4.499      0.1000        60.57813       -999.0000        126.2636       -999.0000    
  7.510       4.972      0.1000        35.97291       -999.0000        75.29792       -999.0000    
  7.510       5.495      0.1000        20.21485       -999.0000        42.61351       -999.0000    
  7.510       6.073      0.1000        10.65097       -999.0000        22.68230       -999.0000    
  7.510       6.711      0.1000        5.203968       -999.0000        11.23496       -999.0000    
  7.510       7.417      0.1000        2.318387       -999.0000        5.094614       -999.0000    
  7.510       8.197      0.1000       0.9247295       -999.0000        2.078044       -999.0000    
  7.510       9.059      0.1000       0.3215223       -999.0000       0.7431181       -999.0000    
  7.510      0.9106E-01  0.2000        257483.3       -999.0000        311076.9       -999.0000    
  7.510      0.1006      0.2000        225435.8       -999.0000        289265.3       -999.0000    
  7.510      0.1112      0.2000        197011.5       -999.0000        267028.7       -999.0000    
  7.510      0.1229      0.2000        171996.1       -999.0000        244993.4       -999.0000    
  7.510      0.1358      0.2000        150011.7       -999.0000        223540.0       -999.0000    
  7.510      0.1501      0.2000        130603.2       -999.0000        202822.5       -999.0000    
  7.510      0.1659      0.2000        113544.1       -999.0000        183106.5       -999.0000    
  7.510      0.1834      0.2000        98529.60       -999.0000        164477.9       -999.0000    
  7.510      0.2027      0.2000        85383.30       -999.0000        147095.0       -999.0000    
  7.510      0.2240      0.2000        73871.54       -999.0000        131013.4       -999.0000    
  7.510      0.2475      0.2000        63801.52       -999.0000        116160.0       -999.0000    
  7.510      0.2736      0.2000        54947.68       -999.0000        102472.6       -999.0000    
  7.510      0.3023      0.2000        47250.10       -999.0000        90053.73       -999.0000    
  7.510      0.3341      0.2000        40514.04       -999.0000        78756.56       -999.0000    
  7.510      0.3693      0.2000        34636.94       -999.0000        68545.40       -999.0000    
  7.510      0.4081      0.2000        29538.44       -999.0000        59398.05       -999.0000    
  7.510      0.4510      0.2000        25108.54       -999.0000        51215.74       -999.0000    
  7.510      0.4985      0.2000        21262.83       -999.0000        43922.86       -999.0000    
  7.510      0.5509      0.2000        17943.79       -999.0000        37477.49       -999.0000    
  7.510      0.6088      0.2000        15080.87       -999.0000        31798.41       -999.0000    
  7.510      0.6729      0.2000        12613.80       -999.0000        26810.88       -999.0000    
  7.510      0.7436      0.2000        10502.00       -999.0000        22469.65       -999.0000    
  7.510      0.8218      0.2000        8695.007       -999.0000        18700.60       -999.0000    
  7.510      0.9083      0.2000        7154.903       -999.0000        15452.99       -999.0000    
  7.510       1.004      0.2000        5847.840       -999.0000        12662.67       -999.0000    
  7.510       1.109      0.2000        4752.075       -999.0000        10303.56       -999.0000    
  7.510       1.226      0.2000        3824.217       -999.0000        8292.969       -999.0000    
  7.510       1.355      0.2000        3052.058       -999.0000        6612.047       -999.0000    
  7.510       1.497      0.2000        2414.232       -999.0000        5219.867       -999.0000    
  7.510       1.655      0.2000        1885.933       -999.0000        4065.649       -999.0000    
  7.510       1.829      0.2000        1456.748       -999.0000        3128.762       -999.0000    
  7.510       2.021      0.2000        1110.464       -999.0000        2374.740       -999.0000    
  7.510       2.234      0.2000        832.7293       -999.0000        1772.349       -999.0000    
  7.510       2.469      0.2000        614.0187       -999.0000        1300.532       -999.0000    
  7.510       2.729      0.2000        443.7406       -999.0000        935.4855       -999.0000    
  7.510       3.016      0.2000        313.6363       -999.0000        658.4985       -999.0000    
  7.510       3.333      0.2000        216.0164       -999.0000        452.0796       -999.0000    
  7.510       3.683      0.2000        144.4286       -999.0000        301.6902       -999.0000    
  7.510       4.071      0.2000        93.12174       -999.0000        194.4783       -999.0000    
  7.510       4.499      0.2000        57.68540       -999.0000        120.7011       -999.0000    
  7.510       4.972      0.2000        34.07021       -999.0000        71.59866       -999.0000    
  7.510       5.495      0.2000        19.02148       -999.0000        40.26038       -999.0000    
  7.510       6.073      0.2000        9.941300       -999.0000        21.25967       -999.0000    
  7.510       6.711      0.2000        4.808830       -999.0000        10.42713       -999.0000    
  7.510       7.417      0.2000        2.115817       -999.0000        4.670664       -999.0000    
  7.510       8.197      0.2000       0.8303460       -999.0000        1.875127       -999.0000    
  7.510       9.059      0.2000       0.2826453       -999.0000       0.6568293       -999.0000    
  7.510      0.9106E-01  0.3000        249794.8       -999.0000        305091.7       -999.0000    
  7.510      0.1006      0.3000        218683.3       -999.0000        283439.7       -999.0000    
  7.510      0.1112      0.3000        191090.6       -999.0000        261438.8       -999.0000    
  7.510      0.1229      0.3000        166808.2       -999.0000        239692.2       -999.0000    
  7.510      0.1358      0.3000        145469.5       -999.0000        218559.4       -999.0000    
  7.510      0.1501      0.3000        126632.6       -999.0000        198250.1       -999.0000    
  7.510      0.1659      0.3000        110077.3       -999.0000        178874.9       -999.0000    
  7.510      0.1834      0.3000        95507.23       -999.0000        160589.5       -999.0000    
  7.510      0.2027      0.3000        82750.96       -999.0000        143543.9       -999.0000    
  7.510      0.2240      0.3000        71581.51       -999.0000        127751.7       -999.0000    
  7.510      0.2475      0.3000        61811.83       -999.0000        113215.1       -999.0000    
  7.510      0.2736      0.3000        53223.02       -999.0000        99828.66       -999.0000    
  7.510      0.3023      0.3000        45756.70       -999.0000        87690.31       -999.0000    
  7.510      0.3341      0.3000        39223.74       -999.0000        76654.58       -999.0000    
  7.510      0.3693      0.3000        33524.54       -999.0000        66685.12       -999.0000    
  7.510      0.4081      0.3000        28581.04       -999.0000        57758.82       -999.0000    
  7.510      0.4510      0.3000        24286.53       -999.0000        49778.12       -999.0000    
  7.510      0.4985      0.3000        20559.05       -999.0000        42668.41       -999.0000    
  7.510      0.5509      0.3000        17342.67       -999.0000        36387.89       -999.0000    
  7.510      0.6088      0.3000        14568.85       -999.0000        30856.59       -999.0000    
  7.510      0.6729      0.3000        12179.14       -999.0000        26001.17       -999.0000    
  7.510      0.7436      0.3000        10134.17       -999.0000        21780.75       -999.0000    
  7.510      0.8218      0.3000        8384.933       -999.0000        18117.86       -999.0000    
  7.510      0.9083      0.3000        6894.611       -999.0000        14955.19       -999.0000    
  7.510       1.004      0.3000        5630.357       -999.0000        12244.39       -999.0000    
  7.510       1.109      0.3000        4570.982       -999.0000        9954.009       -999.0000    
  7.510       1.226      0.3000        3674.414       -999.0000        8003.216       -999.0000    
  7.510       1.355      0.3000        2928.868       -999.0000        6373.570       -999.0000    
  7.510       1.497      0.3000        2313.531       -999.0000        5024.992       -999.0000    
  7.510       1.655      0.3000        1804.334       -999.0000        3907.965       -999.0000    
  7.510       1.829      0.3000        1391.124       -999.0000        3002.241       -999.0000    
  7.510       2.021      0.3000        1058.174       -999.0000        2274.139       -999.0000    
  7.510       2.234      0.3000        791.5519       -999.0000        1693.405       -999.0000    
  7.510       2.469      0.3000        581.9955       -999.0000        1239.292       -999.0000    
  7.510       2.729      0.3000        419.1832       -999.0000        888.6519       -999.0000    
  7.510       3.016      0.3000        295.1289       -999.0000        623.1865       -999.0000    
  7.510       3.333      0.3000        202.3516       -999.0000        425.9947       -999.0000    
  7.510       3.683      0.3000        134.5654       -999.0000        282.7987       -999.0000    
  7.510       4.071      0.3000        86.20470       -999.0000        181.1588       -999.0000    
  7.510       4.499      0.3000        52.99454       -999.0000        111.5948       -999.0000    
  7.510       4.972      0.3000        31.01072       -999.0000        65.59592       -999.0000    
  7.510       5.495      0.3000        17.11860       -999.0000        36.47644       -999.0000    
  7.510       6.073      0.3000        8.823994       -999.0000        19.00087       -999.0000    
  7.510       6.711      0.3000        4.194998       -999.0000        9.161925       -999.0000    
  7.510       7.417      0.3000        1.805732       -999.0000        4.016572       -999.0000    
  7.510       8.197      0.3000       0.6890882       -999.0000        1.569020       -999.0000    
  7.510       9.059      0.3000       0.2260006       -999.0000       0.5300801       -999.0000    
  7.710      0.9106E-01  -.2000        225068.8       -999.0000        274351.4       -999.0000    
  7.710      0.1006      -.2000        197064.2       -999.0000        254924.6       -999.0000    
  7.710      0.1112      -.2000        172225.2       -999.0000        235180.1       -999.0000    
  7.710      0.1229      -.2000        150364.3       -999.0000        215659.9       -999.0000    
  7.710      0.1358      -.2000        131151.6       -999.0000        196688.9       -999.0000    
  7.710      0.1501      -.2000        114189.6       -999.0000        178394.1       -999.0000    
  7.710      0.1659      -.2000        99280.41       -999.0000        161003.2       -999.0000    
  7.710      0.1834      -.2000        86157.80       -999.0000        144586.2       -999.0000    
  7.710      0.2027      -.2000        74667.57       -999.0000        129278.7       -999.0000    
  7.710      0.2240      -.2000        64605.40       -999.0000        115093.6       -999.0000    
  7.710      0.2475      -.2000        55802.99       -999.0000        102033.1       -999.0000    
  7.710      0.2736      -.2000        48063.37       -999.0000        90002.99       -999.0000    
  7.710      0.3023      -.2000        41334.17       -999.0000        79091.66       -999.0000    
  7.710      0.3341      -.2000        35445.19       -999.0000        69168.60       -999.0000    
  7.710      0.3693      -.2000        30306.82       -999.0000        60201.53       -999.0000    
  7.710      0.4081      -.2000        25848.83       -999.0000        52170.10       -999.0000    
  7.710      0.4510      -.2000        21975.14       -999.0000        44986.94       -999.0000    
  7.710      0.4985      -.2000        18612.00       -999.0000        38585.20       -999.0000    
  7.710      0.5509      -.2000        15709.17       -999.0000        32927.70       -999.0000    
  7.710      0.6088      -.2000        13205.00       -999.0000        27948.10       -999.0000    
  7.710      0.6729      -.2000        11046.78       -999.0000        23569.22       -999.0000    
  7.710      0.7436      -.2000        9199.099       -999.0000        19757.47       -999.0000    
  7.710      0.8218      -.2000        7617.872       -999.0000        16447.70       -999.0000    
  7.710      0.9083      -.2000        6269.951       -999.0000        13590.89       -999.0000    
  7.710       1.004      -.2000        5125.769       -999.0000        11140.36       -999.0000    
  7.710       1.109      -.2000        4166.366       -999.0000        9068.049       -999.0000    
  7.710       1.226      -.2000        3353.784       -999.0000        7301.301       -999.0000    
  7.710       1.355      -.2000        2677.382       -999.0000        5825.169       -999.0000    
  7.710       1.497      -.2000        2118.512       -999.0000        4600.613       -999.0000    
  7.710       1.655      -.2000        1655.508       -999.0000        3585.039       -999.0000    
  7.710       1.829      -.2000        1279.246       -999.0000        2760.294       -999.0000    
  7.710       2.021      -.2000        975.5779       -999.0000        2096.143       -999.0000    
  7.710       2.234      -.2000        731.9486       -999.0000        1565.459       -999.0000    
  7.710       2.469      -.2000        540.0313       -999.0000        1149.484       -999.0000    
  7.710       2.729      -.2000        390.5595       -999.0000        827.4682       -999.0000    
  7.710       3.016      -.2000        276.2920       -999.0000        582.9398       -999.0000    
  7.710       3.333      -.2000        190.5108       -999.0000        400.6399       -999.0000    
  7.710       3.683      -.2000        127.5494       -999.0000        267.6965       -999.0000    
  7.710       4.071      -.2000        82.37794       -999.0000        172.8376       -999.0000    
  7.710       4.499      -.2000        51.13223       -999.0000        107.4689       -999.0000    
  7.710       4.972      -.2000        30.27241       -999.0000        63.89179       -999.0000    
  7.710       5.495      -.2000        16.94693       -999.0000        36.01834       -999.0000    
  7.710       6.073      -.2000        8.883219       -999.0000        19.07322       -999.0000    
  7.710       6.711      -.2000        4.310218       -999.0000        9.382535       -999.0000    
  7.710       7.417      -.2000        1.902153       -999.0000        4.215210       -999.0000    
  7.710       8.197      -.2000       0.7485683       -999.0000        1.696809       -999.0000    
  7.710       9.059      -.2000       0.2553494       -999.0000       0.5956042       -999.0000    
  7.710      0.9106E-01  -.1000        229228.7       -999.0000        277623.8       -999.0000    
  7.710      0.1006      -.1000        200717.4       -999.0000        258102.7       -999.0000    
  7.710      0.1112      -.1000        175428.0       -999.0000        238225.7       -999.0000    
  7.710      0.1229      -.1000        153170.2       -999.0000        218545.9       -999.0000    
  7.710      0.1358      -.1000        133608.0       -999.0000        199397.8       -999.0000    
  7.710      0.1501      -.1000        116336.9       -999.0000        180915.0       -999.0000    
  7.710      0.1659      -.1000        101155.5       -999.0000        163331.6       -999.0000    
  7.710      0.1834      -.1000        87792.63       -999.0000        146722.4       -999.0000    
  7.710      0.2027      -.1000        76091.31       -999.0000        131227.2       -999.0000    
  7.710      0.2240      -.1000        65843.76       -999.0000        116861.0       -999.0000    
  7.710      0.2475      -.1000        56878.74       -999.0000        103628.0       -999.0000    
  7.710      0.2736      -.1000        48995.81       -999.0000        91434.17       -999.0000    
  7.710      0.3023      -.1000        42141.61       -999.0000        80370.33       -999.0000    
  7.710      0.3341      -.1000        36142.80       -999.0000        70305.25       -999.0000    
  7.710      0.3693      -.1000        30908.17       -999.0000        61207.13       -999.0000    
  7.710      0.4081      -.1000        26366.30       -999.0000        53055.98       -999.0000    
  7.710      0.4510      -.1000        22419.40       -999.0000        45763.64       -999.0000    
  7.710      0.4985      -.1000        18992.41       -999.0000        39270.88       -999.0000    
  7.710      0.5509      -.1000        16034.14       -999.0000        33523.04       -999.0000    
  7.710      0.6088      -.1000        13481.79       -999.0000        28457.19       -999.0000    
  7.710      0.6729      -.1000        11281.75       -999.0000        24006.82       -999.0000    
  7.710      0.7436      -.1000        9397.971       -999.0000        20131.76       -999.0000    
  7.710      0.8218      -.1000        7785.548       -999.0000        16766.05       -999.0000    
  7.710      0.9083      -.1000        6410.743       -999.0000        13860.05       -999.0000    
  7.710       1.004      -.1000        5243.459       -999.0000        11366.53       -999.0000    
  7.710       1.109      -.1000        4264.391       -999.0000        9257.108       -999.0000    
  7.710       1.226      -.1000        3434.875       -999.0000        7459.998       -999.0000    
  7.710       1.355      -.1000        2744.121       -999.0000        5954.398       -999.0000    
  7.710       1.497      -.1000        2173.155       -999.0000        4706.341       -999.0000    
  7.710       1.655      -.1000        1699.838       -999.0000        3670.658       -999.0000    
  7.710       1.829      -.1000        1314.935       -999.0000        2828.955       -999.0000    
  7.710       2.021      -.1000        1004.068       -999.0000        2150.947       -999.0000    
  7.710       2.234      -.1000        754.4360       -999.0000        1608.508       -999.0000    
  7.710       2.469      -.1000        557.5726       -999.0000        1182.965       -999.0000    
  7.710       2.729      -.1000        404.0364       -999.0000        853.1228       -999.0000    
  7.710       3.016      -.1000        286.4915       -999.0000        602.3476       -999.0000    
  7.710       3.333      -.1000        198.0873       -999.0000        415.0647       -999.0000    
  7.710       3.683      -.1000        133.0464       -999.0000        278.1920       -999.0000    
  7.710       4.071      -.1000        86.25491       -999.0000        180.2810       -999.0000    
  7.710       4.499      -.1000        53.78607       -999.0000        112.6038       -999.0000    
  7.710       4.972      -.1000        32.01807       -999.0000        67.30598       -999.0000    
  7.710       5.495      -.1000        18.04349       -999.0000        38.19272       -999.0000    
  7.710       6.073      -.1000        9.536062       -999.0000        20.38897       -999.0000    
  7.710       6.711      -.1000        4.674210       -999.0000        10.13043       -999.0000    
  7.710       7.417      -.1000        2.089275       -999.0000        4.608498       -999.0000    
  7.710       8.197      -.1000       0.8358375       -999.0000        1.885354       -999.0000    
  7.710       9.059      -.1000       0.2913229       -999.0000       0.6758702       -999.0000    
  7.710      0.9106E-01   0.000        230594.2       -999.0000        278678.8       -999.0000    
  7.710      0.1006       0.000        201916.7       -999.0000        259129.8       -999.0000    
  7.710      0.1112       0.000        176479.6       -999.0000        239211.3       -999.0000    
  7.710      0.1229       0.000        154091.5       -999.0000        219480.8       -999.0000    
  7.710      0.1358       0.000        134414.6       -999.0000        200276.0       -999.0000    
  7.710      0.1501       0.000        117041.8       -999.0000        181732.8       -999.0000    
  7.710      0.1659       0.000        101770.9       -999.0000        164087.6       -999.0000    
  7.710      0.1834       0.000        88329.07       -999.0000        147416.2       -999.0000    
  7.710      0.2027       0.000        76558.62       -999.0000        131860.3       -999.0000    
  7.710      0.2240       0.000        66250.42       -999.0000        117435.4       -999.0000    
  7.710      0.2475       0.000        57232.19       -999.0000        104146.6       -999.0000    
  7.710      0.2736       0.000        49302.14       -999.0000        91899.69       -999.0000    
  7.710      0.3023       0.000        42406.76       -999.0000        80786.45       -999.0000    
  7.710      0.3341       0.000        36371.75       -999.0000        70675.44       -999.0000    
  7.710      0.3693       0.000        31105.55       -999.0000        61534.65       -999.0000    
  7.710      0.4081       0.000        26536.25       -999.0000        53356.49       -999.0000    
  7.710      0.4510       0.000        22565.35       -999.0000        46026.95       -999.0000    
  7.710      0.4985       0.000        19117.39       -999.0000        39492.40       -999.0000    
  7.710      0.5509       0.000        16140.91       -999.0000        33715.45       -999.0000    
  7.710      0.6088       0.000        13572.75       -999.0000        28623.49       -999.0000    
  7.710      0.6729       0.000        11358.98       -999.0000        24149.80       -999.0000    
  7.710      0.7436       0.000        9463.345       -999.0000        20254.07       -999.0000    
  7.710      0.8218       0.000        7840.688       -999.0000        16870.10       -999.0000    
  7.710      0.9083       0.000        6457.054       -999.0000        13948.05       -999.0000    
  7.710       1.004       0.000        5282.182       -999.0000        11440.48       -999.0000    
  7.710       1.109       0.000        4296.671       -999.0000        9321.605       -999.0000    
  7.710       1.226       0.000        3461.592       -999.0000        7511.480       -999.0000    
  7.710       1.355       0.000        2766.123       -999.0000        5996.833       -999.0000    
  7.710       1.497       0.000        2191.168       -999.0000        4741.057       -999.0000    
  7.710       1.655       0.000        1714.461       -999.0000        3698.786       -999.0000    
  7.710       1.829       0.000        1326.748       -999.0000        2851.723       -999.0000    
  7.710       2.021       0.000        1013.514       -999.0000        2168.994       -999.0000    
  7.710       2.234       0.000        761.8795       -999.0000        1622.698       -999.0000    
  7.710       2.469       0.000        563.3927       -999.0000        1193.995       -999.0000    
  7.710       2.729       0.000        408.5249       -999.0000        861.6265       -999.0000    
  7.710       3.016       0.000        289.8947       -999.0000        608.7888       -999.0000    
  7.710       3.333       0.000        200.6162       -999.0000        419.8561       -999.0000    
  7.710       3.683       0.000        134.8885       -999.0000        281.7009       -999.0000    
  7.710       4.071       0.000        87.56350       -999.0000        182.7776       -999.0000    
  7.710       4.499       0.000        54.67992       -999.0000        114.3261       -999.0000    
  7.710       4.972       0.000        32.60912       -999.0000        68.45743       -999.0000    
  7.710       5.495       0.000        18.41821       -999.0000        38.93209       -999.0000    
  7.710       6.073       0.000        9.759395       -999.0000        20.83742       -999.0000    
  7.710       6.711       0.000        4.800159       -999.0000        10.38791       -999.0000    
  7.710       7.417       0.000        2.154521       -999.0000        4.745062       -999.0000    
  7.710       8.197       0.000       0.8665135       -999.0000        1.951311       -999.0000    
  7.710       9.059       0.000       0.3041133       -999.0000       0.7042585       -999.0000    
  7.710      0.9106E-01  0.1000        229228.7       -999.0000        277588.6       -999.0000    
  7.710      0.1006      0.1000        200717.4       -999.0000        258072.3       -999.0000    
  7.710      0.1112      0.1000        175428.0       -999.0000        238199.2       -999.0000    
  7.710      0.1229      0.1000        153170.2       -999.0000        218522.4       -999.0000    
  7.710      0.1358      0.1000        133608.0       -999.0000        199376.8       -999.0000    
  7.710      0.1501      0.1000        116336.9       -999.0000        180896.2       -999.0000    
  7.710      0.1659      0.1000        101155.5       -999.0000        163314.9       -999.0000    
  7.710      0.1834      0.1000        87792.63       -999.0000        146707.7       -999.0000    
  7.710      0.2027      0.1000        76091.31       -999.0000        131214.5       -999.0000    
  7.710      0.2240      0.1000        65843.76       -999.0000        116850.0       -999.0000    
  7.710      0.2475      0.1000        56878.74       -999.0000        103618.7       -999.0000    
  7.710      0.2736      0.1000        48995.81       -999.0000        91426.11       -999.0000    
  7.710      0.3023      0.1000        42141.61       -999.0000        80383.33       -999.0000    
  7.710      0.3341      0.1000        36142.80       -999.0000        70316.65       -999.0000    
  7.710      0.3693      0.1000        30908.17       -999.0000        61216.99       -999.0000    
  7.710      0.4081      0.1000        26366.30       -999.0000        53064.43       -999.0000    
  7.710      0.4510      0.1000        22419.40       -999.0000        45770.89       -999.0000    
  7.710      0.4985      0.1000        18992.41       -999.0000        39269.01       -999.0000    
  7.710      0.5509      0.1000        16034.14       -999.0000        33521.47       -999.0000    
  7.710      0.6088      0.1000        13481.79       -999.0000        28455.84       -999.0000    
  7.710      0.6729      0.1000        11281.75       -999.0000        24005.68       -999.0000    
  7.710      0.7436      0.1000        9397.971       -999.0000        20130.78       -999.0000    
  7.710      0.8218      0.1000        7785.548       -999.0000        16765.21       -999.0000    
  7.710      0.9083      0.1000        6410.743       -999.0000        13859.34       -999.0000    
  7.710       1.004      0.1000        5243.459       -999.0000        11369.37       -999.0000    
  7.710       1.109      0.1000        4264.391       -999.0000        9259.487       -999.0000    
  7.710       1.226      0.1000        3434.875       -999.0000        7459.975       -999.0000    
  7.710       1.355      0.1000        2744.121       -999.0000        5954.394       -999.0000    
  7.710       1.497      0.1000        2173.155       -999.0000        4706.334       -999.0000    
  7.710       1.655      0.1000        1699.838       -999.0000        3670.689       -999.0000    
  7.710       1.829      0.1000        1314.935       -999.0000        2829.082       -999.0000    
  7.710       2.021      0.1000        1004.068       -999.0000        2150.950       -999.0000    
  7.710       2.234      0.1000        754.4360       -999.0000        1608.510       -999.0000    
  7.710       2.469      0.1000        557.5726       -999.0000        1182.936       -999.0000    
  7.710       2.729      0.1000        404.0364       -999.0000        853.1207       -999.0000    
  7.710       3.016      0.1000        286.4915       -999.0000        602.3456       -999.0000    
  7.710       3.333      0.1000        198.0873       -999.0000        415.0781       -999.0000    
  7.710       3.683      0.1000        133.0464       -999.0000        278.1983       -999.0000    
  7.710       4.071      0.1000        86.25491       -999.0000        180.2833       -999.0000    
  7.710       4.499      0.1000        53.78607       -999.0000        112.6049       -999.0000    
  7.710       4.972      0.1000        32.01807       -999.0000        67.30702       -999.0000    
  7.710       5.495      0.1000        18.04349       -999.0000        38.19335       -999.0000    
  7.710       6.073      0.1000        9.536062       -999.0000        20.38914       -999.0000    
  7.710       6.711      0.1000        4.674210       -999.0000        10.13060       -999.0000    
  7.710       7.417      0.1000        2.089275       -999.0000        4.608612       -999.0000    
  7.710       8.197      0.1000       0.8358375       -999.0000        1.885389       -999.0000    
  7.710       9.059      0.1000       0.2913229       -999.0000       0.6758972       -999.0000    
  7.710      0.9106E-01  0.2000        225068.8       -999.0000        274282.2       -999.0000    
  7.710      0.1006      0.2000        197064.2       -999.0000        254863.0       -999.0000    
  7.710      0.1112      0.2000        172225.2       -999.0000        235125.6       -999.0000    
  7.710      0.1229      0.2000        150364.3       -999.0000        215611.9       -999.0000    
  7.710      0.1358      0.2000        131151.6       -999.0000        196646.7       -999.0000    
  7.710      0.1501      0.2000        114189.6       -999.0000        178357.3       -999.0000    
  7.710      0.1659      0.2000        99280.41       -999.0000        160971.2       -999.0000    
  7.710      0.1834      0.2000        86157.80       -999.0000        144558.3       -999.0000    
  7.710      0.2027      0.2000        74667.57       -999.0000        129254.3       -999.0000    
  7.710      0.2240      0.2000        64605.40       -999.0000        115104.7       -999.0000    
  7.710      0.2475      0.2000        55802.99       -999.0000        102042.9       -999.0000    
  7.710      0.2736      0.2000        48063.37       -999.0000        90011.51       -999.0000    
  7.710      0.3023      0.2000        41334.17       -999.0000        79099.06       -999.0000    
  7.710      0.3341      0.2000        35445.19       -999.0000        69175.08       -999.0000    
  7.710      0.3693      0.2000        30306.82       -999.0000        60207.20       -999.0000    
  7.710      0.4081      0.2000        25848.83       -999.0000        52175.05       -999.0000    
  7.710      0.4510      0.2000        21975.14       -999.0000        44991.22       -999.0000    
  7.710      0.4985      0.2000        18612.00       -999.0000        38588.84       -999.0000    
  7.710      0.5509      0.2000        15709.17       -999.0000        32930.78       -999.0000    
  7.710      0.6088      0.2000        13205.00       -999.0000        27945.40       -999.0000    
  7.710      0.6729      0.2000        11046.78       -999.0000        23566.93       -999.0000    
  7.710      0.7436      0.2000        9199.099       -999.0000        19755.51       -999.0000    
  7.710      0.8218      0.2000        7617.872       -999.0000        16446.04       -999.0000    
  7.710      0.9083      0.2000        6269.951       -999.0000        13593.90       -999.0000    
  7.710       1.004      0.2000        5125.769       -999.0000        11142.88       -999.0000    
  7.710       1.109      0.2000        4166.366       -999.0000        9070.106       -999.0000    
  7.710       1.226      0.2000        3353.784       -999.0000        7302.998       -999.0000    
  7.710       1.355      0.2000        2677.382       -999.0000        5825.144       -999.0000    
  7.710       1.497      0.2000        2118.512       -999.0000        4600.666       -999.0000    
  7.710       1.655      0.2000        1655.508       -999.0000        3585.074       -999.0000    
  7.710       1.829      0.2000        1279.246       -999.0000        2760.322       -999.0000    
  7.710       2.021      0.2000        975.5779       -999.0000        2096.232       -999.0000    
  7.710       2.234      0.2000        731.9486       -999.0000        1565.424       -999.0000    
  7.710       2.469      0.2000        540.0313       -999.0000        1149.455       -999.0000    
  7.710       2.729      0.2000        390.5595       -999.0000        827.4468       -999.0000    
  7.710       3.016      0.2000        276.2920       -999.0000        582.9579       -999.0000    
  7.710       3.333      0.2000        190.5108       -999.0000        400.6484       -999.0000    
  7.710       3.683      0.2000        127.5494       -999.0000        267.7075       -999.0000    
  7.710       4.071      0.2000        82.37794       -999.0000        172.8417       -999.0000    
  7.710       4.499      0.2000        51.13223       -999.0000        107.4716       -999.0000    
  7.710       4.972      0.2000        30.27241       -999.0000        63.89398       -999.0000    
  7.710       5.495      0.2000        16.94693       -999.0000        36.01984       -999.0000    
  7.710       6.073      0.2000        8.883219       -999.0000        19.07404       -999.0000    
  7.710       6.711      0.2000        4.310218       -999.0000        9.382907       -999.0000    
  7.710       7.417      0.2000        1.902153       -999.0000        4.215427       -999.0000    
  7.710       8.197      0.2000       0.7485683       -999.0000        1.696951       -999.0000    
  7.710       9.059      0.2000       0.2553494       -999.0000       0.5956673       -999.0000    
  7.710      0.9106E-01  0.3000        217922.5       -999.0000        268507.3       -999.0000    
  7.710      0.1006      0.3000        190788.4       -999.0000        249270.2       -999.0000    
  7.710      0.1112      0.3000        166722.6       -999.0000        229780.7       -999.0000    
  7.710      0.1229      0.3000        145544.0       -999.0000        210557.4       -999.0000    
  7.710      0.1358      0.3000        126932.2       -999.0000        191909.3       -999.0000    
  7.710      0.1501      0.3000        110501.8       -999.0000        173953.6       -999.0000    
  7.710      0.1659      0.3000        96060.95       -999.0000        156958.5       -999.0000    
  7.710      0.1834      0.3000        83351.43       -999.0000        140878.1       -999.0000    
  7.710      0.2027      0.3000        72223.70       -999.0000        125899.2       -999.0000    
  7.710      0.2240      0.3000        62479.82       -999.0000        112030.3       -999.0000    
  7.710      0.2475      0.3000        53956.68       -999.0000        99270.52       -999.0000    
  7.710      0.2736      0.3000        46463.34       -999.0000        87525.28       -999.0000    
  7.710      0.3023      0.3000        39948.97       -999.0000        76878.98       -999.0000    
  7.710      0.3341      0.3000        34248.66       -999.0000        67202.58       -999.0000    
  7.710      0.3693      0.3000        29275.55       -999.0000        58463.15       -999.0000    
  7.710      0.4081      0.3000        24961.59       -999.0000        50639.63       -999.0000    
  7.710      0.4510      0.3000        21213.64       -999.0000        43645.77       -999.0000    
  7.710      0.4985      0.3000        17960.24       -999.0000        37415.75       -999.0000    
  7.710      0.5509      0.3000        15152.67       -999.0000        31912.60       -999.0000    
  7.710      0.6088      0.3000        12731.18       -999.0000        27066.01       -999.0000    
  7.710      0.6729      0.3000        10644.75       -999.0000        22811.46       -999.0000    
  7.710      0.7436      0.3000        8859.051       -999.0000        19109.73       -999.0000    
  7.710      0.8218      0.3000        7331.364       -999.0000        15902.68       -999.0000    
  7.710      0.9083      0.3000        6029.592       -999.0000        13130.40       -999.0000    
  7.710       1.004      0.3000        4925.050       -999.0000        10753.76       -999.0000    
  7.710       1.109      0.3000        3999.296       -999.0000        8745.065       -999.0000    
  7.710       1.226      0.3000        3215.709       -999.0000        7033.801       -999.0000    
  7.710       1.355      0.3000        2563.924       -999.0000        5603.739       -999.0000    
  7.710       1.497      0.3000        2025.841       -999.0000        4419.880       -999.0000    
  7.710       1.655      0.3000        1580.463       -999.0000        3438.896       -999.0000    
  7.710       1.829      0.3000        1218.943       -999.0000        2643.127       -999.0000    
  7.710       2.021      0.3000        927.5641       -999.0000        2003.180       -999.0000    
  7.710       2.234      0.3000        694.1734       -999.0000        1492.425       -999.0000    
  7.710       2.469      0.3000        510.6682       -999.0000        1092.866       -999.0000    
  7.710       2.729      0.3000        368.0574       -999.0000        784.1744       -999.0000    
  7.710       3.016      0.3000        259.3452       -999.0000        550.3933       -999.0000    
  7.710       3.333      0.3000        177.9996       -999.0000        376.5872       -999.0000    
  7.710       3.683      0.3000        118.5179       -999.0000        250.2936       -999.0000    
  7.710       4.071      0.3000        76.04467       -999.0000        160.5689       -999.0000    
  7.710       4.499      0.3000        46.83460       -999.0000        99.07968       -999.0000    
  7.710       4.972      0.3000        27.46729       -999.0000        58.36019       -999.0000    
  7.710       5.495      0.3000        15.20087       -999.0000        32.52983       -999.0000    
  7.710       6.073      0.3000        7.856652       -999.0000        16.98861       -999.0000    
  7.710       6.711      0.3000        3.745618       -999.0000        8.213953       -999.0000    
  7.710       7.417      0.3000        1.616654       -999.0000        3.610797       -999.0000    
  7.710       8.197      0.3000       0.6183055       -999.0000        1.413357       -999.0000    
  7.710       9.059      0.3000       0.2030932       -999.0000       0.4782947       -999.0000    
  7.910      0.9106E-01  -.2000        196873.6       -999.0000        242065.1       -999.0000    
  7.910      0.1006      -.2000        172384.1       -999.0000        224761.8       -999.0000    
  7.910      0.1112      -.2000        150662.2       -999.0000        207227.6       -999.0000    
  7.910      0.1229      -.2000        131544.3       -999.0000        189930.5       -999.0000    
  7.910      0.1358      -.2000        114741.8       -999.0000        173148.5       -999.0000    
  7.910      0.1501      -.2000        99907.16       -999.0000        156986.4       -999.0000    
  7.910      0.1659      -.2000        86867.67       -999.0000        141639.5       -999.0000    
  7.910      0.1834      -.2000        75390.33       -999.0000        127164.9       -999.0000    
  7.910      0.2027      -.2000        65340.29       -999.0000        113678.7       -999.0000    
  7.910      0.2240      -.2000        56538.99       -999.0000        101188.7       -999.0000    
  7.910      0.2475      -.2000        48839.33       -999.0000        89695.05       -999.0000    
  7.910      0.2736      -.2000        42069.00       -999.0000        79112.59       -999.0000    
  7.910      0.3023      -.2000        36182.23       -999.0000        69517.57       -999.0000    
  7.910      0.3341      -.2000        31030.22       -999.0000        60794.13       -999.0000    
  7.910      0.3693      -.2000        26534.62       -999.0000        52912.98       -999.0000    
  7.910      0.4081      -.2000        22634.05       -999.0000        45855.56       -999.0000    
  7.910      0.4510      -.2000        19244.47       -999.0000        39544.45       -999.0000    
  7.910      0.4985      -.2000        16301.39       -999.0000        33920.41       -999.0000    
  7.910      0.5509      -.2000        13760.92       -999.0000        28950.43       -999.0000    
  7.910      0.6088      -.2000        11569.10       -999.0000        24575.99       -999.0000    
  7.910      0.6729      -.2000        9679.861       -999.0000        20729.23       -999.0000    
  7.910      0.7436      -.2000        8062.267       -999.0000        17380.47       -999.0000    
  7.910      0.8218      -.2000        6677.742       -999.0000        14472.41       -999.0000    
  7.910      0.9083      -.2000        5497.302       -999.0000        11961.93       -999.0000    
  7.910       1.004      -.2000        4495.123       -999.0000        9808.078       -999.0000    
  7.910       1.109      -.2000        3654.629       -999.0000        7986.232       -999.0000    
  7.910       1.226      -.2000        2942.593       -999.0000        6432.570       -999.0000    
  7.910       1.355      -.2000        2349.745       -999.0000        5134.031       -999.0000    
  7.910       1.497      -.2000        1859.818       -999.0000        4056.466       -999.0000    
  7.910       1.655      -.2000        1453.814       -999.0000        3162.411       -999.0000    
  7.910       1.829      -.2000        1123.788       -999.0000        2436.049       -999.0000    
  7.910       2.021      -.2000        857.3627       -999.0000        1850.857       -999.0000    
  7.910       2.234      -.2000        643.5513       -999.0000        1382.987       -999.0000    
  7.910       2.469      -.2000        475.0716       -999.0000        1016.163       -999.0000    
  7.910       2.729      -.2000        343.8092       -999.0000        732.0152       -999.0000    
  7.910       3.016      -.2000        243.4123       -999.0000        516.1088       -999.0000    
  7.910       3.333      -.2000        168.0125       -999.0000        355.0587       -999.0000    
  7.910       3.683      -.2000        112.6267       -999.0000        237.5178       -999.0000    
  7.910       4.071      -.2000        72.85293       -999.0000        153.5691       -999.0000    
  7.910       4.499      -.2000        45.30503       -999.0000        95.65771       -999.0000    
  7.910       4.972      -.2000        26.88163       -999.0000        56.98689       -999.0000    
  7.910       5.495      -.2000        15.08640       -999.0000        32.20199       -999.0000    
  7.910       6.073      -.2000        7.929782       -999.0000        17.09730       -999.0000    
  7.910       6.711      -.2000        3.858665       -999.0000        8.433790       -999.0000    
  7.910       7.417      -.2000        1.707638       -999.0000        3.799309       -999.0000    
  7.910       8.197      -.2000       0.6738033       -999.0000        1.533575       -999.0000    
  7.910       9.059      -.2000       0.2302945       -999.0000       0.5393620       -999.0000    
  7.910      0.9106E-01  -.1000        200735.4       -999.0000        245215.8       -999.0000    
  7.910      0.1006      -.1000        175775.1       -999.0000        227808.5       -999.0000    
  7.910      0.1112      -.1000        153635.0       -999.0000        210136.2       -999.0000    
  7.910      0.1229      -.1000        134148.3       -999.0000        192677.9       -999.0000    
  7.910      0.1358      -.1000        117021.3       -999.0000        175720.5       -999.0000    
  7.910      0.1501      -.1000        101899.6       -999.0000        159374.7       -999.0000    
  7.910      0.1659      -.1000        88607.17       -999.0000        143841.4       -999.0000    
  7.910      0.1834      -.1000        76906.60       -999.0000        129181.7       -999.0000    
  7.910      0.2027      -.1000        66660.56       -999.0000        115515.5       -999.0000    
  7.910      0.2240      -.1000        57687.14       -999.0000        102852.7       -999.0000    
  7.910      0.2475      -.1000        49836.54       -999.0000        91194.69       -999.0000    
  7.910      0.2736      -.1000        42933.17       -999.0000        80456.63       -999.0000    
  7.910      0.3023      -.1000        36930.37       -999.0000        70717.11       -999.0000    
  7.910      0.3341      -.1000        31676.42       -999.0000        61859.56       -999.0000    
  7.910      0.3693      -.1000        27091.51       -999.0000        53854.83       -999.0000    
  7.910      0.4081      -.1000        23113.12       -999.0000        46684.58       -999.0000    
  7.910      0.4510      -.1000        19655.66       -999.0000        40270.62       -999.0000    
  7.910      0.4985      -.1000        16653.37       -999.0000        34553.33       -999.0000    
  7.910      0.5509      -.1000        14061.47       -999.0000        29505.74       -999.0000    
  7.910      0.6088      -.1000        11825.00       -999.0000        25050.86       -999.0000    
  7.910      0.6729      -.1000        9897.012       -999.0000        21137.14       -999.0000    
  7.910      0.7436      -.1000        8245.963       -999.0000        17729.12       -999.0000    
  7.910      0.8218      -.1000        6832.545       -999.0000        14768.73       -999.0000    
  7.910      0.9083      -.1000        5627.225       -999.0000        12212.31       -999.0000    
  7.910       1.004      -.1000        4603.659       -999.0000        10018.32       -999.0000    
  7.910       1.109      -.1000        3744.969       -999.0000        8161.866       -999.0000    
  7.910       1.226      -.1000        3017.287       -999.0000        6579.793       -999.0000    
  7.910       1.355      -.1000        2411.196       -999.0000        5253.936       -999.0000    
  7.910       1.497      -.1000        1910.085       -999.0000        4154.474       -999.0000    
  7.910       1.655      -.1000        1494.561       -999.0000        3241.723       -999.0000    
  7.910       1.829      -.1000        1156.571       -999.0000        2499.616       -999.0000    
  7.910       2.021      -.1000        883.5181       -999.0000        1901.554       -999.0000    
  7.910       2.234      -.1000        664.1829       -999.0000        1422.843       -999.0000    
  7.910       2.469      -.1000        491.1523       -999.0000        1047.092       -999.0000    
  7.910       2.729      -.1000        356.1592       -999.0000        755.7012       -999.0000    
  7.910       3.016      -.1000        252.7603       -999.0000        534.0226       -999.0000    
  7.910       3.333      -.1000        174.9527       -999.0000        368.3637       -999.0000    
  7.910       3.683      -.1000        117.6601       -999.0000        247.1931       -999.0000    
  7.910       4.071      -.1000        76.40472       -999.0000        160.4358       -999.0000    
  7.910       4.499      -.1000        47.73779       -999.0000        100.3908       -999.0000    
  7.910       4.972      -.1000        28.48228       -999.0000        60.13575       -999.0000    
  7.910       5.495      -.1000        16.09367       -999.0000        34.20955       -999.0000    
  7.910       6.073      -.1000        8.530015       -999.0000        18.31288       -999.0000    
  7.910       6.711      -.1000        4.193705       -999.0000        9.125549       -999.0000    
  7.910       7.417      -.1000        1.880322       -999.0000        4.163924       -999.0000    
  7.910       8.197      -.1000       0.7543684       -999.0000        1.708232       -999.0000    
  7.910       9.059      -.1000       0.2635171       -999.0000       0.6137557       -999.0000    
  7.910      0.9106E-01   0.000        202003.9       -999.0000        246234.5       -999.0000    
  7.910      0.1006       0.000        176889.0       -999.0000        228795.2       -999.0000    
  7.910      0.1112       0.000        154611.4       -999.0000        211079.2       -999.0000    
  7.910      0.1229       0.000        135003.5       -999.0000        193569.6       -999.0000    
  7.910      0.1358       0.000        117769.8       -999.0000        176556.1       -999.0000    
  7.910      0.1501       0.000        102553.7       -999.0000        160151.0       -999.0000    
  7.910      0.1659       0.000        89178.24       -999.0000        144557.4       -999.0000    
  7.910      0.1834       0.000        77404.45       -999.0000        129837.7       -999.0000    
  7.910      0.2027       0.000        67094.20       -999.0000        116113.0       -999.0000    
  7.910      0.2240       0.000        58064.41       -999.0000        103394.0       -999.0000    
  7.910      0.2475       0.000        50164.26       -999.0000        91682.75       -999.0000    
  7.910      0.2736       0.000        43217.08       -999.0000        80894.37       -999.0000    
  7.910      0.3023       0.000        37176.01       -999.0000        71108.09       -999.0000    
  7.910      0.3341       0.000        31888.56       -999.0000        62206.87       -999.0000    
  7.910      0.3693       0.000        27274.39       -999.0000        54161.74       -999.0000    
  7.910      0.4081       0.000        23270.53       -999.0000        46965.12       -999.0000    
  7.910      0.4510       0.000        19790.78       -999.0000        40516.30       -999.0000    
  7.910      0.4985       0.000        16769.02       -999.0000        34767.47       -999.0000    
  7.910      0.5509       0.000        14160.23       -999.0000        29685.45       -999.0000    
  7.910      0.6088       0.000        11909.10       -999.0000        25206.06       -999.0000    
  7.910      0.6729       0.000        9968.395       -999.0000        21270.46       -999.0000    
  7.910      0.7436       0.000        8306.366       -999.0000        17843.10       -999.0000    
  7.910      0.8218       0.000        6883.457       -999.0000        14865.62       -999.0000    
  7.910      0.9083       0.000        5669.963       -999.0000        12294.19       -999.0000    
  7.910       1.004       0.000        4639.385       -999.0000        10087.11       -999.0000    
  7.910       1.109       0.000        3774.724       -999.0000        8221.636       -999.0000    
  7.910       1.226       0.000        3041.900       -999.0000        6627.616       -999.0000    
  7.910       1.355       0.000        2431.452       -999.0000        5293.309       -999.0000    
  7.910       1.497       0.000        1926.654       -999.0000        4186.658       -999.0000    
  7.910       1.655       0.000        1508.014       -999.0000        3267.799       -999.0000    
  7.910       1.829       0.000        1167.432       -999.0000        2520.697       -999.0000    
  7.910       2.021       0.000        892.1867       -999.0000        1918.248       -999.0000    
  7.910       2.234       0.000        671.0125       -999.0000        1435.963       -999.0000    
  7.910       2.469       0.000        496.4924       -999.0000        1057.313       -999.0000    
  7.910       2.729       0.000        360.2730       -999.0000        763.5538       -999.0000    
  7.910       3.016       0.000        255.8791       -999.0000        539.9681       -999.0000    
  7.910       3.333       0.000        177.2693       -999.0000        372.7840       -999.0000    
  7.910       3.683       0.000        119.3504       -999.0000        250.4329       -999.0000    
  7.910       4.071       0.000        77.60384       -999.0000        162.7384       -999.0000    
  7.910       4.499       0.000        48.55795       -999.0000        101.9822       -999.0000    
  7.910       4.972       0.000        29.02568       -999.0000        61.19981       -999.0000    
  7.910       5.495       0.000        16.43844       -999.0000        34.89316       -999.0000    
  7.910       6.073       0.000        8.736041       -999.0000        18.72835       -999.0000    
  7.910       6.711       0.000        4.310125       -999.0000        9.364592       -999.0000    
  7.910       7.417       0.000        1.940577       -999.0000        4.290641       -999.0000    
  7.910       8.197       0.000       0.7826890       -999.0000        1.769419       -999.0000    
  7.910       9.059       0.000       0.2753665       -999.0000       0.6401905       -999.0000    
  7.910      0.9106E-01  0.1000        200735.4       -999.0000        245185.1       -999.0000    
  7.910      0.1006      0.1000        175775.1       -999.0000        227781.4       -999.0000    
  7.910      0.1112      0.1000        153635.0       -999.0000        210112.3       -999.0000    
  7.910      0.1229      0.1000        134148.3       -999.0000        192657.2       -999.0000    
  7.910      0.1358      0.1000        117021.3       -999.0000        175702.1       -999.0000    
  7.910      0.1501      0.1000        101899.6       -999.0000        159358.3       -999.0000    
  7.910      0.1659      0.1000        88607.17       -999.0000        143826.9       -999.0000    
  7.910      0.1834      0.1000        76906.60       -999.0000        129169.0       -999.0000    
  7.910      0.2027      0.1000        66660.56       -999.0000        115504.5       -999.0000    
  7.910      0.2240      0.1000        57687.14       -999.0000        102843.3       -999.0000    
  7.910      0.2475      0.1000        49836.54       -999.0000        91186.59       -999.0000    
  7.910      0.2736      0.1000        42933.17       -999.0000        80449.58       -999.0000    
  7.910      0.3023      0.1000        36930.37       -999.0000        70711.03       -999.0000    
  7.910      0.3341      0.1000        31676.42       -999.0000        61869.49       -999.0000    
  7.910      0.3693      0.1000        27091.51       -999.0000        53863.36       -999.0000    
  7.910      0.4081      0.1000        23113.12       -999.0000        46691.86       -999.0000    
  7.910      0.4510      0.1000        19655.66       -999.0000        40276.92       -999.0000    
  7.910      0.4985      0.1000        16653.37       -999.0000        34558.80       -999.0000    
  7.910      0.5509      0.1000        14061.47       -999.0000        29504.36       -999.0000    
  7.910      0.6088      0.1000        11825.00       -999.0000        25049.67       -999.0000    
  7.910      0.6729      0.1000        9897.012       -999.0000        21136.12       -999.0000    
  7.910      0.7436      0.1000        8245.963       -999.0000        17728.25       -999.0000    
  7.910      0.8218      0.1000        6832.545       -999.0000        14768.00       -999.0000    
  7.910      0.9083      0.1000        5627.225       -999.0000        12211.69       -999.0000    
  7.910       1.004      0.1000        4603.659       -999.0000        10020.80       -999.0000    
  7.910       1.109      0.1000        3744.969       -999.0000        8163.929       -999.0000    
  7.910       1.226      0.1000        3017.287       -999.0000        6579.761       -999.0000    
  7.910       1.355      0.1000        2411.196       -999.0000        5253.929       -999.0000    
  7.910       1.497      0.1000        1910.085       -999.0000        4154.467       -999.0000    
  7.910       1.655      0.1000        1494.561       -999.0000        3241.752       -999.0000    
  7.910       1.829      0.1000        1156.571       -999.0000        2499.727       -999.0000    
  7.910       2.021      0.1000        883.5181       -999.0000        1901.556       -999.0000    
  7.910       2.234      0.1000        664.1829       -999.0000        1422.843       -999.0000    
  7.910       2.469      0.1000        491.1523       -999.0000        1047.067       -999.0000    
  7.910       2.729      0.1000        356.1592       -999.0000        755.6994       -999.0000    
  7.910       3.016      0.1000        252.7603       -999.0000        534.0210       -999.0000    
  7.910       3.333      0.1000        174.9527       -999.0000        368.3754       -999.0000    
  7.910       3.683      0.1000        117.6601       -999.0000        247.2024       -999.0000    
  7.910       4.071      0.1000        76.40472       -999.0000        160.4380       -999.0000    
  7.910       4.499      0.1000        47.73779       -999.0000        100.3931       -999.0000    
  7.910       4.972      0.1000        28.48228       -999.0000        60.13654       -999.0000    
  7.910       5.495      0.1000        16.09367       -999.0000        34.21017       -999.0000    
  7.910       6.073      0.1000        8.530015       -999.0000        18.31311       -999.0000    
  7.910       6.711      0.1000        4.193705       -999.0000        9.125725       -999.0000    
  7.910       7.417      0.1000        1.880322       -999.0000        4.164019       -999.0000    
  7.910       8.197      0.1000       0.7543684       -999.0000        1.708276       -999.0000    
  7.910       9.059      0.1000       0.2635171       -999.0000       0.6137750       -999.0000    
  7.910      0.9106E-01  0.2000        196873.6       -999.0000        242004.0       -999.0000    
  7.910      0.1006      0.2000        172384.1       -999.0000        224707.5       -999.0000    
  7.910      0.1112      0.2000        150662.2       -999.0000        207179.5       -999.0000    
  7.910      0.1229      0.2000        131544.3       -999.0000        189888.4       -999.0000    
  7.910      0.1358      0.2000        114741.8       -999.0000        173111.9       -999.0000    
  7.910      0.1501      0.2000        99907.16       -999.0000        156955.0       -999.0000    
  7.910      0.1659      0.2000        86867.67       -999.0000        141612.0       -999.0000    
  7.910      0.1834      0.2000        75390.33       -999.0000        127140.6       -999.0000    
  7.910      0.2027      0.2000        65340.29       -999.0000        113657.4       -999.0000    
  7.910      0.2240      0.2000        56538.99       -999.0000        101170.1       -999.0000    
  7.910      0.2475      0.2000        48839.33       -999.0000        89703.53       -999.0000    
  7.910      0.2736      0.2000        42069.00       -999.0000        79119.90       -999.0000    
  7.910      0.3023      0.2000        36182.23       -999.0000        69523.96       -999.0000    
  7.910      0.3341      0.2000        31030.22       -999.0000        60799.79       -999.0000    
  7.910      0.3693      0.2000        26534.62       -999.0000        52917.99       -999.0000    
  7.910      0.4081      0.2000        22634.05       -999.0000        45859.91       -999.0000    
  7.910      0.4510      0.2000        19244.47       -999.0000        39548.14       -999.0000    
  7.910      0.4985      0.2000        16301.39       -999.0000        33923.52       -999.0000    
  7.910      0.5509      0.2000        13760.92       -999.0000        28953.10       -999.0000    
  7.910      0.6088      0.2000        11569.10       -999.0000        24573.64       -999.0000    
  7.910      0.6729      0.2000        9679.861       -999.0000        20727.22       -999.0000    
  7.910      0.7436      0.2000        8062.267       -999.0000        17378.76       -999.0000    
  7.910      0.8218      0.2000        6677.742       -999.0000        14470.95       -999.0000    
  7.910      0.9083      0.2000        5497.302       -999.0000        11964.53       -999.0000    
  7.910       1.004      0.2000        4495.123       -999.0000        9810.262       -999.0000    
  7.910       1.109      0.2000        3654.629       -999.0000        7988.023       -999.0000    
  7.910       1.226      0.2000        2942.593       -999.0000        6434.057       -999.0000    
  7.910       1.355      0.2000        2349.745       -999.0000        5134.015       -999.0000    
  7.910       1.497      0.2000        1859.818       -999.0000        4056.462       -999.0000    
  7.910       1.655      0.2000        1453.814       -999.0000        3162.441       -999.0000    
  7.910       1.829      0.2000        1123.788       -999.0000        2436.074       -999.0000    
  7.910       2.021      0.2000        857.3627       -999.0000        1850.935       -999.0000    
  7.910       2.234      0.2000        643.5513       -999.0000        1383.012       -999.0000    
  7.910       2.469      0.2000        475.0716       -999.0000        1016.139       -999.0000    
  7.910       2.729      0.2000        343.8092       -999.0000        731.9966       -999.0000    
  7.910       3.016      0.2000        243.4123       -999.0000        516.1054       -999.0000    
  7.910       3.333      0.2000        168.0125       -999.0000        355.0701       -999.0000    
  7.910       3.683      0.2000        112.6267       -999.0000        237.5224       -999.0000    
  7.910       4.071      0.2000        72.85293       -999.0000        153.5774       -999.0000    
  7.910       4.499      0.2000        45.30503       -999.0000        95.65963       -999.0000    
  7.910       4.972      0.2000        26.88163       -999.0000        56.98898       -999.0000    
  7.910       5.495      0.2000        15.08640       -999.0000        32.20330       -999.0000    
  7.910       6.073      0.2000        7.929782       -999.0000        17.09796       -999.0000    
  7.910       6.711      0.2000        3.858665       -999.0000        8.434206       -999.0000    
  7.910       7.417      0.2000        1.707638       -999.0000        3.799561       -999.0000    
  7.910       8.197      0.2000       0.6738033       -999.0000        1.533665       -999.0000    
  7.910       9.059      0.2000       0.2302945       -999.0000       0.5394112       -999.0000    
  7.910      0.9106E-01  0.3000        190248.4       -999.0000        236474.7       -999.0000    
  7.910      0.1006      0.3000        166566.4       -999.0000        219374.1       -999.0000    
  7.910      0.1112      0.3000        145562.2       -999.0000        202097.4       -999.0000    
  7.910      0.1229      0.3000        127077.3       -999.0000        185094.5       -999.0000    
  7.910      0.1358      0.3000        110832.1       -999.0000        168628.8       -999.0000    
  7.910      0.1501      0.3000        96490.55       -999.0000        152795.6       -999.0000    
  7.910      0.1659      0.3000        83885.27       -999.0000        137825.0       -999.0000    
  7.910      0.1834      0.3000        72790.91       -999.0000        123673.4       -999.0000    
  7.910      0.2027      0.3000        63076.98       -999.0000        110500.9       -999.0000    
  7.910      0.2240      0.3000        54570.77       -999.0000        98311.73       -999.0000    
  7.910      0.2475      0.3000        47129.95       -999.0000        87103.23       -999.0000    
  7.910      0.2736      0.3000        40587.91       -999.0000        76790.36       -999.0000    
  7.910      0.3023      0.3000        34900.30       -999.0000        67445.73       -999.0000    
  7.910      0.3341      0.3000        29923.17       -999.0000        58954.90       -999.0000    
  7.910      0.3693      0.3000        25580.69       -999.0000        51288.05       -999.0000    
  7.910      0.4081      0.3000        21813.53       -999.0000        44426.01       -999.0000    
  7.910      0.4510      0.3000        18540.43       -999.0000        38292.60       -999.0000    
  7.910      0.4985      0.3000        15699.00       -999.0000        32829.54       -999.0000    
  7.910      0.5509      0.3000        13246.73       -999.0000        28004.20       -999.0000    
  7.910      0.6088      0.3000        11131.46       -999.0000        23754.60       -999.0000    
  7.910      0.6729      0.3000        9308.671       -999.0000        20024.03       -999.0000    
  7.910      0.7436      0.3000        7748.434       -999.0000        16778.02       -999.0000    
  7.910      0.8218      0.3000        6413.457       -999.0000        13965.46       -999.0000    
  7.910      0.9083      0.3000        5275.686       -999.0000        11533.87       -999.0000    
  7.910       1.004      0.3000        4310.115       -999.0000        9448.888       -999.0000    
  7.910       1.109      0.3000        3500.724       -999.0000        7686.340       -999.0000    
  7.910       1.226      0.3000        2815.496       -999.0000        6184.357       -999.0000    
  7.910       1.355      0.3000        2245.378       -999.0000        4928.786       -999.0000    
  7.910       1.497      0.3000        1774.617       -999.0000        3889.021       -999.0000    
  7.910       1.655      0.3000        1384.866       -999.0000        3027.110       -999.0000    
  7.910       1.829      0.3000        1068.424       -999.0000        2327.648       -999.0000    
  7.910       2.021      0.3000        813.3102       -999.0000        1764.904       -999.0000    
  7.910       2.234      0.3000        608.9213       -999.0000        1315.576       -999.0000    
  7.910       2.469      0.3000        448.1579       -999.0000        963.8828       -999.0000    
  7.910       2.729      0.3000        323.2020       -999.0000        692.0735       -999.0000    
  7.910       3.016      0.3000        227.9047       -999.0000        486.1069       -999.0000    
  7.910       3.333      0.3000        156.5639       -999.0000        332.8948       -999.0000    
  7.910       3.683      0.3000        104.3619       -999.0000        221.4856       -999.0000    
  7.910       4.071      0.3000        67.05798       -999.0000        142.2761       -999.0000    
  7.910       4.499      0.3000        41.37064       -999.0000        87.93141       -999.0000    
  7.910       4.972      0.3000        24.31156       -999.0000        51.89076       -999.0000    
  7.910       5.495      0.3000        13.48553       -999.0000        28.98665       -999.0000    
  7.910       6.073      0.3000        6.987518       -999.0000        15.17431       -999.0000    
  7.910       6.711      0.3000        3.339845       -999.0000        7.354678       -999.0000    
  7.910       7.417      0.3000        1.445037       -999.0000        3.241118       -999.0000    
  7.910       8.197      0.3000       0.5538586       -999.0000        1.271393       -999.0000    
  7.910       9.059      0.3000       0.1821480       -999.0000       0.4307546       -999.0000    
  8.110      0.9106E-01  -.2000        172317.2       -999.0000        213700.1       -999.0000    
  8.110      0.1006      -.2000        150887.8       -999.0000        198283.9       -999.0000    
  8.110      0.1112      -.2000        131879.8       -999.0000        182705.9       -999.0000    
  8.110      0.1229      -.2000        115149.9       -999.0000        167371.4       -999.0000    
  8.110      0.1358      -.2000        100445.9       -999.0000        152518.0       -999.0000    
  8.110      0.1501      -.2000        87463.83       -999.0000        138232.0       -999.0000    
  8.110      0.1659      -.2000        76052.43       -999.0000        124680.8       -999.0000    
  8.110      0.1834      -.2000        66007.80       -999.0000        111911.3       -999.0000    
  8.110      0.2027      -.2000        57211.96       -999.0000        100022.2       -999.0000    
  8.110      0.2240      -.2000        49508.76       -999.0000        89017.97       -999.0000    
  8.110      0.2475      -.2000        42769.45       -999.0000        78896.43       -999.0000    
  8.110      0.2736      -.2000        36843.31       -999.0000        69581.36       -999.0000    
  8.110      0.3023      -.2000        31690.38       -999.0000        61138.47       -999.0000    
  8.110      0.3341      -.2000        27180.41       -999.0000        53464.76       -999.0000    
  8.110      0.3693      -.2000        23244.82       -999.0000        46533.70       -999.0000    
  8.110      0.4081      -.2000        19829.91       -999.0000        40328.22       -999.0000    
  8.110      0.4510      -.2000        16862.16       -999.0000        34779.69       -999.0000    
  8.110      0.4985      -.2000        14285.17       -999.0000        29835.73       -999.0000    
  8.110      0.5509      -.2000        12060.52       -999.0000        25467.02       -999.0000    
  8.110      0.6088      -.2000        10140.99       -999.0000        21617.82       -999.0000    
  8.110      0.6729      -.2000        8486.292       -999.0000        18240.56       -999.0000    
  8.110      0.7436      -.2000        7069.335       -999.0000        15296.82       -999.0000    
  8.110      0.8218      -.2000        5856.370       -999.0000        12740.23       -999.0000    
  8.110      0.9083      -.2000        4822.060       -999.0000        10532.88       -999.0000    
  8.110       1.004      -.2000        3943.808       -999.0000        8638.788       -999.0000    
  8.110       1.109      -.2000        3207.097       -999.0000        7036.291       -999.0000    
  8.110       1.226      -.2000        2582.854       -999.0000        5669.341       -999.0000    
  8.110       1.355      -.2000        2062.999       -999.0000        4526.508       -999.0000    
  8.110       1.497      -.2000        1633.310       -999.0000        3577.848       -999.0000    
  8.110       1.655      -.2000        1277.129       -999.0000        2790.449       -999.0000    
  8.110       1.829      -.2000        987.5310       -999.0000        2150.478       -999.0000    
  8.110       2.021      -.2000        753.6842       -999.0000        1634.670       -999.0000    
  8.110       2.234      -.2000        565.9652       -999.0000        1222.083       -999.0000    
  8.110       2.469      -.2000        418.0072       -999.0000        898.4564       -999.0000    
  8.110       2.729      -.2000        302.6927       -999.0000        647.6410       -999.0000    
  8.110       3.016      -.2000        214.4578       -999.0000        456.9600       -999.0000    
  8.110       3.333      -.2000        148.1643       -999.0000        314.6525       -999.0000    
  8.110       3.683      -.2000        99.43525       -999.0000        210.7161       -999.0000    
  8.110       4.071      -.2000        64.41154       -999.0000        136.4228       -999.0000    
  8.110       4.499      -.2000        40.12497       -999.0000        85.11463       -999.0000    
  8.110       4.972      -.2000        23.85640       -999.0000        50.80282       -999.0000    
  8.110       5.495      -.2000        13.41960       -999.0000        28.77056       -999.0000    
  8.110       6.073      -.2000        7.071719       -999.0000        15.31266       -999.0000    
  8.110       6.711      -.2000        3.450389       -999.0000        7.573119       -999.0000    
  8.110       7.417      -.2000        1.530926       -999.0000        3.420257       -999.0000    
  8.110       8.197      -.2000       0.6055427       -999.0000        1.384019       -999.0000    
  8.110       9.059      -.2000       0.2073294       -999.0000       0.4876563       -999.0000    
  8.110      0.9106E-01  -.1000        175892.7       -999.0000        216712.6       -999.0000    
  8.110      0.1006      -.1000        154027.2       -999.0000        201185.5       -999.0000    
  8.110      0.1112      -.1000        134631.7       -999.0000        185467.0       -999.0000    
  8.110      0.1229      -.1000        117560.4       -999.0000        169972.7       -999.0000    
  8.110      0.1358      -.1000        102555.8       -999.0000        154948.0       -999.0000    
  8.110      0.1501      -.1000        89307.81       -999.0000        140484.2       -999.0000    
  8.110      0.1659      -.1000        77662.03       -999.0000        126754.0       -999.0000    
  8.110      0.1834      -.1000        67410.54       -999.0000        113807.3       -999.0000    
  8.110      0.2027      -.1000        58433.10       -999.0000        101746.6       -999.0000    
  8.110      0.2240      -.1000        50570.55       -999.0000        90578.07       -999.0000    
  8.110      0.2475      -.1000        43691.59       -999.0000        80301.05       -999.0000    
  8.110      0.2736      -.1000        37642.33       -999.0000        70839.09       -999.0000    
  8.110      0.3023      -.1000        32381.97       -999.0000        62260.08       -999.0000    
  8.110      0.3341      -.1000        27777.61       -999.0000        54460.18       -999.0000    
  8.110      0.3693      -.1000        23759.34       -999.0000        47412.92       -999.0000    
  8.110      0.4081      -.1000        20272.44       -999.0000        41101.43       -999.0000    
  8.110      0.4510      -.1000        17241.90       -999.0000        35456.49       -999.0000    
  8.110      0.4985      -.1000        14610.13       -999.0000        30425.27       -999.0000    
  8.110      0.5509      -.1000        12337.92       -999.0000        25983.62       -999.0000    
  8.110      0.6088      -.1000        10377.11       -999.0000        22063.63       -999.0000    
  8.110      0.6729      -.1000        8686.568       -999.0000        18619.78       -999.0000    
  8.110      0.7436      -.1000        7238.696       -999.0000        15620.77       -999.0000    
  8.110      0.8218      -.1000        5999.045       -999.0000        13015.41       -999.0000    
  8.110      0.9083      -.1000        4941.744       -999.0000        10765.27       -999.0000    
  8.110       1.004      -.1000        4043.732       -999.0000        8833.810       -999.0000    
  8.110       1.109      -.1000        3290.236       -999.0000        7199.125       -999.0000    
  8.110       1.226      -.1000        2651.567       -999.0000        5804.174       -999.0000    
  8.110       1.355      -.1000        2119.507       -999.0000        4637.554       -999.0000    
  8.110       1.497      -.1000        1679.494       -999.0000        3668.557       -999.0000    
  8.110       1.655      -.1000        1314.538       -999.0000        2863.804       -999.0000    
  8.110       1.829      -.1000        1017.620       -999.0000        2209.331       -999.0000    
  8.110       2.021      -.1000        777.6753       -999.0000        1681.440       -999.0000    
  8.110       2.234      -.1000        584.8803       -999.0000        1258.891       -999.0000    
  8.110       2.469      -.1000        432.7369       -999.0000        926.9984       -999.0000    
  8.110       2.729      -.1000        314.0045       -999.0000        669.5079       -999.0000    
  8.110       3.016      -.1000        223.0200       -999.0000        473.4851       -999.0000    
  8.110       3.333      -.1000        154.5182       -999.0000        326.9167       -999.0000    
  8.110       3.683      -.1000        104.0435       -999.0000        219.6329       -999.0000    
  8.110       4.071      -.1000        67.66438       -999.0000        142.7505       -999.0000    
  8.110       4.499      -.1000        42.35435       -999.0000        89.47874       -999.0000    
  8.110       4.972      -.1000        25.32342       -999.0000        53.70487       -999.0000    
  8.110       5.495      -.1000        14.34452       -999.0000        30.62306       -999.0000    
  8.110       6.073      -.1000        7.623589       -999.0000        16.43570       -999.0000    
  8.110       6.711      -.1000        3.758740       -999.0000        8.212628       -999.0000    
  8.110       7.417      -.1000        1.690091       -999.0000        3.757859       -999.0000    
  8.110       8.197      -.1000       0.6798555       -999.0000        1.545725       -999.0000    
  8.110       9.059      -.1000       0.2379860       -999.0000       0.5565603       -999.0000    
  8.110      0.9106E-01   0.000        177067.0       -999.0000        217687.9       -999.0000    
  8.110      0.1006       0.000        155058.2       -999.0000        202126.3       -999.0000    
  8.110      0.1112       0.000        135535.5       -999.0000        186363.5       -999.0000    
  8.110      0.1229       0.000        118352.0       -999.0000        170818.0       -999.0000    
  8.110      0.1358       0.000        103248.7       -999.0000        155738.1       -999.0000    
  8.110      0.1501       0.000        89913.20       -999.0000        141216.7       -999.0000    
  8.110      0.1659       0.000        78190.45       -999.0000        127428.2       -999.0000    
  8.110      0.1834       0.000        67871.16       -999.0000        114423.9       -999.0000    
  8.110      0.2027       0.000        58834.30       -999.0000        102307.6       -999.0000    
  8.110      0.2240       0.000        50919.52       -999.0000        91085.89       -999.0000    
  8.110      0.2475       0.000        43994.61       -999.0000        80758.56       -999.0000    
  8.110      0.2736       0.000        37904.75       -999.0000        71249.06       -999.0000    
  8.110      0.3023       0.000        32609.00       -999.0000        62625.79       -999.0000    
  8.110      0.3341       0.000        27973.69       -999.0000        54784.67       -999.0000    
  8.110      0.3693       0.000        23928.36       -999.0000        47699.42       -999.0000    
  8.110      0.4081       0.000        20417.86       -999.0000        41353.39       -999.0000    
  8.110      0.4510       0.000        17366.69       -999.0000        35685.05       -999.0000    
  8.110      0.4985       0.000        14716.91       -999.0000        30624.35       -999.0000    
  8.110      0.5509       0.000        12429.08       -999.0000        26150.93       -999.0000    
  8.110      0.6088       0.000        10454.71       -999.0000        22208.05       -999.0000    
  8.110      0.6729       0.000        8752.414       -999.0000        18743.79       -999.0000    
  8.110      0.7436       0.000        7294.385       -999.0000        15726.71       -999.0000    
  8.110      0.8218       0.000        6045.968       -999.0000        13105.41       -999.0000    
  8.110      0.9083       0.000        4981.125       -999.0000        10841.30       -999.0000    
  8.110       1.004       0.000        4076.630       -999.0000        8897.628       -999.0000    
  8.110       1.109       0.000        3317.619       -999.0000        7252.422       -999.0000    
  8.110       1.226       0.000        2674.212       -999.0000        5849.991       -999.0000    
  8.110       1.355       0.000        2138.126       -999.0000        4674.014       -999.0000    
  8.110       1.497       0.000        1694.720       -999.0000        3698.353       -999.0000    
  8.110       1.655       0.000        1326.905       -999.0000        2887.945       -999.0000    
  8.110       1.829       0.000        1027.590       -999.0000        2228.746       -999.0000    
  8.110       2.021       0.000        785.6177       -999.0000        1696.930       -999.0000    
  8.110       2.234       0.000        591.1448       -999.0000        1271.013       -999.0000    
  8.110       2.469       0.000        437.6333       -999.0000        936.4379       -999.0000    
  8.110       2.729       0.000        317.7729       -999.0000        676.7397       -999.0000    
  8.110       3.016       0.000        225.8754       -999.0000        478.9673       -999.0000    
  8.110       3.333       0.000        156.6399       -999.0000        330.9929       -999.0000    
  8.110       3.683       0.000        105.5931       -999.0000        222.6217       -999.0000    
  8.110       4.071       0.000        68.76199       -999.0000        144.8729       -999.0000    
  8.110       4.499       0.000        43.10585       -999.0000        90.94441       -999.0000    
  8.110       4.972       0.000        25.82281       -999.0000        54.68778       -999.0000    
  8.110       5.495       0.000        14.66130       -999.0000        31.25466       -999.0000    
  8.110       6.073       0.000        7.813097       -999.0000        16.81983       -999.0000    
  8.110       6.711       0.000        3.865908       -999.0000        8.433923       -999.0000    
  8.110       7.417       0.000        1.745654       -999.0000        3.875267       -999.0000    
  8.110       8.197       0.000       0.7060076       -999.0000        1.602499       -999.0000    
  8.110       9.059       0.000       0.2489349       -999.0000       0.5810852       -999.0000    
  8.110      0.9106E-01  0.1000        175892.7       -999.0000        216685.7       -999.0000    
  8.110      0.1006      0.1000        154027.2       -999.0000        201162.3       -999.0000    
  8.110      0.1112      0.1000        134631.7       -999.0000        185446.8       -999.0000    
  8.110      0.1229      0.1000        117560.4       -999.0000        169954.8       -999.0000    
  8.110      0.1358      0.1000        102555.8       -999.0000        154931.9       -999.0000    
  8.110      0.1501      0.1000        89307.81       -999.0000        140469.7       -999.0000    
  8.110      0.1659      0.1000        77662.03       -999.0000        126741.1       -999.0000    
  8.110      0.1834      0.1000        67410.54       -999.0000        113796.1       -999.0000    
  8.110      0.2027      0.1000        58433.10       -999.0000        101737.2       -999.0000    
  8.110      0.2240      0.1000        50570.55       -999.0000        90570.07       -999.0000    
  8.110      0.2475      0.1000        43691.59       -999.0000        80294.08       -999.0000    
  8.110      0.2736      0.1000        37642.33       -999.0000        70833.00       -999.0000    
  8.110      0.3023      0.1000        32381.97       -999.0000        62254.79       -999.0000    
  8.110      0.3341      0.1000        27777.61       -999.0000        54468.77       -999.0000    
  8.110      0.3693      0.1000        23759.34       -999.0000        47420.25       -999.0000    
  8.110      0.4081      0.1000        20272.44       -999.0000        41107.75       -999.0000    
  8.110      0.4510      0.1000        17241.90       -999.0000        35462.00       -999.0000    
  8.110      0.4985      0.1000        14610.13       -999.0000        30430.04       -999.0000    
  8.110      0.5509      0.1000        12337.92       -999.0000        25982.40       -999.0000    
  8.110      0.6088      0.1000        10377.11       -999.0000        22062.60       -999.0000    
  8.110      0.6729      0.1000        8686.568       -999.0000        18618.90       -999.0000    
  8.110      0.7436      0.1000        7238.696       -999.0000        15620.01       -999.0000    
  8.110      0.8218      0.1000        5999.045       -999.0000        13014.77       -999.0000    
  8.110      0.9083      0.1000        4941.744       -999.0000        10764.72       -999.0000    
  8.110       1.004      0.1000        4043.732       -999.0000        8833.339       -999.0000    
  8.110       1.109      0.1000        3290.236       -999.0000        7200.918       -999.0000    
  8.110       1.226      0.1000        2651.567       -999.0000        5805.640       -999.0000    
  8.110       1.355      0.1000        2119.507       -999.0000        4637.547       -999.0000    
  8.110       1.497      0.1000        1679.494       -999.0000        3668.550       -999.0000    
  8.110       1.655      0.1000        1314.538       -999.0000        2863.805       -999.0000    
  8.110       1.829      0.1000        1017.620       -999.0000        2209.353       -999.0000    
  8.110       2.021      0.1000        777.6753       -999.0000        1681.514       -999.0000    
  8.110       2.234      0.1000        584.8803       -999.0000        1258.891       -999.0000    
  8.110       2.469      0.1000        432.7369       -999.0000        926.9770       -999.0000    
  8.110       2.729      0.1000        314.0045       -999.0000        669.4923       -999.0000    
  8.110       3.016      0.1000        223.0200       -999.0000        473.4838       -999.0000    
  8.110       3.333      0.1000        154.5182       -999.0000        326.9161       -999.0000    
  8.110       3.683      0.1000        104.0435       -999.0000        219.6402       -999.0000    
  8.110       4.071      0.1000        67.66438       -999.0000        142.7523       -999.0000    
  8.110       4.499      0.1000        42.35435       -999.0000        89.47955       -999.0000    
  8.110       4.972      0.1000        25.32342       -999.0000        53.70536       -999.0000    
  8.110       5.495      0.1000        14.34452       -999.0000        30.62395       -999.0000    
  8.110       6.073      0.1000        7.623589       -999.0000        16.43591       -999.0000    
  8.110       6.711      0.1000        3.758740       -999.0000        8.212909       -999.0000    
  8.110       7.417      0.1000        1.690091       -999.0000        3.757956       -999.0000    
  8.110       8.197      0.1000       0.6798555       -999.0000        1.545766       -999.0000    
  8.110       9.059      0.1000       0.2379860       -999.0000       0.5565837       -999.0000    
  8.110      0.9106E-01  0.2000        172317.2       -999.0000        213646.1       -999.0000    
  8.110      0.1006      0.2000        150887.8       -999.0000        198236.1       -999.0000    
  8.110      0.1112      0.2000        131879.8       -999.0000        182664.1       -999.0000    
  8.110      0.1229      0.2000        115149.9       -999.0000        167335.2       -999.0000    
  8.110      0.1358      0.2000        100445.9       -999.0000        152487.1       -999.0000    
  8.110      0.1501      0.2000        87463.83       -999.0000        138205.0       -999.0000    
  8.110      0.1659      0.2000        76052.43       -999.0000        124656.9       -999.0000    
  8.110      0.1834      0.2000        66007.80       -999.0000        111890.0       -999.0000    
  8.110      0.2027      0.2000        57211.96       -999.0000        100003.5       -999.0000    
  8.110      0.2240      0.2000        49508.76       -999.0000        89001.69       -999.0000    
  8.110      0.2475      0.2000        42769.45       -999.0000        78903.84       -999.0000    
  8.110      0.2736      0.2000        36843.31       -999.0000        69587.78       -999.0000    
  8.110      0.3023      0.2000        31690.38       -999.0000        61144.11       -999.0000    
  8.110      0.3341      0.2000        27180.41       -999.0000        53469.76       -999.0000    
  8.110      0.3693      0.2000        23244.82       -999.0000        46538.04       -999.0000    
  8.110      0.4081      0.2000        19829.91       -999.0000        40331.94       -999.0000    
  8.110      0.4510      0.2000        16862.16       -999.0000        34782.86       -999.0000    
  8.110      0.4985      0.2000        14285.17       -999.0000        29838.43       -999.0000    
  8.110      0.5509      0.2000        12060.52       -999.0000        25469.34       -999.0000    
  8.110      0.6088      0.2000        10140.99       -999.0000        21619.83       -999.0000    
  8.110      0.6729      0.2000        8486.292       -999.0000        18238.81       -999.0000    
  8.110      0.7436      0.2000        7069.335       -999.0000        15295.33       -999.0000    
  8.110      0.8218      0.2000        5856.370       -999.0000        12738.95       -999.0000    
  8.110      0.9083      0.2000        4822.060       -999.0000        10535.15       -999.0000    
  8.110       1.004      0.2000        3943.808       -999.0000        8640.688       -999.0000    
  8.110       1.109      0.2000        3207.097       -999.0000        7037.879       -999.0000    
  8.110       1.226      0.2000        2582.854       -999.0000        5670.628       -999.0000    
  8.110       1.355      0.2000        2062.999       -999.0000        4526.487       -999.0000    
  8.110       1.497      0.2000        1633.310       -999.0000        3577.841       -999.0000    
  8.110       1.655      0.2000        1277.129       -999.0000        2790.475       -999.0000    
  8.110       1.829      0.2000        987.5310       -999.0000        2150.499       -999.0000    
  8.110       2.021      0.2000        753.6842       -999.0000        1634.738       -999.0000    
  8.110       2.234      0.2000        565.9652       -999.0000        1222.136       -999.0000    
  8.110       2.469      0.2000        418.0072       -999.0000        898.4353       -999.0000    
  8.110       2.729      0.2000        302.6927       -999.0000        647.6253       -999.0000    
  8.110       3.016      0.2000        214.4578       -999.0000        456.9594       -999.0000    
  8.110       3.333      0.2000        148.1643       -999.0000        314.6621       -999.0000    
  8.110       3.683      0.2000        99.43525       -999.0000        210.7209       -999.0000    
  8.110       4.071      0.2000        64.41154       -999.0000        136.4292       -999.0000    
  8.110       4.499      0.2000        40.12497       -999.0000        85.11607       -999.0000    
  8.110       4.972      0.2000        23.85640       -999.0000        50.80432       -999.0000    
  8.110       5.495      0.2000        13.41960       -999.0000        28.77143       -999.0000    
  8.110       6.073      0.2000        7.071719       -999.0000        15.31321       -999.0000    
  8.110       6.711      0.2000        3.450389       -999.0000        7.573476       -999.0000    
  8.110       7.417      0.2000        1.530926       -999.0000        3.420485       -999.0000    
  8.110       8.197      0.2000       0.6055427       -999.0000        1.384102       -999.0000    
  8.110       9.059      0.2000       0.2073294       -999.0000       0.4876979       -999.0000    
  8.110      0.9106E-01  0.3000        166189.5       -999.0000        208383.5       -999.0000    
  8.110      0.1006      0.3000        145507.7       -999.0000        193175.8       -999.0000    
  8.110      0.1112      0.3000        127163.9       -999.0000        177855.1       -999.0000    
  8.110      0.1229      0.3000        111019.8       -999.0000        162809.4       -999.0000    
  8.110      0.1358      0.3000        96831.49       -999.0000        148262.7       -999.0000    
  8.110      0.1501      0.3000        84305.48       -999.0000        134293.1       -999.0000    
  8.110      0.1659      0.3000        73295.69       -999.0000        121059.0       -999.0000    
  8.110      0.1834      0.3000        63605.27       -999.0000        108636.0       -999.0000    
  8.110      0.2027      0.3000        55120.35       -999.0000        97044.56       -999.0000    
  8.110      0.2240      0.3000        47690.11       -999.0000        86325.05       -999.0000    
  8.110      0.2475      0.3000        41190.25       -999.0000        76472.93       -999.0000    
  8.110      0.2736      0.3000        35475.27       -999.0000        67411.89       -999.0000    
  8.110      0.3023      0.3000        30506.46       -999.0000        59204.47       -999.0000    
  8.110      0.3341      0.3000        26158.13       -999.0000        51749.15       -999.0000    
  8.110      0.3693      0.3000        22364.10       -999.0000        45018.98       -999.0000    
  8.110      0.4081      0.3000        19072.56       -999.0000        38996.46       -999.0000    
  8.110      0.4510      0.3000        16212.49       -999.0000        33614.24       -999.0000    
  8.110      0.4985      0.3000        13729.43       -999.0000        28820.76       -999.0000    
  8.110      0.5509      0.3000        11586.25       -999.0000        24587.12       -999.0000    
  8.110      0.6088      0.3000        9737.448       -999.0000        20858.74       -999.0000    
  8.110      0.6729      0.3000        8144.143       -999.0000        17585.71       -999.0000    
  8.110      0.7436      0.3000        6780.173       -999.0000        14737.67       -999.0000    
  8.110      0.8218      0.3000        5612.947       -999.0000        12269.67       -999.0000    
  8.110      0.9083      0.3000        4617.994       -999.0000        10135.73       -999.0000    
  8.110       1.004      0.3000        3773.502       -999.0000        8305.684       -999.0000    
  8.110       1.109      0.3000        3065.522       -999.0000        6758.335       -999.0000    
  8.110       1.226      0.3000        2466.000       -999.0000        5439.401       -999.0000    
  8.110       1.355      0.3000        1967.102       -999.0000        4336.541       -999.0000    
  8.110       1.497      0.3000        1555.054       -999.0000        3422.935       -999.0000    
  8.110       1.655      0.3000        1213.843       -999.0000        2665.344       -999.0000    
  8.110       1.829      0.3000        936.7421       -999.0000        2050.300       -999.0000    
  8.110       2.021      0.3000        713.3019       -999.0000        1555.288       -999.0000    
  8.110       2.234      0.3000        534.2358       -999.0000        1159.861       -999.0000    
  8.110       2.469      0.3000        393.3579       -999.0000        850.2266       -999.0000    
  8.110       2.729      0.3000        283.8311       -999.0000        610.8187       -999.0000    
  8.110       3.016      0.3000        200.2729       -999.0000        429.3225       -999.0000    
  8.110       3.333      0.3000        137.6928       -999.0000        294.2395       -999.0000    
  8.110       3.683      0.3000        91.87781       -999.0000        195.9586       -999.0000    
  8.110       4.071      0.3000        59.11219       -999.0000        126.0294       -999.0000    
  8.110       4.499      0.3000        36.52607       -999.0000        78.00425       -999.0000    
  8.110       4.972      0.3000        21.50409       -999.0000        46.11149       -999.0000    
  8.110       5.495      0.3000        11.95315       -999.0000        25.80905       -999.0000    
  8.110       6.073      0.3000        6.207741       -999.0000        13.54048       -999.0000    
  8.110       6.711      0.3000        2.974256       -999.0000        6.577975       -999.0000    
  8.110       7.417      0.3000        1.289577       -999.0000        2.904541       -999.0000    
  8.110       8.197      0.3000       0.4952593       -999.0000        1.141878       -999.0000    
  8.110       9.059      0.3000       0.1630511       -999.0000       0.3872801       -999.0000    
  8.310      0.9106E-01  -.2000        150907.7       -999.0000        188758.1       -999.0000    
  8.310      0.1006      -.2000        132145.2       -999.0000        175019.3       -999.0000    
  8.310      0.1112      -.2000        115502.3       -999.0000        161174.0       -999.0000    
  8.310      0.1229      -.2000        100853.9       -999.0000        147573.4       -999.0000    
  8.310      0.1358      -.2000        87979.13       -999.0000        134420.4       -999.0000    
  8.310      0.1501      -.2000        76611.78       -999.0000        121785.9       -999.0000    
  8.310      0.1659      -.2000        66619.45       -999.0000        109813.7       -999.0000    
  8.310      0.1834      -.2000        57823.61       -999.0000        98541.71       -999.0000    
  8.310      0.2027      -.2000        50121.10       -999.0000        88054.49       -999.0000    
  8.310      0.2240      -.2000        43375.19       -999.0000        78353.62       -999.0000    
  8.310      0.2475      -.2000        37473.20       -999.0000        69435.47       -999.0000    
  8.310      0.2736      -.2000        32283.20       -999.0000        61231.20       -999.0000    
  8.310      0.3023      -.2000        27770.18       -999.0000        53797.74       -999.0000    
  8.310      0.3341      -.2000        23820.05       -999.0000        47043.50       -999.0000    
  8.310      0.3693      -.2000        20372.81       -999.0000        40944.37       -999.0000    
  8.310      0.4081      -.2000        17381.49       -999.0000        35484.76       -999.0000    
  8.310      0.4510      -.2000        14781.71       -999.0000        30603.95       -999.0000    
  8.310      0.4985      -.2000        12524.11       -999.0000        26255.41       -999.0000    
  8.310      0.5509      -.2000        10575.02       -999.0000        22413.12       -999.0000    
  8.310      0.6088      -.2000        8893.105       -999.0000        19027.86       -999.0000    
  8.310      0.6729      -.2000        7443.091       -999.0000        16057.61       -999.0000    
  8.310      0.7436      -.2000        6201.276       -999.0000        13468.57       -999.0000    
  8.310      0.8218      -.2000        5138.114       -999.0000        11219.84       -999.0000    
  8.310      0.9083      -.2000        4231.428       -999.0000        9278.100       -999.0000    
  8.310       1.004      -.2000        3461.414       -999.0000        7611.637       -999.0000    
  8.310       1.109      -.2000        2815.384       -999.0000        6201.455       -999.0000    
  8.310       1.226      -.2000        2267.871       -999.0000        4998.254       -999.0000    
  8.310       1.355      -.2000        1811.850       -999.0000        3991.120       -999.0000    
  8.310       1.497      -.2000        1434.830       -999.0000        3156.565       -999.0000    
  8.310       1.655      -.2000        1122.238       -999.0000        2462.848       -999.0000    
  8.310       1.829      -.2000        868.0215       -999.0000        1898.805       -999.0000    
  8.310       2.021      -.2000        662.6959       -999.0000        1444.055       -999.0000    
  8.310       2.234      -.2000        497.8297       -999.0000        1080.071       -999.0000    
  8.310       2.469      -.2000        367.8531       -999.0000        794.4807       -999.0000    
  8.310       2.729      -.2000        266.5154       -999.0000        573.0315       -999.0000    
  8.310       3.016      -.2000        188.9550       -999.0000        404.6102       -999.0000    
  8.310       3.333      -.2000        130.6541       -999.0000        278.8311       -999.0000    
  8.310       3.683      -.2000        87.77702       -999.0000        186.9178       -999.0000    
  8.310       4.071      -.2000        56.93182       -999.0000        121.1617       -999.0000    
  8.310       4.499      -.2000        35.52243       -999.0000        75.70650       -999.0000    
  8.310       4.972      -.2000        21.15895       -999.0000        45.26646       -999.0000    
  8.310       5.495      -.2000        11.92789       -999.0000        25.68748       -999.0000    
  8.310       6.073      -.2000        6.300651       -999.0000        13.70292       -999.0000    
  8.310       6.711      -.2000        3.081837       -999.0000        6.793306       -999.0000    
  8.310       7.417      -.2000        1.370716       -999.0000        3.075519       -999.0000    
  8.310       8.197      -.2000       0.5433441       -999.0000        1.247113       -999.0000    
  8.310       9.059      -.2000       0.1863205       -999.0000       0.4401554       -999.0000    
  8.310      0.9106E-01  -.1000        154209.7       -999.0000        191619.7       -999.0000    
  8.310      0.1006      -.1000        135044.2       -999.0000        177766.6       -999.0000    
  8.310      0.1112      -.1000        118043.5       -999.0000        163781.3       -999.0000    
  8.310      0.1229      -.1000        103079.6       -999.0000        150024.1       -999.0000    
  8.310      0.1358      -.1000        89927.12       -999.0000        136705.2       -999.0000    
  8.310      0.1501      -.1000        78313.94       -999.0000        123899.9       -999.0000    
  8.310      0.1659      -.1000        68104.99       -999.0000        111756.8       -999.0000    
  8.310      0.1834      -.1000        59118.05       -999.0000        100316.7       -999.0000    
  8.310      0.2027      -.1000        51247.90       -999.0000        89667.04       -999.0000    
  8.310      0.2240      -.1000        44354.95       -999.0000        79811.08       -999.0000    
  8.310      0.2475      -.1000        38324.04       -999.0000        70746.35       -999.0000    
  8.310      0.2736      -.1000        33020.27       -999.0000        62404.06       -999.0000    
  8.310      0.3023      -.1000        28407.98       -999.0000        54842.90       -999.0000    
  8.310      0.3341      -.1000        24370.69       -999.0000        47970.38       -999.0000    
  8.310      0.3693      -.1000        20847.15       -999.0000        41762.50       -999.0000    
  8.310      0.4081      -.1000        17789.43       -999.0000        36203.82       -999.0000    
  8.310      0.4510      -.1000        15131.71       -999.0000        31232.98       -999.0000    
  8.310      0.4985      -.1000        12823.53       -999.0000        26803.05       -999.0000    
  8.310      0.5509      -.1000        10830.54       -999.0000        22892.42       -999.0000    
  8.310      0.6088      -.1000        9110.535       -999.0000        19441.27       -999.0000    
  8.310      0.6729      -.1000        7627.477       -999.0000        16409.32       -999.0000    
  8.310      0.7436      -.1000        6357.157       -999.0000        13768.87       -999.0000    
  8.310      0.8218      -.1000        5269.381       -999.0000        11474.82       -999.0000    
  8.310      0.9083      -.1000        4341.494       -999.0000        9493.318       -999.0000    
  8.310       1.004      -.1000        3553.278       -999.0000        7792.184       -999.0000    
  8.310       1.109      -.1000        2891.788       -999.0000        6352.133       -999.0000    
  8.310       1.226      -.1000        2331.010       -999.0000        5122.990       -999.0000    
  8.310       1.355      -.1000        1863.738       -999.0000        4094.749       -999.0000    
  8.310       1.497      -.1000        1477.213       -999.0000        3240.388       -999.0000    
  8.310       1.655      -.1000        1156.552       -999.0000        2530.608       -999.0000    
  8.310       1.829      -.1000        895.6122       -999.0000        1953.149       -999.0000    
  8.310       2.021      -.1000        684.6842       -999.0000        1487.180       -999.0000    
  8.310       2.234      -.1000        515.1567       -999.0000        1114.027       -999.0000    
  8.310       2.469      -.1000        381.3374       -999.0000        820.7968       -999.0000    
  8.310       2.729      -.1000        276.8716       -999.0000        593.1913       -999.0000    
  8.310       3.016      -.1000        196.7909       -999.0000        419.8292       -999.0000    
  8.310       3.333      -.1000        136.4676       -999.0000        290.1295       -999.0000    
  8.310       3.683      -.1000        91.99383       -999.0000        195.1308       -999.0000    
  8.310       4.071      -.1000        59.91064       -999.0000        126.9917       -999.0000    
  8.310       4.499      -.1000        37.56444       -999.0000        79.72724       -999.0000    
  8.310       4.972      -.1000        22.50395       -999.0000        47.94173       -999.0000    
  8.310       5.495      -.1000        12.77675       -999.0000        27.39646       -999.0000    
  8.310       6.073      -.1000        6.807755       -999.0000        14.73979       -999.0000    
  8.310       6.711      -.1000        3.365461       -999.0000        7.384377       -999.0000    
  8.310       7.417      -.1000        1.517259       -999.0000        3.387665       -999.0000    
  8.310       8.197      -.1000       0.6118386       -999.0000        1.396900       -999.0000    
  8.310       9.059      -.1000       0.2145797       -999.0000       0.5039571       -999.0000    
  8.310      0.9106E-01   0.000        155294.2       -999.0000        192546.8       -999.0000    
  8.310      0.1006       0.000        135996.4       -999.0000        178657.6       -999.0000    
  8.310      0.1112       0.000        118878.0       -999.0000        164627.9       -999.0000    
  8.310      0.1229       0.000        103810.4       -999.0000        150820.5       -999.0000    
  8.310      0.1358       0.000        90566.53       -999.0000        137448.1       -999.0000    
  8.310      0.1501       0.000        78872.64       -999.0000        124587.6       -999.0000    
  8.310      0.1659       0.000        68592.74       -999.0000        112389.0       -999.0000    
  8.310      0.1834       0.000        59543.31       -999.0000        100894.2       -999.0000    
  8.310      0.2027       0.000        51618.25       -999.0000        90191.84       -999.0000    
  8.310      0.2240       0.000        44676.93       -999.0000        80285.69       -999.0000    
  8.310      0.2475       0.000        38603.47       -999.0000        71173.62       -999.0000    
  8.310      0.2736       0.000        33262.20       -999.0000        62786.48       -999.0000    
  8.310      0.3023       0.000        28617.35       -999.0000        55183.68       -999.0000    
  8.310      0.3341       0.000        24551.55       -999.0000        48272.52       -999.0000    
  8.310      0.3693       0.000        21003.02       -999.0000        42029.13       -999.0000    
  8.310      0.4081       0.000        17923.47       -999.0000        36438.22       -999.0000    
  8.310      0.4510       0.000        15246.71       -999.0000        31445.00       -999.0000    
  8.310      0.4985       0.000        12921.91       -999.0000        26987.63       -999.0000    
  8.310      0.5509       0.000        10914.51       -999.0000        23047.77       -999.0000    
  8.310      0.6088       0.000        9182.007       -999.0000        19575.30       -999.0000    
  8.310      0.6729       0.000        7688.094       -999.0000        16524.33       -999.0000    
  8.310      0.7436       0.000        6408.412       -999.0000        13867.09       -999.0000    
  8.310      0.8218       0.000        5312.558       -999.0000        11558.23       -999.0000    
  8.310      0.9083       0.000        4377.715       -999.0000        9563.742       -999.0000    
  8.310       1.004       0.000        3583.524       -999.0000        7851.267       -999.0000    
  8.310       1.109       0.000        2916.959       -999.0000        6401.467       -999.0000    
  8.310       1.226       0.000        2351.809       -999.0000        5165.289       -999.0000    
  8.310       1.355       0.000        1880.833       -999.0000        4128.445       -999.0000    
  8.310       1.497       0.000        1491.192       -999.0000        3267.932       -999.0000    
  8.310       1.655       0.000        1167.906       -999.0000        2552.920       -999.0000    
  8.310       1.829       0.000        904.7510       -999.0000        1970.988       -999.0000    
  8.310       2.021       0.000        691.9561       -999.0000        1501.467       -999.0000    
  8.310       2.234       0.000        520.8989       -999.0000        1125.216       -999.0000    
  8.310       2.469       0.000        385.8221       -999.0000        829.5045       -999.0000    
  8.310       2.729       0.000        280.3226       -999.0000        599.8609       -999.0000    
  8.310       3.016       0.000        199.4032       -999.0000        424.8799       -999.0000    
  8.310       3.333       0.000        138.4100       -999.0000        293.8861       -999.0000    
  8.310       3.683       0.000        93.41329       -999.0000        197.8793       -999.0000    
  8.310       4.071       0.000        60.91387       -999.0000        128.9445       -999.0000    
  8.310       4.499       0.000        38.25262       -999.0000        81.07748       -999.0000    
  8.310       4.972       0.000        22.96190       -999.0000        48.84758       -999.0000    
  8.310       5.495       0.000        13.06735       -999.0000        27.97906       -999.0000    
  8.310       6.073       0.000        6.981704       -999.0000        15.09442       -999.0000    
  8.310       6.711       0.000        3.463751       -999.0000        7.588436       -999.0000    
  8.310       7.417       0.000        1.568358       -999.0000        3.496176       -999.0000    
  8.310       8.197       0.000       0.6359797       -999.0000        1.449515       -999.0000    
  8.310       9.059       0.000       0.2246842       -999.0000       0.5266645       -999.0000    
  8.310      0.9106E-01  0.1000        154209.7       -999.0000        191596.5       -999.0000    
  8.310      0.1006      0.1000        135044.2       -999.0000        177746.2       -999.0000    
  8.310      0.1112      0.1000        118043.5       -999.0000        163763.1       -999.0000    
  8.310      0.1229      0.1000        103079.6       -999.0000        150007.7       -999.0000    
  8.310      0.1358      0.1000        89927.12       -999.0000        136690.6       -999.0000    
  8.310      0.1501      0.1000        78313.94       -999.0000        123887.2       -999.0000    
  8.310      0.1659      0.1000        68104.99       -999.0000        111745.9       -999.0000    
  8.310      0.1834      0.1000        59118.05       -999.0000        100307.4       -999.0000    
  8.310      0.2027      0.1000        51247.90       -999.0000        89659.13       -999.0000    
  8.310      0.2240      0.1000        44354.95       -999.0000        79804.14       -999.0000    
  8.310      0.2475      0.1000        38324.04       -999.0000        70740.27       -999.0000    
  8.310      0.2736      0.1000        33020.27       -999.0000        62398.74       -999.0000    
  8.310      0.3023      0.1000        28407.98       -999.0000        54838.24       -999.0000    
  8.310      0.3341      0.1000        24370.69       -999.0000        47966.24       -999.0000    
  8.310      0.3693      0.1000        20847.15       -999.0000        41768.86       -999.0000    
  8.310      0.4081      0.1000        17789.43       -999.0000        36209.34       -999.0000    
  8.310      0.4510      0.1000        15131.71       -999.0000        31237.78       -999.0000    
  8.310      0.4985      0.1000        12823.53       -999.0000        26807.19       -999.0000    
  8.310      0.5509      0.1000        10830.54       -999.0000        22891.36       -999.0000    
  8.310      0.6088      0.1000        9110.535       -999.0000        19440.37       -999.0000    
  8.310      0.6729      0.1000        7627.477       -999.0000        16408.54       -999.0000    
  8.310      0.7436      0.1000        6357.157       -999.0000        13768.20       -999.0000    
  8.310      0.8218      0.1000        5269.381       -999.0000        11474.26       -999.0000    
  8.310      0.9083      0.1000        4341.494       -999.0000        9492.839       -999.0000    
  8.310       1.004      0.1000        3553.278       -999.0000        7791.769       -999.0000    
  8.310       1.109      0.1000        2891.788       -999.0000        6353.696       -999.0000    
  8.310       1.226      0.1000        2331.010       -999.0000        5124.266       -999.0000    
  8.310       1.355      0.1000        1863.738       -999.0000        4094.713       -999.0000    
  8.310       1.497      0.1000        1477.213       -999.0000        3240.384       -999.0000    
  8.310       1.655      0.1000        1156.552       -999.0000        2530.609       -999.0000    
  8.310       1.829      0.1000        895.6122       -999.0000        1953.169       -999.0000    
  8.310       2.021      0.1000        684.6842       -999.0000        1487.245       -999.0000    
  8.310       2.234      0.1000        515.1567       -999.0000        1114.027       -999.0000    
  8.310       2.469      0.1000        381.3374       -999.0000        820.7987       -999.0000    
  8.310       2.729      0.1000        276.8716       -999.0000        593.1776       -999.0000    
  8.310       3.016      0.1000        196.7909       -999.0000        419.8283       -999.0000    
  8.310       3.333      0.1000        136.4676       -999.0000        290.1289       -999.0000    
  8.310       3.683      0.1000        91.99383       -999.0000        195.1376       -999.0000    
  8.310       4.071      0.1000        59.91064       -999.0000        126.9902       -999.0000    
  8.310       4.499      0.1000        37.56444       -999.0000        79.72819       -999.0000    
  8.310       4.972      0.1000        22.50395       -999.0000        47.94196       -999.0000    
  8.310       5.495      0.1000        12.77675       -999.0000        27.39713       -999.0000    
  8.310       6.073      0.1000        6.807755       -999.0000        14.74017       -999.0000    
  8.310       6.711      0.1000        3.365461       -999.0000        7.384646       -999.0000    
  8.310       7.417      0.1000        1.517259       -999.0000        3.387736       -999.0000    
  8.310       8.197      0.1000       0.6118386       -999.0000        1.396937       -999.0000    
  8.310       9.059      0.1000       0.2145797       -999.0000       0.5039785       -999.0000    
  8.310      0.9106E-01  0.2000        150907.7       -999.0000        188710.5       -999.0000    
  8.310      0.1006      0.2000        132145.2       -999.0000        174977.6       -999.0000    
  8.310      0.1112      0.2000        115502.3       -999.0000        161138.0       -999.0000    
  8.310      0.1229      0.2000        100853.9       -999.0000        147542.6       -999.0000    
  8.310      0.1358      0.2000        87979.13       -999.0000        134393.5       -999.0000    
  8.310      0.1501      0.2000        76611.78       -999.0000        121762.1       -999.0000    
  8.310      0.1659      0.2000        66619.45       -999.0000        109792.6       -999.0000    
  8.310      0.1834      0.2000        57823.61       -999.0000        98523.26       -999.0000    
  8.310      0.2027      0.2000        50121.10       -999.0000        88038.39       -999.0000    
  8.310      0.2240      0.2000        43375.19       -999.0000        78339.56       -999.0000    
  8.310      0.2475      0.2000        37473.20       -999.0000        69423.11       -999.0000    
  8.310      0.2736      0.2000        32283.20       -999.0000        61236.79       -999.0000    
  8.310      0.3023      0.2000        27770.18       -999.0000        53802.66       -999.0000    
  8.310      0.3341      0.2000        23820.05       -999.0000        47047.84       -999.0000    
  8.310      0.3693      0.2000        20372.81       -999.0000        40948.13       -999.0000    
  8.310      0.4081      0.2000        17381.49       -999.0000        35488.01       -999.0000    
  8.310      0.4510      0.2000        14781.71       -999.0000        30606.70       -999.0000    
  8.310      0.4985      0.2000        12524.11       -999.0000        26257.75       -999.0000    
  8.310      0.5509      0.2000        10575.02       -999.0000        22415.14       -999.0000    
  8.310      0.6088      0.2000        8893.105       -999.0000        19029.60       -999.0000    
  8.310      0.6729      0.2000        7443.091       -999.0000        16056.08       -999.0000    
  8.310      0.7436      0.2000        6201.276       -999.0000        13467.26       -999.0000    
  8.310      0.8218      0.2000        5138.114       -999.0000        11218.73       -999.0000    
  8.310      0.9083      0.2000        4231.428       -999.0000        9277.157       -999.0000    
  8.310       1.004      0.2000        3461.414       -999.0000        7613.290       -999.0000    
  8.310       1.109      0.2000        2815.384       -999.0000        6202.838       -999.0000    
  8.310       1.226      0.2000        2267.871       -999.0000        4999.381       -999.0000    
  8.310       1.355      0.2000        1811.850       -999.0000        3992.047       -999.0000    
  8.310       1.497      0.2000        1434.830       -999.0000        3156.558       -999.0000    
  8.310       1.655      0.2000        1122.238       -999.0000        2462.869       -999.0000    
  8.310       1.829      0.2000        868.0215       -999.0000        1898.823       -999.0000    
  8.310       2.021      0.2000        662.6959       -999.0000        1444.070       -999.0000    
  8.310       2.234      0.2000        497.8297       -999.0000        1080.118       -999.0000    
  8.310       2.469      0.2000        367.8531       -999.0000        794.4623       -999.0000    
  8.310       2.729      0.2000        266.5154       -999.0000        573.0176       -999.0000    
  8.310       3.016      0.2000        188.9550       -999.0000        404.6021       -999.0000    
  8.310       3.333      0.2000        130.6541       -999.0000        278.8404       -999.0000    
  8.310       3.683      0.2000        87.77702       -999.0000        186.9217       -999.0000    
  8.310       4.071      0.2000        56.93182       -999.0000        121.1671       -999.0000    
  8.310       4.499      0.2000        35.52243       -999.0000        75.70749       -999.0000    
  8.310       4.972      0.2000        21.15895       -999.0000        45.26724       -999.0000    
  8.310       5.495      0.2000        11.92789       -999.0000        25.68817       -999.0000    
  8.310       6.073      0.2000        6.300651       -999.0000        13.70340       -999.0000    
  8.310       6.711      0.2000        3.081837       -999.0000        6.793629       -999.0000    
  8.310       7.417      0.2000        1.370716       -999.0000        3.075695       -999.0000    
  8.310       8.197      0.2000       0.5433441       -999.0000        1.247219       -999.0000    
  8.310       9.059      0.2000       0.1863205       -999.0000       0.4401945       -999.0000    
  8.310      0.9106E-01  0.3000        145252.6       -999.0000        183726.3       -999.0000    
  8.310      0.1006      0.3000        127180.5       -999.0000        170198.7       -999.0000    
  8.310      0.1112      0.3000        111150.9       -999.0000        156607.6       -999.0000    
  8.310      0.1229      0.3000        97043.22       -999.0000        143287.2       -999.0000    
  8.310      0.1358      0.3000        84644.46       -999.0000        130429.3       -999.0000    
  8.310      0.1501      0.3000        73698.05       -999.0000        118097.1       -999.0000    
  8.310      0.1659      0.3000        64076.41       -999.0000        106426.3       -999.0000    
  8.310      0.1834      0.3000        55607.57       -999.0000        95479.68       -999.0000    
  8.310      0.2027      0.3000        48192.05       -999.0000        85273.69       -999.0000    
  8.310      0.2240      0.3000        41698.09       -999.0000        75841.05       -999.0000    
  8.310      0.2475      0.3000        36017.08       -999.0000        67176.01       -999.0000    
  8.310      0.2736      0.3000        31021.90       -999.0000        59210.13       -999.0000    
  8.310      0.3023      0.3000        26678.75       -999.0000        51997.29       -999.0000    
  8.310      0.3341      0.3000        22877.79       -999.0000        45447.39       -999.0000    
  8.310      0.3693      0.3000        19561.21       -999.0000        39536.00       -999.0000    
  8.310      0.4081      0.3000        16683.69       -999.0000        34247.23       -999.0000    
  8.310      0.4510      0.3000        14183.23       -999.0000        29521.49       -999.0000    
  8.310      0.4985      0.3000        12012.23       -999.0000        25313.18       -999.0000    
  8.310      0.5509      0.3000        10138.28       -999.0000        21596.67       -999.0000    
  8.310      0.6088      0.3000        8521.602       -999.0000        18323.83       -999.0000    
  8.310      0.6729      0.3000        7128.210       -999.0000        15450.71       -999.0000    
  8.310      0.7436      0.3000        5935.229       -999.0000        12950.57       -999.0000    
  8.310      0.8218      0.3000        4914.202       -999.0000        10782.03       -999.0000    
  8.310      0.9083      0.3000        4043.748       -999.0000        8910.273       -999.0000    
  8.310       1.004      0.3000        3304.870       -999.0000        7303.261       -999.0000    
  8.310       1.109      0.3000        2685.307       -999.0000        5944.242       -999.0000    
  8.310       1.226      0.3000        2160.567       -999.0000        4785.580       -999.0000    
  8.310       1.355      0.3000        1723.814       -999.0000        3816.471       -999.0000    
  8.310       1.497      0.3000        1363.026       -999.0000        3013.401       -999.0000    
  8.310       1.655      0.3000        1064.200       -999.0000        2347.311       -999.0000    
  8.310       1.829      0.3000        821.4682       -999.0000        1806.329       -999.0000    
  8.310       2.021      0.3000        625.7063       -999.0000        1370.771       -999.0000    
  8.310       2.234      0.3000        468.7713       -999.0000        1022.682       -999.0000    
  8.310       2.469      0.3000        345.2944       -999.0000        750.0272       -999.0000    
  8.310       2.729      0.3000        249.2638       -999.0000        539.1125       -999.0000    
  8.310       3.016      0.3000        175.9845       -999.0000        379.1542       -999.0000    
  8.310       3.333      0.3000        121.0793       -999.0000        260.0456       -999.0000    
  8.310       3.683      0.3000        80.86831       -999.0000        173.3348       -999.0000    
  8.310       4.071      0.3000        52.08833       -999.0000        111.6011       -999.0000    
  8.310       4.499      0.3000        32.23184       -999.0000        69.16597       -999.0000    
  8.310       4.972      0.3000        19.00762       -999.0000        40.95076       -999.0000    
  8.310       5.495      0.3000        10.58578       -999.0000        22.96213       -999.0000    
  8.310       6.073      0.3000        5.509037       -999.0000        12.07071       -999.0000    
  8.310       6.711      0.3000        2.645256       -999.0000        5.876746       -999.0000    
  8.310       7.417      0.3000        1.149240       -999.0000        2.599652       -999.0000    
  8.310       8.197      0.3000       0.4420746       -999.0000        1.023839       -999.0000    
  8.310       9.059      0.3000       0.1456713       -999.0000       0.3475732       -999.0000    
  8.310      0.9106E-01  0.4000        137044.8       -999.0000        176317.7       -999.0000    
  8.310      0.1006      0.4000        119975.1       -999.0000        163112.5       -999.0000    
  8.310      0.1112      0.4000        104836.2       -999.0000        149903.1       -999.0000    
  8.310      0.1229      0.4000        91513.59       -999.0000        137001.4       -999.0000    
  8.310      0.1358      0.4000        79806.01       -999.0000        124627.4       -999.0000    
  8.310      0.1501      0.4000        69470.93       -999.0000        112736.9       -999.0000    
  8.310      0.1659      0.4000        60387.69       -999.0000        101506.1       -999.0000    
  8.310      0.1834      0.4000        52393.71       -999.0000        90961.29       -999.0000    
  8.310      0.2027      0.4000        45394.90       -999.0000        81174.23       -999.0000    
  8.310      0.2240      0.4000        39266.71       -999.0000        72140.17       -999.0000    
  8.310      0.2475      0.4000        33906.50       -999.0000        63850.72       -999.0000    
  8.310      0.2736      0.4000        29194.15       -999.0000        56238.00       -999.0000    
  8.310      0.3023      0.4000        25097.63       -999.0000        49351.47       -999.0000    
  8.310      0.3341      0.4000        21513.20       -999.0000        43103.39       -999.0000    
  8.310      0.3693      0.4000        18386.21       -999.0000        37469.15       -999.0000    
  8.310      0.4081      0.4000        15673.85       -999.0000        32432.28       -999.0000    
  8.310      0.4510      0.4000        13317.51       -999.0000        27935.09       -999.0000    
  8.310      0.4985      0.4000        11272.23       -999.0000        23933.39       -999.0000    
  8.310      0.5509      0.4000        9507.303       -999.0000        20401.96       -999.0000    
  8.310      0.6088      0.4000        7985.149       -999.0000        17294.42       -999.0000    
  8.310      0.6729      0.4000        6673.796       -999.0000        14568.48       -999.0000    
  8.310      0.7436      0.4000        5551.623       -999.0000        12200.46       -999.0000    
  8.310      0.8218      0.4000        4591.700       -999.0000        10146.14       -999.0000    
  8.310      0.9083      0.4000        3773.862       -999.0000        8372.859       -999.0000    
  8.310       1.004      0.4000        3080.111       -999.0000        6853.316       -999.0000    
  8.310       1.109      0.4000        2498.853       -999.0000        5569.552       -999.0000    
  8.310       1.226      0.4000        2007.023       -999.0000        4476.251       -999.0000    
  8.310       1.355      0.4000        1598.128       -999.0000        3562.954       -999.0000    
  8.310       1.497      0.4000        1260.804       -999.0000        2807.227       -999.0000    
  8.310       1.655      0.4000        981.8218       -999.0000        2181.297       -999.0000    
  8.310       1.829      0.4000        755.6113       -999.0000        1673.854       -999.0000    
  8.310       2.021      0.4000        573.5756       -999.0000        1266.152       -999.0000    
  8.310       2.234      0.4000        428.0238       -999.0000        941.1143       -999.0000    
  8.310       2.469      0.4000        313.8523       -999.0000        687.2399       -999.0000    
  8.310       2.729      0.4000        225.3572       -999.0000        491.4774       -999.0000    
  8.310       3.016      0.4000        158.1254       -999.0000        343.6102       -999.0000    
  8.310       3.333      0.4000        108.0092       -999.0000        234.0228       -999.0000    
  8.310       3.683      0.4000        71.52564       -999.0000        154.7074       -999.0000    
  8.310       4.071      0.4000        45.60389       -999.0000        98.61985       -999.0000    
  8.310       4.499      0.4000        27.87790       -999.0000        60.39529       -999.0000    
  8.310       4.972      0.4000        16.20072       -999.0000        35.24600       -999.0000    
  8.310       5.495      0.4000        8.862455       -999.0000        19.41845       -999.0000    
  8.310       6.073      0.4000        4.511434       -999.0000        9.987743       -999.0000    
  8.310       6.711      0.4000        2.107526       -999.0000        4.733509       -999.0000    
  8.310       7.417      0.4000       0.8839845       -999.0000        2.023295       -999.0000    
  8.310       8.197      0.4000       0.3248697       -999.0000       0.7620128       -999.0000    
  8.310       9.059      0.4000       0.1007380       -999.0000       0.2438437       -999.0000    
  8.500      0.9106E-01  -.2000        133097.1       -999.0000        167830.8       -999.0000    
  8.500      0.1006      -.2000        116552.3       -999.0000        155514.3       -999.0000    
  8.500      0.1112      -.2000        101876.4       -999.0000        143133.5       -999.0000    
  8.500      0.1229      -.2000        88959.18       -999.0000        130994.0       -999.0000    
  8.500      0.1358      -.2000        77605.78       -999.0000        119271.4       -999.0000    
  8.500      0.1501      -.2000        67581.39       -999.0000        108024.4       -999.0000    
  8.500      0.1659      -.2000        58769.31       -999.0000        97377.30       -999.0000    
  8.500      0.1834      -.2000        51012.24       -999.0000        87360.88       -999.0000    
  8.500      0.2027      -.2000        44219.22       -999.0000        78048.03       -999.0000    
  8.500      0.2240      -.2000        38269.68       -999.0000        69438.30       -999.0000    
  8.500      0.2475      -.2000        33064.29       -999.0000        61526.86       -999.0000    
  8.500      0.2736      -.2000        28486.68       -999.0000        54251.55       -999.0000    
  8.500      0.3023      -.2000        24506.00       -999.0000        47661.99       -999.0000    
  8.500      0.3341      -.2000        21021.68       -999.0000        41676.26       -999.0000    
  8.500      0.3693      -.2000        17980.84       -999.0000        36272.33       -999.0000    
  8.500      0.4081      -.2000        15342.04       -999.0000        31435.97       -999.0000    
  8.500      0.4510      -.2000        13048.52       -999.0000        27112.95       -999.0000    
  8.500      0.4985      -.2000        11056.74       -999.0000        23261.75       -999.0000    
  8.500      0.5509      -.2000        9337.019       -999.0000        19859.16       -999.0000    
  8.500      0.6088      -.2000        7852.927       -999.0000        16861.43       -999.0000    
  8.500      0.6729      -.2000        6573.352       -999.0000        14231.22       -999.0000    
  8.500      0.7436      -.2000        5477.398       -999.0000        11938.51       -999.0000    
  8.500      0.8218      -.2000        4539.014       -999.0000        9947.048       -999.0000    
  8.500      0.9083      -.2000        3738.644       -999.0000        8227.274       -999.0000    
  8.500       1.004      -.2000        3058.822       -999.0000        6751.115       -999.0000    
  8.500       1.109      -.2000        2488.369       -999.0000        5501.752       -999.0000    
  8.500       1.226      -.2000        2004.839       -999.0000        4435.555       -999.0000    
  8.500       1.355      -.2000        1602.048       -999.0000        3542.885       -999.0000    
  8.500       1.497      -.2000        1268.963       -999.0000        2802.973       -999.0000    
  8.500       1.655      -.2000        992.7439       -999.0000        2187.724       -999.0000    
  8.500       1.829      -.2000        768.0636       -999.0000        1687.323       -999.0000    
  8.500       2.021      -.2000        586.5519       -999.0000        1283.734       -999.0000    
  8.500       2.234      -.2000        440.7769       -999.0000        960.5787       -999.0000    
  8.500       2.469      -.2000        325.8255       -999.0000        706.9243       -999.0000    
  8.500       2.729      -.2000        236.1718       -999.0000        510.1471       -999.0000    
  8.500       3.016      -.2000        167.5447       -999.0000        360.4399       -999.0000    
  8.500       3.333      -.2000        115.9333       -999.0000        248.5734       -999.0000    
  8.500       3.683      -.2000        77.95916       -999.0000        166.7825       -999.0000    
  8.500       4.071      -.2000        50.61930       -999.0000        108.2233       -999.0000    
  8.500       4.499      -.2000        31.62826       -999.0000        67.71148       -999.0000    
  8.500       4.972      -.2000        18.86978       -999.0000        40.54831       -999.0000    
  8.500       5.495      -.2000        10.65734       -999.0000        23.05068       -999.0000    
  8.500       6.073      -.2000        5.641480       -999.0000        12.32147       -999.0000    
  8.500       6.711      -.2000        2.765438       -999.0000        6.121381       -999.0000    
  8.500       7.417      -.2000        1.232603       -999.0000        2.777070       -999.0000    
  8.500       8.197      -.2000       0.4895072       -999.0000        1.128075       -999.0000    
  8.500       9.059      -.2000       0.1680611       -999.0000       0.3986970       -999.0000    
  8.500      0.9106E-01  -.1000        136151.8       -999.0000        170541.8       -999.0000    
  8.500      0.1006      -.1000        119234.3       -999.0000        158110.1       -999.0000    
  8.500      0.1112      -.1000        104227.3       -999.0000        145591.1       -999.0000    
  8.500      0.1229      -.1000        91018.12       -999.0000        133299.7       -999.0000    
  8.500      0.1358      -.1000        79407.52       -999.0000        121417.7       -999.0000    
  8.500      0.1501      -.1000        69155.55       -999.0000        110007.7       -999.0000    
  8.500      0.1659      -.1000        60143.02       -999.0000        99198.20       -999.0000    
  8.500      0.1834      -.1000        52209.19       -999.0000        89022.47       -999.0000    
  8.500      0.2027      -.1000        45261.15       -999.0000        79556.02       -999.0000    
  8.500      0.2240      -.1000        39175.56       -999.0000        70800.02       -999.0000    
  8.500      0.2475      -.1000        33850.81       -999.0000        62750.74       -999.0000    
  8.500      0.2736      -.1000        29167.94       -999.0000        55345.88       -999.0000    
  8.500      0.3023      -.1000        25095.45       -999.0000        48636.62       -999.0000    
  8.500      0.3341      -.1000        21530.54       -999.0000        42540.15       -999.0000    
  8.500      0.3693      -.1000        18419.15       -999.0000        37034.41       -999.0000    
  8.500      0.4081      -.1000        15718.94       -999.0000        32105.37       -999.0000    
  8.500      0.4510      -.1000        13371.82       -999.0000        27698.27       -999.0000    
  8.500      0.4985      -.1000        11333.26       -999.0000        23771.11       -999.0000    
  8.500      0.5509      -.1000        9572.963       -999.0000        20304.56       -999.0000    
  8.500      0.6088      -.1000        8053.666       -999.0000        17245.48       -999.0000    
  8.500      0.6729      -.1000        6743.545       -999.0000        14557.94       -999.0000    
  8.500      0.7436      -.1000        5621.237       -999.0000        12217.37       -999.0000    
  8.500      0.8218      -.1000        4660.108       -999.0000        10183.74       -999.0000    
  8.500      0.9083      -.1000        3840.153       -999.0000        8427.011       -999.0000    
  8.500       1.004      -.1000        3143.519       -999.0000        6918.610       -999.0000    
  8.500       1.109      -.1000        2558.804       -999.0000        5641.502       -999.0000    
  8.500       1.226      -.1000        2063.031       -999.0000        4551.214       -999.0000    
  8.500       1.355      -.1000        1649.841       -999.0000        3638.884       -999.0000    
  8.500       1.497      -.1000        1307.983       -999.0000        2880.623       -999.0000    
  8.500       1.655      -.1000        1024.332       -999.0000        2250.496       -999.0000    
  8.500       1.829      -.1000        793.4505       -999.0000        1737.648       -999.0000    
  8.500       2.021      -.1000        606.7788       -999.0000        1323.664       -999.0000    
  8.500       2.234      -.1000        456.7059       -999.0000        991.9992       -999.0000    
  8.500       2.469      -.1000        338.2187       -999.0000        731.2706       -999.0000    
  8.500       2.729      -.1000        245.6931       -999.0000        528.7998       -999.0000    
  8.500       3.016      -.1000        174.7442       -999.0000        374.5133       -999.0000    
  8.500       3.333      -.1000        121.2726       -999.0000        259.0156       -999.0000    
  8.500       3.683      -.1000        81.83279       -999.0000        174.3747       -999.0000    
  8.500       4.071      -.1000        53.35818       -999.0000        113.6155       -999.0000    
  8.500       4.499      -.1000        33.50546       -999.0000        71.42884       -999.0000    
  8.500       4.972      -.1000        20.10771       -999.0000        43.02362       -999.0000    
  8.500       5.495      -.1000        11.43930       -999.0000        24.63330       -999.0000    
  8.500       6.073      -.1000        6.108925       -999.0000        13.28192       -999.0000    
  8.500       6.711      -.1000        3.027130       -999.0000        6.669355       -999.0000    
  8.500       7.417      -.1000        1.367945       -999.0000        3.066713       -999.0000    
  8.500       8.197      -.1000       0.5528178       -999.0000        1.267292       -999.0000    
  8.500       9.059      -.1000       0.1941809       -999.0000       0.4579325       -999.0000    
  8.500      0.9106E-01   0.000        137155.0       -999.0000        171420.2       -999.0000    
  8.500      0.1006       0.000        120114.9       -999.0000        158952.2       -999.0000    
  8.500      0.1112       0.000        104999.0       -999.0000        146389.4       -999.0000    
  8.500      0.1229       0.000        91693.83       -999.0000        134049.4       -999.0000    
  8.500      0.1358       0.000        79998.85       -999.0000        122115.9       -999.0000    
  8.500      0.1501       0.000        69672.39       -999.0000        110652.9       -999.0000    
  8.500      0.1659       0.000        60594.28       -999.0000        99790.55       -999.0000    
  8.500      0.1834       0.000        52602.53       -999.0000        89563.00       -999.0000    
  8.500      0.2027       0.000        45603.50       -999.0000        80046.92       -999.0000    
  8.500      0.2240       0.000        39473.07       -999.0000        71243.67       -999.0000    
  8.500      0.2475       0.000        34108.98       -999.0000        63149.77       -999.0000    
  8.500      0.2736       0.000        29391.55       -999.0000        55702.77       -999.0000    
  8.500      0.3023       0.000        25289.02       -999.0000        48954.43       -999.0000    
  8.500      0.3341       0.000        21697.71       -999.0000        42821.73       -999.0000    
  8.500      0.3693       0.000        18563.16       -999.0000        37282.81       -999.0000    
  8.500      0.4081       0.000        15842.76       -999.0000        32323.64       -999.0000    
  8.500      0.4510       0.000        13478.03       -999.0000        27895.23       -999.0000    
  8.500      0.4985       0.000        11424.12       -999.0000        23942.52       -999.0000    
  8.500      0.5509       0.000        9650.502       -999.0000        20449.00       -999.0000    
  8.500      0.6088       0.000        8119.648       -999.0000        17370.03       -999.0000    
  8.500      0.6729       0.000        6799.492       -999.0000        14664.80       -999.0000    
  8.500      0.7436       0.000        5668.536       -999.0000        12308.59       -999.0000    
  8.500      0.8218       0.000        4699.941       -999.0000        10261.19       -999.0000    
  8.500      0.9083       0.000        3873.561       -999.0000        8492.369       -999.0000    
  8.500       1.004       0.000        3171.408       -999.0000        6973.433       -999.0000    
  8.500       1.109       0.000        2582.002       -999.0000        5687.260       -999.0000    
  8.500       1.226       0.000        2082.193       -999.0000        4590.364       -999.0000    
  8.500       1.355       0.000        1665.587       -999.0000        3670.117       -999.0000    
  8.500       1.497       0.000        1320.865       -999.0000        2906.157       -999.0000    
  8.500       1.655       0.000        1034.785       -999.0000        2271.167       -999.0000    
  8.500       1.829       0.000        801.8534       -999.0000        1754.227       -999.0000    
  8.500       2.021       0.000        613.4669       -999.0000        1336.887       -999.0000    
  8.500       2.234       0.000        461.9876       -999.0000        1002.356       -999.0000    
  8.500       2.469       0.000        342.3409       -999.0000        739.3269       -999.0000    
  8.500       2.729       0.000        248.8648       -999.0000        534.9700       -999.0000    
  8.500       3.016       0.000        177.1440       -999.0000        379.1837       -999.0000    
  8.500       3.333       0.000        123.0593       -999.0000        262.4918       -999.0000    
  8.500       3.683       0.000        83.13799       -999.0000        176.9173       -999.0000    
  8.500       4.071       0.000        54.27954       -999.0000        115.4199       -999.0000    
  8.500       4.499       0.000        34.13851       -999.0000        72.67680       -999.0000    
  8.500       4.972       0.000        20.52901       -999.0000        43.86160       -999.0000    
  8.500       5.495       0.000        11.70652       -999.0000        25.17186       -999.0000    
  8.500       6.073       0.000        6.269214       -999.0000        13.61021       -999.0000    
  8.500       6.711       0.000        3.117586       -999.0000        6.858095       -999.0000    
  8.500       7.417       0.000        1.415066       -999.0000        3.167259       -999.0000    
  8.500       8.197       0.000       0.5751759       -999.0000        1.316218       -999.0000    
  8.500       9.059       0.000       0.2035446       -999.0000       0.4790621       -999.0000    
  8.500      0.9106E-01  0.1000        136151.8       -999.0000        170521.1       -999.0000    
  8.500      0.1006      0.1000        119234.3       -999.0000        158091.7       -999.0000    
  8.500      0.1112      0.1000        104227.3       -999.0000        145574.8       -999.0000    
  8.500      0.1229      0.1000        91018.12       -999.0000        133285.3       -999.0000    
  8.500      0.1358      0.1000        79407.52       -999.0000        121405.2       -999.0000    
  8.500      0.1501      0.1000        69155.55       -999.0000        109996.8       -999.0000    
  8.500      0.1659      0.1000        60143.02       -999.0000        99188.89       -999.0000    
  8.500      0.1834      0.1000        52209.19       -999.0000        89014.43       -999.0000    
  8.500      0.2027      0.1000        45261.15       -999.0000        79549.03       -999.0000    
  8.500      0.2240      0.1000        39175.56       -999.0000        70793.89       -999.0000    
  8.500      0.2475      0.1000        33850.81       -999.0000        62745.43       -999.0000    
  8.500      0.2736      0.1000        29167.94       -999.0000        55341.24       -999.0000    
  8.500      0.3023      0.1000        25095.45       -999.0000        48632.53       -999.0000    
  8.500      0.3341      0.1000        21530.54       -999.0000        42536.44       -999.0000    
  8.500      0.3693      0.1000        18419.15       -999.0000        37039.97       -999.0000    
  8.500      0.4081      0.1000        15718.94       -999.0000        32110.23       -999.0000    
  8.500      0.4510      0.1000        13371.82       -999.0000        27702.46       -999.0000    
  8.500      0.4985      0.1000        11333.26       -999.0000        23774.74       -999.0000    
  8.500      0.5509      0.1000        9572.963       -999.0000        20303.62       -999.0000    
  8.500      0.6088      0.1000        8053.666       -999.0000        17244.67       -999.0000    
  8.500      0.6729      0.1000        6743.545       -999.0000        14557.26       -999.0000    
  8.500      0.7436      0.1000        5621.237       -999.0000        12216.79       -999.0000    
  8.500      0.8218      0.1000        4660.108       -999.0000        10183.25       -999.0000    
  8.500      0.9083      0.1000        3840.153       -999.0000        8426.579       -999.0000    
  8.500       1.004      0.1000        3143.519       -999.0000        6918.245       -999.0000    
  8.500       1.109      0.1000        2558.804       -999.0000        5642.879       -999.0000    
  8.500       1.226      0.1000        2063.031       -999.0000        4552.355       -999.0000    
  8.500       1.355      0.1000        1649.841       -999.0000        3638.860       -999.0000    
  8.500       1.497      0.1000        1307.983       -999.0000        2880.621       -999.0000    
  8.500       1.655      0.1000        1024.332       -999.0000        2250.494       -999.0000    
  8.500       1.829      0.1000        793.4505       -999.0000        1737.666       -999.0000    
  8.500       2.021      0.1000        606.7788       -999.0000        1323.721       -999.0000    
  8.500       2.234      0.1000        456.7059       -999.0000        991.9995       -999.0000    
  8.500       2.469      0.1000        338.2187       -999.0000        731.2723       -999.0000    
  8.500       2.729      0.1000        245.6931       -999.0000        528.7878       -999.0000    
  8.500       3.016      0.1000        174.7442       -999.0000        374.5126       -999.0000    
  8.500       3.333      0.1000        121.2726       -999.0000        259.0159       -999.0000    
  8.500       3.683      0.1000        81.83279       -999.0000        174.3807       -999.0000    
  8.500       4.071      0.1000        53.35818       -999.0000        113.6141       -999.0000    
  8.500       4.499      0.1000        33.50546       -999.0000        71.42976       -999.0000    
  8.500       4.972      0.1000        20.10771       -999.0000        43.02382       -999.0000    
  8.500       5.495      0.1000        11.43930       -999.0000        24.63386       -999.0000    
  8.500       6.073      0.1000        6.108925       -999.0000        13.28219       -999.0000    
  8.500       6.711      0.1000        3.027130       -999.0000        6.669516       -999.0000    
  8.500       7.417      0.1000        1.367945       -999.0000        3.066785       -999.0000    
  8.500       8.197      0.1000       0.5528178       -999.0000        1.267316       -999.0000    
  8.500       9.059      0.1000       0.1941809       -999.0000       0.4579458       -999.0000    
  8.500      0.9106E-01  0.2000        133097.1       -999.0000        167789.0       -999.0000    
  8.500      0.1006      0.2000        116552.3       -999.0000        155478.4       -999.0000    
  8.500      0.1112      0.2000        101876.4       -999.0000        143102.7       -999.0000    
  8.500      0.1229      0.2000        88959.18       -999.0000        130967.2       -999.0000    
  8.500      0.1358      0.2000        77605.78       -999.0000        119247.7       -999.0000    
  8.500      0.1501      0.2000        67581.39       -999.0000        108003.4       -999.0000    
  8.500      0.1659      0.2000        58769.31       -999.0000        97358.85       -999.0000    
  8.500      0.1834      0.2000        51012.24       -999.0000        87344.73       -999.0000    
  8.500      0.2027      0.2000        44219.22       -999.0000        78033.89       -999.0000    
  8.500      0.2240      0.2000        38269.68       -999.0000        69425.85       -999.0000    
  8.500      0.2475      0.2000        33064.29       -999.0000        61515.96       -999.0000    
  8.500      0.2736      0.2000        28486.68       -999.0000        54256.48       -999.0000    
  8.500      0.3023      0.2000        24506.00       -999.0000        47666.37       -999.0000    
  8.500      0.3341      0.2000        21021.68       -999.0000        41680.09       -999.0000    
  8.500      0.3693      0.2000        17980.84       -999.0000        36275.64       -999.0000    
  8.500      0.4081      0.2000        15342.04       -999.0000        31438.79       -999.0000    
  8.500      0.4510      0.2000        13048.52       -999.0000        27115.32       -999.0000    
  8.500      0.4985      0.2000        11056.74       -999.0000        23263.80       -999.0000    
  8.500      0.5509      0.2000        9337.019       -999.0000        19860.94       -999.0000    
  8.500      0.6088      0.2000        7852.927       -999.0000        16862.97       -999.0000    
  8.500      0.6729      0.2000        6573.352       -999.0000        14229.87       -999.0000    
  8.500      0.7436      0.2000        5477.398       -999.0000        11937.36       -999.0000    
  8.500      0.8218      0.2000        4539.014       -999.0000        9946.068       -999.0000    
  8.500      0.9083      0.2000        3738.644       -999.0000        8226.443       -999.0000    
  8.500       1.004      0.2000        3058.822       -999.0000        6752.566       -999.0000    
  8.500       1.109      0.2000        2488.369       -999.0000        5502.968       -999.0000    
  8.500       1.226      0.2000        2004.839       -999.0000        4436.542       -999.0000    
  8.500       1.355      0.2000        1602.048       -999.0000        3543.697       -999.0000    
  8.500       1.497      0.2000        1268.963       -999.0000        2802.958       -999.0000    
  8.500       1.655      0.2000        992.7439       -999.0000        2187.743       -999.0000    
  8.500       1.829      0.2000        768.0636       -999.0000        1687.338       -999.0000    
  8.500       2.021      0.2000        586.5519       -999.0000        1283.748       -999.0000    
  8.500       2.234      0.2000        440.7769       -999.0000        960.6197       -999.0000    
  8.500       2.469      0.2000        325.8255       -999.0000        706.9079       -999.0000    
  8.500       2.729      0.2000        236.1718       -999.0000        510.1349       -999.0000    
  8.500       3.016      0.2000        167.5447       -999.0000        360.4315       -999.0000    
  8.500       3.333      0.2000        115.9333       -999.0000        248.5818       -999.0000    
  8.500       3.683      0.2000        77.95916       -999.0000        166.7868       -999.0000    
  8.500       4.071      0.2000        50.61930       -999.0000        108.2282       -999.0000    
  8.500       4.499      0.2000        31.62826       -999.0000        67.71286       -999.0000    
  8.500       4.972      0.2000        18.86978       -999.0000        40.54889       -999.0000    
  8.500       5.495      0.2000        10.65734       -999.0000        23.05155       -999.0000    
  8.500       6.073      0.2000        5.641480       -999.0000        12.32194       -999.0000    
  8.500       6.711      0.2000        2.765438       -999.0000        6.121679       -999.0000    
  8.500       7.417      0.2000        1.232603       -999.0000        2.777221       -999.0000    
  8.500       8.197      0.2000       0.4895072       -999.0000        1.128178       -999.0000    
  8.500       9.059      0.2000       0.1680611       -999.0000       0.3987313       -999.0000    
  8.500      0.9106E-01  0.3000        127866.7       -999.0000        163074.8       -999.0000    
  8.500      0.1006      0.3000        111960.7       -999.0000        150969.7       -999.0000    
  8.500      0.1112      0.3000        97852.31       -999.0000        138836.8       -999.0000    
  8.500      0.1229      0.3000        85435.24       -999.0000        126967.9       -999.0000    
  8.500      0.1358      0.3000        74522.08       -999.0000        115528.0       -999.0000    
  8.500      0.1501      0.3000        64887.07       -999.0000        104568.7       -999.0000    
  8.500      0.1659      0.3000        56417.97       -999.0000        94207.37       -999.0000    
  8.500      0.1834      0.3000        48963.41       -999.0000        84470.46       -999.0000    
  8.500      0.2027      0.3000        42435.85       -999.0000        75448.92       -999.0000    
  8.500      0.2240      0.3000        36719.35       -999.0000        67091.64       -999.0000    
  8.500      0.2475      0.3000        31718.35       -999.0000        59418.09       -999.0000    
  8.500      0.2736      0.3000        27320.93       -999.0000        52366.55       -999.0000    
  8.500      0.3023      0.3000        23497.38       -999.0000        45983.76       -999.0000    
  8.500      0.3341      0.3000        20151.03       -999.0000        40189.25       -999.0000    
  8.500      0.3693      0.3000        17230.99       -999.0000        34960.87       -999.0000    
  8.500      0.4081      0.3000        14697.42       -999.0000        30284.08       -999.0000    
  8.500      0.4510      0.3000        12495.72       -999.0000        26105.82       -999.0000    
  8.500      0.4985      0.3000        10584.01       -999.0000        22385.50       -999.0000    
  8.500      0.5509      0.3000        8933.759       -999.0000        19100.17       -999.0000    
  8.500      0.6088      0.3000        7509.983       -999.0000        16207.18       -999.0000    
  8.500      0.6729      0.3000        6282.735       -999.0000        13667.56       -999.0000    
  8.500      0.7436      0.3000        5231.893       -999.0000        11457.59       -999.0000    
  8.500      0.8218      0.3000        4332.413       -999.0000        9539.023       -999.0000    
  8.500      0.9083      0.3000        3565.531       -999.0000        7885.824       -999.0000    
  8.500       1.004      0.3000        2914.485       -999.0000        6464.947       -999.0000    
  8.500       1.109      0.3000        2368.482       -999.0000        5263.177       -999.0000    
  8.500       1.226      0.3000        1905.974       -999.0000        4238.324       -999.0000    
  8.500       1.355      0.3000        1520.956       -999.0000        3380.961       -999.0000    
  8.500       1.497      0.3000        1202.853       -999.0000        2670.318       -999.0000    
  8.500       1.655      0.3000        939.3296       -999.0000        2080.711       -999.0000    
  8.500       1.829      0.3000        725.2417       -999.0000        1601.706       -999.0000    
  8.500       2.021      0.3000        552.5405       -999.0000        1215.907       -999.0000    
  8.500       2.234      0.3000        414.0617       -999.0000        907.4979       -999.0000    
  8.500       2.469      0.3000        305.0981       -999.0000        665.8111       -999.0000    
  8.500       2.729      0.3000        220.3331       -999.0000        478.7988       -999.0000    
  8.500       3.016      0.3000        155.6363       -999.0000        336.9028       -999.0000    
  8.500       3.333      0.3000        107.1420       -999.0000        231.2156       -999.0000    
  8.500       3.683      0.3000        71.61807       -999.0000        154.2385       -999.0000    
  8.500       4.071      0.3000        46.17336       -999.0000        99.39537       -999.0000    
  8.500       4.499      0.3000        28.60686       -999.0000        61.67228       -999.0000    
  8.500       4.972      0.3000        16.89392       -999.0000        36.56278       -999.0000    
  8.500       5.495      0.3000        9.424432       -999.0000        20.53425       -999.0000    
  8.500       6.073      0.3000        4.913376       -999.0000        10.81308       -999.0000    
  8.500       6.711      0.3000        2.363541       -999.0000        5.273647       -999.0000    
  8.500       7.417      0.3000        1.028759       -999.0000        2.337311       -999.0000    
  8.500       8.197      0.3000       0.3961988       -999.0000       0.9215357       -999.0000    
  8.500       9.059      0.3000       0.1306395       -999.0000       0.3130840       -999.0000    
  8.500      0.9106E-01  0.4000        120280.6       -999.0000        156078.6       -999.0000    
  8.500      0.1006      0.4000        105301.5       -999.0000        144293.1       -999.0000    
  8.500      0.1112      0.4000        92016.48       -999.0000        132532.4       -999.0000    
  8.500      0.1229      0.4000        80325.20       -999.0000        121067.1       -999.0000    
  8.500      0.1358      0.4000        70051.02       -999.0000        110086.2       -999.0000    
  8.500      0.1501      0.4000        60981.16       -999.0000        99547.64       -999.0000    
  8.500      0.1659      0.4000        53009.73       -999.0000        89603.38       -999.0000    
  8.500      0.1834      0.4000        45994.10       -999.0000        80274.17       -999.0000    
  8.500      0.2027      0.4000        39851.74       -999.0000        71621.26       -999.0000    
  8.500      0.2240      0.4000        34473.35       -999.0000        63638.70       -999.0000    
  8.500      0.2475      0.4000        29768.85       -999.0000        56317.67       -999.0000    
  8.500      0.2736      0.4000        25632.82       -999.0000        49597.08       -999.0000    
  8.500      0.3023      0.4000        22037.21       -999.0000        43519.72       -999.0000    
  8.500      0.3341      0.4000        18890.98       -999.0000        38007.42       -999.0000    
  8.500      0.3693      0.4000        16146.18       -999.0000        33037.88       -999.0000    
  8.500      0.4081      0.4000        13765.22       -999.0000        28596.22       -999.0000    
  8.500      0.4510      0.4000        11696.66       -999.0000        24631.12       -999.0000    
  8.500      0.4985      0.4000        9901.043       -999.0000        21103.35       -999.0000    
  8.500      0.5509      0.4000        8351.464       -999.0000        17990.44       -999.0000    
  8.500      0.6088      0.4000        7015.044       -999.0000        15251.33       -999.0000    
  8.500      0.6729      0.4000        5863.607       -999.0000        12848.65       -999.0000    
  8.500      0.7436      0.4000        4878.149       -999.0000        10761.40       -999.0000    
  8.500      0.8218      0.4000        4035.118       -999.0000        8950.615       -999.0000    
  8.500      0.9083      0.4000        3316.800       -999.0000        7387.455       -999.0000    
  8.500       1.004      0.4000        2707.394       -999.0000        6047.814       -999.0000    
  8.500       1.109      0.4000        2196.744       -999.0000        4915.891       -999.0000    
  8.500       1.226      0.4000        1764.606       -999.0000        3951.743       -999.0000    
  8.500       1.355      0.4000        1405.294       -999.0000        3146.184       -999.0000    
  8.500       1.497      0.4000        1108.817       -999.0000        2479.441       -999.0000    
  8.500       1.655      0.4000        863.5668       -999.0000        1927.054       -999.0000    
  8.500       1.829      0.4000        664.7176       -999.0000        1479.161       -999.0000    
  8.500       2.021      0.4000        504.6552       -999.0000        1119.174       -999.0000    
  8.500       2.234      0.4000        376.6628       -999.0000        832.1037       -999.0000    
  8.500       2.469      0.4000        276.2485       -999.0000        607.8169       -999.0000    
  8.500       2.729      0.4000        198.4098       -999.0000        434.8248       -999.0000    
  8.500       3.016      0.4000        139.2674       -999.0000        304.1227       -999.0000    
  8.500       3.333      0.4000        95.16759       -999.0000        207.2207       -999.0000    
  8.500       3.683      0.4000        63.05995       -999.0000        137.0692       -999.0000    
  8.500       4.071      0.4000        40.23660       -999.0000        87.43819       -999.0000    
  8.500       4.499      0.4000        24.62058       -999.0000        53.59539       -999.0000    
  8.500       4.972      0.4000        14.32405       -999.0000        31.31030       -999.0000    
  8.500       5.495      0.4000        7.846021       -999.0000        17.27020       -999.0000    
  8.500       6.073      0.4000        3.999835       -999.0000        8.896589       -999.0000    
  8.500       6.711      0.4000        1.870823       -999.0000        4.221220       -999.0000    
  8.500       7.417      0.4000       0.7856013       -999.0000        1.806106       -999.0000    
  8.500       8.197      0.4000       0.2888533       -999.0000       0.6806308       -999.0000    
  8.500       9.059      0.4000       0.8951135E-01   -999.0000       0.2176785       -999.0000    
  8.710      0.9106E-01  -.2000        115898.9       -999.0000        147450.0       -999.0000    
  8.710      0.1006      -.2000        101495.0       -999.0000        136533.2       -999.0000    
  8.710      0.1112      -.2000        88718.07       -999.0000        125588.1       -999.0000    
  8.710      0.1229      -.2000        77471.99       -999.0000        114878.1       -999.0000    
  8.710      0.1358      -.2000        67587.15       -999.0000        104552.4       -999.0000    
  8.710      0.1501      -.2000        58859.18       -999.0000        94658.25       -999.0000    
  8.710      0.1659      -.2000        51186.59       -999.0000        85301.69       -999.0000    
  8.710      0.1834      -.2000        44432.42       -999.0000        76506.96       -999.0000    
  8.710      0.2027      -.2000        38517.49       -999.0000        68335.93       -999.0000    
  8.710      0.2240      -.2000        33336.86       -999.0000        60786.36       -999.0000    
  8.710      0.2475      -.2000        28804.08       -999.0000        53852.62       -999.0000    
  8.710      0.2736      -.2000        24817.83       -999.0000        47479.22       -999.0000    
  8.710      0.3023      -.2000        21351.27       -999.0000        41708.74       -999.0000    
  8.710      0.3341      -.2000        18316.86       -999.0000        36468.63       -999.0000    
  8.710      0.3693      -.2000        15668.52       -999.0000        31739.06       -999.0000    
  8.710      0.4081      -.2000        13370.21       -999.0000        27507.12       -999.0000    
  8.710      0.4510      -.2000        11372.54       -999.0000        23724.94       -999.0000    
  8.710      0.4985      -.2000        9637.571       -999.0000        20356.02       -999.0000    
  8.710      0.5509      -.2000        8139.485       -999.0000        17379.82       -999.0000    
  8.710      0.6088      -.2000        6846.563       -999.0000        14757.89       -999.0000    
  8.710      0.6729      -.2000        5731.714       -999.0000        12457.40       -999.0000    
  8.710      0.7436      -.2000        4776.750       -999.0000        10452.09       -999.0000    
  8.710      0.8218      -.2000        3959.008       -999.0000        8710.188       -999.0000    
  8.710      0.9083      -.2000        3261.444       -999.0000        7205.777       -999.0000    
  8.710       1.004      -.2000        2668.851       -999.0000        5914.302       -999.0000    
  8.710       1.109      -.2000        2171.512       -999.0000        4821.052       -999.0000    
  8.710       1.226      -.2000        1749.918       -999.0000        3887.913       -999.0000    
  8.710       1.355      -.2000        1398.639       -999.0000        3106.439       -999.0000    
  8.710       1.497      -.2000        1108.095       -999.0000        2458.502       -999.0000    
  8.710       1.655      -.2000        867.1062       -999.0000        1919.569       -999.0000    
  8.710       1.829      -.2000        671.0413       -999.0000        1481.085       -999.0000    
  8.710       2.021      -.2000        512.6104       -999.0000        1127.298       -999.0000    
  8.710       2.234      -.2000        385.3472       -999.0000        843.9132       -999.0000    
  8.710       2.469      -.2000        284.9638       -999.0000        621.3741       -999.0000    
  8.710       2.729      -.2000        206.6485       -999.0000        448.6547       -999.0000    
  8.710       3.016      -.2000        146.6892       -999.0000        317.2003       -999.0000    
  8.710       3.333      -.2000        101.5759       -999.0000        218.9168       -999.0000    
  8.710       3.683      -.2000        68.36745       -999.0000        147.0177       -999.0000    
  8.710       4.071      -.2000        44.44171       -999.0000        95.50219       -999.0000    
  8.710       4.499      -.2000        27.80699       -999.0000        59.83045       -999.0000    
  8.710       4.972      -.2000        16.61766       -999.0000        35.88539       -999.0000    
  8.710       5.495      -.2000        9.403174       -999.0000        20.43725       -999.0000    
  8.710       6.073      -.2000        4.988086       -999.0000        10.94657       -999.0000    
  8.710       6.711      -.2000        2.450606       -999.0000        5.450210       -999.0000    
  8.710       7.417      -.2000        1.094676       -999.0000        2.477889       -999.0000    
  8.710       8.197      -.2000       0.4355565       -999.0000        1.008485       -999.0000    
  8.710       9.059      -.2000       0.1496902       -999.0000       0.3567724       -999.0000    
  8.710      0.9106E-01  -.1000        118695.7       -999.0000        149989.5       -999.0000    
  8.710      0.1006      -.1000        103950.5       -999.0000        138958.5       -999.0000    
  8.710      0.1112      -.1000        90870.20       -999.0000        127879.6       -999.0000    
  8.710      0.1229      -.1000        79356.57       -999.0000        117024.3       -999.0000    
  8.710      0.1358      -.1000        69236.12       -999.0000        106547.3       -999.0000    
  8.710      0.1501      -.1000        60299.74       -999.0000        96499.27       -999.0000    
  8.710      0.1659      -.1000        52443.65       -999.0000        86989.92       -999.0000    
  8.710      0.1834      -.1000        45527.74       -999.0000        78045.80       -999.0000    
  8.710      0.2027      -.1000        39470.92       -999.0000        69731.22       -999.0000    
  8.710      0.2240      -.1000        34165.71       -999.0000        62045.37       -999.0000    
  8.710      0.2475      -.1000        29523.66       -999.0000        54983.50       -999.0000    
  8.710      0.2736      -.1000        25441.05       -999.0000        48489.82       -999.0000    
  8.710      0.3023      -.1000        21890.45       -999.0000        42608.31       -999.0000    
  8.710      0.3341      -.1000        18782.26       -999.0000        37265.47       -999.0000    
  8.710      0.3693      -.1000        16069.37       -999.0000        32441.56       -999.0000    
  8.710      0.4081      -.1000        13714.86       -999.0000        28123.90       -999.0000    
  8.710      0.4510      -.1000        11668.13       -999.0000        24264.06       -999.0000    
  8.710      0.4985      -.1000        9890.363       -999.0000        20825.02       -999.0000    
  8.710      0.5509      -.1000        8355.151       -999.0000        17786.03       -999.0000    
  8.710      0.6088      -.1000        7030.013       -999.0000        15111.06       -999.0000    
  8.710      0.6729      -.1000        5887.213       -999.0000        12757.91       -999.0000    
  8.710      0.7436      -.1000        4908.153       -999.0000        10708.52       -999.0000    
  8.710      0.8218      -.1000        4069.605       -999.0000        8927.779       -999.0000    
  8.710      0.9083      -.1000        3354.127       -999.0000        7389.324       -999.0000    
  8.710       1.004      -.1000        2746.174       -999.0000        6068.181       -999.0000    
  8.710       1.109      -.1000        2235.821       -999.0000        4949.441       -999.0000    
  8.710       1.226      -.1000        1803.015       -999.0000        3994.126       -999.0000    
  8.710       1.355      -.1000        1442.230       -999.0000        3194.526       -999.0000    
  8.710       1.497      -.1000        1143.673       -999.0000        2529.774       -999.0000    
  8.710       1.655      -.1000        895.9033       -999.0000        1977.177       -999.0000    
  8.710       1.829      -.1000        694.1779       -999.0000        1527.261       -999.0000    
  8.710       2.021      -.1000        531.0387       -999.0000        1163.930       -999.0000    
  8.710       2.234      -.1000        399.8489       -999.0000        872.7194       -999.0000    
  8.710       2.469      -.1000        296.2481       -999.0000        643.6978       -999.0000    
  8.710       2.729      -.1000        215.3195       -999.0000        465.7594       -999.0000    
  8.710       3.016      -.1000        153.2422       -999.0000        330.0993       -999.0000    
  8.710       3.333      -.1000        106.4340       -999.0000        228.4843       -999.0000    
  8.710       3.683      -.1000        71.89287       -999.0000        153.9735       -999.0000    
  8.710       4.071      -.1000        46.93523       -999.0000        100.4400       -999.0000    
  8.710       4.499      -.1000        29.51605       -999.0000        63.23714       -999.0000    
  8.710       4.972      -.1000        17.74555       -999.0000        38.15480       -999.0000    
  8.710       5.495      -.1000        10.11633       -999.0000        21.88902       -999.0000    
  8.710       6.073      -.1000        5.414966       -999.0000        11.82865       -999.0000    
  8.710       6.711      -.1000        2.689696       -999.0000        5.953470       -999.0000    
  8.710       7.417      -.1000        1.218428       -999.0000        2.744121       -999.0000    
  8.710       8.197      -.1000       0.4934792       -999.0000        1.136486       -999.0000    
  8.710       9.059      -.1000       0.1735921       -999.0000       0.4112545       -999.0000    
  8.710      0.9106E-01   0.000        119613.9       -999.0000        150813.6       -999.0000    
  8.710      0.1006       0.000        104756.5       -999.0000        139746.2       -999.0000    
  8.710      0.1112       0.000        91576.54       -999.0000        128624.4       -999.0000    
  8.710      0.1229       0.000        79975.13       -999.0000        117722.3       -999.0000    
  8.710      0.1358       0.000        69777.49       -999.0000        107196.1       -999.0000    
  8.710      0.1501       0.000        60772.88       -999.0000        97098.05       -999.0000    
  8.710      0.1659       0.000        52856.67       -999.0000        87539.13       -999.0000    
  8.710      0.1834       0.000        45887.60       -999.0000        78546.69       -999.0000    
  8.710      0.2027       0.000        39784.06       -999.0000        70185.87       -999.0000    
  8.710      0.2240       0.000        34437.83       -999.0000        62455.95       -999.0000    
  8.710      0.2475       0.000        29759.85       -999.0000        55352.47       -999.0000    
  8.710      0.2736       0.000        25645.66       -999.0000        48819.47       -999.0000    
  8.710      0.3023       0.000        22067.53       -999.0000        42901.59       -999.0000    
  8.710      0.3341       0.000        18935.15       -999.0000        37525.22       -999.0000    
  8.710      0.3693       0.000        16201.05       -999.0000        32670.64       -999.0000    
  8.710      0.4081       0.000        13828.07       -999.0000        28325.11       -999.0000    
  8.710      0.4510       0.000        11765.23       -999.0000        24439.97       -999.0000    
  8.710      0.4985       0.000        9973.423       -999.0000        20982.62       -999.0000    
  8.710      0.5509       0.000        8426.022       -999.0000        17922.52       -999.0000    
  8.710      0.6088       0.000        7090.305       -999.0000        15225.67       -999.0000    
  8.710      0.6729       0.000        5938.331       -999.0000        12856.20       -999.0000    
  8.710      0.7436       0.000        4951.359       -999.0000        10792.39       -999.0000    
  8.710      0.8218       0.000        4105.985       -999.0000        8998.966       -999.0000    
  8.710      0.9083       0.000        3384.630       -999.0000        7449.398       -999.0000    
  8.710       1.004       0.000        2771.629       -999.0000        6118.558       -999.0000    
  8.710       1.109       0.000        2256.987       -999.0000        4991.469       -999.0000    
  8.710       1.226       0.000        1820.494       -999.0000        4030.016       -999.0000    
  8.710       1.355       0.000        1456.593       -999.0000        3223.212       -999.0000    
  8.710       1.497       0.000        1155.429       -999.0000        2553.219       -999.0000    
  8.710       1.655       0.000        905.4308       -999.0000        1996.143       -999.0000    
  8.710       1.829       0.000        701.8236       -999.0000        1542.456       -999.0000    
  8.710       2.021       0.000        537.1339       -999.0000        1176.058       -999.0000    
  8.710       2.234       0.000        404.6610       -999.0000        882.2196       -999.0000    
  8.710       2.469       0.000        300.0015       -999.0000        651.0848       -999.0000    
  8.710       2.729       0.000        218.2061       -999.0000        471.4254       -999.0000    
  8.710       3.016       0.000        155.4266       -999.0000        334.3807       -999.0000    
  8.710       3.333       0.000        108.0629       -999.0000        231.6743       -999.0000    
  8.710       3.683       0.000        73.08136       -999.0000        156.3045       -999.0000    
  8.710       4.071       0.000        47.77453       -999.0000        102.0975       -999.0000    
  8.710       4.499       0.000        30.09344       -999.0000        64.38247       -999.0000    
  8.710       4.972       0.000        18.13001       -999.0000        38.92428       -999.0000    
  8.710       5.495       0.000        10.35950       -999.0000        22.38227       -999.0000    
  8.710       6.073       0.000        5.561440       -999.0000        12.13017       -999.0000    
  8.710       6.711       0.000        2.772451       -999.0000        6.127022       -999.0000    
  8.710       7.417       0.000        1.261586       -999.0000        2.836672       -999.0000    
  8.710       8.197       0.000       0.5139696       -999.0000        1.181543       -999.0000    
  8.710       9.059       0.000       0.1821912       -999.0000       0.4307933       -999.0000    
  8.710      0.9106E-01  0.1000        118695.7       -999.0000        149971.8       -999.0000    
  8.710      0.1006      0.1000        103950.5       -999.0000        138942.4       -999.0000    
  8.710      0.1112      0.1000        90870.20       -999.0000        127865.2       -999.0000    
  8.710      0.1229      0.1000        79356.57       -999.0000        117011.5       -999.0000    
  8.710      0.1358      0.1000        69236.12       -999.0000        106536.2       -999.0000    
  8.710      0.1501      0.1000        60299.74       -999.0000        96489.87       -999.0000    
  8.710      0.1659      0.1000        52443.65       -999.0000        86981.96       -999.0000    
  8.710      0.1834      0.1000        45527.74       -999.0000        78038.89       -999.0000    
  8.710      0.2027      0.1000        39470.92       -999.0000        69725.22       -999.0000    
  8.710      0.2240      0.1000        34165.71       -999.0000        62040.15       -999.0000    
  8.710      0.2475      0.1000        29523.66       -999.0000        54978.94       -999.0000    
  8.710      0.2736      0.1000        25441.05       -999.0000        48485.78       -999.0000    
  8.710      0.3023      0.1000        21890.45       -999.0000        42604.63       -999.0000    
  8.710      0.3341      0.1000        18782.26       -999.0000        37262.18       -999.0000    
  8.710      0.3693      0.1000        16069.37       -999.0000        32446.39       -999.0000    
  8.710      0.4081      0.1000        13714.86       -999.0000        28128.11       -999.0000    
  8.710      0.4510      0.1000        11668.13       -999.0000        24267.70       -999.0000    
  8.710      0.4985      0.1000        9890.363       -999.0000        20828.17       -999.0000    
  8.710      0.5509      0.1000        8355.151       -999.0000        17788.75       -999.0000    
  8.710      0.6088      0.1000        7030.013       -999.0000        15110.35       -999.0000    
  8.710      0.6729      0.1000        5887.213       -999.0000        12757.30       -999.0000    
  8.710      0.7436      0.1000        4908.153       -999.0000        10708.00       -999.0000    
  8.710      0.8218      0.1000        4069.605       -999.0000        8927.337       -999.0000    
  8.710      0.9083      0.1000        3354.127       -999.0000        7388.953       -999.0000    
  8.710       1.004      0.1000        2746.174       -999.0000        6067.871       -999.0000    
  8.710       1.109      0.1000        2235.821       -999.0000        4950.633       -999.0000    
  8.710       1.226      0.1000        1803.015       -999.0000        3995.117       -999.0000    
  8.710       1.355      0.1000        1442.230       -999.0000        3194.508       -999.0000    
  8.710       1.497      0.1000        1143.673       -999.0000        2529.774       -999.0000    
  8.710       1.655      0.1000        895.9033       -999.0000        1977.175       -999.0000    
  8.710       1.829      0.1000        694.1779       -999.0000        1527.273       -999.0000    
  8.710       2.021      0.1000        531.0387       -999.0000        1163.980       -999.0000    
  8.710       2.234      0.1000        399.8489       -999.0000        872.7203       -999.0000    
  8.710       2.469      0.1000        296.2481       -999.0000        643.6991       -999.0000    
  8.710       2.729      0.1000        215.3195       -999.0000        465.7490       -999.0000    
  8.710       3.016      0.1000        153.2422       -999.0000        330.0989       -999.0000    
  8.710       3.333      0.1000        106.4340       -999.0000        228.4840       -999.0000    
  8.710       3.683      0.1000        71.89287       -999.0000        153.9791       -999.0000    
  8.710       4.071      0.1000        46.93523       -999.0000        100.4435       -999.0000    
  8.710       4.499      0.1000        29.51605       -999.0000        63.23813       -999.0000    
  8.710       4.972      0.1000        17.74555       -999.0000        38.15502       -999.0000    
  8.710       5.495      0.1000        10.11633       -999.0000        21.88936       -999.0000    
  8.710       6.073      0.1000        5.414966       -999.0000        11.82880       -999.0000    
  8.710       6.711      0.1000        2.689696       -999.0000        5.953605       -999.0000    
  8.710       7.417      0.1000        1.218428       -999.0000        2.744202       -999.0000    
  8.710       8.197      0.1000       0.4934792       -999.0000        1.136503       -999.0000    
  8.710       9.059      0.1000       0.1735921       -999.0000       0.4112737       -999.0000    
  8.710      0.9106E-01  0.2000        115898.9       -999.0000        147414.9       -999.0000    
  8.710      0.1006      0.2000        101495.0       -999.0000        136503.1       -999.0000    
  8.710      0.1112      0.2000        88718.07       -999.0000        125561.5       -999.0000    
  8.710      0.1229      0.2000        77471.99       -999.0000        114854.5       -999.0000    
  8.710      0.1358      0.2000        67587.15       -999.0000        104531.5       -999.0000    
  8.710      0.1501      0.2000        58859.18       -999.0000        94639.99       -999.0000    
  8.710      0.1659      0.2000        51186.59       -999.0000        85285.68       -999.0000    
  8.710      0.1834      0.2000        44432.42       -999.0000        76492.96       -999.0000    
  8.710      0.2027      0.2000        38517.49       -999.0000        68323.65       -999.0000    
  8.710      0.2240      0.2000        33336.86       -999.0000        60775.57       -999.0000    
  8.710      0.2475      0.2000        28804.08       -999.0000        53843.24       -999.0000    
  8.710      0.2736      0.2000        24817.83       -999.0000        47471.08       -999.0000    
  8.710      0.3023      0.2000        21351.27       -999.0000        41712.55       -999.0000    
  8.710      0.3341      0.2000        18316.86       -999.0000        36471.92       -999.0000    
  8.710      0.3693      0.2000        15668.52       -999.0000        31741.89       -999.0000    
  8.710      0.4081      0.2000        13370.21       -999.0000        27509.50       -999.0000    
  8.710      0.4510      0.2000        11372.54       -999.0000        23726.99       -999.0000    
  8.710      0.4985      0.2000        9637.571       -999.0000        20357.80       -999.0000    
  8.710      0.5509      0.2000        8139.485       -999.0000        17381.35       -999.0000    
  8.710      0.6088      0.2000        6846.563       -999.0000        14759.20       -999.0000    
  8.710      0.6729      0.2000        5731.714       -999.0000        12456.23       -999.0000    
  8.710      0.7436      0.2000        4776.750       -999.0000        10451.09       -999.0000    
  8.710      0.8218      0.2000        3959.008       -999.0000        8709.333       -999.0000    
  8.710      0.9083      0.2000        3261.444       -999.0000        7205.057       -999.0000    
  8.710       1.004      0.2000        2668.851       -999.0000        5915.559       -999.0000    
  8.710       1.109      0.2000        2171.512       -999.0000        4822.105       -999.0000    
  8.710       1.226      0.2000        1749.918       -999.0000        3888.768       -999.0000    
  8.710       1.355      0.2000        1398.639       -999.0000        3107.142       -999.0000    
  8.710       1.497      0.2000        1108.095       -999.0000        2458.488       -999.0000    
  8.710       1.655      0.2000        867.1062       -999.0000        1919.565       -999.0000    
  8.710       1.829      0.2000        671.0413       -999.0000        1481.098       -999.0000    
  8.710       2.021      0.2000        512.6104       -999.0000        1127.309       -999.0000    
  8.710       2.234      0.2000        385.3472       -999.0000        843.9480       -999.0000    
  8.710       2.469      0.2000        284.9638       -999.0000        621.3595       -999.0000    
  8.710       2.729      0.2000        206.6485       -999.0000        448.6451       -999.0000    
  8.710       3.016      0.2000        146.6892       -999.0000        317.1929       -999.0000    
  8.710       3.333      0.2000        101.5759       -999.0000        218.9159       -999.0000    
  8.710       3.683      0.2000        68.36745       -999.0000        147.0237       -999.0000    
  8.710       4.071      0.2000        44.44171       -999.0000        95.50428       -999.0000    
  8.710       4.499      0.2000        27.80699       -999.0000        59.83255       -999.0000    
  8.710       4.972      0.2000        16.61766       -999.0000        35.88638       -999.0000    
  8.710       5.495      0.2000        9.403174       -999.0000        20.43800       -999.0000    
  8.710       6.073      0.2000        4.988086       -999.0000        10.94706       -999.0000    
  8.710       6.711      0.2000        2.450606       -999.0000        5.450426       -999.0000    
  8.710       7.417      0.2000        1.094676       -999.0000        2.478046       -999.0000    
  8.710       8.197      0.2000       0.4355565       -999.0000        1.008547       -999.0000    
  8.710       9.059      0.2000       0.1496902       -999.0000       0.3568047       -999.0000    
  8.710      0.9106E-01  0.3000        111109.8       -999.0000        143000.6       -999.0000    
  8.710      0.1006      0.3000        97291.02       -999.0000        132291.1       -999.0000    
  8.710      0.1112      0.3000        85033.71       -999.0000        121585.2       -999.0000    
  8.710      0.1229      0.3000        74245.62       -999.0000        111133.6       -999.0000    
  8.710      0.1358      0.3000        64763.99       -999.0000        101075.6       -999.0000    
  8.710      0.1501      0.3000        56392.68       -999.0000        91452.71       -999.0000    
  8.710      0.1659      0.3000        49034.19       -999.0000        82364.30       -999.0000    
  8.710      0.1834      0.3000        42557.04       -999.0000        73831.08       -999.0000    
  8.710      0.2027      0.3000        36885.22       -999.0000        65930.33       -999.0000    
  8.710      0.2240      0.3000        31918.00       -999.0000        58616.08       -999.0000    
  8.710      0.2475      0.3000        27572.37       -999.0000        51903.75       -999.0000    
  8.710      0.2736      0.3000        23751.10       -999.0000        45738.24       -999.0000    
  8.710      0.3023      0.3000        20428.39       -999.0000        40159.53       -999.0000    
  8.710      0.3341      0.3000        17520.29       -999.0000        35096.63       -999.0000    
  8.710      0.3693      0.3000        14982.57       -999.0000        30529.60       -999.0000    
  8.710      0.4081      0.3000        12780.61       -999.0000        26445.27       -999.0000    
  8.710      0.4510      0.3000        10866.97       -999.0000        22796.94       -999.0000    
  8.710      0.4985      0.3000        9205.279       -999.0000        19548.91       -999.0000    
  8.710      0.5509      0.3000        7770.803       -999.0000        16680.96       -999.0000    
  8.710      0.6088      0.3000        6533.086       -999.0000        14155.67       -999.0000    
  8.710      0.6729      0.3000        5466.100       -999.0000        11938.89       -999.0000    
  8.710      0.7436      0.3000        4552.387       -999.0000        10009.83       -999.0000    
  8.710      0.8218      0.3000        3770.232       -999.0000        8335.053       -999.0000    
  8.710      0.9083      0.3000        3103.331       -999.0000        6891.800       -999.0000    
  8.710       1.004      0.3000        2537.060       -999.0000        5651.236       -999.0000    
  8.710       1.109      0.3000        2062.092       -999.0000        4601.807       -999.0000    
  8.710       1.226      0.3000        1659.695       -999.0000        3706.697       -999.0000    
  8.710       1.355      0.3000        1324.664       -999.0000        2957.707       -999.0000    
  8.710       1.497      0.3000        1047.810       -999.0000        2336.725       -999.0000    
  8.710       1.655      0.3000        818.4178       -999.0000        1821.358       -999.0000    
  8.710       1.829      0.3000        632.0282       -999.0000        1402.539       -999.0000    
  8.710       2.021      0.3000        481.6278       -999.0000        1065.082       -999.0000    
  8.710       2.234      0.3000        361.0244       -999.0000        795.2414       -999.0000    
  8.710       2.469      0.3000        266.1000       -999.0000        583.6919       -999.0000    
  8.710       2.729      0.3000        192.2443       -999.0000        419.9409       -999.0000    
  8.710       3.016      0.3000        135.8587       -999.0000        295.6429       -999.0000    
  8.710       3.333      0.3000        93.58349       -999.0000        203.0255       -999.0000    
  8.710       3.683      0.3000        62.60314       -999.0000        135.5366       -999.0000    
  8.710       4.071      0.3000        40.39942       -999.0000        87.42246       -999.0000    
  8.710       4.499      0.3000        25.05860       -999.0000        54.30311       -999.0000    
  8.710       4.972      0.3000        14.81997       -999.0000        32.23789       -999.0000    
  8.710       5.495      0.3000        8.281049       -999.0000        18.13348       -999.0000    
  8.710       6.073      0.3000        4.324905       -999.0000        9.564977       -999.0000    
  8.710       6.711      0.3000        2.084223       -999.0000        4.672651       -999.0000    
  8.710       7.417      0.3000       0.9088051       -999.0000        2.075076       -999.0000    
  8.710       8.197      0.3000       0.3504133       -999.0000       0.8189650       -999.0000    
  8.710       9.059      0.3000       0.1155834       -999.0000       0.2783841       -999.0000    
  8.710      0.9106E-01  0.4000        104167.0       -999.0000        136455.8       -999.0000    
  8.710      0.1006      0.4000        91196.66       -999.0000        126060.3       -999.0000    
  8.710      0.1112      0.4000        79693.07       -999.0000        115713.4       -999.0000    
  8.710      0.1229      0.4000        69569.40       -999.0000        105646.6       -999.0000    
  8.710      0.1358      0.4000        60672.71       -999.0000        95985.42       -999.0000    
  8.710      0.1501      0.4000        52818.73       -999.0000        86793.40       -999.0000    
  8.710      0.1659      0.4000        45915.81       -999.0000        78096.64       -999.0000    
  8.710      0.1834      0.4000        39840.46       -999.0000        69945.07       -999.0000    
  8.710      0.2027      0.4000        34521.21       -999.0000        62390.07       -999.0000    
  8.710      0.2240      0.4000        29863.43       -999.0000        55424.80       -999.0000    
  8.710      0.2475      0.4000        25789.14       -999.0000        49040.14       -999.0000    
  8.710      0.2736      0.4000        22207.11       -999.0000        43181.83       -999.0000    
  8.710      0.3023      0.4000        19093.05       -999.0000        37886.28       -999.0000    
  8.710      0.3341      0.4000        16368.11       -999.0000        33084.70       -999.0000    
  8.710      0.3693      0.4000        13990.72       -999.0000        28757.16       -999.0000    
  8.710      0.4081      0.4000        11928.36       -999.0000        24890.25       -999.0000    
  8.710      0.4510      0.4000        10136.51       -999.0000        21438.90       -999.0000    
  8.710      0.4985      0.4000        8580.988       -999.0000        18368.67       -999.0000    
  8.710      0.5509      0.4000        7238.642       -999.0000        15659.76       -999.0000    
  8.710      0.6088      0.4000        6080.864       -999.0000        13276.34       -999.0000    
  8.710      0.6729      0.4000        5083.222       -999.0000        11185.77       -999.0000    
  8.710      0.7436      0.4000        4229.343       -999.0000        9368.034       -999.0000    
  8.710      0.8218      0.4000        3498.804       -999.0000        7794.079       -999.0000    
  8.710      0.9083      0.4000        2876.273       -999.0000        6433.877       -999.0000    
  8.710       1.004      0.4000        2348.077       -999.0000        5268.070       -999.0000    
  8.710       1.109      0.4000        1905.425       -999.0000        4282.903       -999.0000    
  8.710       1.226      0.4000        1530.790       -999.0000        3443.630       -999.0000    
  8.710       1.355      0.4000        1219.238       -999.0000        2742.261       -999.0000    
  8.710       1.497      0.4000        962.1159       -999.0000        2161.576       -999.0000    
  8.710       1.655      0.4000        749.4182       -999.0000        1680.448       -999.0000    
  8.710       1.829      0.4000        576.9308       -999.0000        1290.201       -999.0000    
  8.710       2.021      0.4000        438.0682       -999.0000        976.4557       -999.0000    
  8.710       2.234      0.4000        327.0218       -999.0000        726.2014       -999.0000    
  8.710       2.469      0.4000        239.8757       -999.0000        530.5971       -999.0000    
  8.710       2.729      0.4000        172.3339       -999.0000        379.7156       -999.0000    
  8.710       3.016      0.4000        121.0006       -999.0000        265.6738       -999.0000    
  8.710       3.333      0.4000        82.72042       -999.0000        181.1043       -999.0000    
  8.710       3.683      0.4000        54.83957       -999.0000        119.8516       -999.0000    
  8.710       4.071      0.4000        35.01654       -999.0000        76.50869       -999.0000    
  8.710       4.499      0.4000        21.44544       -999.0000        46.93488       -999.0000    
  8.710       4.972      0.4000        12.49034       -999.0000        27.44756       -999.0000    
  8.710       5.495      0.4000        6.850413       -999.0000        15.15859       -999.0000    
  8.710       6.073      0.4000        3.496551       -999.0000        7.817911       -999.0000    
  8.710       6.711      0.4000        1.637280       -999.0000        3.712613       -999.0000    
  8.710       7.417      0.4000       0.6883326       -999.0000        1.590776       -999.0000    
  8.710       8.197      0.4000       0.2531396       -999.0000       0.5995805       -999.0000    
  8.710       9.059      0.4000       0.7836274E-01   -999.0000       0.1915928       -999.0000    
  8.910      0.9106E-01  -.2000        101628.3       -999.0000        130386.2       -999.0000    
  8.910      0.1006      -.2000        89000.45       -999.0000        120653.3       -999.0000    
  8.910      0.1112      -.2000        77798.70       -999.0000        110918.7       -999.0000    
  8.910      0.1229      -.2000        67938.82       -999.0000        101411.2       -999.0000    
  8.910      0.1358      -.2000        59272.22       -999.0000        92258.49       -999.0000    
  8.910      0.1501      -.2000        51619.81       -999.0000        83498.68       -999.0000    
  8.910      0.1659      -.2000        44892.58       -999.0000        75222.71       -999.0000    
  8.910      0.1834      -.2000        38970.48       -999.0000        67450.10       -999.0000    
  8.910      0.2027      -.2000        33784.11       -999.0000        60233.55       -999.0000    
  8.910      0.2240      -.2000        29241.51       -999.0000        53569.63       -999.0000    
  8.910      0.2475      -.2000        25266.87       -999.0000        47452.28       -999.0000    
  8.910      0.2736      -.2000        21771.35       -999.0000        41831.62       -999.0000    
  8.910      0.3023      -.2000        18731.43       -999.0000        36744.40       -999.0000    
  8.910      0.3341      -.2000        16070.37       -999.0000        32126.08       -999.0000    
  8.910      0.3693      -.2000        13747.80       -999.0000        27958.79       -999.0000    
  8.910      0.4081      -.2000        11732.13       -999.0000        24230.69       -999.0000    
  8.910      0.4510      -.2000        9980.040       -999.0000        20899.34       -999.0000    
  8.910      0.4985      -.2000        8458.275       -999.0000        17932.39       -999.0000    
  8.910      0.5509      -.2000        7144.202       -999.0000        15311.54       -999.0000    
  8.910      0.6088      -.2000        6010.014       -999.0000        13002.78       -999.0000    
  8.910      0.6729      -.2000        5031.956       -999.0000        10975.08       -999.0000    
  8.910      0.7436      -.2000        4194.110       -999.0000        9211.339       -999.0000    
  8.910      0.8218      -.2000        3476.583       -999.0000        7677.456       -999.0000    
  8.910      0.9083      -.2000        2864.426       -999.0000        6352.600       -999.0000    
  8.910       1.004      -.2000        2344.316       -999.0000        5215.128       -999.0000    
  8.910       1.109      -.2000        1907.778       -999.0000        4252.119       -999.0000    
  8.910       1.226      -.2000        1537.664       -999.0000        3429.997       -999.0000    
  8.910       1.355      -.2000        1229.222       -999.0000        2741.339       -999.0000    
  8.910       1.497      -.2000        974.0674       -999.0000        2170.210       -999.0000    
  8.910       1.655      -.2000        762.3940       -999.0000        1695.035       -999.0000    
  8.910       1.829      -.2000        590.1447       -999.0000        1308.301       -999.0000    
  8.910       2.021      -.2000        450.9312       -999.0000        996.1628       -999.0000    
  8.910       2.234      -.2000        339.0845       -999.0000        746.0524       -999.0000    
  8.910       2.469      -.2000        250.8349       -999.0000        549.5573       -999.0000    
  8.910       2.729      -.2000        181.9761       -999.0000        396.9990       -999.0000    
  8.910       3.016      -.2000        129.2401       -999.0000        280.8375       -999.0000    
  8.910       3.333      -.2000        89.54959       -999.0000        193.9480       -999.0000    
  8.910       3.683      -.2000        60.31931       -999.0000        130.3511       -999.0000    
  8.910       4.071      -.2000        39.24899       -999.0000        84.75702       -999.0000    
  8.910       4.499      -.2000        24.58725       -999.0000        53.15979       -999.0000    
  8.910       4.972      -.2000        14.71481       -999.0000        31.92820       -999.0000    
  8.910       5.495      -.2000        8.340331       -999.0000        18.21270       -999.0000    
  8.910       6.073      -.2000        4.432287       -999.0000        9.772171       -999.0000    
  8.910       6.711      -.2000        2.181779       -999.0000        4.874713       -999.0000    
  8.910       7.417      -.2000       0.9764400       -999.0000        2.220484       -999.0000    
  8.910       8.197      -.2000       0.3891389       -999.0000       0.9052667       -999.0000    
  8.910       9.059      -.2000       0.1338445       -999.0000       0.3204943       -999.0000    
  8.910      0.9106E-01  -.1000        104194.2       -999.0000        132760.8       -999.0000    
  8.910      0.1006      -.1000        91252.99       -999.0000        122916.5       -999.0000    
  8.910      0.1112      -.1000        79772.77       -999.0000        113053.6       -999.0000    
  8.910      0.1229      -.1000        69667.38       -999.0000        103407.9       -999.0000    
  8.910      0.1358      -.1000        60784.62       -999.0000        94112.09       -999.0000    
  8.910      0.1501      -.1000        52941.05       -999.0000        85207.33       -999.0000    
  8.910      0.1659      -.1000        46045.57       -999.0000        76788.17       -999.0000    
  8.910      0.1834      -.1000        39975.12       -999.0000        68875.85       -999.0000    
  8.910      0.2027      -.1000        34658.56       -999.0000        61525.50       -999.0000    
  8.910      0.2240      -.1000        30001.65       -999.0000        54734.68       -999.0000    
  8.910      0.2475      -.1000        25926.73       -999.0000        48498.18       -999.0000    
  8.910      0.2736      -.1000        22342.79       -999.0000        42765.79       -999.0000    
  8.910      0.3023      -.1000        19225.78       -999.0000        37575.54       -999.0000    
  8.910      0.3341      -.1000        16497.09       -999.0000        32861.96       -999.0000    
  8.910      0.3693      -.1000        14115.32       -999.0000        28607.28       -999.0000    
  8.910      0.4081      -.1000        12048.09       -999.0000        24799.90       -999.0000    
  8.910      0.4510      -.1000        10251.00       -999.0000        21396.74       -999.0000    
  8.910      0.4985      -.1000        8689.980       -999.0000        18364.96       -999.0000    
  8.910      0.5509      -.1000        7341.852       -999.0000        15686.09       -999.0000    
  8.910      0.6088      -.1000        6178.120       -999.0000        13328.20       -999.0000    
  8.910      0.6729      -.1000        5174.443       -999.0000        11254.05       -999.0000    
  8.910      0.7436      -.1000        4314.494       -999.0000        9447.624       -999.0000    
  8.910      0.8218      -.1000        3577.882       -999.0000        7877.905       -999.0000    
  8.910      0.9083      -.1000        2949.311       -999.0000        6521.665       -999.0000    
  8.910       1.004      -.1000        2415.145       -999.0000        5356.865       -999.0000    
  8.910       1.109      -.1000        1966.665       -999.0000        4370.350       -999.0000    
  8.910       1.226      -.1000        1586.265       -999.0000        3527.786       -999.0000    
  8.910       1.355      -.1000        1269.112       -999.0000        2822.389       -999.0000    
  8.910       1.497      -.1000        1006.624       -999.0000        2235.821       -999.0000    
  8.910       1.655      -.1000        788.7378       -999.0000        1748.058       -999.0000    
  8.910       1.829      -.1000        611.3078       -999.0000        1350.800       -999.0000    
  8.910       2.021      -.1000        467.7812       -999.0000        1029.906       -999.0000    
  8.910       2.234      -.1000        352.3384       -999.0000        772.5170       -999.0000    
  8.910       2.469      -.1000        261.1511       -999.0000        570.0972       -999.0000    
  8.910       2.729      -.1000        189.9009       -999.0000        412.7341       -999.0000    
  8.910       3.016      -.1000        135.2282       -999.0000        292.7074       -999.0000    
  8.910       3.333      -.1000        93.98862       -999.0000        202.7474       -999.0000    
  8.910       3.683      -.1000        63.54160       -999.0000        136.7489       -999.0000    
  8.910       4.071      -.1000        41.52847       -999.0000        89.29804       -999.0000    
  8.910       4.499      -.1000        26.14898       -999.0000        56.29147       -999.0000    
  8.910       4.972      -.1000        15.74636       -999.0000        34.01597       -999.0000    
  8.910       5.495      -.1000        8.992787       -999.0000        19.54850       -999.0000    
  8.910       6.073      -.1000        4.823386       -999.0000        10.58451       -999.0000    
  8.910       6.711      -.1000        2.400935       -999.0000        5.338326       -999.0000    
  8.910       7.417      -.1000        1.089943       -999.0000        2.465814       -999.0000    
  8.910       8.197      -.1000       0.4422813       -999.0000        1.023174       -999.0000    
  8.910       9.059      -.1000       0.1557819       -999.0000       0.3707386       -999.0000    
  8.910      0.9106E-01   0.000        105036.5       -999.0000        133532.3       -999.0000    
  8.910      0.1006       0.000        91992.30       -999.0000        123652.4       -999.0000    
  8.910      0.1112       0.000        80420.67       -999.0000        113748.3       -999.0000    
  8.910      0.1229       0.000        70234.81       -999.0000        104057.6       -999.0000    
  8.910      0.1358       0.000        61281.27       -999.0000        94715.19       -999.0000    
  8.910      0.1501       0.000        53375.09       -999.0000        85763.47       -999.0000    
  8.910      0.1659       0.000        46424.38       -999.0000        77297.92       -999.0000    
  8.910      0.1834       0.000        40305.13       -999.0000        69340.44       -999.0000    
  8.910      0.2027       0.000        34945.68       -999.0000        61946.81       -999.0000    
  8.910      0.2240       0.000        30251.12       -999.0000        55114.86       -999.0000    
  8.910      0.2475       0.000        26143.31       -999.0000        48839.47       -999.0000    
  8.910      0.2736       0.000        22530.41       -999.0000        43070.48       -999.0000    
  8.910      0.3023       0.000        19388.15       -999.0000        37846.53       -999.0000    
  8.910      0.3341       0.000        16637.25       -999.0000        33101.96       -999.0000    
  8.910      0.3693       0.000        14236.03       -999.0000        28818.87       -999.0000    
  8.910      0.4081       0.000        12151.86       -999.0000        24985.65       -999.0000    
  8.910      0.4510       0.000        10339.99       -999.0000        21559.06       -999.0000    
  8.910      0.4985       0.000        8766.092       -999.0000        18510.11       -999.0000    
  8.910      0.5509       0.000        7406.790       -999.0000        15811.76       -999.0000    
  8.910      0.6088       0.000        6233.358       -999.0000        13433.84       -999.0000    
  8.910      0.6729       0.000        5221.270       -999.0000        11344.63       -999.0000    
  8.910      0.7436       0.000        4354.068       -999.0000        9524.904       -999.0000    
  8.910      0.8218       0.000        3611.200       -999.0000        7943.488       -999.0000    
  8.910      0.9083       0.000        2977.239       -999.0000        6576.988       -999.0000    
  8.910       1.004       0.000        2438.445       -999.0000        5403.250       -999.0000    
  8.910       1.109       0.000        1986.036       -999.0000        4409.047       -999.0000    
  8.910       1.226       0.000        1602.260       -999.0000        3560.775       -999.0000    
  8.910       1.355       0.000        1282.264       -999.0000        2848.802       -999.0000    
  8.910       1.497       0.000        1017.381       -999.0000        2257.397       -999.0000    
  8.910       1.655       0.000        797.4474       -999.0000        1765.502       -999.0000    
  8.910       1.829       0.000        618.2947       -999.0000        1364.775       -999.0000    
  8.910       2.021       0.000        473.3566       -999.0000        1041.032       -999.0000    
  8.910       2.234       0.000        356.7383       -999.0000        781.2915       -999.0000    
  8.910       2.469       0.000        264.5823       -999.0000        576.8935       -999.0000    
  8.910       2.729       0.000        192.5380       -999.0000        417.9441       -999.0000    
  8.910       3.016       0.000        137.2245       -999.0000        296.6394       -999.0000    
  8.910       3.333       0.000        95.47888       -999.0000        205.6843       -999.0000    
  8.910       3.683       0.000        64.62761       -999.0000        138.8919       -999.0000    
  8.910       4.071       0.000        42.29621       -999.0000        90.82407       -999.0000    
  8.910       4.499       0.000        26.67831       -999.0000        57.34826       -999.0000    
  8.910       4.972       0.000        16.09880       -999.0000        34.72512       -999.0000    
  8.910       5.495       0.000        9.215590       -999.0000        20.00282       -999.0000    
  8.910       6.073       0.000        4.957881       -999.0000        10.86282       -999.0000    
  8.910       6.711       0.000        2.477104       -999.0000        5.498803       -999.0000    
  8.910       7.417       0.000        1.129710       -999.0000        2.551453       -999.0000    
  8.910       8.197       0.000       0.4611192       -999.0000        1.064801       -999.0000    
  8.910       9.059       0.000       0.1636845       -999.0000       0.3887804       -999.0000    
  8.910      0.9106E-01  0.1000        104194.2       -999.0000        132744.6       -999.0000    
  8.910      0.1006      0.1000        91252.99       -999.0000        122901.9       -999.0000    
  8.910      0.1112      0.1000        79772.77       -999.0000        113040.8       -999.0000    
  8.910      0.1229      0.1000        69667.38       -999.0000        103396.8       -999.0000    
  8.910      0.1358      0.1000        60784.62       -999.0000        94102.85       -999.0000    
  8.910      0.1501      0.1000        52941.05       -999.0000        85199.57       -999.0000    
  8.910      0.1659      0.1000        46045.57       -999.0000        76781.35       -999.0000    
  8.910      0.1834      0.1000        39975.12       -999.0000        68869.81       -999.0000    
  8.910      0.2027      0.1000        34658.56       -999.0000        61520.17       -999.0000    
  8.910      0.2240      0.1000        30001.65       -999.0000        54730.07       -999.0000    
  8.910      0.2475      0.1000        25926.73       -999.0000        48494.14       -999.0000    
  8.910      0.2736      0.1000        22342.79       -999.0000        42762.17       -999.0000    
  8.910      0.3023      0.1000        19225.78       -999.0000        37572.26       -999.0000    
  8.910      0.3341      0.1000        16497.09       -999.0000        32859.10       -999.0000    
  8.910      0.3693      0.1000        14115.32       -999.0000        28604.84       -999.0000    
  8.910      0.4081      0.1000        12048.09       -999.0000        24803.57       -999.0000    
  8.910      0.4510      0.1000        10251.00       -999.0000        21399.92       -999.0000    
  8.910      0.4985      0.1000        8689.980       -999.0000        18367.71       -999.0000    
  8.910      0.5509      0.1000        7341.852       -999.0000        15688.46       -999.0000    
  8.910      0.6088      0.1000        6178.120       -999.0000        13327.57       -999.0000    
  8.910      0.6729      0.1000        5174.443       -999.0000        11253.52       -999.0000    
  8.910      0.7436      0.1000        4314.494       -999.0000        9447.171       -999.0000    
  8.910      0.8218      0.1000        3577.882       -999.0000        7877.525       -999.0000    
  8.910      0.9083      0.1000        2949.311       -999.0000        6521.342       -999.0000    
  8.910       1.004      0.1000        2415.145       -999.0000        5356.592       -999.0000    
  8.910       1.109      0.1000        1966.665       -999.0000        4371.395       -999.0000    
  8.910       1.226      0.1000        1586.265       -999.0000        3528.655       -999.0000    
  8.910       1.355      0.1000        1269.112       -999.0000        2822.379       -999.0000    
  8.910       1.497      0.1000        1006.624       -999.0000        2235.819       -999.0000    
  8.910       1.655      0.1000        788.7378       -999.0000        1748.056       -999.0000    
  8.910       1.829      0.1000        611.3078       -999.0000        1350.811       -999.0000    
  8.910       2.021      0.1000        467.7812       -999.0000        1029.915       -999.0000    
  8.910       2.234      0.1000        352.3384       -999.0000        772.5512       -999.0000    
  8.910       2.469      0.1000        261.1511       -999.0000        570.0984       -999.0000    
  8.910       2.729      0.1000        189.9009       -999.0000        412.7248       -999.0000    
  8.910       3.016      0.1000        135.2282       -999.0000        292.7013       -999.0000    
  8.910       3.333      0.1000        93.98862       -999.0000        202.7472       -999.0000    
  8.910       3.683      0.1000        63.54160       -999.0000        136.7531       -999.0000    
  8.910       4.071      0.1000        41.52847       -999.0000        89.30174       -999.0000    
  8.910       4.499      0.1000        26.14898       -999.0000        56.29263       -999.0000    
  8.910       4.972      0.1000        15.74636       -999.0000        34.01619       -999.0000    
  8.910       5.495      0.1000        8.992787       -999.0000        19.54852       -999.0000    
  8.910       6.073      0.1000        4.823386       -999.0000        10.58470       -999.0000    
  8.910       6.711      0.1000        2.400935       -999.0000        5.338450       -999.0000    
  8.910       7.417      0.1000        1.089943       -999.0000        2.465886       -999.0000    
  8.910       8.197      0.1000       0.4422813       -999.0000        1.023212       -999.0000    
  8.910       9.059      0.1000       0.1557819       -999.0000       0.3707531       -999.0000    
  8.910      0.9106E-01  0.2000        101628.3       -999.0000        130356.1       -999.0000    
  8.910      0.1006      0.2000        89000.45       -999.0000        120626.8       -999.0000    
  8.910      0.1112      0.2000        77798.70       -999.0000        110895.3       -999.0000    
  8.910      0.1229      0.2000        67938.82       -999.0000        101390.6       -999.0000    
  8.910      0.1358      0.2000        59272.22       -999.0000        92240.37       -999.0000    
  8.910      0.1501      0.2000        51619.81       -999.0000        83482.73       -999.0000    
  8.910      0.1659      0.2000        44892.58       -999.0000        75208.80       -999.0000    
  8.910      0.1834      0.2000        38970.48       -999.0000        67437.88       -999.0000    
  8.910      0.2027      0.2000        33784.11       -999.0000        60222.80       -999.0000    
  8.910      0.2240      0.2000        29241.51       -999.0000        53560.22       -999.0000    
  8.910      0.2475      0.2000        25266.87       -999.0000        47444.10       -999.0000    
  8.910      0.2736      0.2000        21771.35       -999.0000        41824.50       -999.0000    
  8.910      0.3023      0.2000        18731.43       -999.0000        36747.70       -999.0000    
  8.910      0.3341      0.2000        16070.37       -999.0000        32128.95       -999.0000    
  8.910      0.3693      0.2000        13747.80       -999.0000        27961.23       -999.0000    
  8.910      0.4081      0.2000        11732.13       -999.0000        24232.75       -999.0000    
  8.910      0.4510      0.2000        9980.040       -999.0000        20901.13       -999.0000    
  8.910      0.4985      0.2000        8458.275       -999.0000        17933.94       -999.0000    
  8.910      0.5509      0.2000        7144.202       -999.0000        15312.87       -999.0000    
  8.910      0.6088      0.2000        6010.014       -999.0000        13003.91       -999.0000    
  8.910      0.6729      0.2000        5031.956       -999.0000        10976.06       -999.0000    
  8.910      0.7436      0.2000        4194.110       -999.0000        9210.460       -999.0000    
  8.910      0.8218      0.2000        3476.583       -999.0000        7676.709       -999.0000    
  8.910      0.9083      0.2000        2864.426       -999.0000        6351.967       -999.0000    
  8.910       1.004      0.2000        2344.316       -999.0000        5216.223       -999.0000    
  8.910       1.109      0.2000        1907.778       -999.0000        4253.041       -999.0000    
  8.910       1.226      0.2000        1537.664       -999.0000        3430.760       -999.0000    
  8.910       1.355      0.2000        1229.222       -999.0000        2741.953       -999.0000    
  8.910       1.497      0.2000        974.0674       -999.0000        2170.198       -999.0000    
  8.910       1.655      0.2000        762.3940       -999.0000        1695.032       -999.0000    
  8.910       1.829      0.2000        590.1447       -999.0000        1308.313       -999.0000    
  8.910       2.021      0.2000        450.9312       -999.0000        996.1725       -999.0000    
  8.910       2.234      0.2000        339.0845       -999.0000        746.0817       -999.0000    
  8.910       2.469      0.2000        250.8349       -999.0000        549.5588       -999.0000    
  8.910       2.729      0.2000        181.9761       -999.0000        396.9907       -999.0000    
  8.910       3.016      0.2000        129.2401       -999.0000        280.8305       -999.0000    
  8.910       3.333      0.2000        89.54959       -999.0000        193.9480       -999.0000    
  8.910       3.683      0.2000        60.31931       -999.0000        130.3562       -999.0000    
  8.910       4.071      0.2000        39.24899       -999.0000        84.75877       -999.0000    
  8.910       4.499      0.2000        24.58725       -999.0000        53.16128       -999.0000    
  8.910       4.972      0.2000        14.71481       -999.0000        31.92924       -999.0000    
  8.910       5.495      0.2000        8.340331       -999.0000        18.21329       -999.0000    
  8.910       6.073      0.2000        4.432287       -999.0000        9.772536       -999.0000    
  8.910       6.711      0.2000        2.181779       -999.0000        4.874848       -999.0000    
  8.910       7.417      0.2000       0.9764400       -999.0000        2.220635       -999.0000    
  8.910       8.197      0.2000       0.3891389       -999.0000       0.9053043       -999.0000    
  8.910       9.059      0.2000       0.1338445       -999.0000       0.3205167       -999.0000    
  8.910      0.9106E-01  0.3000        97232.27       -999.0000        126224.4       -999.0000    
  8.910      0.1006      0.3000        85141.44       -999.0000        116693.4       -999.0000    
  8.910      0.1112      0.3000        74416.70       -999.0000        107188.6       -999.0000    
  8.910      0.1229      0.3000        64977.34       -999.0000        97926.85       -999.0000    
  8.910      0.1358      0.3000        56680.98       -999.0000        89027.08       -999.0000    
  8.910      0.1501      0.3000        49356.00       -999.0000        80522.33       -999.0000    
  8.910      0.1659      0.3000        42917.13       -999.0000        72497.85       -999.0000    
  8.910      0.1834      0.3000        37249.36       -999.0000        64969.75       -999.0000    
  8.910      0.2027      0.3000        32286.20       -999.0000        57987.03       -999.0000    
  8.910      0.2240      0.3000        27939.50       -999.0000        51559.69       -999.0000    
  8.910      0.2475      0.3000        24136.63       -999.0000        45648.41       -999.0000    
  8.910      0.2736      0.3000        20792.55       -999.0000        40220.95       -999.0000    
  8.910      0.3023      0.3000        17884.70       -999.0000        35311.84       -999.0000    
  8.910      0.3341      0.3000        15339.60       -999.0000        30857.95       -999.0000    
  8.910      0.3693      0.3000        13118.57       -999.0000        26841.30       -999.0000    
  8.910      0.4081      0.3000        11191.30       -999.0000        23249.94       -999.0000    
  8.910      0.4510      0.3000        9516.329       -999.0000        20042.51       -999.0000    
  8.910      0.4985      0.3000        8061.843       -999.0000        17187.39       -999.0000    
  8.910      0.5509      0.3000        6806.156       -999.0000        14666.64       -999.0000    
  8.910      0.6088      0.3000        5722.602       -999.0000        12447.21       -999.0000    
  8.910      0.6729      0.3000        4788.436       -999.0000        10498.98       -999.0000    
  8.910      0.7436      0.3000        3988.424       -999.0000        8803.616       -999.0000    
  8.910      0.8218      0.3000        3303.580       -999.0000        7331.703       -999.0000    
  8.910      0.9083      0.3000        2719.552       -999.0000        6063.153       -999.0000    
  8.910       1.004      0.3000        2223.601       -999.0000        4972.675       -999.0000    
  8.910       1.109      0.3000        1807.564       -999.0000        4050.085       -999.0000    
  8.910       1.226      0.3000        1455.047       -999.0000        3263.034       -999.0000    
  8.910       1.355      0.3000        1161.506       -999.0000        2604.334       -999.0000    
  8.910       1.497      0.3000        918.8983       -999.0000        2058.084       -999.0000    
  8.910       1.655      0.3000        717.8555       -999.0000        1604.630       -999.0000    
  8.910       1.829      0.3000        554.4663       -999.0000        1236.011       -999.0000    
  8.910       2.021      0.3000        422.5970       -999.0000        938.9031       -999.0000    
  8.910       2.234      0.3000        316.8535       -999.0000        701.2739       -999.0000    
  8.910       2.469      0.3000        233.6021       -999.0000        514.9036       -999.0000    
  8.910       2.729      0.3000        168.8213       -999.0000        370.6017       -999.0000    
  8.910       3.016      0.3000        119.3477       -999.0000        261.0182       -999.0000    
  8.910       3.333      0.3000        82.25330       -999.0000        179.3460       -999.0000    
  8.910       3.683      0.3000        55.05811       -999.0000        119.8042       -999.0000    
  8.910       4.071      0.3000        35.55978       -999.0000        77.33656       -999.0000    
  8.910       4.499      0.3000        22.07817       -999.0000        48.08291       -999.0000    
  8.910       4.972      0.3000        13.07292       -999.0000        28.57749       -999.0000    
  8.910       5.495      0.3000        7.315023       -999.0000        16.09596       -999.0000    
  8.910       6.073      0.3000        3.826186       -999.0000        8.502774       -999.0000    
  8.910       6.711      0.3000        1.846828       -999.0000        4.160415       -999.0000    
  8.910       7.417      0.3000       0.8063727       -999.0000        1.850007       -999.0000    
  8.910       8.197      0.3000       0.3112426       -999.0000       0.7309381       -999.0000    
  8.910       9.059      0.3000       0.1026626       -999.0000       0.2484709       -999.0000    
  8.910      0.9106E-01  0.4000        90859.72       -999.0000        120101.1       -999.0000    
  8.910      0.1006      0.4000        79547.89       -999.0000        110875.6       -999.0000    
  8.910      0.1112      0.4000        69515.15       -999.0000        101715.1       -999.0000    
  8.910      0.1229      0.4000        60685.78       -999.0000        92819.00       -999.0000    
  8.910      0.1358      0.4000        52926.37       -999.0000        84294.22       -999.0000    
  8.910      0.1501      0.4000        46076.28       -999.0000        76192.89       -999.0000    
  8.910      0.1659      0.4000        40055.60       -999.0000        68536.12       -999.0000    
  8.910      0.1834      0.4000        34756.64       -999.0000        61365.26       -999.0000    
  8.910      0.2027      0.4000        30117.07       -999.0000        54723.87       -999.0000    
  8.910      0.2240      0.4000        26054.39       -999.0000        48604.56       -999.0000    
  8.910      0.2475      0.4000        22500.62       -999.0000        42998.20       -999.0000    
  8.910      0.2736      0.4000        19376.18       -999.0000        37856.23       -999.0000    
  8.910      0.3023      0.4000        16659.83       -999.0000        33209.98       -999.0000    
  8.910      0.3341      0.4000        14282.80       -999.0000        28998.53       -999.0000    
  8.910      0.3693      0.4000        12208.88       -999.0000        25203.90       -999.0000    
  8.910      0.4081      0.4000        10409.69       -999.0000        21813.96       -999.0000    
  8.910      0.4510      0.4000        8846.426       -999.0000        18788.89       -999.0000    
  8.910      0.4985      0.4000        7489.412       -999.0000        16098.18       -999.0000    
  8.910      0.5509      0.4000        6318.278       -999.0000        13724.46       -999.0000    
  8.910      0.6088      0.4000        5308.074       -999.0000        11636.15       -999.0000    
  8.910      0.6729      0.4000        4437.563       -999.0000        9804.525       -999.0000    
  8.910      0.7436      0.4000        3692.440       -999.0000        8211.960       -999.0000    
  8.910      0.8218      0.4000        3054.901       -999.0000        6832.865       -999.0000    
  8.910      0.9083      0.4000        2511.580       -999.0000        5641.193       -999.0000    
  8.910       1.004      0.4000        2050.549       -999.0000        4619.686       -999.0000    
  8.910       1.109      0.4000        1664.150       -999.0000        3756.373       -999.0000    
  8.910       1.226      0.4000        1337.087       -999.0000        3020.815       -999.0000    
  8.910       1.355      0.4000        1065.050       -999.0000        2405.999       -999.0000    
  8.910       1.497      0.4000        840.5143       -999.0000        1896.878       -999.0000    
  8.910       1.655      0.4000        654.7787       -999.0000        1474.991       -999.0000    
  8.910       1.829      0.4000        504.1199       -999.0000        1132.693       -999.0000    
  8.910       2.021      0.4000        382.8251       -999.0000        857.4398       -999.0000    
  8.910       2.234      0.4000        285.8127       -999.0000        637.8281       -999.0000    
  8.910       2.469      0.4000        209.6729       -999.0000        466.1311       -999.0000    
  8.910       2.729      0.4000        150.6643       -999.0000        333.6712       -999.0000    
  8.910       3.016      0.4000        105.8051       -999.0000        233.5083       -999.0000    
  8.910       3.333      0.4000        72.35635       -999.0000        159.2445       -999.0000    
  8.910       3.683      0.4000        47.98899       -999.0000        105.4287       -999.0000    
  8.910       4.071      0.4000        30.65812       -999.0000        67.33576       -999.0000    
  8.910       4.499      0.4000        18.78935       -999.0000        41.33507       -999.0000    
  8.910       4.972      0.4000        10.95262       -999.0000        24.19155       -999.0000    
  8.910       5.495      0.4000        6.012825       -999.0000        13.37312       -999.0000    
  8.910       6.073      0.4000        3.072058       -999.0000        6.902037       -999.0000    
  8.910       6.711      0.4000        1.440025       -999.0000        3.281721       -999.0000    
  8.910       7.417      0.4000       0.6057695       -999.0000        1.407073       -999.0000    
  8.910       8.197      0.4000       0.2227843       -999.0000       0.5303953       -999.0000    
  8.910       9.059      0.4000       0.6887292E-01   -999.0000       0.1692861       -999.0000    
  10.51      0.9106E-01  -.2000        35810.34       -999.0000        49031.64       -999.0000    
  10.51      0.1006      -.2000        31365.26       -999.0000        45153.73       -999.0000    
  10.51      0.1112      -.2000        27421.83       -999.0000        41338.90       -999.0000    
  10.51      0.1229      -.2000        23950.49       -999.0000        37661.08       -999.0000    
  10.51      0.1358      -.2000        20898.98       -999.0000        34157.03       -999.0000    
  10.51      0.1501      -.2000        18204.28       -999.0000        30831.50       -999.0000    
  10.51      0.1659      -.2000        15835.11       -999.0000        27711.88       -999.0000    
  10.51      0.1834      -.2000        13749.24       -999.0000        24799.20       -999.0000    
  10.51      0.2027      -.2000        11922.28       -999.0000        22108.35       -999.0000    
  10.51      0.2240      -.2000        10321.87       -999.0000        19634.12       -999.0000    
  10.51      0.2475      -.2000        8921.347       -999.0000        17371.07       -999.0000    
  10.51      0.2736      -.2000        7689.468       -999.0000        15298.17       -999.0000    
  10.51      0.3023      -.2000        6617.976       -999.0000        13426.98       -999.0000    
  10.51      0.3341      -.2000        5679.845       -999.0000        11732.14       -999.0000    
  10.51      0.3693      -.2000        4860.884       -999.0000        10205.82       -999.0000    
  10.51      0.4081      -.2000        4149.971       -999.0000        8842.608       -999.0000    
  10.51      0.4510      -.2000        3531.849       -999.0000        7626.144       -999.0000    
  10.51      0.4985      -.2000        2994.813       -999.0000        6543.928       -999.0000    
  10.51      0.5509      -.2000        2530.900       -999.0000        5588.774       -999.0000    
  10.51      0.6088      -.2000        2130.363       -999.0000        4747.912       -999.0000    
  10.51      0.6729      -.2000        1784.835       -999.0000        4009.744       -999.0000    
  10.51      0.7436      -.2000        1488.690       -999.0000        3367.155       -999.0000    
  10.51      0.8218      -.2000        1234.935       -999.0000        2809.418       -999.0000    
  10.51      0.9083      -.2000        1018.314       -999.0000        2327.056       -999.0000    
  10.51       1.004      -.2000        834.1491       -999.0000        1912.711       -999.0000    
  10.51       1.109      -.2000        679.4559       -999.0000        1561.661       -999.0000    
  10.51       1.226      -.2000        548.1859       -999.0000        1261.675       -999.0000    
  10.51       1.355      -.2000        438.6894       -999.0000        1010.081       -999.0000    
  10.51       1.497      -.2000        348.0221       -999.0000        800.9378       -999.0000    
  10.51       1.655      -.2000        272.7233       -999.0000        626.9723       -999.0000    
  10.51       1.829      -.2000        211.3698       -999.0000        484.9540       -999.0000    
  10.51       2.021      -.2000        161.7322       -999.0000        370.0984       -999.0000    
  10.51       2.234      -.2000        121.8012       -999.0000        277.8611       -999.0000    
  10.51       2.469      -.2000        90.25884       -999.0000        205.2096       -999.0000    
  10.51       2.729      -.2000        65.61859       -999.0000        148.6691       -999.0000    
  10.51       3.016      -.2000        46.71424       -999.0000        105.5021       -999.0000    
  10.51       3.333      -.2000        32.46679       -999.0000        73.12649       -999.0000    
  10.51       3.683      -.2000        21.95258       -999.0000        49.35516       -999.0000    
  10.51       4.071      -.2000        14.35344       -999.0000        32.25401       -999.0000    
  10.51       4.499      -.2000        9.044222       -999.0000        20.35015       -999.0000    
  10.51       4.972      -.2000        5.451642       -999.0000        12.30999       -999.0000    
  10.51       5.495      -.2000        3.116048       -999.0000        7.080659       -999.0000    
  10.51       6.073      -.2000        1.671381       -999.0000        3.834154       -999.0000    
  10.51       6.711      -.2000       0.8303527       -999.0000        1.930336       -999.0000    
  10.51       7.417      -.2000       0.3746957       -999.0000       0.8868307       -999.0000    
  10.51       8.197      -.2000       0.1499941       -999.0000       0.3632719       -999.0000    
  10.51       9.059      -.2000       0.5148086E-01   -999.0000       0.1284535       -999.0000    
  10.51      0.9106E-01  -.1000        37028.35       -999.0000        50270.66       -999.0000    
  10.51      0.1006      -.1000        32434.64       -999.0000        46323.69       -999.0000    
  10.51      0.1112      -.1000        28359.18       -999.0000        42433.94       -999.0000    
  10.51      0.1229      -.1000        24771.43       -999.0000        38678.56       -999.0000    
  10.51      0.1358      -.1000        21617.42       -999.0000        35096.52       -999.0000    
  10.51      0.1501      -.1000        18832.03       -999.0000        31693.87       -999.0000    
  10.51      0.1659      -.1000        16382.97       -999.0000        28499.06       -999.0000    
  10.51      0.1834      -.1000        14226.66       -999.0000        25513.84       -999.0000    
  10.51      0.2027      -.1000        12337.91       -999.0000        22754.08       -999.0000    
  10.51      0.2240      -.1000        10683.26       -999.0000        20214.96       -999.0000    
  10.51      0.2475      -.1000        9235.164       -999.0000        17891.33       -999.0000    
  10.51      0.2736      -.1000        7961.317       -999.0000        15761.98       -999.0000    
  10.51      0.3023      -.1000        6853.210       -999.0000        13839.01       -999.0000    
  10.51      0.3341      -.1000        5882.935       -999.0000        12096.52       -999.0000    
  10.51      0.3693      -.1000        5035.826       -999.0000        10526.64       -999.0000    
  10.51      0.4081      -.1000        4300.396       -999.0000        9123.984       -999.0000    
  10.51      0.4510      -.1000        3660.880       -999.0000        7871.873       -999.0000    
  10.51      0.4985      -.1000        3105.187       -999.0000        6757.562       -999.0000    
  10.51      0.5509      -.1000        2625.107       -999.0000        5773.743       -999.0000    
  10.51      0.6088      -.1000        2210.532       -999.0000        4907.337       -999.0000    
  10.51      0.6729      -.1000        1852.809       -999.0000        4146.443       -999.0000    
  10.51      0.7436      -.1000        1546.141       -999.0000        3484.483       -999.0000    
  10.51      0.8218      -.1000        1283.290       -999.0000        2908.511       -999.0000    
  10.51      0.9083      -.1000        1058.844       -999.0000        2410.691       -999.0000    
  10.51       1.004      -.1000        867.9725       -999.0000        1982.892       -999.0000    
  10.51       1.109      -.1000        707.5757       -999.0000        1620.259       -999.0000    
  10.51       1.226      -.1000        571.4025       -999.0000        1310.201       -999.0000    
  10.51       1.355      -.1000        457.7565       -999.0000        1050.008       -999.0000    
  10.51       1.497      -.1000        363.5841       -999.0000        833.5553       -999.0000    
  10.51       1.655      -.1000        285.3113       -999.0000        653.3846       -999.0000    
  10.51       1.829      -.1000        221.4909       -999.0000        506.1664       -999.0000    
  10.51       2.021      -.1000        169.7921       -999.0000        386.9674       -999.0000    
  10.51       2.234      -.1000        128.1496       -999.0000        291.1237       -999.0000    
  10.51       2.469      -.1000        95.19610       -999.0000        215.5005       -999.0000    
  10.51       2.729      -.1000        69.40806       -999.0000        156.5679       -999.0000    
  10.51       3.016      -.1000        49.58110       -999.0000        111.4674       -999.0000    
  10.51       3.333      -.1000        34.59562       -999.0000        77.55569       -999.0000    
  10.51       3.683      -.1000        23.49889       -999.0000        52.57715       -999.0000    
  10.51       4.071      -.1000        15.44693       -999.0000        34.54116       -999.0000    
  10.51       4.499      -.1000        9.796310       -999.0000        21.93114       -999.0000    
  10.51       4.972      -.1000        5.949470       -999.0000        13.36537       -999.0000    
  10.51       5.495      -.1000        3.431390       -999.0000        7.756152       -999.0000    
  10.51       6.073      -.1000        1.860689       -999.0000        4.245362       -999.0000    
  10.51       6.711      -.1000       0.9369357       -999.0000        2.165869       -999.0000    
  10.51       7.417      -.1000       0.4298723       -999.0000        1.011230       -999.0000    
  10.51       8.197      -.1000       0.1757722       -999.0000       0.4229367       -999.0000    
  10.51       9.059      -.1000       0.6203313E-01   -999.0000       0.1536579       -999.0000    
  10.51      0.9106E-01   0.000        37423.88       -999.0000        50665.97       -999.0000    
  10.51      0.1006       0.000        32781.79       -999.0000        46697.94       -999.0000    
  10.51      0.1112       0.000        28663.37       -999.0000        42785.06       -999.0000    
  10.51      0.1229       0.000        25037.86       -999.0000        39005.14       -999.0000    
  10.51      0.1358       0.000        21850.63       -999.0000        35398.18       -999.0000    
  10.51      0.1501       0.000        19035.85       -999.0000        31970.74       -999.0000    
  10.51      0.1659       0.000        16560.91       -999.0000        28751.79       -999.0000    
  10.51      0.1834       0.000        14381.76       -999.0000        25743.36       -999.0000    
  10.51      0.2027       0.000        12472.95       -999.0000        22961.60       -999.0000    
  10.51      0.2240       0.000        10800.68       -999.0000        20401.77       -999.0000    
  10.51      0.2475       0.000        9337.126       -999.0000        18058.78       -999.0000    
  10.51      0.2736       0.000        8049.648       -999.0000        15911.32       -999.0000    
  10.51      0.3023       0.000        6929.662       -999.0000        13971.70       -999.0000    
  10.51      0.3341       0.000        5948.962       -999.0000        12213.92       -999.0000    
  10.51      0.3693       0.000        5092.718       -999.0000        10630.04       -999.0000    
  10.51      0.4081       0.000        4349.326       -999.0000        9214.714       -999.0000    
  10.51      0.4510       0.000        3702.857       -999.0000        7951.148       -999.0000    
  10.51      0.4985       0.000        3141.108       -999.0000        6826.513       -999.0000    
  10.51      0.5509       0.000        2655.775       -999.0000        5833.463       -999.0000    
  10.51      0.6088       0.000        2236.630       -999.0000        4959.838       -999.0000    
  10.51      0.6729       0.000        1874.932       -999.0000        4191.468       -999.0000    
  10.51      0.7436       0.000        1564.846       -999.0000        3522.263       -999.0000    
  10.51      0.8218       0.000        1299.060       -999.0000        2940.615       -999.0000    
  10.51      0.9083       0.000        1072.092       -999.0000        2437.822       -999.0000    
  10.51       1.004       0.000        879.0339       -999.0000        2005.669       -999.0000    
  10.51       1.109       0.000        716.7812       -999.0000        1639.293       -999.0000    
  10.51       1.226       0.000        579.0014       -999.0000        1325.977       -999.0000    
  10.51       1.355       0.000        463.9995       -999.0000        1062.996       -999.0000    
  10.51       1.497       0.000        368.6903       -999.0000        844.4141       -999.0000    
  10.51       1.655       0.000        289.4570       -999.0000        662.0262       -999.0000    
  10.51       1.829       0.000        224.8253       -999.0000        513.1135       -999.0000    
  10.51       2.021       0.000        172.4526       -999.0000        392.5025       -999.0000    
  10.51       2.234       0.000        130.2482       -999.0000        295.4836       -999.0000    
  10.51       2.469       0.000        96.83764       -999.0000        218.9129       -999.0000    
  10.51       2.729       0.000        70.67471       -999.0000        159.1881       -999.0000    
  10.51       3.016       0.000        50.54091       -999.0000        113.4518       -999.0000    
  10.51       3.333       0.000        35.30901       -999.0000        79.03085       -999.0000    
  10.51       3.683       0.000        24.02009       -999.0000        53.65765       -999.0000    
  10.51       4.071       0.000        15.81829       -999.0000        35.31307       -999.0000    
  10.51       4.499       0.000        10.05315       -999.0000        22.46878       -999.0000    
  10.51       4.972       0.000        6.120399       -999.0000        13.72597       -999.0000    
  10.51       5.495       0.000        3.540877       -999.0000        7.989346       -999.0000    
  10.51       6.073       0.000        1.926799       -999.0000        4.388182       -999.0000    
  10.51       6.711       0.000       0.9744014       -999.0000        2.248252       -999.0000    
  10.51       7.417       0.000       0.4494711       -999.0000        1.055230       -999.0000    
  10.51       8.197       0.000       0.1850751       -999.0000       0.4443828       -999.0000    
  10.51       9.059       0.000       0.6590782E-01   -999.0000       0.1628594       -999.0000    
  10.51      0.9106E-01  0.1000        37028.35       -999.0000        50265.37       -999.0000    
  10.51      0.1006      0.1000        32434.64       -999.0000        46318.98       -999.0000    
  10.51      0.1112      0.1000        28359.18       -999.0000        42429.90       -999.0000    
  10.51      0.1229      0.1000        24771.43       -999.0000        38675.11       -999.0000    
  10.51      0.1358      0.1000        21617.42       -999.0000        35093.48       -999.0000    
  10.51      0.1501      0.1000        18832.03       -999.0000        31691.14       -999.0000    
  10.51      0.1659      0.1000        16382.97       -999.0000        28496.55       -999.0000    
  10.51      0.1834      0.1000        14226.66       -999.0000        25511.56       -999.0000    
  10.51      0.2027      0.1000        12337.91       -999.0000        22752.10       -999.0000    
  10.51      0.2240      0.1000        10683.26       -999.0000        20213.27       -999.0000    
  10.51      0.2475      0.1000        9235.164       -999.0000        17889.87       -999.0000    
  10.51      0.2736      0.1000        7961.317       -999.0000        15760.70       -999.0000    
  10.51      0.3023      0.1000        6853.210       -999.0000        13837.88       -999.0000    
  10.51      0.3341      0.1000        5882.935       -999.0000        12095.54       -999.0000    
  10.51      0.3693      0.1000        5035.826       -999.0000        10525.79       -999.0000    
  10.51      0.4081      0.1000        4300.396       -999.0000        9123.248       -999.0000    
  10.51      0.4510      0.1000        3660.880       -999.0000        7871.239       -999.0000    
  10.51      0.4985      0.1000        3105.187       -999.0000        6758.508       -999.0000    
  10.51      0.5509      0.1000        2625.107       -999.0000        5774.560       -999.0000    
  10.51      0.6088      0.1000        2210.532       -999.0000        4908.030       -999.0000    
  10.51      0.6729      0.1000        1852.809       -999.0000        4147.032       -999.0000    
  10.51      0.7436      0.1000        1546.141       -999.0000        3484.319       -999.0000    
  10.51      0.8218      0.1000        1283.290       -999.0000        2908.378       -999.0000    
  10.51      0.9083      0.1000        1058.844       -999.0000        2410.584       -999.0000    
  10.51       1.004      0.1000        867.9725       -999.0000        1982.801       -999.0000    
  10.51       1.109      0.1000        707.5757       -999.0000        1620.180       -999.0000    
  10.51       1.226      0.1000        571.4025       -999.0000        1310.135       -999.0000    
  10.51       1.355      0.1000        457.7565       -999.0000        1050.258       -999.0000    
  10.51       1.497      0.1000        363.5841       -999.0000        833.7606       -999.0000    
  10.51       1.655      0.1000        285.3113       -999.0000        653.3820       -999.0000    
  10.51       1.829      0.1000        221.4909       -999.0000        506.1664       -999.0000    
  10.51       2.021      0.1000        169.7921       -999.0000        386.9666       -999.0000    
  10.51       2.234      0.1000        128.1496       -999.0000        291.1263       -999.0000    
  10.51       2.469      0.1000        95.19610       -999.0000        215.5107       -999.0000    
  10.51       2.729      0.1000        69.40806       -999.0000        156.5681       -999.0000    
  10.51       3.016      0.1000        49.58110       -999.0000        111.4674       -999.0000    
  10.51       3.333      0.1000        34.59562       -999.0000        77.55432       -999.0000    
  10.51       3.683      0.1000        23.49889       -999.0000        52.57706       -999.0000    
  10.51       4.071      0.1000        15.44693       -999.0000        34.54102       -999.0000    
  10.51       4.499      0.1000        9.796310       -999.0000        21.93205       -999.0000    
  10.51       4.972      0.1000        5.949470       -999.0000        13.36563       -999.0000    
  10.51       5.495      0.1000        3.431390       -999.0000        7.756286       -999.0000    
  10.51       6.073      0.1000        1.860689       -999.0000        4.245439       -999.0000    
  10.51       6.711      0.1000       0.9369357       -999.0000        2.165931       -999.0000    
  10.51       7.417      0.1000       0.4298723       -999.0000        1.011254       -999.0000    
  10.51       8.197      0.1000       0.1757722       -999.0000       0.4229492       -999.0000    
  10.51       9.059      0.1000       0.6203313E-01   -999.0000       0.1536659       -999.0000    
  10.51      0.9106E-01  0.2000        35810.34       -999.0000        49021.37       -999.0000    
  10.51      0.1006      0.2000        31365.26       -999.0000        45144.61       -999.0000    
  10.51      0.1112      0.2000        27421.83       -999.0000        41330.81       -999.0000    
  10.51      0.1229      0.2000        23950.49       -999.0000        37653.91       -999.0000    
  10.51      0.1358      0.2000        20898.98       -999.0000        34150.68       -999.0000    
  10.51      0.1501      0.2000        18204.28       -999.0000        30826.09       -999.0000    
  10.51      0.1659      0.2000        15835.11       -999.0000        27707.17       -999.0000    
  10.51      0.1834      0.2000        13749.24       -999.0000        24795.10       -999.0000    
  10.51      0.2027      0.2000        11922.28       -999.0000        22104.75       -999.0000    
  10.51      0.2240      0.2000        10321.87       -999.0000        19630.91       -999.0000    
  10.51      0.2475      0.2000        8921.347       -999.0000        17368.18       -999.0000    
  10.51      0.2736      0.2000        7689.468       -999.0000        15295.63       -999.0000    
  10.51      0.3023      0.2000        6617.976       -999.0000        13424.78       -999.0000    
  10.51      0.3341      0.2000        5679.845       -999.0000        11730.23       -999.0000    
  10.51      0.3693      0.2000        4860.884       -999.0000        10206.58       -999.0000    
  10.51      0.4081      0.2000        4149.971       -999.0000        8843.243       -999.0000    
  10.51      0.4510      0.2000        3531.849       -999.0000        7626.690       -999.0000    
  10.51      0.4985      0.2000        2994.813       -999.0000        6544.420       -999.0000    
  10.51      0.5509      0.2000        2530.900       -999.0000        5589.232       -999.0000    
  10.51      0.6088      0.2000        2130.363       -999.0000        4748.318       -999.0000    
  10.51      0.6729      0.2000        1784.835       -999.0000        4010.080       -999.0000    
  10.51      0.7436      0.2000        1488.690       -999.0000        3367.437       -999.0000    
  10.51      0.8218      0.2000        1234.935       -999.0000        2809.162       -999.0000    
  10.51      0.9083      0.2000        1018.314       -999.0000        2326.836       -999.0000    
  10.51       1.004      0.2000        834.1491       -999.0000        1912.527       -999.0000    
  10.51       1.109      0.2000        679.4559       -999.0000        1561.509       -999.0000    
  10.51       1.226      0.2000        548.1859       -999.0000        1261.937       -999.0000    
  10.51       1.355      0.2000        438.6894       -999.0000        1010.298       -999.0000    
  10.51       1.497      0.2000        348.0221       -999.0000        801.1105       -999.0000    
  10.51       1.655      0.2000        272.7233       -999.0000        626.9700       -999.0000    
  10.51       1.829      0.2000        211.3698       -999.0000        484.9541       -999.0000    
  10.51       2.021      0.2000        161.7322       -999.0000        370.1024       -999.0000    
  10.51       2.234      0.2000        121.8012       -999.0000        277.8644       -999.0000    
  10.51       2.469      0.2000        90.25884       -999.0000        205.2117       -999.0000    
  10.51       2.729      0.2000        65.61859       -999.0000        148.6753       -999.0000    
  10.51       3.016      0.2000        46.71424       -999.0000        105.4998       -999.0000    
  10.51       3.333      0.2000        32.46679       -999.0000        73.12479       -999.0000    
  10.51       3.683      0.2000        21.95258       -999.0000        49.35444       -999.0000    
  10.51       4.071      0.2000        14.35344       -999.0000        32.25409       -999.0000    
  10.51       4.499      0.2000        9.044222       -999.0000        20.35093       -999.0000    
  10.51       4.972      0.2000        5.451642       -999.0000        12.31067       -999.0000    
  10.51       5.495      0.2000        3.116048       -999.0000        7.080870       -999.0000    
  10.51       6.073      0.2000        1.671381       -999.0000        3.834305       -999.0000    
  10.51       6.711      0.2000       0.8303527       -999.0000        1.930459       -999.0000    
  10.51       7.417      0.2000       0.3746957       -999.0000       0.8868520       -999.0000    
  10.51       8.197      0.2000       0.1499941       -999.0000       0.3632942       -999.0000    
  10.51       9.059      0.2000       0.5148086E-01   -999.0000       0.1284626       -999.0000    
  10.51      0.9106E-01  0.3000        33692.57       -999.0000        46811.64       -999.0000    
  10.51      0.1006      0.3000        29506.12       -999.0000        43062.26       -999.0000    
  10.51      0.1112      0.3000        25792.45       -999.0000        39384.98       -999.0000    
  10.51      0.1229      0.3000        22523.63       -999.0000        35848.46       -999.0000    
  10.51      0.1358      0.3000        19650.42       -999.0000        32485.84       -999.0000    
  10.51      0.1501      0.3000        17113.43       -999.0000        29300.17       -999.0000    
  10.51      0.1659      0.3000        14883.19       -999.0000        26315.95       -999.0000    
  10.51      0.1834      0.3000        12919.88       -999.0000        23533.27       -999.0000    
  10.51      0.2027      0.3000        11200.49       -999.0000        20965.48       -999.0000    
  10.51      0.2240      0.3000        9694.482       -999.0000        18606.84       -999.0000    
  10.51      0.2475      0.3000        8376.729       -999.0000        16451.53       -999.0000    
  10.51      0.2736      0.3000        7217.784       -999.0000        14479.11       -999.0000    
  10.51      0.3023      0.3000        6209.855       -999.0000        12703.43       -999.0000    
  10.51      0.3341      0.3000        5327.563       -999.0000        11092.75       -999.0000    
  10.51      0.3693      0.3000        4557.528       -999.0000        9643.178       -999.0000    
  10.51      0.4081      0.3000        3889.231       -999.0000        8349.418       -999.0000    
  10.51      0.4510      0.3000        3308.290       -999.0000        7195.716       -999.0000    
  10.51      0.4985      0.3000        2803.695       -999.0000        6170.031       -999.0000    
  10.51      0.5509      0.3000        2367.948       -999.0000        5265.370       -999.0000    
  10.51      0.6088      0.3000        1991.835       -999.0000        4469.465       -999.0000    
  10.51      0.6729      0.3000        1667.482       -999.0000        3771.210       -999.0000    
  10.51      0.7436      0.3000        1389.605       -999.0000        3163.789       -999.0000    
  10.51      0.8218      0.3000        1151.615       -999.0000        2636.492       -999.0000    
  10.51      0.9083      0.3000        948.5724       -999.0000        2181.290       -999.0000    
  10.51       1.004      0.3000        776.0572       -999.0000        1790.605       -999.0000    
  10.51       1.109      0.3000        631.2458       -999.0000        1460.371       -999.0000    
  10.51       1.226      0.3000        508.4521       -999.0000        1177.948       -999.0000    
  10.51       1.355      0.3000        406.1442       -999.0000        941.3616       -999.0000    
  10.51       1.497      0.3000        321.5259       -999.0000        744.9325       -999.0000    
  10.51       1.655      0.3000        251.3482       -999.0000        581.6467       -999.0000    
  10.51       1.829      0.3000        194.2730       -999.0000        448.7184       -999.0000    
  10.51       2.021      0.3000        148.1796       -999.0000        341.4121       -999.0000    
  10.51       2.234      0.3000        111.1788       -999.0000        255.4158       -999.0000    
  10.51       2.469      0.3000        82.03729       -999.0000        187.8668       -999.0000    
  10.51       2.729      0.3000        59.34742       -999.0000        135.4652       -999.0000    
  10.51       3.016      0.3000        42.00805       -999.0000        95.59519       -999.0000    
  10.51       3.333      0.3000        29.00183       -999.0000        65.83266       -999.0000    
  10.51       3.683      0.3000        19.45655       -999.0000        44.09489       -999.0000    
  10.51       4.071      0.3000        12.60417       -999.0000        28.55843       -999.0000    
  10.51       4.499      0.3000        7.856550       -999.0000        17.82766       -999.0000    
  10.51       4.972      0.3000        4.674920       -999.0000        10.64792       -999.0000    
  10.51       5.495      0.3000        2.630599       -999.0000        6.031270       -999.0000    
  10.51       6.073      0.3000        1.384456       -999.0000        3.205321       -999.0000    
  10.51       6.711      0.3000       0.6720827       -999.0000        1.577704       -999.0000    
  10.51       7.417      0.3000       0.2944946       -999.0000       0.7042423       -999.0000    
  10.51       8.197      0.3000       0.1135512       -999.0000       0.2781559       -999.0000    
  10.51       9.059      0.3000       0.3707811E-01   -999.0000       0.9370249E-01   -999.0000    
  10.51      0.9106E-01  0.4000        30594.99       -999.0000        43458.59       -999.0000    
  10.51      0.1006      0.4000        26787.38       -999.0000        39912.48       -999.0000    
  10.51      0.1112      0.4000        23410.15       -999.0000        36450.04       -999.0000    
  10.51      0.1229      0.4000        20437.84       -999.0000        33132.20       -999.0000    
  10.51      0.1358      0.4000        17825.68       -999.0000        29986.64       -999.0000    
  10.51      0.1501      0.4000        15519.67       -999.0000        27013.83       -999.0000    
  10.51      0.1659      0.4000        13492.84       -999.0000        24235.11       -999.0000    
  10.51      0.1834      0.4000        11708.89       -999.0000        21649.12       -999.0000    
  10.51      0.2027      0.4000        10146.83       -999.0000        19272.78       -999.0000    
  10.51      0.2240      0.4000        8778.918       -999.0000        17087.28       -999.0000    
  10.51      0.2475      0.4000        7582.289       -999.0000        15092.98       -999.0000    
  10.51      0.2736      0.4000        6530.151       -999.0000        13270.25       -999.0000    
  10.51      0.3023      0.4000        5615.376       -999.0000        11628.21       -999.0000    
  10.51      0.3341      0.4000        4814.815       -999.0000        10143.73       -999.0000    
  10.51      0.3693      0.4000        4116.283       -999.0000        8809.226       -999.0000    
  10.51      0.4081      0.4000        3510.239       -999.0000        7619.399       -999.0000    
  10.51      0.4510      0.4000        2983.636       -999.0000        6559.446       -999.0000    
  10.51      0.4985      0.4000        2526.437       -999.0000        5618.057       -999.0000    
  10.51      0.5509      0.4000        2131.791       -999.0000        4788.581       -999.0000    
  10.51      0.6088      0.4000        1791.309       -999.0000        4059.567       -999.0000    
  10.51      0.6729      0.4000        1497.828       -999.0000        3420.649       -999.0000    
  10.51      0.7436      0.4000        1246.562       -999.0000        2865.440       -999.0000    
  10.51      0.8218      0.4000        1031.557       -999.0000        2384.027       -999.0000    
  10.51      0.9083      0.4000        848.2701       -999.0000        1968.930       -999.0000    
  10.51       1.004      0.4000        692.6899       -999.0000        1613.688       -999.0000    
  10.51       1.109      0.4000        562.2558       -999.0000        1312.847       -999.0000    
  10.51       1.226      0.4000        451.8128       -999.0000        1056.421       -999.0000    
  10.51       1.355      0.4000        359.9134       -999.0000        841.9566       -999.0000    
  10.51       1.497      0.4000        284.0310       -999.0000        664.2358       -999.0000    
  10.51       1.655      0.4000        221.2516       -999.0000        516.8525       -999.0000    
  10.51       1.829      0.4000        170.3164       -999.0000        397.1736       -999.0000    
  10.51       2.021      0.4000        129.2966       -999.0000        300.8273       -999.0000    
  10.51       2.234      0.4000        96.49484       -999.0000        223.8989       -999.0000    
  10.51       2.469      0.4000        70.76025       -999.0000        163.7009       -999.0000    
  10.51       2.729      0.4000        50.82197       -999.0000        117.2194       -999.0000    
  10.51       3.016      0.4000        35.67558       -999.0000        82.05843       -999.0000    
  10.51       3.333      0.4000        24.39080       -999.0000        55.97793       -999.0000    
  10.51       3.683      0.4000        16.17799       -999.0000        37.08080       -999.0000    
  10.51       4.071      0.4000        10.34037       -999.0000        23.70090       -999.0000    
  10.51       4.499      0.4000        6.343427       -999.0000        14.56533       -999.0000    
  10.51       4.972      0.4000        3.703082       -999.0000        8.537633       -999.0000    
  10.51       5.495      0.4000        2.036418       -999.0000        4.727790       -999.0000    
  10.51       6.073      0.4000        1.041915       -999.0000        2.444333       -999.0000    
  10.51       6.711      0.4000       0.4883181       -999.0000        1.162415       -999.0000    
  10.51       7.417      0.4000       0.2046495       -999.0000       0.4967513       -999.0000    
  10.51       8.197      0.4000       0.7447020E-01   -999.0000       0.1854524       -999.0000    
  10.51       9.059      0.4000       0.2248316E-01   -999.0000       0.5788703E-01   -999.0000    
  10.71      0.9106E-01  -.2000        31445.60       -999.0000        43394.74       -999.0000    
  10.71      0.1006      -.2000        27542.63       -999.0000        39940.63       -999.0000    
  10.71      0.1112      -.2000        24080.09       -999.0000        36548.70       -999.0000    
  10.71      0.1229      -.2000        21032.04       -999.0000        33283.26       -999.0000    
  10.71      0.1358      -.2000        18352.60       -999.0000        30175.50       -999.0000    
  10.71      0.1501      -.2000        15986.45       -999.0000        27229.03       -999.0000    
  10.71      0.1659      -.2000        13906.14       -999.0000        24467.17       -999.0000    
  10.71      0.1834      -.2000        12074.58       -999.0000        21890.25       -999.0000    
  10.71      0.2027      -.2000        10470.34       -999.0000        19510.98       -999.0000    
  10.71      0.2240      -.2000        9065.021       -999.0000        17324.34       -999.0000    
  10.71      0.2475      -.2000        7835.213       -999.0000        15325.12       -999.0000    
  10.71      0.2736      -.2000        6753.474       -999.0000        13494.55       -999.0000    
  10.71      0.3023      -.2000        5812.561       -999.0000        11842.66       -999.0000    
  10.71      0.3341      -.2000        4988.752       -999.0000        10346.89       -999.0000    
  10.71      0.3693      -.2000        4269.573       -999.0000        9000.151       -999.0000    
  10.71      0.4081      -.2000        3645.260       -999.0000        7797.568       -999.0000    
  10.71      0.4510      -.2000        3102.416       -999.0000        6724.617       -999.0000    
  10.71      0.4985      -.2000        2630.763       -999.0000        5770.226       -999.0000    
  10.71      0.5509      -.2000        2223.354       -999.0000        4928.015       -999.0000    
  10.71      0.6088      -.2000        1871.592       -999.0000        4186.658       -999.0000    
  10.71      0.6729      -.2000        1568.113       -999.0000        3535.871       -999.0000    
  10.71      0.7436      -.2000        1308.000       -999.0000        2969.373       -999.0000    
  10.71      0.8218      -.2000        1085.109       -999.0000        2477.694       -999.0000    
  10.71      0.9083      -.2000        894.8297       -999.0000        2052.461       -999.0000    
  10.71       1.004      -.2000        733.0489       -999.0000        1687.182       -999.0000    
  10.71       1.109      -.2000        597.1499       -999.0000        1377.693       -999.0000    
  10.71       1.226      -.2000        481.8186       -999.0000        1113.197       -999.0000    
  10.71       1.355      -.2000        385.6133       -999.0000        891.3511       -999.0000    
  10.71       1.497      -.2000        305.9426       -999.0000        706.9104       -999.0000    
  10.71       1.655      -.2000        239.7641       -999.0000        553.3359       -999.0000    
  10.71       1.829      -.2000        185.8460       -999.0000        428.1830       -999.0000    
  10.71       2.021      -.2000        142.2153       -999.0000        326.8386       -999.0000    
  10.71       2.234      -.2000        107.1145       -999.0000        245.4368       -999.0000    
  10.71       2.469      -.2000        79.38538       -999.0000        181.3071       -999.0000    
  10.71       2.729      -.2000        57.71952       -999.0000        131.3820       -999.0000    
  10.71       3.016      -.2000        41.09748       -999.0000        93.25548       -999.0000    
  10.71       3.333      -.2000        28.56887       -999.0000        64.66009       -999.0000    
  10.71       3.683      -.2000        19.32004       -999.0000        43.65343       -999.0000    
  10.71       4.071      -.2000        12.63669       -999.0000        28.53951       -999.0000    
  10.71       4.499      -.2000        7.965361       -999.0000        18.01415       -999.0000    
  10.71       4.972      -.2000        4.803335       -999.0000        10.90217       -999.0000    
  10.71       5.495      -.2000        2.746859       -999.0000        6.274270       -999.0000    
  10.71       6.073      -.2000        1.474136       -999.0000        3.399558       -999.0000    
  10.71       6.711      -.2000       0.7326794       -999.0000        1.712416       -999.0000    
  10.71       7.417      -.2000       0.3306355       -999.0000       0.7866832       -999.0000    
  10.71       8.197      -.2000       0.1323123       -999.0000       0.3222230       -999.0000    
  10.71       9.059      -.2000       0.4534691E-01   -999.0000       0.1137851       -999.0000    
  10.71      0.9106E-01  -.1000        32549.26       -999.0000        44524.61       -999.0000    
  10.71      0.1006      -.1000        28511.67       -999.0000        41006.82       -999.0000    
  10.71      0.1112      -.1000        24929.54       -999.0000        37546.19       -999.0000    
  10.71      0.1229      -.1000        21776.05       -999.0000        34209.85       -999.0000    
  10.71      0.1358      -.1000        19003.75       -999.0000        31031.06       -999.0000    
  10.71      0.1501      -.1000        16555.43       -999.0000        28014.22       -999.0000    
  10.71      0.1659      -.1000        14402.75       -999.0000        25183.71       -999.0000    
  10.71      0.1834      -.1000        12507.39       -999.0000        22540.61       -999.0000    
  10.71      0.2027      -.1000        10847.17       -999.0000        20098.54       -999.0000    
  10.71      0.2240      -.1000        9392.697       -999.0000        17852.79       -999.0000    
  10.71      0.2475      -.1000        8119.764       -999.0000        15798.47       -999.0000    
  10.71      0.2736      -.1000        6999.982       -999.0000        13916.57       -999.0000    
  10.71      0.3023      -.1000        6025.893       -999.0000        12217.57       -999.0000    
  10.71      0.3341      -.1000        5172.953       -999.0000        10678.43       -999.0000    
  10.71      0.3693      -.1000        4428.259       -999.0000        9292.073       -999.0000    
  10.71      0.4081      -.1000        3781.724       -999.0000        8053.632       -999.0000    
  10.71      0.4510      -.1000        3219.493       -999.0000        6948.288       -999.0000    
  10.71      0.4985      -.1000        2730.948       -999.0000        5964.725       -999.0000    
  10.71      0.5509      -.1000        2308.875       -999.0000        5096.448       -999.0000    
  10.71      0.6088      -.1000        1944.368       -999.0000        4331.839       -999.0000    
  10.71      0.6729      -.1000        1629.827       -999.0000        3660.380       -999.0000    
  10.71      0.7436      -.1000        1360.162       -999.0000        3076.238       -999.0000    
  10.71      0.8218      -.1000        1129.021       -999.0000        2567.990       -999.0000    
  10.71      0.9083      -.1000        931.6510       -999.0000        2128.708       -999.0000    
  10.71       1.004      -.1000        763.7803       -999.0000        1751.182       -999.0000    
  10.71       1.109      -.1000        622.7028       -999.0000        1431.143       -999.0000    
  10.71       1.226      -.1000        502.9248       -999.0000        1157.483       -999.0000    
  10.71       1.355      -.1000        402.9463       -999.0000        927.7970       -999.0000    
  10.71       1.497      -.1000        320.0894       -999.0000        736.6930       -999.0000    
  10.71       1.655      -.1000        251.2187       -999.0000        577.5994       -999.0000    
  10.71       1.829      -.1000        195.0532       -999.0000        447.5702       -999.0000    
  10.71       2.021      -.1000        149.5509       -999.0000        342.2660       -999.0000    
  10.71       2.234      -.1000        112.8911       -999.0000        257.5676       -999.0000    
  10.71       2.469      -.1000        83.87830       -999.0000        190.7225       -999.0000    
  10.71       2.729      -.1000        61.17010       -999.0000        138.6141       -999.0000    
  10.71       3.016      -.1000        43.70742       -999.0000        98.72159       -999.0000    
  10.71       3.333      -.1000        30.50745       -999.0000        68.71740       -999.0000    
  10.71       3.683      -.1000        20.72806       -999.0000        46.60455       -999.0000    
  10.71       4.071      -.1000        13.63239       -999.0000        30.63467       -999.0000    
  10.71       4.499      -.1000        8.650284       -999.0000        19.46267       -999.0000    
  10.71       4.972      -.1000        5.257024       -999.0000        11.86947       -999.0000    
  10.71       5.495      -.1000        3.034017       -999.0000        6.893024       -999.0000    
  10.71       6.073      -.1000        1.646527       -999.0000        3.776043       -999.0000    
  10.71       6.711      -.1000       0.8296236       -999.0000        1.927766       -999.0000    
  10.71       7.417      -.1000       0.3808438       -999.0000       0.9005520       -999.0000    
  10.71       8.197      -.1000       0.1557371       -999.0000       0.3767209       -999.0000    
  10.71       9.059      -.1000       0.5491894E-01   -999.0000       0.1367664       -999.0000    
  10.71      0.9106E-01   0.000        32906.79       -999.0000        44884.22       -999.0000    
  10.71      0.1006       0.000        28825.50       -999.0000        41347.17       -999.0000    
  10.71      0.1112       0.000        25204.65       -999.0000        37865.11       -999.0000    
  10.71      0.1229       0.000        22017.05       -999.0000        34506.27       -999.0000    
  10.71      0.1358       0.000        19214.71       -999.0000        31304.78       -999.0000    
  10.71      0.1501       0.000        16739.83       -999.0000        28265.41       -999.0000    
  10.71      0.1659       0.000        14563.76       -999.0000        25413.01       -999.0000    
  10.71      0.1834       0.000        12647.73       -999.0000        22748.88       -999.0000    
  10.71      0.2027       0.000        10969.35       -999.0000        20286.86       -999.0000    
  10.71      0.2240       0.000        9498.945       -999.0000        18022.32       -999.0000    
  10.71      0.2475       0.000        8212.036       -999.0000        15950.42       -999.0000    
  10.71      0.2736       0.000        7079.941       -999.0000        14052.10       -999.0000    
  10.71      0.3023       0.000        6095.111       -999.0000        12338.01       -999.0000    
  10.71      0.3341       0.000        5232.734       -999.0000        10785.00       -999.0000    
  10.71      0.3693       0.000        4479.772       -999.0000        9385.954       -999.0000    
  10.71      0.4081       0.000        3826.033       -999.0000        8136.027       -999.0000    
  10.71      0.4510       0.000        3257.524       -999.0000        7020.297       -999.0000    
  10.71      0.4985       0.000        2763.501       -999.0000        6027.364       -999.0000    
  10.71      0.5509       0.000        2336.660       -999.0000        5150.704       -999.0000    
  10.71      0.6088       0.000        1968.008       -999.0000        4379.512       -999.0000    
  10.71      0.6729       0.000        1649.879       -999.0000        3701.282       -999.0000    
  10.71      0.7436       0.000        1377.133       -999.0000        3110.608       -999.0000    
  10.71      0.8218       0.000        1143.339       -999.0000        2597.209       -999.0000    
  10.71      0.9083       0.000        943.6674       -999.0000        2153.393       -999.0000    
  10.71       1.004       0.000        773.8186       -999.0000        1771.919       -999.0000    
  10.71       1.109       0.000        631.0573       -999.0000        1448.483       -999.0000    
  10.71       1.226       0.000        509.8200       -999.0000        1171.856       -999.0000    
  10.71       1.355       0.000        408.6171       -999.0000        939.6393       -999.0000    
  10.71       1.497       0.000        324.7325       -999.0000        746.5976       -999.0000    
  10.71       1.655       0.000        254.9855       -999.0000        585.4847       -999.0000    
  10.71       1.829       0.000        198.0844       -999.0000        453.9137       -999.0000    
  10.71       2.021       0.000        151.9704       -999.0000        347.3243       -999.0000    
  10.71       2.234       0.000        114.8010       -999.0000        261.5551       -999.0000    
  10.71       2.469       0.000        85.37363       -999.0000        193.8458       -999.0000    
  10.71       2.729       0.000        62.32328       -999.0000        141.0120       -999.0000    
  10.71       3.016       0.000        44.58013       -999.0000        100.5370       -999.0000    
  10.71       3.333       0.000        31.15663       -999.0000        70.06944       -999.0000    
  10.71       3.683       0.000        21.20431       -999.0000        47.59684       -999.0000    
  10.71       4.071       0.000        13.97139       -999.0000        31.34322       -999.0000    
  10.71       4.499       0.000        8.883744       -999.0000        19.95405       -999.0000    
  10.71       4.972       0.000        5.412674       -999.0000        12.19993       -999.0000    
  10.71       5.495       0.000        3.133914       -999.0000        7.107031       -999.0000    
  10.71       6.073       0.000        1.706884       -999.0000        3.907173       -999.0000    
  10.71       6.711       0.000       0.8639009       -999.0000        2.003538       -999.0000    
  10.71       7.417       0.000       0.3987302       -999.0000       0.9409741       -999.0000    
  10.71       8.197       0.000       0.1642117       -999.0000       0.3963643       -999.0000    
  10.71       9.059       0.000       0.5844133E-01   -999.0000       0.1451962       -999.0000    
  10.71      0.9106E-01  0.1000        32549.26       -999.0000        44519.97       -999.0000    
  10.71      0.1006      0.1000        28511.67       -999.0000        41002.84       -999.0000    
  10.71      0.1112      0.1000        24929.54       -999.0000        37542.83       -999.0000    
  10.71      0.1229      0.1000        21776.05       -999.0000        34206.89       -999.0000    
  10.71      0.1358      0.1000        19003.75       -999.0000        31028.36       -999.0000    
  10.71      0.1501      0.1000        16555.43       -999.0000        28011.72       -999.0000    
  10.71      0.1659      0.1000        14402.75       -999.0000        25181.44       -999.0000    
  10.71      0.1834      0.1000        12507.39       -999.0000        22538.60       -999.0000    
  10.71      0.2027      0.1000        10847.17       -999.0000        20096.82       -999.0000    
  10.71      0.2240      0.1000        9392.697       -999.0000        17851.32       -999.0000    
  10.71      0.2475      0.1000        8119.764       -999.0000        15797.19       -999.0000    
  10.71      0.2736      0.1000        6999.982       -999.0000        13915.43       -999.0000    
  10.71      0.3023      0.1000        6025.893       -999.0000        12216.57       -999.0000    
  10.71      0.3341      0.1000        5172.953       -999.0000        10677.58       -999.0000    
  10.71      0.3693      0.1000        4428.259       -999.0000        9291.335       -999.0000    
  10.71      0.4081      0.1000        3781.724       -999.0000        8052.989       -999.0000    
  10.71      0.4510      0.1000        3219.493       -999.0000        6947.728       -999.0000    
  10.71      0.4985      0.1000        2730.948       -999.0000        5965.552       -999.0000    
  10.71      0.5509      0.1000        2308.875       -999.0000        5097.154       -999.0000    
  10.71      0.6088      0.1000        1944.368       -999.0000        4332.441       -999.0000    
  10.71      0.6729      0.1000        1629.827       -999.0000        3660.891       -999.0000    
  10.71      0.7436      0.1000        1360.162       -999.0000        3076.096       -999.0000    
  10.71      0.8218      0.1000        1129.021       -999.0000        2567.880       -999.0000    
  10.71      0.9083      0.1000        931.6510       -999.0000        2128.614       -999.0000    
  10.71       1.004      0.1000        763.7803       -999.0000        1751.100       -999.0000    
  10.71       1.109      0.1000        622.7028       -999.0000        1431.073       -999.0000    
  10.71       1.226      0.1000        502.9248       -999.0000        1157.425       -999.0000    
  10.71       1.355      0.1000        402.9463       -999.0000        928.0163       -999.0000    
  10.71       1.497      0.1000        320.0894       -999.0000        736.8735       -999.0000    
  10.71       1.655      0.1000        251.2187       -999.0000        577.5970       -999.0000    
  10.71       1.829      0.1000        195.0532       -999.0000        447.5696       -999.0000    
  10.71       2.021      0.1000        149.5509       -999.0000        342.2654       -999.0000    
  10.71       2.234      0.1000        112.8911       -999.0000        257.5705       -999.0000    
  10.71       2.469      0.1000        83.87830       -999.0000        190.7312       -999.0000    
  10.71       2.729      0.1000        61.17010       -999.0000        138.6142       -999.0000    
  10.71       3.016      0.1000        43.70742       -999.0000        98.72153       -999.0000    
  10.71       3.333      0.1000        30.50745       -999.0000        68.71619       -999.0000    
  10.71       3.683      0.1000        20.72806       -999.0000        46.60439       -999.0000    
  10.71       4.071      0.1000        13.63239       -999.0000        30.63452       -999.0000    
  10.71       4.499      0.1000        8.650284       -999.0000        19.46350       -999.0000    
  10.71       4.972      0.1000        5.257024       -999.0000        11.86968       -999.0000    
  10.71       5.495      0.1000        3.034017       -999.0000        6.893174       -999.0000    
  10.71       6.073      0.1000        1.646527       -999.0000        3.776088       -999.0000    
  10.71       6.711      0.1000       0.8296236       -999.0000        1.927839       -999.0000    
  10.71       7.417      0.1000       0.3808438       -999.0000       0.9005872       -999.0000    
  10.71       8.197      0.1000       0.1557371       -999.0000       0.3767336       -999.0000    
  10.71       9.059      0.1000       0.5491894E-01   -999.0000       0.1367740       -999.0000    
  10.71      0.9106E-01  0.2000        31445.60       -999.0000        43385.61       -999.0000    
  10.71      0.1006      0.2000        27542.63       -999.0000        39932.49       -999.0000    
  10.71      0.1112      0.2000        24080.09       -999.0000        36541.49       -999.0000    
  10.71      0.1229      0.2000        21032.04       -999.0000        33276.84       -999.0000    
  10.71      0.1358      0.2000        18352.60       -999.0000        30170.00       -999.0000    
  10.71      0.1501      0.2000        15986.45       -999.0000        27224.37       -999.0000    
  10.71      0.1659      0.2000        13906.14       -999.0000        24463.10       -999.0000    
  10.71      0.1834      0.2000        12074.58       -999.0000        21886.67       -999.0000    
  10.71      0.2027      0.2000        10470.34       -999.0000        19507.80       -999.0000    
  10.71      0.2240      0.2000        9065.021       -999.0000        17321.46       -999.0000    
  10.71      0.2475      0.2000        7835.213       -999.0000        15322.56       -999.0000    
  10.71      0.2736      0.2000        6753.474       -999.0000        13492.33       -999.0000    
  10.71      0.3023      0.2000        5812.561       -999.0000        11840.73       -999.0000    
  10.71      0.3341      0.2000        4988.752       -999.0000        10345.17       -999.0000    
  10.71      0.3693      0.2000        4269.573       -999.0000        8998.627       -999.0000    
  10.71      0.4081      0.2000        3645.260       -999.0000        7798.107       -999.0000    
  10.71      0.4510      0.2000        3102.416       -999.0000        6725.110       -999.0000    
  10.71      0.4985      0.2000        2630.763       -999.0000        5770.692       -999.0000    
  10.71      0.5509      0.2000        2223.354       -999.0000        4928.430       -999.0000    
  10.71      0.6088      0.2000        1871.592       -999.0000        4187.005       -999.0000    
  10.71      0.6729      0.2000        1568.113       -999.0000        3536.160       -999.0000    
  10.71      0.7436      0.2000        1308.000       -999.0000        2969.620       -999.0000    
  10.71      0.8218      0.2000        1085.109       -999.0000        2477.467       -999.0000    
  10.71      0.9083      0.2000        894.8297       -999.0000        2052.270       -999.0000    
  10.71       1.004      0.2000        733.0489       -999.0000        1687.023       -999.0000    
  10.71       1.109      0.2000        597.1499       -999.0000        1377.559       -999.0000    
  10.71       1.226      0.2000        481.8186       -999.0000        1113.427       -999.0000    
  10.71       1.355      0.2000        385.6133       -999.0000        891.5401       -999.0000    
  10.71       1.497      0.2000        305.9426       -999.0000        707.0613       -999.0000    
  10.71       1.655      0.2000        239.7641       -999.0000        553.4588       -999.0000    
  10.71       1.829      0.2000        185.8460       -999.0000        428.1819       -999.0000    
  10.71       2.021      0.2000        142.2153       -999.0000        326.8386       -999.0000    
  10.71       2.234      0.2000        107.1145       -999.0000        245.4398       -999.0000    
  10.71       2.469      0.2000        79.38538       -999.0000        181.3084       -999.0000    
  10.71       2.729      0.2000        57.71952       -999.0000        131.3877       -999.0000    
  10.71       3.016      0.2000        41.09748       -999.0000        93.25757       -999.0000    
  10.71       3.333      0.2000        28.56887       -999.0000        64.65906       -999.0000    
  10.71       3.683      0.2000        19.32004       -999.0000        43.65231       -999.0000    
  10.71       4.071      0.2000        12.63669       -999.0000        28.53963       -999.0000    
  10.71       4.499      0.2000        7.965361       -999.0000        18.01496       -999.0000    
  10.71       4.972      0.2000        4.803335       -999.0000        10.90252       -999.0000    
  10.71       5.495      0.2000        2.746859       -999.0000        6.274455       -999.0000    
  10.71       6.073      0.2000        1.474136       -999.0000        3.399624       -999.0000    
  10.71       6.711      0.2000       0.7326794       -999.0000        1.712494       -999.0000    
  10.71       7.417      0.2000       0.3306355       -999.0000       0.7867177       -999.0000    
  10.71       8.197      0.2000       0.1323123       -999.0000       0.3222352       -999.0000    
  10.71       9.059      0.2000       0.4534691E-01   -999.0000       0.1137911       -999.0000    
  10.71      0.9106E-01  0.3000        29520.67       -999.0000        41358.82       -999.0000    
  10.71      0.1006      0.3000        25852.71       -999.0000        38024.04       -999.0000    
  10.71      0.1112      0.3000        22598.97       -999.0000        34759.30       -999.0000    
  10.71      0.1229      0.3000        19734.98       -999.0000        31624.08       -999.0000    
  10.71      0.1358      0.3000        17217.63       -999.0000        28646.51       -999.0000    
  10.71      0.1501      0.3000        14994.87       -999.0000        25828.40       -999.0000    
  10.71      0.1659      0.3000        13040.84       -999.0000        23190.77       -999.0000    
  10.71      0.1834      0.3000        11320.65       -999.0000        20733.07       -999.0000    
  10.71      0.2027      0.3000        9814.137       -999.0000        18466.57       -999.0000    
  10.71      0.2240      0.3000        8494.575       -999.0000        16385.76       -999.0000    
  10.71      0.2475      0.3000        7339.952       -999.0000        14485.21       -999.0000    
  10.71      0.2736      0.3000        6324.484       -999.0000        12746.56       -999.0000    
  10.71      0.3023      0.3000        5441.405       -999.0000        11181.74       -999.0000    
  10.71      0.3341      0.3000        4668.391       -999.0000        9762.811       -999.0000    
  10.71      0.3693      0.3000        3993.688       -999.0000        8486.219       -999.0000    
  10.71      0.4081      0.3000        3408.110       -999.0000        7347.105       -999.0000    
  10.71      0.4510      0.3000        2899.079       -999.0000        6331.505       -999.0000    
  10.71      0.4985      0.3000        2456.943       -999.0000        5428.750       -999.0000    
  10.71      0.5509      0.3000        2075.130       -999.0000        4632.632       -999.0000    
  10.71      0.6088      0.3000        1745.564       -999.0000        3932.306       -999.0000    
  10.71      0.6729      0.3000        1461.346       -999.0000        3317.963       -999.0000    
  10.71      0.7436      0.3000        1217.849       -999.0000        2783.581       -999.0000    
  10.71      0.8218      0.3000        1009.307       -999.0000        2319.718       -999.0000    
  10.71      0.9083      0.3000        831.3756       -999.0000        1919.283       -999.0000    
  10.71       1.004      0.3000        680.1853       -999.0000        1575.604       -999.0000    
  10.71       1.109      0.3000        553.2636       -999.0000        1285.088       -999.0000    
  10.71       1.226      0.3000        445.6580       -999.0000        1036.647       -999.0000    
  10.71       1.355      0.3000        355.9923       -999.0000        828.5093       -999.0000    
  10.71       1.497      0.3000        281.8259       -999.0000        655.6863       -999.0000    
  10.71       1.655      0.3000        220.3159       -999.0000        512.0129       -999.0000    
  10.71       1.829      0.3000        170.2878       -999.0000        395.0373       -999.0000    
  10.71       2.021      0.3000        129.8788       -999.0000        300.5896       -999.0000    
  10.71       2.234      0.3000        97.44917       -999.0000        224.9018       -999.0000    
  10.71       2.469      0.3000        71.90450       -999.0000        165.4378       -999.0000    
  10.71       2.729      0.3000        52.01350       -999.0000        119.2984       -999.0000    
  10.71       3.016      0.3000        36.81762       -999.0000        84.19669       -999.0000    
  10.71       3.333      0.3000        25.41640       -999.0000        57.98522       -999.0000    
  10.71       3.683      0.3000        17.05122       -999.0000        38.84228       -999.0000    
  10.71       4.071      0.3000        11.04656       -999.0000        25.15980       -999.0000    
  10.71       4.499      0.3000        6.886007       -999.0000        15.70789       -999.0000    
  10.71       4.972      0.3000        4.097830       -999.0000        9.383682       -999.0000    
  10.71       5.495      0.3000        2.306129       -999.0000        5.315418       -999.0000    
  10.71       6.073      0.3000        1.213806       -999.0000        2.825803       -999.0000    
  10.71       6.711      0.3000       0.5891319       -999.0000        1.390681       -999.0000    
  10.71       7.417      0.3000       0.2579778       -999.0000       0.6203471       -999.0000    
  10.71       8.197      0.3000       0.9934919E-01   -999.0000       0.2447620       -999.0000    
  10.71       9.059      0.3000       0.3235689E-01   -999.0000       0.8225428E-01   -999.0000    
  10.71      0.9106E-01  0.4000        26699.63       -999.0000        38269.05       -999.0000    
  10.71      0.1006      0.4000        23376.54       -999.0000        35125.14       -999.0000    
  10.71      0.1112      0.4000        20429.20       -999.0000        32060.49       -999.0000    
  10.71      0.1229      0.4000        17835.40       -999.0000        29127.63       -999.0000    
  10.71      0.1358      0.4000        15555.92       -999.0000        26350.63       -999.0000    
  10.71      0.1501      0.4000        13543.50       -999.0000        23729.25       -999.0000    
  10.71      0.1659      0.4000        11774.65       -999.0000        21281.36       -999.0000    
  10.71      0.1834      0.4000        10217.77       -999.0000        19004.92       -999.0000    
  10.71      0.2027      0.4000        8854.572       -999.0000        16909.21       -999.0000    
  10.71      0.2240      0.4000        7660.817       -999.0000        14992.62       -999.0000    
  10.71      0.2475      0.4000        6616.542       -999.0000        13239.97       -999.0000    
  10.71      0.2736      0.4000        5698.366       -999.0000        11638.79       -999.0000    
  10.71      0.3023      0.4000        4900.065       -999.0000        10196.89       -999.0000    
  10.71      0.3341      0.4000        4201.438       -999.0000        8893.781       -999.0000    
  10.71      0.3693      0.4000        3591.867       -999.0000        7722.678       -999.0000    
  10.71      0.4081      0.4000        3063.020       -999.0000        6678.810       -999.0000    
  10.71      0.4510      0.4000        2603.485       -999.0000        5749.114       -999.0000    
  10.71      0.4985      0.4000        2204.498       -999.0000        4923.580       -999.0000    
  10.71      0.5509      0.4000        1860.089       -999.0000        4196.316       -999.0000    
  10.71      0.6088      0.4000        1562.942       -999.0000        3557.229       -999.0000    
  10.71      0.6729      0.4000        1306.853       -999.0000        2997.210       -999.0000    
  10.71      0.7436      0.4000        1087.628       -999.0000        2510.632       -999.0000    
  10.71      0.8218      0.4000        900.0055       -999.0000        2088.755       -999.0000    
  10.71      0.9083      0.4000        740.0633       -999.0000        1725.021       -999.0000    
  10.71       1.004      0.4000        604.3106       -999.0000        1413.758       -999.0000    
  10.71       1.109      0.4000        490.4962       -999.0000        1150.174       -999.0000    
  10.71       1.226      0.4000        394.1167       -999.0000        925.4969       -999.0000    
  10.71       1.355      0.4000        313.9161       -999.0000        737.5816       -999.0000    
  10.71       1.497      0.4000        247.7233       -999.0000        581.8999       -999.0000    
  10.71       1.655      0.4000        192.9470       -999.0000        452.7718       -999.0000    
  10.71       1.829      0.4000        148.5034       -999.0000        347.9049       -999.0000    
  10.71       2.021      0.4000        112.7192       -999.0000        263.4981       -999.0000    
  10.71       2.234      0.4000        84.10779       -999.0000        196.1004       -999.0000    
  10.71       2.469      0.4000        61.66264       -999.0000        143.3601       -999.0000    
  10.71       2.729      0.4000        44.27562       -999.0000        102.6380       -999.0000    
  10.71       3.016      0.4000        31.07126       -999.0000        71.83816       -999.0000    
  10.71       3.333      0.4000        21.23634       -999.0000        48.99569       -999.0000    
  10.71       3.683      0.4000        14.08078       -999.0000        32.44696       -999.0000    
  10.71       4.071      0.4000        8.997038       -999.0000        20.73530       -999.0000    
  10.71       4.499      0.4000        5.517441       -999.0000        12.73998       -999.0000    
  10.71       4.972      0.4000        3.219575       -999.0000        7.465228       -999.0000    
  10.71       5.495      0.4000        1.769645       -999.0000        4.132160       -999.0000    
  10.71       6.073      0.4000       0.9047255       -999.0000        2.134868       -999.0000    
  10.71       6.711      0.4000       0.4235897       -999.0000        1.014200       -999.0000    
  10.71       7.417      0.4000       0.1772358       -999.0000       0.4327731       -999.0000    
  10.71       8.197      0.4000       0.6431621E-01   -999.0000       0.1611573       -999.0000    
  10.71       9.059      0.4000       0.1932733E-01   -999.0000       0.5008053E-01   -999.0000    
  10.91      0.9106E-01  -.2000        27612.11       -999.0000        38402.16       -999.0000    
  10.91      0.1006      -.2000        24185.17       -999.0000        35326.33       -999.0000    
  10.91      0.1112      -.2000        21144.92       -999.0000        32311.06       -999.0000    
  10.91      0.1229      -.2000        18468.60       -999.0000        29412.09       -999.0000    
  10.91      0.1358      -.2000        16115.95       -999.0000        26656.31       -999.0000    
  10.91      0.1501      -.2000        14038.37       -999.0000        24046.03       -999.0000    
  10.91      0.1659      -.2000        12211.75       -999.0000        21601.18       -999.0000    
  10.91      0.1834      -.2000        10603.53       -999.0000        19321.52       -999.0000    
  10.91      0.2027      -.2000        9194.893       -999.0000        17217.93       -999.0000    
  10.91      0.2240      -.2000        7960.900       -999.0000        15285.52       -999.0000    
  10.91      0.2475      -.2000        6881.016       -999.0000        13519.44       -999.0000    
  10.91      0.2736      -.2000        5931.149       -999.0000        11902.96       -999.0000    
  10.91      0.3023      -.2000        5104.934       -999.0000        10444.75       -999.0000    
  10.91      0.3341      -.2000        4381.534       -999.0000        9124.710       -999.0000    
  10.91      0.3693      -.2000        3749.993       -999.0000        7936.472       -999.0000    
  10.91      0.4081      -.2000        3201.739       -999.0000        6875.625       -999.0000    
  10.91      0.4510      -.2000        2725.012       -999.0000        5929.293       -999.0000    
  10.91      0.4985      -.2000        2310.830       -999.0000        5087.686       -999.0000    
  10.91      0.5509      -.2000        1953.060       -999.0000        4345.089       -999.0000    
  10.91      0.6088      -.2000        1644.130       -999.0000        3691.470       -999.0000    
  10.91      0.6729      -.2000        1377.595       -999.0000        3117.737       -999.0000    
  10.91      0.7436      -.2000        1149.143       -999.0000        2618.348       -999.0000    
  10.91      0.8218      -.2000        953.3747       -999.0000        2184.542       -999.0000    
  10.91      0.9083      -.2000        786.2417       -999.0000        1810.075       -999.0000    
  10.91       1.004      -.2000        644.1338       -999.0000        1488.077       -999.0000    
  10.91       1.109      -.2000        524.7524       -999.0000        1215.242       -999.0000    
  10.91       1.226      -.2000        423.4366       -999.0000        982.0615       -999.0000    
  10.91       1.355      -.2000        338.9144       -999.0000        786.4623       -999.0000    
  10.91       1.497      -.2000        268.9093       -999.0000        623.8183       -999.0000    
  10.91       1.655      -.2000        210.7556       -999.0000        488.3742       -999.0000    
  10.91       1.829      -.2000        163.3776       -999.0000        377.9878       -999.0000    
  10.91       2.021      -.2000        125.0314       -999.0000        288.5783       -999.0000    
  10.91       2.234      -.2000        94.18094       -999.0000        216.7519       -999.0000    
  10.91       2.469      -.2000        69.80678       -999.0000        160.1513       -999.0000    
  10.91       2.729      -.2000        50.75828       -999.0000        116.0739       -999.0000    
  10.91       3.016      -.2000        36.14658       -999.0000        82.41194       -999.0000    
  10.91       3.333      -.2000        25.13139       -999.0000        57.15696       -999.0000    
  10.91       3.683      -.2000        16.99807       -999.0000        38.59811       -999.0000    
  10.91       4.071      -.2000        11.12049       -999.0000        25.24246       -999.0000    
  10.91       4.499      -.2000        7.011735       -999.0000        15.93903       -999.0000    
  10.91       4.972      -.2000        4.229710       -999.0000        9.650160       -999.0000    
  10.91       5.495      -.2000        2.419703       -999.0000        5.556048       -999.0000    
  10.91       6.073      -.2000        1.299033       -999.0000        3.011590       -999.0000    
  10.91       6.711      -.2000       0.6458124       -999.0000        1.517572       -999.0000    
  10.91       7.417      -.2000       0.2914275       -999.0000       0.6971090       -999.0000    
  10.91       8.197      -.2000       0.1165481       -999.0000       0.2854123       -999.0000    
  10.91       9.059      -.2000       0.3987686E-01   -999.0000       0.1006273       -999.0000    
  10.91      0.9106E-01  -.1000        28611.19       -999.0000        39430.05       -999.0000    
  10.91      0.1006      -.1000        25062.47       -999.0000        36295.96       -999.0000    
  10.91      0.1112      -.1000        21914.02       -999.0000        33218.09       -999.0000    
  10.91      0.1229      -.1000        19142.27       -999.0000        30254.69       -999.0000    
  10.91      0.1358      -.1000        16705.53       -999.0000        27434.26       -999.0000    
  10.91      0.1501      -.1000        14553.59       -999.0000        24759.78       -999.0000    
  10.91      0.1659      -.1000        12661.49       -999.0000        22252.34       -999.0000    
  10.91      0.1834      -.1000        10995.53       -999.0000        19912.45       -999.0000    
  10.91      0.2027      -.1000        9536.217       -999.0000        17751.74       -999.0000    
  10.91      0.2240      -.1000        8257.732       -999.0000        15765.66       -999.0000    
  10.91      0.2475      -.1000        7138.803       -999.0000        13949.58       -999.0000    
  10.91      0.2736      -.1000        6154.497       -999.0000        12286.48       -999.0000    
  10.91      0.3023      -.1000        5298.240       -999.0000        10785.45       -999.0000    
  10.91      0.3341      -.1000        4548.460       -999.0000        9426.023       -999.0000    
  10.91      0.3693      -.1000        3893.820       -999.0000        8201.816       -999.0000    
  10.91      0.4081      -.1000        3325.450       -999.0000        7108.420       -999.0000    
  10.91      0.4510      -.1000        2831.188       -999.0000        6132.690       -999.0000    
  10.91      0.4985      -.1000        2401.700       -999.0000        5264.586       -999.0000    
  10.91      0.5509      -.1000        2030.627       -999.0000        4498.303       -999.0000    
  10.91      0.6088      -.1000        1710.147       -999.0000        3823.555       -999.0000    
  10.91      0.6729      -.1000        1433.583       -999.0000        3231.047       -999.0000    
  10.91      0.7436      -.1000        1196.471       -999.0000        2715.609       -999.0000    
  10.91      0.8218      -.1000        993.2342       -999.0000        2267.153       -999.0000    
  10.91      0.9083      -.1000        819.6728       -999.0000        1879.535       -999.0000    
  10.91       1.004      -.1000        672.0376       -999.0000        1546.394       -999.0000    
  10.91       1.109      -.1000        547.9653       -999.0000        1263.971       -999.0000    
  10.91       1.226      -.1000        442.6109       -999.0000        1022.449       -999.0000    
  10.91       1.355      -.1000        354.6608       -999.0000        819.7076       -999.0000    
  10.91       1.497      -.1000        281.7679       -999.0000        651.0037       -999.0000    
  10.91       1.655      -.1000        221.1739       -999.0000        510.5326       -999.0000    
  10.91       1.829      -.1000        171.7499       -999.0000        395.6986       -999.0000    
  10.91       2.021      -.1000        131.7051       -999.0000        302.6810       -999.0000    
  10.91       2.234      -.1000        99.43305       -999.0000        227.8380       -999.0000    
  10.91       2.469      -.1000        73.89531       -999.0000        168.7707       -999.0000    
  10.91       2.729      -.1000        53.90032       -999.0000        122.6953       -999.0000    
  10.91       3.016      -.1000        38.52262       -999.0000        87.41545       -999.0000    
  10.91       3.333      -.1000        26.89577       -999.0000        60.87130       -999.0000    
  10.91       3.683      -.1000        18.27979       -999.0000        41.30129       -999.0000    
  10.91       4.071      -.1000        12.02731       -999.0000        27.16165       -999.0000    
  10.91       4.499      -.1000        7.635033       -999.0000        17.26519       -999.0000    
  10.91       4.972      -.1000        4.642926       -999.0000        10.53634       -999.0000    
  10.91       5.495      -.1000        2.681197       -999.0000        6.122748       -999.0000    
  10.91       6.073      -.1000        1.455952       -999.0000        3.356338       -999.0000    
  10.91       6.711      -.1000       0.7340037       -999.0000        1.714517       -999.0000    
  10.91       7.417      -.1000       0.3370561       -999.0000       0.8012675       -999.0000    
  10.91       8.197      -.1000       0.1378177       -999.0000       0.3351963       -999.0000    
  10.91       9.059      -.1000       0.4855055E-01   -999.0000       0.1215766       -999.0000    
  10.91      0.9106E-01   0.000        28934.04       -999.0000        39756.59       -999.0000    
  10.91      0.1006       0.000        25345.95       -999.0000        36604.57       -999.0000    
  10.91      0.1112       0.000        22162.57       -999.0000        33506.99       -999.0000    
  10.91      0.1229       0.000        19360.03       -999.0000        30523.14       -999.0000    
  10.91      0.1358       0.000        16896.19       -999.0000        27682.12       -999.0000    
  10.91      0.1501       0.000        14720.25       -999.0000        24987.26       -999.0000    
  10.91      0.1659       0.000        12807.00       -999.0000        22460.04       -999.0000    
  10.91      0.1834       0.000        11122.36       -999.0000        20101.15       -999.0000    
  10.91      0.2027       0.000        9646.652       -999.0000        17922.38       -999.0000    
  10.91      0.2240       0.000        8353.780       -999.0000        15919.26       -999.0000    
  10.91      0.2475       0.000        7222.239       -999.0000        14087.25       -999.0000    
  10.91      0.2736       0.000        6226.808       -999.0000        12409.30       -999.0000    
  10.91      0.3023       0.000        5360.844       -999.0000        10894.63       -999.0000    
  10.91      0.3341       0.000        4602.533       -999.0000        9522.646       -999.0000    
  10.91      0.3693       0.000        3940.421       -999.0000        8286.945       -999.0000    
  10.91      0.4081       0.000        3365.552       -999.0000        7183.158       -999.0000    
  10.91      0.4510       0.000        2865.613       -999.0000        6198.012       -999.0000    
  10.91      0.4985       0.000        2431.159       -999.0000        5321.412       -999.0000    
  10.91      0.5509       0.000        2055.771       -999.0000        4547.534       -999.0000    
  10.91      0.6088       0.000        1731.553       -999.0000        3866.812       -999.0000    
  10.91      0.6729       0.000        1451.759       -999.0000        3268.186       -999.0000    
  10.91      0.7436       0.000        1211.863       -999.0000        2746.846       -999.0000    
  10.91      0.8218       0.000        1006.212       -999.0000        2293.705       -999.0000    
  10.91      0.9083       0.000        830.5664       -999.0000        1901.979       -999.0000    
  10.91       1.004       0.000        681.1447       -999.0000        1565.265       -999.0000    
  10.91       1.109       0.000        555.5351       -999.0000        1279.748       -999.0000    
  10.91       1.226       0.000        448.8662       -999.0000        1035.534       -999.0000    
  10.91       1.355       0.000        359.8113       -999.0000        830.5025       -999.0000    
  10.91       1.497       0.000        285.9870       -999.0000        660.0297       -999.0000    
  10.91       1.655       0.000        224.5941       -999.0000        517.7244       -999.0000    
  10.91       1.829       0.000        174.5049       -999.0000        401.4894       -999.0000    
  10.91       2.021       0.000        133.9033       -999.0000        307.2986       -999.0000    
  10.91       2.234       0.000        101.1722       -999.0000        231.4858       -999.0000    
  10.91       2.469       0.000        75.25645       -999.0000        171.6215       -999.0000    
  10.91       2.729       0.000        54.94955       -999.0000        124.8889       -999.0000    
  10.91       3.016       0.000        39.31670       -999.0000        89.07717       -999.0000    
  10.91       3.333       0.000        27.48692       -999.0000        62.10959       -999.0000    
  10.91       3.683       0.000        18.71382       -999.0000        42.20995       -999.0000    
  10.91       4.071       0.000        12.33655       -999.0000        27.81183       -999.0000    
  10.91       4.499       0.000        7.847637       -999.0000        17.71529       -999.0000    
  10.91       4.972       0.000        4.784688       -999.0000        10.83903       -999.0000    
  10.91       5.495       0.000        2.772008       -999.0000        6.318626       -999.0000    
  10.91       6.073       0.000        1.511027       -999.0000        3.476696       -999.0000    
  10.91       6.711       0.000       0.7652626       -999.0000        1.784029       -999.0000    
  10.91       7.417       0.000       0.3533705       -999.0000       0.8383146       -999.0000    
  10.91       8.197       0.000       0.1455252       -999.0000       0.3531387       -999.0000    
  10.91       9.059       0.000       0.5174265E-01   -999.0000       0.1292577       -999.0000    
  10.91      0.9106E-01  0.1000        28611.19       -999.0000        39426.19       -999.0000    
  10.91      0.1006      0.1000        25062.47       -999.0000        36292.62       -999.0000    
  10.91      0.1112      0.1000        21914.02       -999.0000        33215.15       -999.0000    
  10.91      0.1229      0.1000        19142.27       -999.0000        30252.01       -999.0000    
  10.91      0.1358      0.1000        16705.53       -999.0000        27431.74       -999.0000    
  10.91      0.1501      0.1000        14553.59       -999.0000        24757.50       -999.0000    
  10.91      0.1659      0.1000        12661.49       -999.0000        22250.35       -999.0000    
  10.91      0.1834      0.1000        10995.53       -999.0000        19910.75       -999.0000    
  10.91      0.2027      0.1000        9536.217       -999.0000        17750.25       -999.0000    
  10.91      0.2240      0.1000        8257.732       -999.0000        15764.36       -999.0000    
  10.91      0.2475      0.1000        7138.803       -999.0000        13948.43       -999.0000    
  10.91      0.2736      0.1000        6154.497       -999.0000        12285.48       -999.0000    
  10.91      0.3023      0.1000        5298.240       -999.0000        10784.60       -999.0000    
  10.91      0.3341      0.1000        4548.460       -999.0000        9425.292       -999.0000    
  10.91      0.3693      0.1000        3893.820       -999.0000        8201.167       -999.0000    
  10.91      0.4081      0.1000        3325.450       -999.0000        7107.851       -999.0000    
  10.91      0.4510      0.1000        2831.188       -999.0000        6132.193       -999.0000    
  10.91      0.4985      0.1000        2401.700       -999.0000        5265.301       -999.0000    
  10.91      0.5509      0.1000        2030.627       -999.0000        4498.914       -999.0000    
  10.91      0.6088      0.1000        1710.147       -999.0000        3824.080       -999.0000    
  10.91      0.6729      0.1000        1433.583       -999.0000        3231.497       -999.0000    
  10.91      0.7436      0.1000        1196.471       -999.0000        2715.493       -999.0000    
  10.91      0.8218      0.1000        993.2342       -999.0000        2267.057       -999.0000    
  10.91      0.9083      0.1000        819.6728       -999.0000        1879.451       -999.0000    
  10.91       1.004      0.1000        672.0376       -999.0000        1546.321       -999.0000    
  10.91       1.109      0.1000        547.9653       -999.0000        1263.910       -999.0000    
  10.91       1.226      0.1000        442.6109       -999.0000        1022.398       -999.0000    
  10.91       1.355      0.1000        354.6608       -999.0000        819.9002       -999.0000    
  10.91       1.497      0.1000        281.7679       -999.0000        651.1619       -999.0000    
  10.91       1.655      0.1000        221.1739       -999.0000        510.5301       -999.0000    
  10.91       1.829      0.1000        171.7499       -999.0000        395.6979       -999.0000    
  10.91       2.021      0.1000        131.7051       -999.0000        302.6804       -999.0000    
  10.91       2.234      0.1000        99.43305       -999.0000        227.8412       -999.0000    
  10.91       2.469      0.1000        73.89531       -999.0000        168.7724       -999.0000    
  10.91       2.729      0.1000        53.90032       -999.0000        122.6952       -999.0000    
  10.91       3.016      0.1000        38.52262       -999.0000        87.41586       -999.0000    
  10.91       3.333      0.1000        26.89577       -999.0000        60.87013       -999.0000    
  10.91       3.683      0.1000        18.27979       -999.0000        41.30032       -999.0000    
  10.91       4.071      0.1000        12.02731       -999.0000        27.16169       -999.0000    
  10.91       4.499      0.1000        7.635033       -999.0000        17.26584       -999.0000    
  10.91       4.972      0.1000        4.642926       -999.0000        10.53641       -999.0000    
  10.91       5.495      0.1000        2.681197       -999.0000        6.122939       -999.0000    
  10.91       6.073      0.1000        1.455952       -999.0000        3.356366       -999.0000    
  10.91       6.711      0.1000       0.7340037       -999.0000        1.714587       -999.0000    
  10.91       7.417      0.1000       0.3370561       -999.0000       0.8012962       -999.0000    
  10.91       8.197      0.1000       0.1378177       -999.0000       0.3352078       -999.0000    
  10.91       9.059      0.1000       0.4855055E-01   -999.0000       0.1215822       -999.0000    
  10.91      0.9106E-01  0.2000        27612.11       -999.0000        38393.96       -999.0000    
  10.91      0.1006      0.2000        24185.17       -999.0000        35319.11       -999.0000    
  10.91      0.1112      0.2000        21144.92       -999.0000        32304.75       -999.0000    
  10.91      0.1229      0.2000        18468.60       -999.0000        29406.65       -999.0000    
  10.91      0.1358      0.2000        16115.95       -999.0000        26651.68       -999.0000    
  10.91      0.1501      0.2000        14038.37       -999.0000        24042.01       -999.0000    
  10.91      0.1659      0.2000        12211.75       -999.0000        21597.61       -999.0000    
  10.91      0.1834      0.2000        10603.53       -999.0000        19318.35       -999.0000    
  10.91      0.2027      0.2000        9194.893       -999.0000        17215.06       -999.0000    
  10.91      0.2240      0.2000        7960.900       -999.0000        15282.94       -999.0000    
  10.91      0.2475      0.2000        6881.016       -999.0000        13517.20       -999.0000    
  10.91      0.2736      0.2000        5931.149       -999.0000        11901.01       -999.0000    
  10.91      0.3023      0.2000        5104.934       -999.0000        10443.02       -999.0000    
  10.91      0.3341      0.2000        4381.534       -999.0000        9123.174       -999.0000    
  10.91      0.3693      0.2000        3749.993       -999.0000        7935.120       -999.0000    
  10.91      0.4081      0.2000        3201.739       -999.0000        6876.111       -999.0000    
  10.91      0.4510      0.2000        2725.012       -999.0000        5929.764       -999.0000    
  10.91      0.4985      0.2000        2310.830       -999.0000        5088.103       -999.0000    
  10.91      0.5509      0.2000        1953.060       -999.0000        4345.443       -999.0000    
  10.91      0.6088      0.2000        1644.130       -999.0000        3691.766       -999.0000    
  10.91      0.6729      0.2000        1377.595       -999.0000        3117.990       -999.0000    
  10.91      0.7436      0.2000        1149.143       -999.0000        2618.565       -999.0000    
  10.91      0.8218      0.2000        953.3747       -999.0000        2184.726       -999.0000    
  10.91      0.9083      0.2000        786.2417       -999.0000        1809.911       -999.0000    
  10.91       1.004      0.2000        644.1338       -999.0000        1487.937       -999.0000    
  10.91       1.109      0.2000        524.7524       -999.0000        1215.124       -999.0000    
  10.91       1.226      0.2000        423.4366       -999.0000        982.2626       -999.0000    
  10.91       1.355      0.2000        338.9144       -999.0000        786.6271       -999.0000    
  10.91       1.497      0.2000        268.9093       -999.0000        623.9504       -999.0000    
  10.91       1.655      0.2000        210.7556       -999.0000        488.4834       -999.0000    
  10.91       1.829      0.2000        163.3776       -999.0000        377.9868       -999.0000    
  10.91       2.021      0.2000        125.0314       -999.0000        288.5784       -999.0000    
  10.91       2.234      0.2000        94.18094       -999.0000        216.7539       -999.0000    
  10.91       2.469      0.2000        69.80678       -999.0000        160.1526       -999.0000    
  10.91       2.729      0.2000        50.75828       -999.0000        116.0795       -999.0000    
  10.91       3.016      0.2000        36.14658       -999.0000        82.41370       -999.0000    
  10.91       3.333      0.2000        25.13139       -999.0000        57.15614       -999.0000    
  10.91       3.683      0.2000        16.99807       -999.0000        38.59707       -999.0000    
  10.91       4.071      0.2000        11.12049       -999.0000        25.24253       -999.0000    
  10.91       4.499      0.2000        7.011735       -999.0000        15.93966       -999.0000    
  10.91       4.972      0.2000        4.229710       -999.0000        9.650405       -999.0000    
  10.91       5.495      0.2000        2.419703       -999.0000        5.556167       -999.0000    
  10.91       6.073      0.2000        1.299033       -999.0000        3.011675       -999.0000    
  10.91       6.711      0.2000       0.6458124       -999.0000        1.517644       -999.0000    
  10.91       7.417      0.2000       0.2914275       -999.0000       0.6971461       -999.0000    
  10.91       8.197      0.2000       0.1165481       -999.0000       0.2854226       -999.0000    
  10.91       9.059      0.2000       0.3987686E-01   -999.0000       0.1006331       -999.0000    
  10.91      0.9106E-01  0.3000        25863.70       -999.0000        36537.39       -999.0000    
  10.91      0.1006      0.3000        22650.19       -999.0000        33572.10       -999.0000    
  10.91      0.1112      0.3000        19799.59       -999.0000        30674.14       -999.0000    
  10.91      0.1229      0.3000        17290.48       -999.0000        27895.04       -999.0000    
  10.91      0.1358      0.3000        15085.03       -999.0000        25258.83       -999.0000    
  10.91      0.1501      0.3000        13137.65       -999.0000        22766.29       -999.0000    
  10.91      0.1659      0.3000        11425.67       -999.0000        20435.32       -999.0000    
  10.91      0.1834      0.3000        9918.552       -999.0000        18264.86       -999.0000    
  10.91      0.2027      0.3000        8598.632       -999.0000        16264.45       -999.0000    
  10.91      0.2240      0.3000        7442.501       -999.0000        14428.89       -999.0000    
  10.91      0.2475      0.3000        6430.925       -999.0000        12752.98       -999.0000    
  10.91      0.2736      0.3000        5541.316       -999.0000        11220.34       -999.0000    
  10.91      0.3023      0.3000        4767.649       -999.0000        9841.482       -999.0000    
  10.91      0.3341      0.3000        4090.376       -999.0000        8591.629       -999.0000    
  10.91      0.3693      0.3000        3499.234       -999.0000        7467.435       -999.0000    
  10.91      0.4081      0.3000        2986.185       -999.0000        6464.525       -999.0000    
  10.91      0.4510      0.3000        2540.203       -999.0000        5570.543       -999.0000    
  10.91      0.4985      0.3000        2152.827       -999.0000        4776.032       -999.0000    
  10.91      0.5509      0.3000        1818.299       -999.0000        4075.477       -999.0000    
  10.91      0.6088      0.3000        1529.543       -999.0000        3459.291       -999.0000    
  10.91      0.6729      0.3000        1280.516       -999.0000        2918.814       -999.0000    
  10.91      0.7436      0.3000        1067.174       -999.0000        2448.727       -999.0000    
  10.91      0.8218      0.3000        884.4472       -999.0000        2040.696       -999.0000    
  10.91      0.9083      0.3000        728.5328       -999.0000        1688.471       -999.0000    
  10.91       1.004      0.3000        596.0400       -999.0000        1386.164       -999.0000    
  10.91       1.109      0.3000        484.8301       -999.0000        1130.634       -999.0000    
  10.91       1.226      0.3000        390.5433       -999.0000        912.1115       -999.0000    
  10.91       1.355      0.3000        311.9658       -999.0000        729.0249       -999.0000    
  10.91       1.497      0.3000        246.9717       -999.0000        576.9965       -999.0000    
  10.91       1.655      0.3000        193.0692       -999.0000        450.6033       -999.0000    
  10.91       1.829      0.3000        149.2227       -999.0000        347.6808       -999.0000    
  10.91       2.021      0.3000        113.8066       -999.0000        264.5717       -999.0000    
  10.91       2.234      0.3000        85.38949       -999.0000        197.9720       -999.0000    
  10.91       2.469      0.3000        63.00251       -999.0000        145.6371       -999.0000    
  10.91       2.729      0.3000        45.56946       -999.0000        105.0229       -999.0000    
  10.91       3.016      0.3000        32.25516       -999.0000        74.12704       -999.0000    
  10.91       3.333      0.3000        22.26564       -999.0000        51.05311       -999.0000    
  10.91       3.683      0.3000        14.93630       -999.0000        34.19959       -999.0000    
  10.91       4.071      0.3000        9.675902       -999.0000        22.15246       -999.0000    
  10.91       4.499      0.3000        6.031467       -999.0000        13.83175       -999.0000    
  10.91       4.972      0.3000        3.589113       -999.0000        8.262550       -999.0000    
  10.91       5.495      0.3000        2.019954       -999.0000        4.681607       -999.0000    
  10.91       6.073      0.3000        1.062995       -999.0000        2.488484       -999.0000    
  10.91       6.711      0.3000       0.5157460       -999.0000        1.224189       -999.0000    
  10.91       7.417      0.3000       0.2256864       -999.0000       0.5457951       -999.0000    
  10.91       8.197      0.3000       0.8677743E-01   -999.0000       0.2150292       -999.0000    
  10.91       9.059      0.3000       0.2818074E-01   -999.0000       0.7207101E-01   -999.0000    
  10.91      0.9106E-01  0.4000        23295.85       -999.0000        33693.69       -999.0000    
  10.91      0.1006      0.4000        20396.44       -999.0000        30905.88       -999.0000    
  10.91      0.1112      0.4000        17824.85       -999.0000        28193.48       -999.0000    
  10.91      0.1229      0.4000        15561.64       -999.0000        25602.05       -999.0000    
  10.91      0.1358      0.4000        13572.61       -999.0000        23151.56       -999.0000    
  10.91      0.1501      0.4000        11816.63       -999.0000        20840.70       -999.0000    
  10.91      0.1659      0.4000        10273.22       -999.0000        18684.52       -999.0000    
  10.91      0.1834      0.4000        8914.775       -999.0000        16680.83       -999.0000    
  10.91      0.2027      0.4000        7725.326       -999.0000        14837.41       -999.0000    
  10.91      0.2240      0.4000        6683.739       -999.0000        13152.44       -999.0000    
  10.91      0.2475      0.4000        5772.588       -999.0000        11612.39       -999.0000    
  10.91      0.2736      0.4000        4971.463       -999.0000        10206.04       -999.0000    
  10.91      0.3023      0.4000        4274.944       -999.0000        8940.066       -999.0000    
  10.91      0.3341      0.4000        3665.410       -999.0000        7796.339       -999.0000    
  10.91      0.3693      0.4000        3133.573       -999.0000        6768.786       -999.0000    
  10.91      0.4081      0.4000        2672.153       -999.0000        5853.125       -999.0000    
  10.91      0.4510      0.4000        2271.196       -999.0000        5037.808       -999.0000    
  10.91      0.4985      0.4000        1923.060       -999.0000        4313.986       -999.0000    
  10.91      0.5509      0.4000        1622.551       -999.0000        3676.440       -999.0000    
  10.91      0.6088      0.4000        1363.337       -999.0000        3116.293       -999.0000    
  10.91      0.6729      0.4000        1139.942       -999.0000        2625.527       -999.0000    
  10.91      0.7436      0.4000        948.6747       -999.0000        2199.159       -999.0000    
  10.91      0.8218      0.4000        784.9883       -999.0000        1829.530       -999.0000    
  10.91      0.9083      0.4000        645.4631       -999.0000        1510.879       -999.0000    
  10.91       1.004      0.4000        527.0351       -999.0000        1238.193       -999.0000    
  10.91       1.109      0.4000        427.7384       -999.0000        1007.307       -999.0000    
  10.91       1.226      0.4000        343.6487       -999.0000        810.4897       -999.0000    
  10.91       1.355      0.4000        273.7062       -999.0000        645.9196       -999.0000    
  10.91       1.497      0.4000        215.9709       -999.0000        509.5675       -999.0000    
  10.91       1.655      0.4000        168.1891       -999.0000        396.4631       -999.0000    
  10.91       1.829      0.4000        129.4235       -999.0000        304.6108       -999.0000    
  10.91       2.021      0.4000        98.22397       -999.0000        230.6968       -999.0000    
  10.91       2.234      0.4000        73.27173       -999.0000        171.6627       -999.0000    
  10.91       2.469      0.4000        53.70602       -999.0000        125.4795       -999.0000    
  10.91       2.729      0.4000        38.55096       -999.0000        89.82013       -999.0000    
  10.91       3.016      0.4000        27.04455       -999.0000        62.85261       -999.0000    
  10.91       3.333      0.4000        18.47745       -999.0000        42.85643       -999.0000    
  10.91       3.683      0.4000        12.24640       -999.0000        28.37308       -999.0000    
  10.91       4.071      0.4000        7.821141       -999.0000        18.12358       -999.0000    
  10.91       4.499      0.4000        4.793909       -999.0000        11.13104       -999.0000    
  10.91       4.972      0.4000        2.795834       -999.0000        6.519507       -999.0000    
  10.91       5.495      0.4000        1.535764       -999.0000        3.606653       -999.0000    
  10.91       6.073      0.4000       0.7844484       -999.0000        1.861752       -999.0000    
  10.91       6.711      0.4000       0.3668526       -999.0000       0.8835739       -999.0000    
  10.91       7.417      0.4000       0.1531960       -999.0000       0.3763593       -999.0000    
  10.91       8.197      0.4000       0.5541818E-01   -999.0000       0.1397342       -999.0000    
  10.91       9.059      0.4000       0.1657144E-01   -999.0000       0.4322228E-01   -999.0000    
  11.31      0.9106E-01  -.2000        21286.59       -999.0000        30063.48       -999.0000    
  11.31      0.1006      -.2000        18645.03       -999.0000        27626.48       -999.0000    
  11.31      0.1112      -.2000        16301.54       -999.0000        25245.26       -999.0000    
  11.31      0.1229      -.2000        14238.55       -999.0000        22961.95       -999.0000    
  11.31      0.1358      -.2000        12425.01       -999.0000        20796.10       -999.0000    
  11.31      0.1501      -.2000        10823.49       -999.0000        18748.25       -999.0000    
  11.31      0.1659      -.2000        9415.378       -999.0000        16833.02       -999.0000    
  11.31      0.1834      -.2000        8175.597       -999.0000        15049.49       -999.0000    
  11.31      0.2027      -.2000        7089.695       -999.0000        13405.45       -999.0000    
  11.31      0.2240      -.2000        6138.444       -999.0000        11896.61       -999.0000    
  11.31      0.2475      -.2000        5305.982       -999.0000        10518.83       -999.0000    
  11.31      0.2736      -.2000        4573.716       -999.0000        9258.672       -999.0000    
  11.31      0.3023      -.2000        3936.743       -999.0000        8122.574       -999.0000    
  11.31      0.3341      -.2000        3378.999       -999.0000        7094.660       -999.0000    
  11.31      0.3693      -.2000        2892.053       -999.0000        6169.788       -999.0000    
  11.31      0.4081      -.2000        2469.350       -999.0000        5344.443       -999.0000    
  11.31      0.4510      -.2000        2101.821       -999.0000        4608.493       -999.0000    
  11.31      0.4985      -.2000        1782.483       -999.0000        3954.160       -999.0000    
  11.31      0.5509      -.2000        1506.608       -999.0000        3376.935       -999.0000    
  11.31      0.6088      -.2000        1268.385       -999.0000        2868.974       -999.0000    
  11.31      0.6729      -.2000        1062.847       -999.0000        2423.173       -999.0000    
  11.31      0.7436      -.2000        886.6682       -999.0000        2035.182       -999.0000    
  11.31      0.8218      -.2000        735.6823       -999.0000        1698.168       -999.0000    
  11.31      0.9083      -.2000        606.7717       -999.0000        1407.257       -999.0000    
  11.31       1.004      -.2000        497.1561       -999.0000        1157.109       -999.0000    
  11.31       1.109      -.2000        405.0655       -999.0000        945.1461       -999.0000    
  11.31       1.226      -.2000        326.8960       -999.0000        763.9638       -999.0000    
  11.31       1.355      -.2000        261.6702       -999.0000        611.9507       -999.0000    
  11.31       1.497      -.2000        207.6431       -999.0000        485.5260       -999.0000    
  11.31       1.655      -.2000        162.7653       -999.0000        380.2340       -999.0000    
  11.31       1.829      -.2000        126.1887       -999.0000        294.3815       -999.0000    
  11.31       2.021      -.2000        96.58605       -999.0000        224.8303       -999.0000    
  11.31       2.234      -.2000        72.76420       -999.0000        168.9326       -999.0000    
  11.31       2.469      -.2000        53.93730       -999.0000        124.8610       -999.0000    
  11.31       2.729      -.2000        39.22564       -999.0000        90.53664       -999.0000    
  11.31       3.016      -.2000        27.93928       -999.0000        64.30846       -999.0000    
  11.31       3.333      -.2000        19.42664       -999.0000        44.61527       -999.0000    
  11.31       3.683      -.2000        13.14444       -999.0000        30.14477       -999.0000    
  11.31       4.071      -.2000        8.600873       -999.0000        19.72271       -999.0000    
  11.31       4.499      -.2000        5.425118       -999.0000        12.46018       -999.0000    
  11.31       4.972      -.2000        3.273973       -999.0000        7.548221       -999.0000    
  11.31       5.495      -.2000        1.873759       -999.0000        4.348316       -999.0000    
  11.31       6.073      -.2000        1.006206       -999.0000        2.358038       -999.0000    
  11.31       6.711      -.2000       0.5002468       -999.0000        1.188252       -999.0000    
  11.31       7.417      -.2000       0.2255982       -999.0000       0.5457315       -999.0000    
  11.31       8.197      -.2000       0.9004100E-01   -999.0000       0.2229853       -999.0000    
  11.31       9.059      -.2000       0.3068263E-01   -999.0000       0.7832576E-01   -999.0000    
  11.31      0.9106E-01  -.1000        22103.52       -999.0000        30910.93       -999.0000    
  11.31      0.1006      -.1000        19362.41       -999.0000        28425.68       -999.0000    
  11.31      0.1112      -.1000        16930.45       -999.0000        25992.70       -999.0000    
  11.31      0.1229      -.1000        14789.45       -999.0000        23656.09       -999.0000    
  11.31      0.1358      -.1000        12907.26       -999.0000        21436.65       -999.0000    
  11.31      0.1501      -.1000        11245.03       -999.0000        19335.63       -999.0000    
  11.31      0.1659      -.1000        9783.453       -999.0000        17368.81       -999.0000    
  11.31      0.1834      -.1000        8496.499       -999.0000        15535.74       -999.0000    
  11.31      0.2027      -.1000        7369.157       -999.0000        13844.81       -999.0000    
  11.31      0.2240      -.1000        6381.501       -999.0000        12291.89       -999.0000    
  11.31      0.2475      -.1000        5517.095       -999.0000        10872.96       -999.0000    
  11.31      0.2736      -.1000        4756.662       -999.0000        9574.439       -999.0000    
  11.31      0.3023      -.1000        4095.127       -999.0000        8403.152       -999.0000    
  11.31      0.3341      -.1000        3515.829       -999.0000        7342.894       -999.0000    
  11.31      0.3693      -.1000        3010.023       -999.0000        6388.489       -999.0000    
  11.31      0.4081      -.1000        2570.869       -999.0000        5536.400       -999.0000    
  11.31      0.4510      -.1000        2188.959       -999.0000        4776.256       -999.0000    
  11.31      0.4985      -.1000        1857.071       -999.0000        4100.125       -999.0000    
  11.31      0.5509      -.1000        1570.297       -999.0000        3503.410       -999.0000    
  11.31      0.6088      -.1000        1322.607       -999.0000        2978.071       -999.0000    
  11.31      0.6729      -.1000        1108.848       -999.0000        2516.811       -999.0000    
  11.31      0.7436      -.1000        925.5792       -999.0000        2115.588       -999.0000    
  11.31      0.8218      -.1000        768.4696       -999.0000        1766.510       -999.0000    
  11.31      0.9083      -.1000        634.2834       -999.0000        1464.782       -999.0000    
  11.31       1.004      -.1000        520.1357       -999.0000        1205.450       -999.0000    
  11.31       1.109      -.1000        424.1848       -999.0000        985.5651       -999.0000    
  11.31       1.226      -.1000        342.6940       -999.0000        797.4871       -999.0000    
  11.31       1.355      -.1000        274.6578       -999.0000        639.5832       -999.0000    
  11.31       1.497      -.1000        218.2603       -999.0000        508.1524       -999.0000    
  11.31       1.655      -.1000        171.3654       -999.0000        398.6755       -999.0000    
  11.31       1.829      -.1000        133.1093       -999.0000        309.1505       -999.0000    
  11.31       2.021      -.1000        102.0973       -999.0000        236.5884       -999.0000    
  11.31       2.234      -.1000        77.10554       -999.0000        178.1885       -999.0000    
  11.31       2.469      -.1000        57.32143       -999.0000        132.0696       -999.0000    
  11.31       2.729      -.1000        41.82538       -999.0000        96.06700       -999.0000    
  11.31       3.016      -.1000        29.90652       -999.0000        68.49454       -999.0000    
  11.31       3.333      -.1000        20.88743       -999.0000        47.72583       -999.0000    
  11.31       3.683      -.1000        14.20520       -999.0000        32.40884       -999.0000    
  11.31       4.071      -.1000        9.352424       -999.0000        21.33138       -999.0000    
  11.31       4.499      -.1000        5.941121       -999.0000        13.57124       -999.0000    
  11.31       4.972      -.1000        3.615888       -999.0000        8.290068       -999.0000    
  11.31       5.495      -.1000        2.090101       -999.0000        4.822781       -999.0000    
  11.31       6.073      -.1000        1.136037       -999.0000        2.646495       -999.0000    
  11.31       6.711      -.1000       0.5731219       -999.0000        1.353017       -999.0000    
  11.31       7.417      -.1000       0.2631898       -999.0000       0.6324288       -999.0000    
  11.31       8.197      -.1000       0.1075105       -999.0000       0.2643477       -999.0000    
  11.31       9.059      -.1000       0.3776870E-01   -999.0000       0.9564701E-01   -999.0000    
  11.31      0.9106E-01   0.000        22366.15       -999.0000        31177.75       -999.0000    
  11.31      0.1006       0.000        19593.13       -999.0000        28677.59       -999.0000    
  11.31      0.1112       0.000        17132.79       -999.0000        26228.51       -999.0000    
  11.31      0.1229       0.000        14966.79       -999.0000        23875.21       -999.0000    
  11.31      0.1358       0.000        13062.54       -999.0000        21639.02       -999.0000    
  11.31      0.1501       0.000        11380.75       -999.0000        19521.55       -999.0000    
  11.31      0.1659       0.000        9901.958       -999.0000        17538.66       -999.0000    
  11.31      0.1834       0.000        8599.832       -999.0000        15690.04       -999.0000    
  11.31      0.2027       0.000        7459.169       -999.0000        13984.31       -999.0000    
  11.31      0.2240       0.000        6459.810       -999.0000        12417.48       -999.0000    
  11.31      0.2475       0.000        5585.136       -999.0000        10985.59       -999.0000    
  11.31      0.2736       0.000        4815.644       -999.0000        9674.952       -999.0000    
  11.31      0.3023       0.000        4146.205       -999.0000        8492.532       -999.0000    
  11.31      0.3341       0.000        3559.969       -999.0000        7422.026       -999.0000    
  11.31      0.3693       0.000        3048.081       -999.0000        6458.254       -999.0000    
  11.31      0.4081       0.000        2603.621       -999.0000        5597.668       -999.0000    
  11.31      0.4510       0.000        2217.075       -999.0000        4829.832       -999.0000    
  11.31      0.4985       0.000        1881.143       -999.0000        4146.766       -999.0000    
  11.31      0.5509       0.000        1590.870       -999.0000        3543.861       -999.0000    
  11.31      0.6088       0.000        1340.140       -999.0000        3012.995       -999.0000    
  11.31      0.6729       0.000        1123.744       -999.0000        2547.340       -999.0000    
  11.31      0.7436       0.000        938.1953       -999.0000        2141.303       -999.0000    
  11.31      0.8218       0.000        779.1173       -999.0000        1788.397       -999.0000    
  11.31      0.9083       0.000        643.2249       -999.0000        1483.305       -999.0000    
  11.31       1.004       0.000        527.5936       -999.0000        1221.019       -999.0000    
  11.31       1.109       0.000        430.3994       -999.0000        998.6012       -999.0000    
  11.31       1.226       0.000        347.8438       -999.0000        808.3268       -999.0000    
  11.31       1.355       0.000        278.8995       -999.0000        648.5330       -999.0000    
  11.31       1.497       0.000        221.7320       -999.0000        515.6262       -999.0000    
  11.31       1.655       0.000        174.1851       -999.0000        404.6517       -999.0000    
  11.31       1.829       0.000        135.3797       -999.0000        313.9645       -999.0000    
  11.31       2.021       0.000        103.9148       -999.0000        240.4397       -999.0000    
  11.31       2.234       0.000        78.54490       -999.0000        181.2350       -999.0000    
  11.31       2.469       0.000        58.44722       -999.0000        134.4505       -999.0000    
  11.31       2.729       0.000        42.69176       -999.0000        97.90333       -999.0000    
  11.31       3.016       0.000        30.56296       -999.0000        69.88389       -999.0000    
  11.31       3.333       0.000        21.37920       -999.0000        48.76657       -999.0000    
  11.31       3.683       0.000        14.56477       -999.0000        33.17019       -999.0000    
  11.31       4.071       0.000        9.608616       -999.0000        21.87662       -999.0000    
  11.31       4.499       0.000        6.118073       -999.0000        13.95004       -999.0000    
  11.31       4.972       0.000        3.733947       -999.0000        8.545001       -999.0000    
  11.31       5.495       0.000        2.165259       -999.0000        4.986836       -999.0000    
  11.31       6.073       0.000        1.181530       -999.0000        2.747151       -999.0000    
  11.31       6.711       0.000       0.5989443       -999.0000        1.411115       -999.0000    
  11.31       7.417       0.000       0.2766977       -999.0000       0.6634764       -999.0000    
  11.31       8.197       0.000       0.1138798       -999.0000       0.2793691       -999.0000    
  11.31       9.059       0.000       0.4039785E-01   -999.0000       0.1020395       -999.0000    
  11.31      0.9106E-01  0.1000        22103.52       -999.0000        30907.90       -999.0000    
  11.31      0.1006      0.1000        19362.41       -999.0000        28422.99       -999.0000    
  11.31      0.1112      0.1000        16930.45       -999.0000        25990.29       -999.0000    
  11.31      0.1229      0.1000        14789.45       -999.0000        23653.87       -999.0000    
  11.31      0.1358      0.1000        12907.26       -999.0000        21434.65       -999.0000    
  11.31      0.1501      0.1000        11245.03       -999.0000        19333.94       -999.0000    
  11.31      0.1659      0.1000        9783.453       -999.0000        17367.36       -999.0000    
  11.31      0.1834      0.1000        8496.499       -999.0000        15534.45       -999.0000    
  11.31      0.2027      0.1000        7369.157       -999.0000        13843.63       -999.0000    
  11.31      0.2240      0.1000        6381.501       -999.0000        12290.85       -999.0000    
  11.31      0.2475      0.1000        5517.095       -999.0000        10872.08       -999.0000    
  11.31      0.2736      0.1000        4756.662       -999.0000        9573.685       -999.0000    
  11.31      0.3023      0.1000        4095.127       -999.0000        8402.490       -999.0000    
  11.31      0.3341      0.1000        3515.829       -999.0000        7342.305       -999.0000    
  11.31      0.3693      0.1000        3010.023       -999.0000        6387.984       -999.0000    
  11.31      0.4081      0.1000        2570.869       -999.0000        5535.958       -999.0000    
  11.31      0.4510      0.1000        2188.959       -999.0000        4775.862       -999.0000    
  11.31      0.4985      0.1000        1857.071       -999.0000        4099.773       -999.0000    
  11.31      0.5509      0.1000        1570.297       -999.0000        3503.870       -999.0000    
  11.31      0.6088      0.1000        1322.607       -999.0000        2978.475       -999.0000    
  11.31      0.6729      0.1000        1108.848       -999.0000        2517.174       -999.0000    
  11.31      0.7436      0.1000        925.5792       -999.0000        2115.502       -999.0000    
  11.31      0.8218      0.1000        768.4696       -999.0000        1766.433       -999.0000    
  11.31      0.9083      0.1000        634.2834       -999.0000        1464.716       -999.0000    
  11.31       1.004      0.1000        520.1357       -999.0000        1205.395       -999.0000    
  11.31       1.109      0.1000        424.1848       -999.0000        985.5179       -999.0000    
  11.31       1.226      0.1000        342.6940       -999.0000        797.4481       -999.0000    
  11.31       1.355      0.1000        274.6578       -999.0000        639.7314       -999.0000    
  11.31       1.497      0.1000        218.2603       -999.0000        508.2740       -999.0000    
  11.31       1.655      0.1000        171.3654       -999.0000        398.6727       -999.0000    
  11.31       1.829      0.1000        133.1093       -999.0000        309.1493       -999.0000    
  11.31       2.021      0.1000        102.0973       -999.0000        236.5892       -999.0000    
  11.31       2.234      0.1000        77.10554       -999.0000        178.1887       -999.0000    
  11.31       2.469      0.1000        57.32143       -999.0000        132.0708       -999.0000    
  11.31       2.729      0.1000        41.82538       -999.0000        96.07135       -999.0000    
  11.31       3.016      0.1000        29.90652       -999.0000        68.49502       -999.0000    
  11.31       3.333      0.1000        20.88743       -999.0000        47.72469       -999.0000    
  11.31       3.683      0.1000        14.20520       -999.0000        32.40790       -999.0000    
  11.31       4.071      0.1000        9.352424       -999.0000        21.33160       -999.0000    
  11.31       4.499      0.1000        5.941121       -999.0000        13.57115       -999.0000    
  11.31       4.972      0.1000        3.615888       -999.0000        8.290266       -999.0000    
  11.31       5.495      0.1000        2.090101       -999.0000        4.822879       -999.0000    
  11.31       6.073      0.1000        1.136037       -999.0000        2.646512       -999.0000    
  11.31       6.711      0.1000       0.5731219       -999.0000        1.353034       -999.0000    
  11.31       7.417      0.1000       0.2631898       -999.0000       0.6324458       -999.0000    
  11.31       8.197      0.1000       0.1075105       -999.0000       0.2643554       -999.0000    
  11.31       9.059      0.1000       0.3776870E-01   -999.0000       0.9565199E-01   -999.0000    
  11.31      0.9106E-01  0.2000        21286.59       -999.0000        30057.44       -999.0000    
  11.31      0.1006      0.2000        18645.03       -999.0000        27621.16       -999.0000    
  11.31      0.1112      0.2000        16301.54       -999.0000        25240.56       -999.0000    
  11.31      0.1229      0.2000        14238.55       -999.0000        22957.80       -999.0000    
  11.31      0.1358      0.2000        12425.01       -999.0000        20792.46       -999.0000    
  11.31      0.1501      0.2000        10823.49       -999.0000        18745.08       -999.0000    
  11.31      0.1659      0.2000        9415.378       -999.0000        16830.22       -999.0000    
  11.31      0.1834      0.2000        8175.597       -999.0000        15047.01       -999.0000    
  11.31      0.2027      0.2000        7089.695       -999.0000        13403.22       -999.0000    
  11.31      0.2240      0.2000        6138.444       -999.0000        11894.62       -999.0000    
  11.31      0.2475      0.2000        5305.982       -999.0000        10517.04       -999.0000    
  11.31      0.2736      0.2000        4573.716       -999.0000        9257.082       -999.0000    
  11.31      0.3023      0.2000        3936.743       -999.0000        8121.189       -999.0000    
  11.31      0.3341      0.2000        3378.999       -999.0000        7093.486       -999.0000    
  11.31      0.3693      0.2000        2892.053       -999.0000        6168.830       -999.0000    
  11.31      0.4081      0.2000        2469.350       -999.0000        5344.885       -999.0000    
  11.31      0.4510      0.2000        2101.821       -999.0000        4608.856       -999.0000    
  11.31      0.4985      0.2000        1782.483       -999.0000        3954.465       -999.0000    
  11.31      0.5509      0.2000        1506.608       -999.0000        3377.199       -999.0000    
  11.31      0.6088      0.2000        1268.385       -999.0000        2869.199       -999.0000    
  11.31      0.6729      0.2000        1062.847       -999.0000        2423.367       -999.0000    
  11.31      0.7436      0.2000        886.6682       -999.0000        2035.349       -999.0000    
  11.31      0.8218      0.2000        735.6823       -999.0000        1698.308       -999.0000    
  11.31      0.9083      0.2000        606.7717       -999.0000        1407.130       -999.0000    
  11.31       1.004      0.2000        497.1561       -999.0000        1157.001       -999.0000    
  11.31       1.109      0.2000        405.0655       -999.0000        945.0543       -999.0000    
  11.31       1.226      0.2000        326.8960       -999.0000        763.8864       -999.0000    
  11.31       1.355      0.2000        261.6702       -999.0000        612.0771       -999.0000    
  11.31       1.497      0.2000        207.6431       -999.0000        485.6328       -999.0000    
  11.31       1.655      0.2000        162.7653       -999.0000        380.3169       -999.0000    
  11.31       1.829      0.2000        126.1887       -999.0000        294.3804       -999.0000    
  11.31       2.021      0.2000        96.58605       -999.0000        224.8300       -999.0000    
  11.31       2.234      0.2000        72.76420       -999.0000        168.9337       -999.0000    
  11.31       2.469      0.2000        53.93730       -999.0000        124.8631       -999.0000    
  11.31       2.729      0.2000        39.22564       -999.0000        90.53794       -999.0000    
  11.31       3.016      0.2000        27.93928       -999.0000        64.30917       -999.0000    
  11.31       3.333      0.2000        19.42664       -999.0000        44.61405       -999.0000    
  11.31       3.683      0.2000        13.14444       -999.0000        30.14432       -999.0000    
  11.31       4.071      0.2000        8.600873       -999.0000        19.72234       -999.0000    
  11.31       4.499      0.2000        5.425118       -999.0000        12.46072       -999.0000    
  11.31       4.972      0.2000        3.273973       -999.0000        7.548409       -999.0000    
  11.31       5.495      0.2000        1.873759       -999.0000        4.348461       -999.0000    
  11.31       6.073      0.2000        1.006206       -999.0000        2.358132       -999.0000    
  11.31       6.711      0.2000       0.5002468       -999.0000        1.188309       -999.0000    
  11.31       7.417      0.2000       0.2255982       -999.0000       0.5457550       -999.0000    
  11.31       8.197      0.2000       0.9004100E-01   -999.0000       0.2229983       -999.0000    
  11.31       9.059      0.2000       0.3068263E-01   -999.0000       0.7833290E-01   -999.0000    
  11.31      0.9106E-01  0.3000        19846.86       -999.0000        28503.66       -999.0000    
  11.31      0.1006      0.3000        17381.00       -999.0000        26160.82       -999.0000    
  11.31      0.1112      0.3000        15193.58       -999.0000        23879.05       -999.0000    
  11.31      0.1229      0.3000        13268.17       -999.0000        21696.99       -999.0000    
  11.31      0.1358      0.3000        11575.75       -999.0000        19631.79       -999.0000    
  11.31      0.1501      0.3000        10081.33       -999.0000        17682.81       -999.0000    
  11.31      0.1659      0.3000        8767.559       -999.0000        15863.07       -999.0000    
  11.31      0.1834      0.3000        7611.050       -999.0000        14170.76       -999.0000    
  11.31      0.2027      0.3000        6598.257       -999.0000        12612.72       -999.0000    
  11.31      0.2240      0.3000        5711.170       -999.0000        11184.48       -999.0000    
  11.31      0.2475      0.3000        4934.957       -999.0000        9881.692       -999.0000    
  11.31      0.2736      0.3000        4252.290       -999.0000        8691.297       -999.0000    
  11.31      0.3023      0.3000        3658.601       -999.0000        7619.082       -999.0000    
  11.31      0.3341      0.3000        3138.896       -999.0000        6651.520       -999.0000    
  11.31      0.3693      0.3000        2685.284       -999.0000        5779.928       -999.0000    
  11.31      0.4081      0.3000        2291.593       -999.0000        5002.739       -999.0000    
  11.31      0.4510      0.3000        1949.361       -999.0000        4310.248       -999.0000    
  11.31      0.4985      0.3000        1652.095       -999.0000        3695.026       -999.0000    
  11.31      0.5509      0.3000        1395.390       -999.0000        3152.723       -999.0000    
  11.31      0.6088      0.3000        1173.815       -999.0000        2675.861       -999.0000    
  11.31      0.6729      0.3000        982.7231       -999.0000        2257.689       -999.0000    
  11.31      0.7436      0.3000        818.9959       -999.0000        1894.038       -999.0000    
  11.31      0.8218      0.3000        678.7480       -999.0000        1578.426       -999.0000    
  11.31      0.9083      0.3000        559.0821       -999.0000        1306.007       -999.0000    
  11.31       1.004      0.3000        457.4198       -999.0000        1072.234       -999.0000    
  11.31       1.109      0.3000        372.0766       -999.0000        874.3515       -999.0000    
  11.31       1.226      0.3000        299.7089       -999.0000        705.6388       -999.0000    
  11.31       1.355      0.3000        239.4031       -999.0000        564.0522       -999.0000    
  11.31       1.497      0.3000        189.5208       -999.0000        446.4747       -999.0000    
  11.31       1.655      0.3000        148.1414       -999.0000        348.6995       -999.0000    
  11.31       1.829      0.3000        114.4841       -999.0000        269.0743       -999.0000    
  11.31       2.021      0.3000        87.30949       -999.0000        204.7822       -999.0000    
  11.31       2.234      0.3000        65.49735       -999.0000        153.2445       -999.0000    
  11.31       2.469      0.3000        48.31380       -999.0000        112.7341       -999.0000    
  11.31       2.729      0.3000        34.94073       -999.0000        81.30312       -999.0000    
  11.31       3.016      0.3000        24.72403       -999.0000        57.38175       -999.0000    
  11.31       3.333      0.3000        17.06256       -999.0000        39.51912       -999.0000    
  11.31       3.683      0.3000        11.44254       -999.0000        26.47117       -999.0000    
  11.31       4.071      0.3000        7.410434       -999.0000        17.14484       -999.0000    
  11.31       4.499      0.3000        4.617992       -999.0000        10.70417       -999.0000    
  11.31       4.972      0.3000        2.746736       -999.0000        6.392345       -999.0000    
  11.31       5.495      0.3000        1.545122       -999.0000        3.620373       -999.0000    
  11.31       6.073      0.3000       0.8126098       -999.0000        1.923470       -999.0000    
  11.31       6.711      0.3000       0.3938257       -999.0000       0.9454834       -999.0000    
  11.31       7.417      0.3000       0.1719489       -999.0000       0.4206823       -999.0000    
  11.31       8.197      0.3000       0.6586424E-01   -999.0000       0.1651596       -999.0000    
  11.31       9.059      0.3000       0.2124401E-01   -999.0000       0.5499615E-01   -999.0000    
  11.31      0.9106E-01  0.4000        17723.21       -999.0000        26098.39       -999.0000    
  11.31      0.1006      0.4000        15517.02       -999.0000        23910.09       -999.0000    
  11.31      0.1112      0.4000        13560.28       -999.0000        21788.47       -999.0000    
  11.31      0.1229      0.4000        11838.24       -999.0000        19767.15       -999.0000    
  11.31      0.1358      0.4000        10324.86       -999.0000        17860.14       -999.0000    
  11.31      0.1501      0.4000        8988.824       -999.0000        16065.33       -999.0000    
  11.31      0.1659      0.4000        7814.533       -999.0000        14393.49       -999.0000    
  11.31      0.1834      0.4000        6781.000       -999.0000        12842.13       -999.0000    
  11.31      0.2027      0.4000        5876.085       -999.0000        11416.66       -999.0000    
  11.31      0.2240      0.4000        5083.683       -999.0000        10112.18       -999.0000    
  11.31      0.2475      0.4000        4390.520       -999.0000        8926.681       -999.0000    
  11.31      0.2736      0.4000        3781.064       -999.0000        7842.396       -999.0000    
  11.31      0.3023      0.4000        3251.185       -999.0000        6867.104       -999.0000    
  11.31      0.3341      0.4000        2787.469       -999.0000        5986.602       -999.0000    
  11.31      0.3693      0.4000        2382.849       -999.0000        5196.019       -999.0000    
  11.31      0.4081      0.4000        2031.805       -999.0000        4491.901       -999.0000    
  11.31      0.4510      0.4000        1726.821       -999.0000        3865.233       -999.0000    
  11.31      0.4985      0.4000        1462.059       -999.0000        3309.138       -999.0000    
  11.31      0.5509      0.4000        1233.530       -999.0000        2819.530       -999.0000    
  11.31      0.6088      0.4000        1036.382       -999.0000        2389.505       -999.0000    
  11.31      0.6729      0.4000        866.4803       -999.0000        2012.862       -999.0000    
  11.31      0.7436      0.4000        721.0338       -999.0000        1685.745       -999.0000    
  11.31      0.8218      0.4000        596.5616       -999.0000        1402.221       -999.0000    
  11.31      0.9083      0.4000        490.4514       -999.0000        1157.834       -999.0000    
  11.31       1.004      0.4000        400.3805       -999.0000        948.4084       -999.0000    
  11.31       1.109      0.4000        324.8914       -999.0000        771.7188       -999.0000    
  11.31       1.226      0.4000        260.9857       -999.0000        620.8803       -999.0000    
  11.31       1.355      0.4000        207.8191       -999.0000        494.7493       -999.0000    
  11.31       1.497      0.4000        163.9256       -999.0000        390.2321       -999.0000    
  11.31       1.655      0.4000        127.6153       -999.0000        303.5610       -999.0000    
  11.31       1.829      0.4000        98.16891       -999.0000        233.1919       -999.0000    
  11.31       2.021      0.4000        74.46522       -999.0000        176.5541       -999.0000    
  11.31       2.234      0.4000        55.52064       -999.0000        131.3361       -999.0000    
  11.31       2.469      0.4000        40.66919       -999.0000        95.96355       -999.0000    
  11.31       2.729      0.4000        29.17114       -999.0000        68.65979       -999.0000    
  11.31       3.016      0.4000        20.44815       -999.0000        48.01734       -999.0000    
  11.31       3.333      0.4000        13.95757       -999.0000        32.71836       -999.0000    
  11.31       3.683      0.4000        9.241272       -999.0000        21.64392       -999.0000    
  11.31       4.071      0.4000        5.895239       -999.0000        13.81304       -999.0000    
  11.31       4.499      0.4000        3.608770       -999.0000        8.474145       -999.0000    
  11.31       4.972      0.4000        2.101533       -999.0000        4.956723       -999.0000    
  11.31       5.495      0.4000        1.152305       -999.0000        2.737699       -999.0000    
  11.31       6.073      0.4000       0.5872612       -999.0000        1.410324       -999.0000    
  11.31       6.711      0.4000       0.2737429       -999.0000       0.6673284       -999.0000    
  11.31       7.417      0.4000       0.1137864       -999.0000       0.2830239       -999.0000    
  11.31       8.197      0.4000       0.4086185E-01   -999.0000       0.1043679       -999.0000    
  11.31       9.059      0.4000       0.1207968E-01   -999.0000       0.3193816E-01   -999.0000    
  12.11      0.9106E-01  -.2000        12634.05       -999.0000        18386.86       -999.0000    
  12.11      0.1006      -.2000        11066.47       -999.0000        16862.94       -999.0000    
  12.11      0.1112      -.2000        9675.761       -999.0000        15382.76       -999.0000    
  12.11      0.1229      -.2000        8451.487       -999.0000        13970.32       -999.0000    
  12.11      0.1358      -.2000        7375.222       -999.0000        12635.85       -999.0000    
  12.11      0.1501      -.2000        6424.773       -999.0000        11378.18       -999.0000    
  12.11      0.1659      -.2000        5589.117       -999.0000        10205.19       -999.0000    
  12.11      0.1834      -.2000        4853.346       -999.0000        9115.497       -999.0000    
  12.11      0.2027      -.2000        4208.856       -999.0000        8113.142       -999.0000    
  12.11      0.2240      -.2000        3644.236       -999.0000        7194.878       -999.0000    
  12.11      0.2475      -.2000        3150.127       -999.0000        6357.685       -999.0000    
  12.11      0.2736      -.2000        2715.510       -999.0000        5593.016       -999.0000    
  12.11      0.3023      -.2000        2337.455       -999.0000        4904.456       -999.0000    
  12.11      0.3341      -.2000        2006.417       -999.0000        4282.104       -999.0000    
  12.11      0.3693      -.2000        1717.395       -999.0000        3722.664       -999.0000    
  12.11      0.4081      -.2000        1466.479       -999.0000        3223.830       -999.0000    
  12.11      0.4510      -.2000        1248.297       -999.0000        2779.323       -999.0000    
  12.11      0.4985      -.2000        1058.724       -999.0000        2384.350       -999.0000    
  12.11      0.5509      -.2000        894.9488       -999.0000        2036.112       -999.0000    
  12.11      0.6088      -.2000        753.5134       -999.0000        1729.783       -999.0000    
  12.11      0.6729      -.2000        631.4709       -999.0000        1461.022       -999.0000    
  12.11      0.7436      -.2000        526.8584       -999.0000        1227.186       -999.0000    
  12.11      0.8218      -.2000        437.2015       -999.0000        1024.114       -999.0000    
  12.11      0.9083      -.2000        360.6421       -999.0000        848.8309       -999.0000    
  12.11       1.004      -.2000        295.5242       -999.0000        698.1077       -999.0000    
  12.11       1.109      -.2000        240.8069       -999.0000        570.3770       -999.0000    
  12.11       1.226      -.2000        194.3660       -999.0000        461.1978       -999.0000    
  12.11       1.355      -.2000        155.6083       -999.0000        369.5780       -999.0000    
  12.11       1.497      -.2000        123.4978       -999.0000        293.3564       -999.0000    
  12.11       1.655      -.2000        96.81924       -999.0000        229.8460       -999.0000    
  12.11       1.829      -.2000        75.07313       -999.0000        178.0434       -999.0000    
  12.11       2.021      -.2000        57.46444       -999.0000        136.0441       -999.0000    
  12.11       2.234      -.2000        43.29322       -999.0000        102.2739       -999.0000    
  12.11       2.469      -.2000        32.09446       -999.0000        75.63687       -999.0000    
  12.11       2.729      -.2000        23.34146       -999.0000        54.87420       -999.0000    
  12.11       3.016      -.2000        16.62374       -999.0000        38.99494       -999.0000    
  12.11       3.333      -.2000        11.55939       -999.0000        27.06792       -999.0000    
  12.11       3.683      -.2000        7.820240       -999.0000        18.29598       -999.0000    
  12.11       4.071      -.2000        5.116461       -999.0000        11.97497       -999.0000    
  12.11       4.499      -.2000        3.226898       -999.0000        7.568032       -999.0000    
  12.11       4.972      -.2000        1.946918       -999.0000        4.585241       -999.0000    
  12.11       5.495      -.2000        1.113840       -999.0000        2.641575       -999.0000    
  12.11       6.073      -.2000       0.5974687       -999.0000        1.431288       -999.0000    
  12.11       6.711      -.2000       0.2965059       -999.0000       0.7203326       -999.0000    
  12.11       7.417      -.2000       0.1332055       -999.0000       0.3296923       -999.0000    
  12.11       8.197      -.2000       0.5281700E-01   -999.0000       0.1339110       -999.0000    
  12.11       9.059      -.2000       0.1779091E-01   -999.0000       0.4653036E-01   -999.0000    
  12.11      0.9106E-01  -.1000        13175.95       -999.0000        18954.67       -999.0000    
  12.11      0.1006      -.1000        11542.50       -999.0000        17398.14       -999.0000    
  12.11      0.1112      -.1000        10093.24       -999.0000        15882.99       -999.0000    
  12.11      0.1229      -.1000        8817.335       -999.0000        14434.65       -999.0000    
  12.11      0.1358      -.1000        7695.614       -999.0000        13064.29       -999.0000    
  12.11      0.1501      -.1000        6704.948       -999.0000        11771.24       -999.0000    
  12.11      0.1659      -.1000        5833.850       -999.0000        10563.94       -999.0000    
  12.11      0.1834      -.1000        5066.809       -999.0000        9441.259       -999.0000    
  12.11      0.2027      -.1000        4394.868       -999.0000        8407.642       -999.0000    
  12.11      0.2240      -.1000        3806.149       -999.0000        7459.984       -999.0000    
  12.11      0.2475      -.1000        3290.865       -999.0000        6595.358       -999.0000    
  12.11      0.2736      -.1000        2837.548       -999.0000        5805.096       -999.0000    
  12.11      0.3023      -.1000        2443.176       -999.0000        5093.055       -999.0000    
  12.11      0.3341      -.1000        2097.812       -999.0000        4449.124       -999.0000    
  12.11      0.3693      -.1000        1796.237       -999.0000        3869.968       -999.0000    
  12.11      0.4081      -.1000        1534.372       -999.0000        3353.245       -999.0000    
  12.11      0.4510      -.1000        1306.610       -999.0000        2892.539       -999.0000    
  12.11      0.4985      -.1000        1108.670       -999.0000        2482.966       -999.0000    
  12.11      0.5509      -.1000        937.6345       -999.0000        2121.668       -999.0000    
  12.11      0.6088      -.1000        789.8954       -999.0000        1803.691       -999.0000    
  12.11      0.6729      -.1000        662.3785       -999.0000        1524.566       -999.0000    
  12.11      0.7436      -.1000        553.0283       -999.0000        1281.564       -999.0000    
  12.11      0.8218      -.1000        459.2714       -999.0000        1070.603       -999.0000    
  12.11      0.9083      -.1000        379.1793       -999.0000        888.0492       -999.0000    
  12.11       1.004      -.1000        311.0324       -999.0000        731.1322       -999.0000    
  12.11       1.109      -.1000        253.7329       -999.0000        598.0592       -999.0000    
  12.11       1.226      -.1000        205.0579       -999.0000        484.2037       -999.0000    
  12.11       1.355      -.1000        164.4103       -999.0000        388.5787       -999.0000    
  12.11       1.497      -.1000        130.7032       -999.0000        308.9469       -999.0000    
  12.11       1.655      -.1000        102.6585       -999.0000        242.5093       -999.0000    
  12.11       1.829      -.1000        79.77288       -999.0000        188.2523       -999.0000    
  12.11       2.021      -.1000        61.21742       -999.0000        144.2000       -999.0000    
  12.11       2.234      -.1000        46.25383       -999.0000        108.7085       -999.0000    
  12.11       2.469      -.1000        34.40306       -999.0000        80.65427       -999.0000    
  12.11       2.729      -.1000        25.11662       -999.0000        58.73069       -999.0000    
  12.11       3.016      -.1000        17.96631       -999.0000        41.91564       -999.0000    
  12.11       3.333      -.1000        12.55637       -999.0000        29.24011       -999.0000    
  12.11       3.683      -.1000        8.545249       -999.0000        19.87923       -999.0000    
  12.11       4.071      -.1000        5.629408       -999.0000        13.09951       -999.0000    
  12.11       4.499      -.1000        3.579172       -999.0000        8.344467       -999.0000    
  12.11       4.972      -.1000        2.179657       -999.0000        5.102550       -999.0000    
  12.11       5.495      -.1000        1.260879       -999.0000        2.971731       -999.0000    
  12.11       6.073      -.1000       0.6854392       -999.0000        1.631622       -999.0000    
  12.11       6.711      -.1000       0.3457114       -999.0000       0.8342403       -999.0000    
  12.11       7.417      -.1000       0.1584602       -999.0000       0.3893715       -999.0000    
  12.11       8.197      -.1000       0.6445027E-01   -999.0000       0.1621249       -999.0000    
  12.11       9.059      -.1000       0.2244797E-01   -999.0000       0.5819341E-01   -999.0000    
  12.11      0.9106E-01   0.000        13348.08       -999.0000        19128.37       -999.0000    
  12.11      0.1006       0.000        11693.78       -999.0000        17562.44       -999.0000    
  12.11      0.1112       0.000        10225.97       -999.0000        16037.17       -999.0000    
  12.11      0.1229       0.000        8933.700       -999.0000        14578.24       -999.0000    
  12.11      0.1358       0.000        7797.555       -999.0000        13197.06       -999.0000    
  12.11      0.1501       0.000        6794.108       -999.0000        11893.25       -999.0000    
  12.11      0.1659       0.000        5911.737       -999.0000        10675.51       -999.0000    
  12.11      0.1834       0.000        5134.753       -999.0000        9542.725       -999.0000    
  12.11      0.2027       0.000        4454.086       -999.0000        8499.490       -999.0000    
  12.11      0.2240       0.000        3857.709       -999.0000        7542.783       -999.0000    
  12.11      0.2475       0.000        3335.703       -999.0000        6669.707       -999.0000    
  12.11      0.2736       0.000        2876.445       -999.0000        5871.526       -999.0000    
  12.11      0.3023       0.000        2476.877       -999.0000        5152.194       -999.0000    
  12.11      0.3341       0.000        2126.951       -999.0000        4501.550       -999.0000    
  12.11      0.3693       0.000        1821.384       -999.0000        3916.244       -999.0000    
  12.11      0.4081       0.000        1556.043       -999.0000        3393.952       -999.0000    
  12.11      0.4510       0.000        1325.254       -999.0000        2928.216       -999.0000    
  12.11      0.4985       0.000        1124.668       -999.0000        2514.096       -999.0000    
  12.11      0.5509       0.000        951.3233       -999.0000        2148.711       -999.0000    
  12.11      0.6088       0.000        801.5743       -999.0000        1827.075       -999.0000    
  12.11      0.6729       0.000        672.3067       -999.0000        1545.004       -999.0000    
  12.11      0.7436       0.000        561.4363       -999.0000        1299.081       -999.0000    
  12.11      0.8218       0.000        466.3696       -999.0000        1085.343       -999.0000    
  12.11      0.9083       0.000        385.1540       -999.0000        900.5569       -999.0000    
  12.11       1.004       0.000        316.0335       -999.0000        741.6783       -999.0000    
  12.11       1.109       0.000        257.9105       -999.0000        606.9142       -999.0000    
  12.11       1.226       0.000        208.5252       -999.0000        491.5863       -999.0000    
  12.11       1.355       0.000        167.2678       -999.0000        394.6886       -999.0000    
  12.11       1.497       0.000        133.0444       -999.0000        313.9676       -999.0000    
  12.11       1.655       0.000        104.5688       -999.0000        246.6761       -999.0000    
  12.11       1.829       0.000        81.31689       -999.0000        191.5760       -999.0000    
  12.11       2.021       0.000        62.45427       -999.0000        146.8642       -999.0000    
  12.11       2.234       0.000        47.23435       -999.0000        110.8215       -999.0000    
  12.11       2.469       0.000        35.16739       -999.0000        82.30352       -999.0000    
  12.11       2.729       0.000        25.70721       -999.0000        60.00844       -999.0000    
  12.11       3.016       0.000        18.41716       -999.0000        42.88925       -999.0000    
  12.11       3.333       0.000        12.89363       -999.0000        29.96922       -999.0000    
  12.11       3.683       0.000        8.791616       -999.0000        20.41377       -999.0000    
  12.11       4.071       0.000        5.804846       -999.0000        13.48144       -999.0000    
  12.11       4.499       0.000        3.700498       -999.0000        8.610319       -999.0000    
  12.11       4.972       0.000        2.260364       -999.0000        5.281031       -999.0000    
  12.11       5.495       0.000        1.312546       -999.0000        3.087100       -999.0000    
  12.11       6.073       0.000       0.7166658       -999.0000        1.702294       -999.0000    
  12.11       6.711       0.000       0.3633026       -999.0000       0.8747529       -999.0000    
  12.11       7.417       0.000       0.1676190       -999.0000       0.4109105       -999.0000    
  12.11       8.197       0.000       0.6874458E-01   -999.0000       0.1724783       -999.0000    
  12.11       9.059       0.000       0.2420046E-01   -999.0000       0.6256016E-01   -999.0000    
  12.11      0.9106E-01  0.1000        13175.95       -999.0000        18952.44       -999.0000    
  12.11      0.1006      0.1000        11542.50       -999.0000        17396.28       -999.0000    
  12.11      0.1112      0.1000        10093.24       -999.0000        15881.50       -999.0000    
  12.11      0.1229      0.1000        8817.335       -999.0000        14433.44       -999.0000    
  12.11      0.1358      0.1000        7695.614       -999.0000        13063.22       -999.0000    
  12.11      0.1501      0.1000        6704.948       -999.0000        11770.24       -999.0000    
  12.11      0.1659      0.1000        5833.850       -999.0000        10563.04       -999.0000    
  12.11      0.1834      0.1000        5066.809       -999.0000        9440.470       -999.0000    
  12.11      0.2027      0.1000        4394.868       -999.0000        8406.942       -999.0000    
  12.11      0.2240      0.1000        3806.149       -999.0000        7459.370       -999.0000    
  12.11      0.2475      0.1000        3290.865       -999.0000        6594.835       -999.0000    
  12.11      0.2736      0.1000        2837.548       -999.0000        5804.641       -999.0000    
  12.11      0.3023      0.1000        2443.176       -999.0000        5092.641       -999.0000    
  12.11      0.3341      0.1000        2097.812       -999.0000        4448.745       -999.0000    
  12.11      0.3693      0.1000        1796.237       -999.0000        3869.625       -999.0000    
  12.11      0.4081      0.1000        1534.372       -999.0000        3352.960       -999.0000    
  12.11      0.4510      0.1000        1306.610       -999.0000        2892.319       -999.0000    
  12.11      0.4985      0.1000        1108.670       -999.0000        2482.786       -999.0000    
  12.11      0.5509      0.1000        937.6345       -999.0000        2121.958       -999.0000    
  12.11      0.6088      0.1000        789.8954       -999.0000        1803.933       -999.0000    
  12.11      0.6729      0.1000        662.3785       -999.0000        1524.775       -999.0000    
  12.11      0.7436      0.1000        553.0283       -999.0000        1281.745       -999.0000    
  12.11      0.8218      0.1000        459.2714       -999.0000        1070.557       -999.0000    
  12.11      0.9083      0.1000        379.1793       -999.0000        888.0116       -999.0000    
  12.11       1.004      0.1000        311.0324       -999.0000        731.1010       -999.0000    
  12.11       1.109      0.1000        253.7329       -999.0000        598.0303       -999.0000    
  12.11       1.226      0.1000        205.0579       -999.0000        484.1791       -999.0000    
  12.11       1.355      0.1000        164.4103       -999.0000        388.5587       -999.0000    
  12.11       1.497      0.1000        130.7032       -999.0000        309.0191       -999.0000    
  12.11       1.655      0.1000        102.6585       -999.0000        242.5676       -999.0000    
  12.11       1.829      0.1000        79.77288       -999.0000        188.2514       -999.0000    
  12.11       2.021      0.1000        61.21742       -999.0000        144.2002       -999.0000    
  12.11       2.234      0.1000        46.25383       -999.0000        108.7086       -999.0000    
  12.11       2.469      0.1000        34.40306       -999.0000        80.65476       -999.0000    
  12.11       2.729      0.1000        25.11662       -999.0000        58.73309       -999.0000    
  12.11       3.016      0.1000        17.96631       -999.0000        41.91569       -999.0000    
  12.11       3.333      0.1000        12.55637       -999.0000        29.24008       -999.0000    
  12.11       3.683      0.1000        8.545249       -999.0000        19.87898       -999.0000    
  12.11       4.071      0.1000        5.629408       -999.0000        13.09916       -999.0000    
  12.11       4.499      0.1000        3.579172       -999.0000        8.344394       -999.0000    
  12.11       4.972      0.1000        2.179657       -999.0000        5.102779       -999.0000    
  12.11       5.495      0.1000        1.260879       -999.0000        2.971734       -999.0000    
  12.11       6.073      0.1000       0.6854392       -999.0000        1.631700       -999.0000    
  12.11       6.711      0.1000       0.3457114       -999.0000       0.8342586       -999.0000    
  12.11       7.417      0.1000       0.1584602       -999.0000       0.3893817       -999.0000    
  12.11       8.197      0.1000       0.6445027E-01   -999.0000       0.1621317       -999.0000    
  12.11       9.059      0.1000       0.2244797E-01   -999.0000       0.5819622E-01   -999.0000    
  12.11      0.9106E-01  0.2000        12634.05       -999.0000        18383.39       -999.0000    
  12.11      0.1006      0.2000        11066.47       -999.0000        16859.89       -999.0000    
  12.11      0.1112      0.2000        9675.761       -999.0000        15379.98       -999.0000    
  12.11      0.1229      0.2000        8451.487       -999.0000        13967.72       -999.0000    
  12.11      0.1358      0.2000        7375.222       -999.0000        12633.43       -999.0000    
  12.11      0.1501      0.2000        6424.773       -999.0000        11376.00       -999.0000    
  12.11      0.1659      0.2000        5589.117       -999.0000        10203.30       -999.0000    
  12.11      0.1834      0.2000        4853.346       -999.0000        9113.887       -999.0000    
  12.11      0.2027      0.2000        4208.856       -999.0000        8111.785       -999.0000    
  12.11      0.2240      0.2000        3644.236       -999.0000        7193.765       -999.0000    
  12.11      0.2475      0.2000        3150.127       -999.0000        6356.728       -999.0000    
  12.11      0.2736      0.2000        2715.510       -999.0000        5592.159       -999.0000    
  12.11      0.3023      0.2000        2337.455       -999.0000        4903.691       -999.0000    
  12.11      0.3341      0.2000        2006.417       -999.0000        4281.450       -999.0000    
  12.11      0.3693      0.2000        1717.395       -999.0000        3722.106       -999.0000    
  12.11      0.4081      0.2000        1466.479       -999.0000        3223.339       -999.0000    
  12.11      0.4510      0.2000        1248.297       -999.0000        2779.532       -999.0000    
  12.11      0.4985      0.2000        1058.724       -999.0000        2384.532       -999.0000    
  12.11      0.5509      0.2000        894.9488       -999.0000        2036.265       -999.0000    
  12.11      0.6088      0.2000        753.5134       -999.0000        1729.912       -999.0000    
  12.11      0.6729      0.2000        631.4709       -999.0000        1461.135       -999.0000    
  12.11      0.7436      0.2000        526.8584       -999.0000        1227.278       -999.0000    
  12.11      0.8218      0.2000        437.2015       -999.0000        1024.189       -999.0000    
  12.11      0.9083      0.2000        360.6421       -999.0000        848.7514       -999.0000    
  12.11       1.004      0.2000        295.5242       -999.0000        698.0413       -999.0000    
  12.11       1.109      0.2000        240.8069       -999.0000        570.3261       -999.0000    
  12.11       1.226      0.2000        194.3660       -999.0000        461.1543       -999.0000    
  12.11       1.355      0.2000        155.6083       -999.0000        369.6517       -999.0000    
  12.11       1.497      0.2000        123.4978       -999.0000        293.4166       -999.0000    
  12.11       1.655      0.2000        96.81924       -999.0000        229.8958       -999.0000    
  12.11       1.829      0.2000        75.07313       -999.0000        178.0416       -999.0000    
  12.11       2.021      0.2000        57.46444       -999.0000        136.0450       -999.0000    
  12.11       2.234      0.2000        43.29322       -999.0000        102.2742       -999.0000    
  12.11       2.469      0.2000        32.09446       -999.0000        75.63731       -999.0000    
  12.11       2.729      0.2000        23.34146       -999.0000        54.87477       -999.0000    
  12.11       3.016      0.2000        16.62374       -999.0000        38.99507       -999.0000    
  12.11       3.333      0.2000        11.55939       -999.0000        27.06749       -999.0000    
  12.11       3.683      0.2000        7.820240       -999.0000        18.29571       -999.0000    
  12.11       4.071      0.2000        5.116461       -999.0000        11.97474       -999.0000    
  12.11       4.499      0.2000        3.226898       -999.0000        7.567919       -999.0000    
  12.11       4.972      0.2000        1.946918       -999.0000        4.585530       -999.0000    
  12.11       5.495      0.2000        1.113840       -999.0000        2.641547       -999.0000    
  12.11       6.073      0.2000       0.5974687       -999.0000        1.431372       -999.0000    
  12.11       6.711      0.2000       0.2965059       -999.0000       0.7203555       -999.0000    
  12.11       7.417      0.2000       0.1332055       -999.0000       0.3297121       -999.0000    
  12.11       8.197      0.2000       0.5281700E-01   -999.0000       0.1339243       -999.0000    
  12.11       9.059      0.2000       0.1779091E-01   -999.0000       0.4653468E-01   -999.0000    
  12.11      0.9106E-01  0.3000        11662.94       -999.0000        17307.69       -999.0000    
  12.11      0.1006      0.3000        10213.70       -999.0000        15850.84       -999.0000    
  12.11      0.1112      0.3000        8928.151       -999.0000        14440.69       -999.0000    
  12.11      0.1229      0.3000        7796.593       -999.0000        13099.01       -999.0000    
  12.11      0.1358      0.3000        6801.973       -999.0000        11834.57       -999.0000    
  12.11      0.1501      0.3000        5923.754       -999.0000        10645.46       -999.0000    
  12.11      0.1659      0.3000        5151.714       -999.0000        9538.512       -999.0000    
  12.11      0.1834      0.3000        4472.073       -999.0000        8511.856       -999.0000    
  12.11      0.2027      0.3000        3876.867       -999.0000        7568.853       -999.0000    
  12.11      0.2240      0.3000        3355.543       -999.0000        6706.106       -999.0000    
  12.11      0.2475      0.3000        2899.408       -999.0000        5920.487       -999.0000    
  12.11      0.2736      0.3000        2498.258       -999.0000        5203.729       -999.0000    
  12.11      0.3023      0.3000        2149.401       -999.0000        4558.996       -999.0000    
  12.11      0.3341      0.3000        1844.026       -999.0000        3976.865       -999.0000    
  12.11      0.3693      0.3000        1577.494       -999.0000        3454.955       -999.0000    
  12.11      0.4081      0.3000        1346.171       -999.0000        2989.133       -999.0000    
  12.11      0.4510      0.3000        1145.080       -999.0000        2574.419       -999.0000    
  12.11      0.4985      0.3000        970.4075       -999.0000        2206.254       -999.0000    
  12.11      0.5509      0.3000        819.5580       -999.0000        1881.936       -999.0000    
  12.11      0.6088      0.3000        689.3690       -999.0000        1596.918       -999.0000    
  12.11      0.6729      0.3000        577.1043       -999.0000        1347.105       -999.0000    
  12.11      0.7436      0.3000        480.9197       -999.0000        1129.955       -999.0000    
  12.11      0.8218      0.3000        398.5368       -999.0000        941.5631       -999.0000    
  12.11      0.9083      0.3000        328.2498       -999.0000        779.0067       -999.0000    
  12.11       1.004      0.3000        268.5299       -999.0000        639.5375       -999.0000    
  12.11       1.109      0.3000        218.3987       -999.0000        521.4998       -999.0000    
  12.11       1.226      0.3000        175.8853       -999.0000        420.8618       -999.0000    
  12.11       1.355      0.3000        140.4579       -999.0000        336.4088       -999.0000    
  12.11       1.497      0.3000        111.1648       -999.0000        266.2902       -999.0000    
  12.11       1.655      0.3000        86.87048       -999.0000        207.9806       -999.0000    
  12.11       1.829      0.3000        67.10826       -999.0000        160.4855       -999.0000    
  12.11       2.021      0.3000        51.15136       -999.0000        122.1264       -999.0000    
  12.11       2.234      0.3000        38.35206       -999.0000        91.38183       -999.0000    
  12.11       2.469      0.3000        28.27151       -999.0000        67.21233       -999.0000    
  12.11       2.729      0.3000        20.42889       -999.0000        48.45724       -999.0000    
  12.11       3.016      0.3000        14.44242       -999.0000        34.18724       -999.0000    
  12.11       3.333      0.3000        9.955973       -999.0000        23.53054       -999.0000    
  12.11       3.683      0.3000        6.668538       -999.0000        15.75009       -999.0000    
  12.11       4.071      0.3000        4.312639       -999.0000        10.19154       -999.0000    
  12.11       4.499      0.3000        2.683051       -999.0000        6.355114       -999.0000    
  12.11       4.972      0.3000        1.592948       -999.0000        3.790182       -999.0000    
  12.11       5.495      0.3000       0.8939042       -999.0000        2.142391       -999.0000    
  12.11       6.073      0.3000       0.4685949       -999.0000        1.135074       -999.0000    
  12.11       6.711      0.3000       0.2260200       -999.0000       0.5555216       -999.0000    
  12.11       7.417      0.3000       0.9800719E-01   -999.0000       0.2456203       -999.0000    
  12.11       8.197      0.3000       0.3712970E-01   -999.0000       0.9544154E-01   -999.0000    
  12.11       9.059      0.3000       0.1176700E-01   -999.0000       0.3125536E-01   -999.0000    
  12.11      0.9106E-01  0.4000        10218.81       -999.0000        15598.33       -999.0000    
  12.11      0.1006      0.4000        8946.205       -999.0000        14256.74       -999.0000    
  12.11      0.1112      0.4000        7817.523       -999.0000        12964.45       -999.0000    
  12.11      0.1229      0.4000        6824.236       -999.0000        11739.85       -999.0000    
  12.11      0.1358      0.4000        5951.335       -999.0000        10589.67       -999.0000    
  12.11      0.1501      0.4000        5180.735       -999.0000        9511.266       -999.0000    
  12.11      0.1659      0.4000        4503.443       -999.0000        8510.027       -999.0000    
  12.11      0.1834      0.4000        3907.374       -999.0000        7583.519       -999.0000    
  12.11      0.2027      0.4000        3385.551       -999.0000        6734.198       -999.0000    
  12.11      0.2240      0.4000        2928.660       -999.0000        5958.629       -999.0000    
  12.11      0.2475      0.4000        2529.023       -999.0000        5253.640       -999.0000    
  12.11      0.2736      0.4000        2177.669       -999.0000        4612.787       -999.0000    
  12.11      0.3023      0.4000        1872.220       -999.0000        4035.933       -999.0000    
  12.11      0.3341      0.4000        1604.950       -999.0000        3515.865       -999.0000    
  12.11      0.3693      0.4000        1371.778       -999.0000        3049.492       -999.0000    
  12.11      0.4081      0.4000        1169.506       -999.0000        2634.596       -999.0000    
  12.11      0.4510      0.4000        993.7639       -999.0000        2265.720       -999.0000    
  12.11      0.4985      0.4000        841.1979       -999.0000        1938.686       -999.0000    
  12.11      0.5509      0.4000        709.5204       -999.0000        1650.983       -999.0000    
  12.11      0.6088      0.4000        595.9453       -999.0000        1398.487       -999.0000    
  12.11      0.6729      0.4000        498.1034       -999.0000        1177.508       -999.0000    
  12.11      0.7436      0.4000        414.3614       -999.0000        985.7129       -999.0000    
  12.11      0.8218      0.4000        342.7028       -999.0000        819.5695       -999.0000    
  12.11      0.9083      0.4000        281.6310       -999.0000        676.4398       -999.0000    
  12.11       1.004      0.4000        229.8042       -999.0000        553.8479       -999.0000    
  12.11       1.109      0.4000        186.3764       -999.0000        450.4546       -999.0000    
  12.11       1.226      0.4000        149.6251       -999.0000        362.2431       -999.0000    
  12.11       1.355      0.4000        119.0564       -999.0000        288.4993       -999.0000    
  12.11       1.497      0.4000        93.83904       -999.0000        227.4312       -999.0000    
  12.11       1.655      0.4000        72.98507       -999.0000        176.8049       -999.0000    
  12.11       1.829      0.4000        56.08262       -999.0000        135.7173       -999.0000    
  12.11       2.021      0.4000        42.48936       -999.0000        102.6664       -999.0000    
  12.11       2.234      0.4000        31.63342       -999.0000        76.29412       -999.0000    
  12.11       2.469      0.4000        23.13188       -999.0000        55.67725       -999.0000    
  12.11       2.729      0.4000        16.56024       -999.0000        39.77806       -999.0000    
  12.11       3.016      0.4000        11.58204       -999.0000        27.76992       -999.0000    
  12.11       3.333      0.4000        7.885781       -999.0000        18.88423       -999.0000    
  12.11       3.683      0.4000        5.206110       -999.0000        12.46302       -999.0000    
  12.11       4.071      0.4000        3.309799       -999.0000        7.930340       -999.0000    
  12.11       4.499      0.4000        2.018286       -999.0000        4.848736       -999.0000    
  12.11       4.972      0.4000        1.170148       -999.0000        2.825156       -999.0000    
  12.11       5.495      0.4000       0.6380540       -999.0000        1.552625       -999.0000    
  12.11       6.073      0.4000       0.3230187       -999.0000       0.7949969       -999.0000    
  12.11       6.711      0.4000       0.1492145       -999.0000       0.3730267       -999.0000    
  12.11       7.417      0.4000       0.6124224E-01   -999.0000       0.1563311       -999.0000    
  12.11       8.197      0.4000       0.2157973E-01   -999.0000       0.5661598E-01   -999.0000    
  12.11       9.059      0.4000       0.6202183E-02   -999.0000       0.1687036E-01   -999.0000    
  13.31      0.9106E-01  -.2000        5741.735       -999.0000        8727.132       -999.0000    
  13.31      0.1006      -.2000        5029.351       -999.0000        7982.086       -999.0000    
  13.31      0.1112      -.2000        4397.357       -999.0000        7263.962       -999.0000    
  13.31      0.1229      -.2000        3840.999       -999.0000        6583.026       -999.0000    
  13.31      0.1358      -.2000        3351.895       -999.0000        5943.084       -999.0000    
  13.31      0.1501      -.2000        2919.962       -999.0000        5342.674       -999.0000    
  13.31      0.1659      -.2000        2540.193       -999.0000        4784.857       -999.0000    
  13.31      0.1834      -.2000        2205.819       -999.0000        4268.350       -999.0000    
  13.31      0.2027      -.2000        1912.931       -999.0000        3794.567       -999.0000    
  13.31      0.2240      -.2000        1656.344       -999.0000        3361.604       -999.0000    
  13.31      0.2475      -.2000        1431.792       -999.0000        2967.734       -999.0000    
  13.31      0.2736      -.2000        1234.266       -999.0000        2608.681       -999.0000    
  13.31      0.3023      -.2000        1062.444       -999.0000        2285.900       -999.0000    
  13.31      0.3341      -.2000        912.0001       -999.0000        1994.619       -999.0000    
  13.31      0.3693      -.2000        780.6555       -999.0000        1733.124       -999.0000    
  13.31      0.4081      -.2000        666.6272       -999.0000        1500.228       -999.0000    
  13.31      0.4510      -.2000        567.4680       -999.0000        1292.896       -999.0000    
  13.31      0.4985      -.2000        481.3010       -999.0000        1108.825       -999.0000    
  13.31      0.5509      -.2000        406.8504       -999.0000        946.6479       -999.0000    
  13.31      0.6088      -.2000        342.5528       -999.0000        804.0797       -999.0000    
  13.31      0.6729      -.2000        287.0838       -999.0000        679.0926       -999.0000    
  13.31      0.7436      -.2000        239.5359       -999.0000        570.3983       -999.0000    
  13.31      0.8218      -.2000        198.7788       -999.0000        476.0270       -999.0000    
  13.31      0.9083      -.2000        163.9727       -999.0000        394.5223       -999.0000    
  13.31       1.004      -.2000        134.3722       -999.0000        324.5791       -999.0000    
  13.31       1.109      -.2000        109.4993       -999.0000        265.2578       -999.0000    
  13.31       1.226      -.2000        88.38005       -999.0000        214.5434       -999.0000    
  13.31       1.355      -.2000        70.75116       -999.0000        171.9733       -999.0000    
  13.31       1.497      -.2000        56.14640       -999.0000        136.5523       -999.0000    
  13.31       1.655      -.2000        44.01398       -999.0000        107.0345       -999.0000    
  13.31       1.829      -.2000        34.12255       -999.0000        82.92432       -999.0000    
  13.31       2.021      -.2000        26.11238       -999.0000        63.40198       -999.0000    
  13.31       2.234      -.2000        19.66579       -999.0000        47.68142       -999.0000    
  13.31       2.469      -.2000        14.57181       -999.0000        35.27293       -999.0000    
  13.31       2.729      -.2000        10.59039       -999.0000        25.59400       -999.0000    
  13.31       3.016      -.2000        7.536645       -999.0000        18.18888       -999.0000    
  13.31       3.333      -.2000        5.234484       -999.0000        12.62269       -999.0000    
  13.31       3.683      -.2000        3.536401       -999.0000        8.527985       -999.0000    
  13.31       4.071      -.2000        2.309835       -999.0000        5.577101       -999.0000    
  13.31       4.499      -.2000        1.453556       -999.0000        3.519970       -999.0000    
  13.31       4.972      -.2000       0.8745415       -999.0000        2.128681       -999.0000    
  13.31       5.495      -.2000       0.4983097       -999.0000        1.222319       -999.0000    
  13.31       6.073      -.2000       0.2659212       -999.0000       0.6594563       -999.0000    
  13.31       6.711      -.2000       0.1309512       -999.0000       0.3295945       -999.0000    
  13.31       7.417      -.2000       0.5818579E-01   -999.0000       0.1493384       -999.0000    
  13.31       8.197      -.2000       0.2268044E-01   -999.0000       0.5969619E-01   -999.0000    
  13.31       9.059      -.2000       0.7437237E-02   -999.0000       0.2022066E-01   -999.0000    
  13.31      0.9106E-01  -.1000        6031.542       -999.0000        9030.750       -999.0000    
  13.31      0.1006      -.1000        5284.103       -999.0000        8268.617       -999.0000    
  13.31      0.1112      -.1000        4620.927       -999.0000        7532.175       -999.0000    
  13.31      0.1229      -.1000        4037.062       -999.0000        6832.380       -999.0000    
  13.31      0.1358      -.1000        3523.732       -999.0000        6173.481       -999.0000    
  13.31      0.1501      -.1000        3070.350       -999.0000        5554.320       -999.0000    
  13.31      0.1659      -.1000        2671.659       -999.0000        4978.261       -999.0000    
  13.31      0.1834      -.1000        2320.574       -999.0000        4444.191       -999.0000    
  13.31      0.2027      -.1000        2013.004       -999.0000        3953.766       -999.0000    
  13.31      0.2240      -.1000        1743.511       -999.0000        3505.149       -999.0000    
  13.31      0.2475      -.1000        1507.622       -999.0000        3096.637       -999.0000    
  13.31      0.2736      -.1000        1300.098       -999.0000        2723.905       -999.0000    
  13.31      0.3023      -.1000        1119.550       -999.0000        2388.563       -999.0000    
  13.31      0.3341      -.1000        961.4214       -999.0000        2085.686       -999.0000    
  13.31      0.3693      -.1000        823.3288       -999.0000        1813.569       -999.0000    
  13.31      0.4081      -.1000        703.4110       -999.0000        1571.028       -999.0000    
  13.31      0.4510      -.1000        599.1064       -999.0000        1354.972       -999.0000    
  13.31      0.4985      -.1000        508.4489       -999.0000        1163.029       -999.0000    
  13.31      0.5509      -.1000        430.1022       -999.0000        993.8067       -999.0000    
  13.31      0.6088      -.1000        362.4172       -999.0000        844.9440       -999.0000    
  13.31      0.6729      -.1000        303.9854       -999.0000        714.3133       -999.0000    
  13.31      0.7436      -.1000        253.8672       -999.0000        600.6134       -999.0000    
  13.31      0.8218      -.1000        210.8891       -999.0000        501.8294       -999.0000    
  13.31      0.9083      -.1000        174.1694       -999.0000        416.5195       -999.0000    
  13.31       1.004      -.1000        142.9163       -999.0000        343.1024       -999.0000    
  13.31       1.109      -.1000        116.6269       -999.0000        280.8212       -999.0000    
  13.31       1.226      -.1000        94.28865       -999.0000        227.5178       -999.0000    
  13.31       1.355      -.1000        75.62839       -999.0000        182.7318       -999.0000    
  13.31       1.497      -.1000        60.14711       -999.0000        145.4109       -999.0000    
  13.31       1.655      -.1000        47.26306       -999.0000        114.2527       -999.0000    
  13.31       1.829      -.1000        36.74332       -999.0000        88.78373       -999.0000    
  13.31       2.021      -.1000        28.20842       -999.0000        68.08237       -999.0000    
  13.31       2.234      -.1000        21.32066       -999.0000        51.38143       -999.0000    
  13.31       2.469      -.1000        15.86272       -999.0000        38.16420       -999.0000    
  13.31       2.729      -.1000        11.58380       -999.0000        27.82273       -999.0000    
  13.31       3.016      -.1000        8.288377       -999.0000        19.87860       -999.0000    
  13.31       3.333      -.1000        5.792618       -999.0000        13.88022       -999.0000    
  13.31       3.683      -.1000        3.941823       -999.0000        9.444413       -999.0000    
  13.31       4.071      -.1000        2.595959       -999.0000        6.226954       -999.0000    
  13.31       4.499      -.1000        1.649281       -999.0000        3.967233       -999.0000    
  13.31       4.972      -.1000        1.003378       -999.0000        2.425426       -999.0000    
  13.31       5.495      -.1000       0.5792499       -999.0000        1.410807       -999.0000    
  13.31       6.073      -.1000       0.3140010       -999.0000       0.7729889       -999.0000    
  13.31       6.711      -.1000       0.1575805       -999.0000       0.3935868       -999.0000    
  13.31       7.417      -.1000       0.7165561E-01   -999.0000       0.1823817       -999.0000    
  13.31       8.197      -.1000       0.2877283E-01   -999.0000       0.7504612E-01   -999.0000    
  13.31       9.059      -.1000       0.9814647E-02   -999.0000       0.2640896E-01   -999.0000    
  13.31      0.9106E-01   0.000        6121.408       -999.0000        9118.626       -999.0000    
  13.31      0.1006       0.000        5363.131       -999.0000        8352.133       -999.0000    
  13.31      0.1112       0.000        4690.294       -999.0000        7610.810       -999.0000    
  13.31      0.1229       0.000        4097.882       -999.0000        6905.852       -999.0000    
  13.31      0.1358       0.000        3577.033       -999.0000        6241.681       -999.0000    
  13.31      0.1501       0.000        3117.010       -999.0000        5617.224       -999.0000    
  13.31      0.1659       0.000        2712.484       -999.0000        5035.956       -999.0000    
  13.31      0.1834       0.000        2356.253       -999.0000        4496.831       -999.0000    
  13.31      0.2027       0.000        2044.162       -999.0000        4001.582       -999.0000    
  13.31      0.2240       0.000        1770.693       -999.0000        3548.389       -999.0000    
  13.31      0.2475       0.000        1531.302       -999.0000        3135.584       -999.0000    
  13.31      0.2736       0.000        1320.668       -999.0000        2758.810       -999.0000    
  13.31      0.3023       0.000        1137.403       -999.0000        2419.729       -999.0000    
  13.31      0.3341       0.000        976.8945       -999.0000        2113.395       -999.0000    
  13.31      0.3693       0.000        836.7172       -999.0000        1838.125       -999.0000    
  13.31      0.4081       0.000        714.9743       -999.0000        1592.711       -999.0000    
  13.31      0.4510       0.000        609.0628       -999.0000        1374.036       -999.0000    
  13.31      0.4985       0.000        516.9899       -999.0000        1179.719       -999.0000    
  13.31      0.5509       0.000        437.4219       -999.0000        1008.357       -999.0000    
  13.31      0.6088       0.000        368.6792       -999.0000        857.5788       -999.0000    
  13.31      0.6729       0.000        309.3260       -999.0000        725.2383       -999.0000    
  13.31      0.7436       0.000        258.4090       -999.0000        610.1369       -999.0000    
  13.31      0.8218       0.000        214.7353       -999.0000        509.9825       -999.0000    
  13.31      0.9083       0.000        177.4121       -999.0000        423.3882       -999.0000    
  13.31       1.004       0.000        145.6410       -999.0000        348.9230       -999.0000    
  13.31       1.109       0.000        118.9138       -999.0000        285.7386       -999.0000    
  13.31       1.226       0.000        96.19185       -999.0000        231.6375       -999.0000    
  13.31       1.355       0.000        77.20315       -999.0000        186.1585       -999.0000    
  13.31       1.497       0.000        61.44620       -999.0000        148.2477       -999.0000    
  13.31       1.655       0.000        48.32387       -999.0000        116.6083       -999.0000    
  13.31       1.829       0.000        37.59803       -999.0000        90.66944       -999.0000    
  13.31       2.021       0.000        28.89555       -999.0000        69.60192       -999.0000    
  13.31       2.234       0.000        21.86764       -999.0000        52.59368       -999.0000    
  13.31       2.469       0.000        16.29208       -999.0000        39.11743       -999.0000    
  13.31       2.729       0.000        11.91712       -999.0000        28.56356       -999.0000    
  13.31       3.016       0.000        8.542041       -999.0000        20.44405       -999.0000    
  13.31       3.333       0.000        5.981978       -999.0000        14.30374       -999.0000    
  13.31       3.683       0.000        4.080276       -999.0000        9.755333       -999.0000    
  13.31       4.071       0.000        2.694820       -999.0000        6.449810       -999.0000    
  13.31       4.499       0.000        1.717434       -999.0000        4.121997       -999.0000    
  13.31       4.972       0.000        1.048603       -999.0000        2.529044       -999.0000    
  13.31       5.495       0.000       0.6080463       -999.0000        1.477555       -999.0000    
  13.31       6.073       0.000       0.3312631       -999.0000       0.8135376       -999.0000    
  13.31       6.711       0.000       0.1672575       -999.0000       0.4166794       -999.0000    
  13.31       7.417       0.000       0.7663638E-01   -999.0000       0.1945329       -999.0000    
  13.31       8.197       0.000       0.3106482E-01   -999.0000       0.8078329E-01   -999.0000    
  13.31       9.059       0.000       0.1072810E-01   -999.0000       0.2877249E-01   -999.0000    
  13.31      0.9106E-01  0.1000        6031.542       -999.0000        9029.855       -999.0000    
  13.31      0.1006      0.1000        5284.103       -999.0000        8267.843       -999.0000    
  13.31      0.1112      0.1000        4620.927       -999.0000        7531.495       -999.0000    
  13.31      0.1229      0.1000        4037.062       -999.0000        6831.736       -999.0000    
  13.31      0.1358      0.1000        3523.732       -999.0000        6172.872       -999.0000    
  13.31      0.1501      0.1000        3070.350       -999.0000        5553.756       -999.0000    
  13.31      0.1659      0.1000        2671.659       -999.0000        4977.769       -999.0000    
  13.31      0.1834      0.1000        2320.574       -999.0000        4443.781       -999.0000    
  13.31      0.2027      0.1000        2013.004       -999.0000        3953.433       -999.0000    
  13.31      0.2240      0.1000        1743.511       -999.0000        3504.884       -999.0000    
  13.31      0.2475      0.1000        1507.622       -999.0000        3096.440       -999.0000    
  13.31      0.2736      0.1000        1300.098       -999.0000        2723.724       -999.0000    
  13.31      0.3023      0.1000        1119.550       -999.0000        2388.384       -999.0000    
  13.31      0.3341      0.1000        961.4214       -999.0000        2085.517       -999.0000    
  13.31      0.3693      0.1000        823.3288       -999.0000        1813.429       -999.0000    
  13.31      0.4081      0.1000        703.4110       -999.0000        1570.914       -999.0000    
  13.31      0.4510      0.1000        599.1064       -999.0000        1354.875       -999.0000    
  13.31      0.4985      0.1000        508.4489       -999.0000        1162.947       -999.0000    
  13.31      0.5509      0.1000        430.1022       -999.0000        993.7357       -999.0000    
  13.31      0.6088      0.1000        362.4172       -999.0000        845.0569       -999.0000    
  13.31      0.6729      0.1000        303.9854       -999.0000        714.4093       -999.0000    
  13.31      0.7436      0.1000        253.8672       -999.0000        600.6949       -999.0000    
  13.31      0.8218      0.1000        210.8891       -999.0000        501.8948       -999.0000    
  13.31      0.9083      0.1000        174.1694       -999.0000        416.4983       -999.0000    
  13.31       1.004      0.1000        142.9163       -999.0000        343.0850       -999.0000    
  13.31       1.109      0.1000        116.6269       -999.0000        280.8078       -999.0000    
  13.31       1.226      0.1000        94.28865       -999.0000        227.5085       -999.0000    
  13.31       1.355      0.1000        75.62839       -999.0000        182.7226       -999.0000    
  13.31       1.497      0.1000        60.14711       -999.0000        145.4027       -999.0000    
  13.31       1.655      0.1000        47.26306       -999.0000        114.2791       -999.0000    
  13.31       1.829      0.1000        36.74332       -999.0000        88.78313       -999.0000    
  13.31       2.021      0.1000        28.20842       -999.0000        68.08189       -999.0000    
  13.31       2.234      0.1000        21.32066       -999.0000        51.38196       -999.0000    
  13.31       2.469      0.1000        15.86272       -999.0000        38.16427       -999.0000    
  13.31       2.729      0.1000        11.58380       -999.0000        27.82282       -999.0000    
  13.31       3.016      0.1000        8.288377       -999.0000        19.87881       -999.0000    
  13.31       3.333      0.1000        5.792618       -999.0000        13.88029       -999.0000    
  13.31       3.683      0.1000        3.941823       -999.0000        9.444424       -999.0000    
  13.31       4.071      0.1000        2.595959       -999.0000        6.226911       -999.0000    
  13.31       4.499      0.1000        1.649281       -999.0000        3.967261       -999.0000    
  13.31       4.972      0.1000        1.003378       -999.0000        2.425421       -999.0000    
  13.31       5.495      0.1000       0.5792499       -999.0000        1.410898       -999.0000    
  13.31       6.073      0.1000       0.3140010       -999.0000       0.7730017       -999.0000    
  13.31       6.711      0.1000       0.1575805       -999.0000       0.3935926       -999.0000    
  13.31       7.417      0.1000       0.7165561E-01   -999.0000       0.1823897       -999.0000    
  13.31       8.197      0.1000       0.2877283E-01   -999.0000       0.7504945E-01   -999.0000    
  13.31       9.059      0.1000       0.9814647E-02   -999.0000       0.2641078E-01   -999.0000    
  13.31      0.9106E-01  0.2000        5741.735       -999.0000        8725.710       -999.0000    
  13.31      0.1006      0.2000        5029.351       -999.0000        7980.808       -999.0000    
  13.31      0.1112      0.2000        4397.357       -999.0000        7262.798       -999.0000    
  13.31      0.1229      0.2000        3840.999       -999.0000        6581.960       -999.0000    
  13.31      0.1358      0.2000        3351.895       -999.0000        5942.119       -999.0000    
  13.31      0.1501      0.2000        2919.962       -999.0000        5341.823       -999.0000    
  13.31      0.1659      0.2000        2540.193       -999.0000        4784.099       -999.0000    
  13.31      0.1834      0.2000        2205.819       -999.0000        4267.681       -999.0000    
  13.31      0.2027      0.2000        1912.931       -999.0000        3793.993       -999.0000    
  13.31      0.2240      0.2000        1656.344       -999.0000        3361.118       -999.0000    
  13.31      0.2475      0.2000        1431.792       -999.0000        2967.308       -999.0000    
  13.31      0.2736      0.2000        1234.266       -999.0000        2608.299       -999.0000    
  13.31      0.3023      0.2000        1062.444       -999.0000        2285.570       -999.0000    
  13.31      0.3341      0.2000        912.0001       -999.0000        1994.313       -999.0000    
  13.31      0.3693      0.2000        780.6555       -999.0000        1732.847       -999.0000    
  13.31      0.4081      0.2000        666.6272       -999.0000        1499.973       -999.0000    
  13.31      0.4510      0.2000        567.4680       -999.0000        1292.674       -999.0000    
  13.31      0.4985      0.2000        481.3010       -999.0000        1108.887       -999.0000    
  13.31      0.5509      0.2000        406.8504       -999.0000        946.7129       -999.0000    
  13.31      0.6088      0.2000        342.5528       -999.0000        804.1493       -999.0000    
  13.31      0.6729      0.2000        287.0838       -999.0000        679.1496       -999.0000    
  13.31      0.7436      0.2000        239.5359       -999.0000        570.4413       -999.0000    
  13.31      0.8218      0.2000        198.7788       -999.0000        476.0635       -999.0000    
  13.31      0.9083      0.2000        163.9727       -999.0000        394.5539       -999.0000    
  13.31       1.004      0.2000        134.3722       -999.0000        324.5505       -999.0000    
  13.31       1.109      0.2000        109.4993       -999.0000        265.2349       -999.0000    
  13.31       1.226      0.2000        88.38005       -999.0000        214.5226       -999.0000    
  13.31       1.355      0.2000        70.75116       -999.0000        171.9557       -999.0000    
  13.31       1.497      0.2000        56.14640       -999.0000        136.5793       -999.0000    
  13.31       1.655      0.2000        44.01398       -999.0000        107.0564       -999.0000    
  13.31       1.829      0.2000        34.12255       -999.0000        82.94260       -999.0000    
  13.31       2.021      0.2000        26.11238       -999.0000        63.40253       -999.0000    
  13.31       2.234      0.2000        19.66579       -999.0000        47.68108       -999.0000    
  13.31       2.469      0.2000        14.57181       -999.0000        35.27310       -999.0000    
  13.31       2.729      0.2000        10.59039       -999.0000        25.59435       -999.0000    
  13.31       3.016      0.2000        7.536645       -999.0000        18.18922       -999.0000    
  13.31       3.333      0.2000        5.234484       -999.0000        12.62282       -999.0000    
  13.31       3.683      0.2000        3.536401       -999.0000        8.527847       -999.0000    
  13.31       4.071      0.2000        2.309835       -999.0000        5.577083       -999.0000    
  13.31       4.499      0.2000        1.453556       -999.0000        3.519907       -999.0000    
  13.31       4.972      0.2000       0.8745415       -999.0000        2.128489       -999.0000    
  13.31       5.495      0.2000       0.4983097       -999.0000        1.222340       -999.0000    
  13.31       6.073      0.2000       0.2659212       -999.0000       0.6594586       -999.0000    
  13.31       6.711      0.2000       0.1309512       -999.0000       0.3296214       -999.0000    
  13.31       7.417      0.2000       0.5818579E-01   -999.0000       0.1493465       -999.0000    
  13.31       8.197      0.2000       0.2268044E-01   -999.0000       0.5970043E-01   -999.0000    
  13.31       9.059      0.2000       0.7437237E-02   -999.0000       0.2022204E-01   -999.0000    
  13.31      0.9106E-01  0.3000        5208.855       -999.0000        8112.401       -999.0000    
  13.31      0.1006      0.3000        4561.311       -999.0000        7406.966       -999.0000    
  13.31      0.1112      0.3000        3986.915       -999.0000        6729.763       -999.0000    
  13.31      0.1229      0.3000        3481.342       -999.0000        6089.816       -999.0000    
  13.31      0.1358      0.3000        3036.966       -999.0000        5490.141       -999.0000    
  13.31      0.1501      0.3000        2644.604       -999.0000        4928.966       -999.0000    
  13.31      0.1659      0.3000        2299.698       -999.0000        4408.765       -999.0000    
  13.31      0.1834      0.3000        1996.081       -999.0000        3928.067       -999.0000    
  13.31      0.2027      0.3000        1730.202       -999.0000        3487.922       -999.0000    
  13.31      0.2240      0.3000        1497.363       -999.0000        3086.328       -999.0000    
  13.31      0.2475      0.3000        1293.659       -999.0000        2721.527       -999.0000    
  13.31      0.2736      0.3000        1114.528       -999.0000        2389.445       -999.0000    
  13.31      0.3023      0.3000        958.7558       -999.0000        2091.337       -999.0000    
  13.31      0.3341      0.3000        822.4111       -999.0000        1822.653       -999.0000    
  13.31      0.3693      0.3000        703.4222       -999.0000        1581.751       -999.0000    
  13.31      0.4081      0.3000        600.1636       -999.0000        1367.783       -999.0000    
  13.31      0.4510      0.3000        510.4123       -999.0000        1177.199       -999.0000    
  13.31      0.4985      0.3000        432.4655       -999.0000        1008.208       -999.0000    
  13.31      0.5509      0.3000        365.1594       -999.0000        859.5031       -999.0000    
  13.31      0.6088      0.3000        307.0645       -999.0000        728.9364       -999.0000    
  13.31      0.6729      0.3000        256.9691       -999.0000        614.5901       -999.0000    
  13.31      0.7436      0.3000        214.0723       -999.0000        515.2855       -999.0000    
  13.31      0.8218      0.3000        177.3431       -999.0000        429.1988       -999.0000    
  13.31      0.9083      0.3000        146.0075       -999.0000        354.9587       -999.0000    
  13.31       1.004      0.3000        119.3854       -999.0000        291.2924       -999.0000    
  13.31       1.109      0.3000        97.04192       -999.0000        237.4328       -999.0000    
  13.31       1.226      0.3000        78.10620       -999.0000        191.4805       -999.0000    
  13.31       1.355      0.3000        62.33519       -999.0000        153.0497       -999.0000    
  13.31       1.497      0.3000        49.29174       -999.0000        121.0910       -999.0000    
  13.31       1.655      0.3000        38.48111       -999.0000        94.52663       -999.0000    
  13.31       1.829      0.3000        29.69512       -999.0000        72.89878       -999.0000    
  13.31       2.021      0.3000        22.60546       -999.0000        55.43651       -999.0000    
  13.31       2.234      0.3000        16.92270       -999.0000        41.44388       -999.0000    
  13.31       2.469      0.3000        12.45245       -999.0000        30.45069       -999.0000    
  13.31       2.729      0.3000        8.978833       -999.0000        21.92421       -999.0000    
  13.31       3.016      0.3000        6.331832       -999.0000        15.44217       -999.0000    
  13.31       3.333      0.3000        4.351977       -999.0000        10.60654       -999.0000    
  13.31       3.683      0.3000        2.904957       -999.0000        7.081163       -999.0000    
  13.31       4.071      0.3000        1.870894       -999.0000        4.567580       -999.0000    
  13.31       4.499      0.3000        1.158277       -999.0000        2.836940       -999.0000    
  13.31       4.972      0.3000       0.6836165       -999.0000        1.683411       -999.0000    
  13.31       5.495      0.3000       0.3808290       -999.0000       0.9454772       -999.0000    
  13.31       6.073      0.3000       0.1977809       -999.0000       0.4967097       -999.0000    
  13.31       6.711      0.3000       0.9421057E-01   -999.0000       0.2403375       -999.0000    
  13.31       7.417      0.3000       0.4015025E-01   -999.0000       0.1045573       -999.0000    
  13.31       8.197      0.3000       0.1482735E-01   -999.0000       0.3966035E-01   -999.0000    
  13.31       9.059      0.3000       0.4522101E-02   -999.0000       0.1251979E-01   -999.0000    
  13.31      0.9106E-01  0.4000        4408.698       -999.0000        7104.278       -999.0000    
  13.31      0.1006      0.4000        3858.966       -999.0000        6471.327       -999.0000    
  13.31      0.1112      0.4000        3371.454       -999.0000        5866.858       -999.0000    
  13.31      0.1229      0.4000        2942.501       -999.0000        5298.111       -999.0000    
  13.31      0.1358      0.4000        2565.609       -999.0000        4767.154       -999.0000    
  13.31      0.1501      0.4000        2232.954       -999.0000        4271.933       -999.0000    
  13.31      0.1659      0.4000        1940.634       -999.0000        3814.251       -999.0000    
  13.31      0.1834      0.4000        1683.403       -999.0000        3392.465       -999.0000    
  13.31      0.2027      0.4000        1458.223       -999.0000        3007.237       -999.0000    
  13.31      0.2240      0.4000        1261.071       -999.0000        2656.593       -999.0000    
  13.31      0.2475      0.4000        1088.645       -999.0000        2338.764       -999.0000    
  13.31      0.2736      0.4000        937.0804       -999.0000        2050.006       -999.0000    
  13.31      0.3023      0.4000        805.3382       -999.0000        1791.733       -999.0000    
  13.31      0.3341      0.4000        690.0898       -999.0000        1558.887       -999.0000    
  13.31      0.3693      0.4000        589.5781       -999.0000        1350.489       -999.0000    
  13.31      0.4081      0.4000        502.4146       -999.0000        1165.425       -999.0000    
  13.31      0.4510      0.4000        426.7067       -999.0000        1001.158       -999.0000    
  13.31      0.4985      0.4000        361.0005       -999.0000        855.7399       -999.0000    
  13.31      0.5509      0.4000        304.3122       -999.0000        727.9939       -999.0000    
  13.31      0.6088      0.4000        255.4392       -999.0000        616.0363       -999.0000    
  13.31      0.6729      0.4000        213.3428       -999.0000        518.1672       -999.0000    
  13.31      0.7436      0.4000        177.3274       -999.0000        433.3226       -999.0000    
  13.31      0.8218      0.4000        146.5272       -999.0000        359.9107       -999.0000    
  13.31      0.9083      0.4000        120.2953       -999.0000        296.7416       -999.0000    
  13.31       1.004      0.4000        98.05072       -999.0000        242.6967       -999.0000    
  13.31       1.109      0.4000        79.42171       -999.0000        197.0956       -999.0000    
  13.31       1.226      0.4000        63.66784       -999.0000        158.3447       -999.0000    
  13.31       1.355      0.4000        50.58003       -999.0000        125.9387       -999.0000    
  13.31       1.497      0.4000        39.79374       -999.0000        99.13151       -999.0000    
  13.31       1.655      0.4000        30.88509       -999.0000        76.93133       -999.0000    
  13.31       1.829      0.4000        23.67580       -999.0000        58.94136       -999.0000    
  13.31       2.021      0.4000        17.88731       -999.0000        44.48787       -999.0000    
  13.31       2.234      0.4000        13.27489       -999.0000        32.97636       -999.0000    
  13.31       2.469      0.4000        9.671943       -999.0000        23.99379       -999.0000    
  13.31       2.729      0.4000        6.895010       -999.0000        17.08340       -999.0000    
  13.31       3.016      0.4000        4.799049       -999.0000        11.87882       -999.0000    
  13.31       3.333      0.4000        3.248995       -999.0000        8.038961       -999.0000    
  13.31       3.683      0.4000        2.131068       -999.0000        5.275843       -999.0000    
  13.31       4.071      0.4000        1.344706       -999.0000        3.335335       -999.0000    
  13.31       4.499      0.4000       0.8127941       -999.0000        2.023390       -999.0000    
  13.31       4.972      0.4000       0.4662132       -999.0000        1.167595       -999.0000    
  13.31       5.495      0.4000       0.2509994       -999.0000       0.6342568       -999.0000    
  13.31       6.073      0.4000       0.1250349       -999.0000       0.3199343       -999.0000    
  13.31       6.711      0.4000       0.5656826E-01   -999.0000       0.1472174       -999.0000    
  13.31       7.417      0.4000       0.2256350E-01   -999.0000       0.6006886E-01   -999.0000    
  13.31       8.197      0.4000       0.7640036E-02   -999.0000       0.2093593E-01   -999.0000    
  13.31       9.059      0.4000       0.2065949E-02   -999.0000       0.5879766E-02   -999.0000    
  14.91      0.9106E-01  -.2000        1970.416       -999.0000        3166.339       -999.0000    
  14.91      0.1006      -.2000        1725.897       -999.0000        2886.625       -999.0000    
  14.91      0.1112      -.2000        1508.963       -999.0000        2619.334       -999.0000    
  14.91      0.1229      -.2000        1317.989       -999.0000        2367.698       -999.0000    
  14.91      0.1358      -.2000        1150.101       -999.0000        2132.635       -999.0000    
  14.91      0.1501      -.2000        1001.834       -999.0000        1913.215       -999.0000    
  14.91      0.1659      -.2000        871.4756       -999.0000        1710.284       -999.0000    
  14.91      0.1834      -.2000        756.7160       -999.0000        1523.128       -999.0000    
  14.91      0.2027      -.2000        656.2067       -999.0000        1352.063       -999.0000    
  14.91      0.2240      -.2000        568.1610       -999.0000        1196.215       -999.0000    
  14.91      0.2475      -.2000        491.1079       -999.0000        1054.798       -999.0000    
  14.91      0.2736      -.2000        423.3293       -999.0000        926.1763       -999.0000    
  14.91      0.3023      -.2000        364.3745       -999.0000        810.8044       -999.0000    
  14.91      0.3341      -.2000        312.7567       -999.0000        706.8816       -999.0000    
  14.91      0.3693      -.2000        267.6926       -999.0000        613.7419       -999.0000    
  14.91      0.4081      -.2000        228.5701       -999.0000        530.9057       -999.0000    
  14.91      0.4510      -.2000        194.5508       -999.0000        457.2629       -999.0000    
  14.91      0.4985      -.2000        164.9904       -999.0000        391.9558       -999.0000    
  14.91      0.5509      -.2000        139.4496       -999.0000        334.4720       -999.0000    
  14.91      0.6088      -.2000        117.3933       -999.0000        283.9868       -999.0000    
  14.91      0.6729      -.2000        98.36894       -999.0000        239.7710       -999.0000    
  14.91      0.7436      -.2000        82.06291       -999.0000        201.3490       -999.0000    
  14.91      0.8218      -.2000        68.08631       -999.0000        168.0080       -999.0000    
  14.91      0.9083      -.2000        56.15165       -999.0000        139.2430       -999.0000    
  14.91       1.004      -.2000        46.00082       -999.0000        114.5258       -999.0000    
  14.91       1.109      -.2000        37.47013       -999.0000        93.58538       -999.0000    
  14.91       1.226      -.2000        30.23169       -999.0000        75.69047       -999.0000    
  14.91       1.355      -.2000        24.19167       -999.0000        60.67286       -999.0000    
  14.91       1.497      -.2000        19.18627       -999.0000        48.17464       -999.0000    
  14.91       1.655      -.2000        15.02854       -999.0000        37.75691       -999.0000    
  14.91       1.829      -.2000        11.64047       -999.0000        29.24842       -999.0000    
  14.91       2.021      -.2000        8.898285       -999.0000        22.35773       -999.0000    
  14.91       2.234      -.2000        6.692320       -999.0000        16.80709       -999.0000    
  14.91       2.469      -.2000        4.950063       -999.0000        12.42497       -999.0000    
  14.91       2.729      -.2000        3.589690       -999.0000        9.006567       -999.0000    
  14.91       3.016      -.2000        2.547677       -999.0000        6.391606       -999.0000    
  14.91       3.333      -.2000        1.763618       -999.0000        4.426737       -999.0000    
  14.91       3.683      -.2000        1.186443       -999.0000        2.982182       -999.0000    
  14.91       4.071      -.2000       0.7708839       -999.0000        1.942911       -999.0000    
  14.91       4.499      -.2000       0.4818164       -999.0000        1.219738       -999.0000    
  14.91       4.972      -.2000       0.2874037       -999.0000       0.7323334       -999.0000    
  14.91       5.495      -.2000       0.1619994       -999.0000       0.4165875       -999.0000    
  14.91       6.073      -.2000       0.8519664E-01   -999.0000       0.2218431       -999.0000    
  14.91       6.711      -.2000       0.4114742E-01   -999.0000       0.1089067       -999.0000    
  14.91       7.417      -.2000       0.1779549E-01   -999.0000       0.4811262E-01   -999.0000    
  14.91       8.197      -.2000       0.6677310E-02   -999.0000       0.1854992E-01   -999.0000    
  14.91       9.059      -.2000       0.2070553E-02   -999.0000       0.5955255E-02   -999.0000    
  14.91      0.9106E-01  -.1000        2095.780       -999.0000        3297.427       -999.0000    
  14.91      0.1006      -.1000        1836.178       -999.0000        3010.643       -999.0000    
  14.91      0.1112      -.1000        1605.832       -999.0000        2735.702       -999.0000    
  14.91      0.1229      -.1000        1403.025       -999.0000        2476.123       -999.0000    
  14.91      0.1358      -.1000        1224.713       -999.0000        2233.043       -999.0000    
  14.91      0.1501      -.1000        1067.221       -999.0000        2005.679       -999.0000    
  14.91      0.1659      -.1000        928.7226       -999.0000        1794.983       -999.0000    
  14.91      0.1834      -.1000        806.7560       -999.0000        1600.320       -999.0000    
  14.91      0.2027      -.1000        699.9002       -999.0000        1422.095       -999.0000    
  14.91      0.2240      -.1000        606.2674       -999.0000        1259.495       -999.0000    
  14.91      0.2475      -.1000        524.3039       -999.0000        1111.763       -999.0000    
  14.91      0.2736      -.1000        452.1897       -999.0000        977.2274       -999.0000    
  14.91      0.3023      -.1000        389.4466       -999.0000        856.3987       -999.0000    
  14.91      0.3341      -.1000        334.4929       -999.0000        747.4351       -999.0000    
  14.91      0.3693      -.1000        286.4986       -999.0000        649.6695       -999.0000    
  14.91      0.4081      -.1000        244.8138       -999.0000        562.6279       -999.0000    
  14.91      0.4510      -.1000        208.5459       -999.0000        485.1606       -999.0000    
  14.91      0.4985      -.1000        177.0176       -999.0000        416.3882       -999.0000    
  14.91      0.5509      -.1000        149.7667       -999.0000        355.7933       -999.0000    
  14.91      0.6088      -.1000        126.2255       -999.0000        302.5271       -999.0000    
  14.91      0.6729      -.1000        105.9019       -999.0000        255.8092       -999.0000    
  14.91      0.7436      -.1000        88.46579       -999.0000        215.1550       -999.0000    
  14.91      0.8218      -.1000        73.50838       -999.0000        179.8344       -999.0000    
  14.91      0.9083      -.1000        60.72526       -999.0000        149.3054       -999.0000    
  14.91       1.004      -.1000        49.84385       -999.0000        123.0808       -999.0000    
  14.91       1.109      -.1000        40.68958       -999.0000        100.8083       -999.0000    
  14.91       1.226      -.1000        32.90614       -999.0000        81.73608       -999.0000    
  14.91       1.355      -.1000        26.39936       -999.0000        65.69829       -999.0000    
  14.91       1.497      -.1000        21.00071       -999.0000        52.32698       -999.0000    
  14.91       1.655      -.1000        16.50641       -999.0000        41.15504       -999.0000    
  14.91       1.829      -.1000        12.83349       -999.0000        32.00303       -999.0000    
  14.91       2.021      -.1000        9.852453       -999.0000        24.57016       -999.0000    
  14.91       2.234      -.1000        7.445840       -999.0000        18.56062       -999.0000    
  14.91       2.469      -.1000        5.538296       -999.0000        13.79813       -999.0000    
  14.91       2.729      -.1000        4.041753       -999.0000        10.06499       -999.0000    
  14.91       3.016      -.1000        2.889265       -999.0000        7.194003       -999.0000    
  14.91       3.333      -.1000        2.016138       -999.0000        5.022221       -999.0000    
  14.91       3.683      -.1000        1.368979       -999.0000        3.414822       -999.0000    
  14.91       4.071      -.1000       0.8989598       -999.0000        2.248156       -999.0000    
  14.91       4.499      -.1000       0.5687148       -999.0000        1.428309       -999.0000    
  14.91       4.972      -.1000       0.3440774       -999.0000       0.8695988       -999.0000    
  14.91       5.495      -.1000       0.1971168       -999.0000       0.5026525       -999.0000    
  14.91       6.073      -.1000       0.1056949       -999.0000       0.2727949       -999.0000    
  14.91       6.711      -.1000       0.5225575E-01   -999.0000       0.1370148       -999.0000    
  14.91       7.417      -.1000       0.2326591E-01   -999.0000       0.6226171E-01   -999.0000    
  14.91       8.197      -.1000       0.9062263E-02   -999.0000       0.2488993E-01   -999.0000    
  14.91       9.059      -.1000       0.2953484E-02   -999.0000       0.8386781E-02   -999.0000    
  14.91      0.9106E-01   0.000        2133.460       -999.0000        3331.996       -999.0000    
  14.91      0.1006       0.000        1869.366       -999.0000        3043.787       -999.0000    
  14.91      0.1112       0.000        1635.025       -999.0000        2767.146       -999.0000    
  14.91      0.1229       0.000        1428.686       -999.0000        2505.712       -999.0000    
  14.91      0.1358       0.000        1247.254       -999.0000        2260.692       -999.0000    
  14.91      0.1501       0.000        1086.991       -999.0000        2031.355       -999.0000    
  14.91      0.1659       0.000        946.0429       -999.0000        1818.701       -999.0000    
  14.91      0.1834       0.000        821.9089       -999.0000        1622.109       -999.0000    
  14.91      0.2027       0.000        713.1428       -999.0000        1442.021       -999.0000    
  14.91      0.2240       0.000        617.8283       -999.0000        1277.620       -999.0000    
  14.91      0.2475       0.000        534.3993       -999.0000        1128.172       -999.0000    
  14.91      0.2736       0.000        460.9894       -999.0000        992.0118       -999.0000    
  14.91      0.3023       0.000        397.1038       -999.0000        869.6696       -999.0000    
  14.91      0.3341       0.000        341.1348       -999.0000        759.2915       -999.0000    
  14.91      0.3693       0.000        292.2476       -999.0000        660.2185       -999.0000    
  14.91      0.4081       0.000        249.7875       -999.0000        571.9841       -999.0000    
  14.91      0.4510       0.000        212.8483       -999.0000        493.4311       -999.0000    
  14.91      0.4985       0.000        180.7340       -999.0000        423.6780       -999.0000    
  14.91      0.5509       0.000        152.9711       -999.0000        362.2008       -999.0000    
  14.91      0.6088       0.000        128.9760       -999.0000        308.1251       -999.0000    
  14.91      0.6729       0.000        108.2514       -999.0000        260.6699       -999.0000    
  14.91      0.7436       0.000        90.46999       -999.0000        219.3615       -999.0000    
  14.91      0.8218       0.000        75.21483       -999.0000        183.4967       -999.0000    
  14.91      0.9083       0.000        62.17315       -999.0000        152.4487       -999.0000    
  14.91       1.004       0.000        51.06441       -999.0000        125.7390       -999.0000    
  14.91       1.109       0.000        41.71100       -999.0000        103.0593       -999.0000    
  14.91       1.226       0.000        33.75907       -999.0000        83.63188       -999.0000    
  14.91       1.355       0.000        27.10996       -999.0000        67.28818       -999.0000    
  14.91       1.497       0.000        21.58809       -999.0000        53.65003       -999.0000    
  14.91       1.655       0.000        16.98693       -999.0000        42.24431       -999.0000    
  14.91       1.829       0.000        13.22501       -999.0000        32.90350       -999.0000    
  14.91       2.021       0.000        10.16823       -999.0000        25.29350       -999.0000    
  14.91       2.234       0.000        7.696941       -999.0000        19.13814       -999.0000    
  14.91       2.469       0.000        5.735177       -999.0000        14.25296       -999.0000    
  14.91       2.729       0.000        4.194608       -999.0000        10.41964       -999.0000    
  14.91       3.016       0.000        3.005846       -999.0000        7.465422       -999.0000    
  14.91       3.333       0.000        2.102893       -999.0000        5.225533       -999.0000    
  14.91       3.683       0.000        1.432589       -999.0000        3.564307       -999.0000    
  14.91       4.071       0.000       0.9438567       -999.0000        2.354437       -999.0000    
  14.91       4.499       0.000       0.5996261       -999.0000        1.502020       -999.0000    
  14.91       4.972       0.000       0.3644111       -999.0000       0.9185283       -999.0000    
  14.91       5.495       0.000       0.2098939       -999.0000       0.5337314       -999.0000    
  14.91       6.073       0.000       0.1132627       -999.0000       0.2914764       -999.0000    
  14.91       6.711       0.000       0.5642157E-01   -999.0000       0.1474806       -999.0000    
  14.91       7.417       0.000       0.2535476E-01   -999.0000       0.6763288E-01   -999.0000    
  14.91       8.197       0.000       0.9991178E-02   -999.0000       0.2734460E-01   -999.0000    
  14.91       9.059       0.000       0.3308509E-02   -999.0000       0.9356346E-02   -999.0000    
  14.91      0.9106E-01  0.1000        2095.780       -999.0000        3297.234       -999.0000    
  14.91      0.1006      0.1000        1836.178       -999.0000        3010.396       -999.0000    
  14.91      0.1112      0.1000        1605.832       -999.0000        2735.437       -999.0000    
  14.91      0.1229      0.1000        1403.025       -999.0000        2475.887       -999.0000    
  14.91      0.1358      0.1000        1224.713       -999.0000        2232.857       -999.0000    
  14.91      0.1501      0.1000        1067.221       -999.0000        2005.528       -999.0000    
  14.91      0.1659      0.1000        928.7226       -999.0000        1794.868       -999.0000    
  14.91      0.1834      0.1000        806.7560       -999.0000        1600.232       -999.0000    
  14.91      0.2027      0.1000        699.9002       -999.0000        1422.026       -999.0000    
  14.91      0.2240      0.1000        606.2674       -999.0000        1259.424       -999.0000    
  14.91      0.2475      0.1000        524.3039       -999.0000        1111.691       -999.0000    
  14.91      0.2736      0.1000        452.1897       -999.0000        977.1597       -999.0000    
  14.91      0.3023      0.1000        389.4466       -999.0000        856.3356       -999.0000    
  14.91      0.3341      0.1000        334.4929       -999.0000        747.3772       -999.0000    
  14.91      0.3693      0.1000        286.4986       -999.0000        649.6153       -999.0000    
  14.91      0.4081      0.1000        244.8138       -999.0000        562.5778       -999.0000    
  14.91      0.4510      0.1000        208.5459       -999.0000        485.1143       -999.0000    
  14.91      0.4985      0.1000        177.0176       -999.0000        416.3528       -999.0000    
  14.91      0.5509      0.1000        149.7667       -999.0000        355.7720       -999.0000    
  14.91      0.6088      0.1000        126.2255       -999.0000        302.5095       -999.0000    
  14.91      0.6729      0.1000        105.9019       -999.0000        255.8425       -999.0000    
  14.91      0.7436      0.1000        88.46579       -999.0000        215.1828       -999.0000    
  14.91      0.8218      0.1000        73.50838       -999.0000        179.8585       -999.0000    
  14.91      0.9083      0.1000        60.72526       -999.0000        149.3256       -999.0000    
  14.91       1.004      0.1000        49.84385       -999.0000        123.0755       -999.0000    
  14.91       1.109      0.1000        40.68958       -999.0000        100.8038       -999.0000    
  14.91       1.226      0.1000        32.90614       -999.0000        81.73253       -999.0000    
  14.91       1.355      0.1000        26.39936       -999.0000        65.69493       -999.0000    
  14.91       1.497      0.1000        21.00071       -999.0000        52.32393       -999.0000    
  14.91       1.655      0.1000        16.50641       -999.0000        41.16412       -999.0000    
  14.91       1.829      0.1000        12.83349       -999.0000        32.01073       -999.0000    
  14.91       2.021      0.1000        9.852453       -999.0000        24.57040       -999.0000    
  14.91       2.234      0.1000        7.445840       -999.0000        18.56068       -999.0000    
  14.91       2.469      0.1000        5.538296       -999.0000        13.79801       -999.0000    
  14.91       2.729      0.1000        4.041753       -999.0000        10.06516       -999.0000    
  14.91       3.016      0.1000        2.889265       -999.0000        7.194054       -999.0000    
  14.91       3.333      0.1000        2.016138       -999.0000        5.022470       -999.0000    
  14.91       3.683      0.1000        1.368979       -999.0000        3.414874       -999.0000    
  14.91       4.071      0.1000       0.8989598       -999.0000        2.248151       -999.0000    
  14.91       4.499      0.1000       0.5687148       -999.0000        1.428324       -999.0000    
  14.91       4.972      0.1000       0.3440774       -999.0000       0.8695717       -999.0000    
  14.91       5.495      0.1000       0.1971168       -999.0000       0.5026560       -999.0000    
  14.91       6.073      0.1000       0.1056949       -999.0000       0.2727906       -999.0000    
  14.91       6.711      0.1000       0.5225575E-01   -999.0000       0.1370181       -999.0000    
  14.91       7.417      0.1000       0.2326591E-01   -999.0000       0.6226376E-01   -999.0000    
  14.91       8.197      0.1000       0.9062263E-02   -999.0000       0.2489170E-01   -999.0000    
  14.91       9.059      0.1000       0.2953484E-02   -999.0000       0.8386986E-02   -999.0000    
  14.91      0.9106E-01  0.2000        1970.416       -999.0000        3165.560       -999.0000    
  14.91      0.1006      0.2000        1725.897       -999.0000        2885.936       -999.0000    
  14.91      0.1112      0.2000        1508.963       -999.0000        2618.737       -999.0000    
  14.91      0.1229      0.2000        1317.989       -999.0000        2367.195       -999.0000    
  14.91      0.1358      0.2000        1150.101       -999.0000        2132.235       -999.0000    
  14.91      0.1501      0.2000        1001.834       -999.0000        1912.942       -999.0000    
  14.91      0.1659      0.2000        871.4756       -999.0000        1710.102       -999.0000    
  14.91      0.1834      0.2000        756.7160       -999.0000        1522.981       -999.0000    
  14.91      0.2027      0.2000        656.2067       -999.0000        1351.918       -999.0000    
  14.91      0.2240      0.2000        568.1610       -999.0000        1196.065       -999.0000    
  14.91      0.2475      0.2000        491.1079       -999.0000        1054.657       -999.0000    
  14.91      0.2736      0.2000        423.3293       -999.0000        926.0520       -999.0000    
  14.91      0.3023      0.2000        364.3745       -999.0000        810.6871       -999.0000    
  14.91      0.3341      0.2000        312.7567       -999.0000        706.7707       -999.0000    
  14.91      0.3693      0.2000        267.6926       -999.0000        613.6384       -999.0000    
  14.91      0.4081      0.2000        228.5701       -999.0000        530.8139       -999.0000    
  14.91      0.4510      0.2000        194.5508       -999.0000        457.1826       -999.0000    
  14.91      0.4985      0.2000        164.9904       -999.0000        391.8913       -999.0000    
  14.91      0.5509      0.2000        139.4496       -999.0000        334.4255       -999.0000    
  14.91      0.6088      0.2000        117.3933       -999.0000        284.0175       -999.0000    
  14.91      0.6729      0.2000        98.36894       -999.0000        239.7940       -999.0000    
  14.91      0.7436      0.2000        82.06291       -999.0000        201.3625       -999.0000    
  14.91      0.8218      0.2000        68.08631       -999.0000        168.0167       -999.0000    
  14.91      0.9083      0.2000        56.15165       -999.0000        139.2312       -999.0000    
  14.91       1.004      0.2000        46.00082       -999.0000        114.5158       -999.0000    
  14.91       1.109      0.2000        37.47013       -999.0000        93.57623       -999.0000    
  14.91       1.226      0.2000        30.23169       -999.0000        75.68300       -999.0000    
  14.91       1.355      0.2000        24.19167       -999.0000        60.66743       -999.0000    
  14.91       1.497      0.2000        19.18627       -999.0000        48.16957       -999.0000    
  14.91       1.655      0.2000        15.02854       -999.0000        37.76447       -999.0000    
  14.91       1.829      0.2000        11.64047       -999.0000        29.25452       -999.0000    
  14.91       2.021      0.2000        8.898285       -999.0000        22.35766       -999.0000    
  14.91       2.234      0.2000        6.692320       -999.0000        16.80710       -999.0000    
  14.91       2.469      0.2000        4.950063       -999.0000        12.42497       -999.0000    
  14.91       2.729      0.2000        3.589690       -999.0000        9.006733       -999.0000    
  14.91       3.016      0.2000        2.547677       -999.0000        6.391712       -999.0000    
  14.91       3.333      0.2000        1.763618       -999.0000        4.426829       -999.0000    
  14.91       3.683      0.2000        1.186443       -999.0000        2.982245       -999.0000    
  14.91       4.071      0.2000       0.7708839       -999.0000        1.942878       -999.0000    
  14.91       4.499      0.2000       0.4818164       -999.0000        1.219742       -999.0000    
  14.91       4.972      0.2000       0.2874037       -999.0000       0.7323327       -999.0000    
  14.91       5.495      0.2000       0.1619994       -999.0000       0.4165808       -999.0000    
  14.91       6.073      0.2000       0.8519664E-01   -999.0000       0.2218421       -999.0000    
  14.91       6.711      0.2000       0.4114742E-01   -999.0000       0.1089147       -999.0000    
  14.91       7.417      0.2000       0.1779549E-01   -999.0000       0.4811481E-01   -999.0000    
  14.91       8.197      0.2000       0.6677310E-02   -999.0000       0.1855071E-01   -999.0000    
  14.91       9.059      0.2000       0.2070553E-02   -999.0000       0.5955679E-02   -999.0000    
  14.91      0.9106E-01  0.3000        1732.725       -999.0000        2876.839       -999.0000    
  14.91      0.1006      0.3000        1517.059       -999.0000        2616.727       -999.0000    
  14.91      0.1112      0.3000        1325.782       -999.0000        2369.373       -999.0000    
  14.91      0.1229      0.3000        1157.445       -999.0000        2137.476       -999.0000    
  14.91      0.1358      0.3000        1009.506       -999.0000        1921.638       -999.0000    
  14.91      0.1501      0.3000        878.8995       -999.0000        1720.843       -999.0000    
  14.91      0.1659      0.3000        764.1021       -999.0000        1535.661       -999.0000    
  14.91      0.1834      0.3000        663.0599       -999.0000        1365.300       -999.0000    
  14.91      0.2027      0.3000        574.5873       -999.0000        1209.939       -999.0000    
  14.91      0.2240      0.3000        497.1119       -999.0000        1068.702       -999.0000    
  14.91      0.2475      0.3000        429.3415       -999.0000        940.8145       -999.0000    
  14.91      0.2736      0.3000        369.7619       -999.0000        824.7300       -999.0000    
  14.91      0.3023      0.3000        317.9661       -999.0000        720.7882       -999.0000    
  14.91      0.3341      0.3000        272.6405       -999.0000        627.3267       -999.0000    
  14.91      0.3693      0.3000        233.0925       -999.0000        543.7091       -999.0000    
  14.91      0.4081      0.3000        198.7795       -999.0000        469.4701       -999.0000    
  14.91      0.4510      0.3000        168.9625       -999.0000        403.6740       -999.0000    
  14.91      0.4985      0.3000        143.0772       -999.0000        345.3370       -999.0000    
  14.91      0.5509      0.3000        120.7347       -999.0000        294.0827       -999.0000    
  14.91      0.6088      0.3000        101.4600       -999.0000        249.1478       -999.0000    
  14.91      0.6729      0.3000        84.84749       -999.0000        209.8513       -999.0000    
  14.91      0.7436      0.3000        70.62372       -999.0000        175.7625       -999.0000    
  14.91      0.8218      0.3000        58.45013       -999.0000        146.2451       -999.0000    
  14.91      0.9083      0.3000        48.07121       -999.0000        120.8194       -999.0000    
  14.91       1.004      0.3000        39.26061       -999.0000        99.04142       -999.0000    
  14.91       1.109      0.3000        31.87236       -999.0000        80.63927       -999.0000    
  14.91       1.226      0.3000        25.61457       -999.0000        64.95263       -999.0000    
  14.91       1.355      0.3000        20.40705       -999.0000        51.82986       -999.0000    
  14.91       1.497      0.3000        16.10636       -999.0000        40.95994       -999.0000    
  14.91       1.655      0.3000        12.54626       -999.0000        31.92270       -999.0000    
  14.91       1.829      0.3000        9.656683       -999.0000        24.57171       -999.0000    
  14.91       2.021      0.3000        7.329522       -999.0000        18.64549       -999.0000    
  14.91       2.234      0.3000        5.468092       -999.0000        13.90374       -999.0000    
  14.91       2.469      0.3000        4.007579       -999.0000        10.18496       -999.0000    
  14.91       2.729      0.3000        2.876195       -999.0000        7.307140       -999.0000    
  14.91       3.016      0.3000        2.017246       -999.0000        5.124940       -999.0000    
  14.91       3.333      0.3000        1.377538       -999.0000        3.502078       -999.0000    
  14.91       3.683      0.3000       0.9124305       -999.0000        2.323455       -999.0000    
  14.91       4.071      0.3000       0.5822546       -999.0000        1.487068       -999.0000    
  14.91       4.499      0.3000       0.3565063       -999.0000       0.9148139       -999.0000    
  14.91       4.972      0.3000       0.2075713       -999.0000       0.5363744       -999.0000    
  14.91       5.495      0.3000       0.1136648       -999.0000       0.2966267       -999.0000    
  14.91       6.073      0.3000       0.5777096E-01   -999.0000       0.1527714       -999.0000    
  14.91       6.711      0.3000       0.2675648E-01   -999.0000       0.7200418E-01   -999.0000    
  14.91       7.417      0.3000       0.1097302E-01   -999.0000       0.3020730E-01   -999.0000    
  14.91       8.197      0.3000       0.3841557E-02   -999.0000       0.1088964E-01   -999.0000    
  14.91       9.059      0.3000       0.1083612E-02   -999.0000       0.3187421E-02   -999.0000    
  14.91      0.9106E-01  0.4000        1377.533       -999.0000        2388.599       -999.0000    
  14.91      0.1006      0.4000        1205.358       -999.0000        2166.279       -999.0000    
  14.91      0.1112      0.4000        1052.703       -999.0000        1956.100       -999.0000    
  14.91      0.1229      0.4000        918.4063       -999.0000        1760.065       -999.0000    
  14.91      0.1358      0.4000        800.4301       -999.0000        1578.429       -999.0000    
  14.91      0.1501      0.4000        696.3263       -999.0000        1410.120       -999.0000    
  14.91      0.1659      0.4000        604.8705       -999.0000        1255.456       -999.0000    
  14.91      0.1834      0.4000        524.4166       -999.0000        1113.647       -999.0000    
  14.91      0.2027      0.4000        454.0092       -999.0000        984.7212       -999.0000    
  14.91      0.2240      0.4000        392.3884       -999.0000        867.8509       -999.0000    
  14.91      0.2475      0.4000        338.5170       -999.0000        762.3129       -999.0000    
  14.91      0.2736      0.4000        291.1839       -999.0000        666.7591       -999.0000    
  14.91      0.3023      0.4000        250.0619       -999.0000        581.4087       -999.0000    
  14.91      0.3341      0.4000        214.1035       -999.0000        504.8432       -999.0000    
  14.91      0.3693      0.4000        182.7550       -999.0000        436.6086       -999.0000    
  14.91      0.4081      0.4000        155.5819       -999.0000        376.0559       -999.0000    
  14.91      0.4510      0.4000        131.9947       -999.0000        322.4376       -999.0000    
  14.91      0.4985      0.4000        111.5401       -999.0000        275.0837       -999.0000    
  14.91      0.5509      0.4000        93.90683       -999.0000        233.5769       -999.0000    
  14.91      0.6088      0.4000        78.71497       -999.0000        197.2748       -999.0000    
  14.91      0.6729      0.4000        65.64068       -999.0000        165.6058       -999.0000    
  14.91      0.7436      0.4000        54.46667       -999.0000        138.2073       -999.0000    
  14.91      0.8218      0.4000        44.92219       -999.0000        114.5498       -999.0000    
  14.91      0.9083      0.4000        36.80274       -999.0000        94.23361       -999.0000    
  14.91       1.004      0.4000        29.92686       -999.0000        76.88755       -999.0000    
  14.91       1.109      0.4000        24.17838       -999.0000        62.28282       -999.0000    
  14.91       1.226      0.4000        19.32614       -999.0000        49.88316       -999.0000    
  14.91       1.355      0.4000        15.30319       -999.0000        39.55466       -999.0000    
  14.91       1.497      0.4000        11.99529       -999.0000        31.04165       -999.0000    
  14.91       1.655      0.4000        9.270893       -999.0000        24.00154       -999.0000    
  14.91       1.829      0.4000        7.073209       -999.0000        18.31236       -999.0000    
  14.91       2.021      0.4000        5.315169       -999.0000        13.75767       -999.0000    
  14.91       2.234      0.4000        3.920247       -999.0000        10.14330       -999.0000    
  14.91       2.469      0.4000        2.835892       -999.0000        7.335124       -999.0000    
  14.91       2.729      0.4000        2.005081       -999.0000        5.185252       -999.0000    
  14.91       3.016      0.4000        1.382384       -999.0000        3.576084       -999.0000    
  14.91       3.333      0.4000       0.9255308       -999.0000        2.396727       -999.0000    
  14.91       3.683      0.4000       0.5992935       -999.0000        1.555002       -999.0000    
  14.91       4.071      0.4000       0.3723809       -999.0000       0.9696052       -999.0000    
  14.91       4.499      0.4000       0.2210068       -999.0000       0.5785689       -999.0000    
  14.91       4.972      0.4000       0.1240333       -999.0000       0.3272556       -999.0000    
  14.91       5.495      0.4000       0.6500227E-01   -999.0000       0.1733962       -999.0000    
  14.91       6.073      0.4000       0.3129917E-01   -999.0000       0.8470911E-01   -999.0000    
  14.91       6.711      0.4000       0.1355025E-01   -999.0000       0.3740363E-01   -999.0000    
  14.91       7.417      0.4000       0.5092977E-02   -999.0000       0.1440805E-01   -999.0000    
  14.91       8.197      0.4000       0.1587350E-02   -999.0000       0.4639874E-02   -999.0000    
  14.91       9.059      0.4000       0.3800415E-03   -999.0000       0.1159156E-02   -999.0000    
  16.91      0.9106E-01  -.1000        541.1309       -999.0000        902.3542       -999.0000    
  16.91      0.1006      -.1000        474.1258       -999.0000        821.4254       -999.0000    
  16.91      0.1112      -.1000        414.6742       -999.0000        744.4502       -999.0000    
  16.91      0.1229      -.1000        362.3312       -999.0000        672.2849       -999.0000    
  16.91      0.1358      -.1000        316.3092       -999.0000        605.0828       -999.0000    
  16.91      0.1501      -.1000        275.6588       -999.0000        542.5286       -999.0000    
  16.91      0.1659      -.1000        239.9078       -999.0000        484.7974       -999.0000    
  16.91      0.1834      -.1000        208.4213       -999.0000        431.6386       -999.0000    
  16.91      0.2027      -.1000        180.8364       -999.0000        383.1162       -999.0000    
  16.91      0.2240      -.1000        156.6643       -999.0000        338.9631       -999.0000    
  16.91      0.2475      -.1000        135.5022       -999.0000        298.9412       -999.0000    
  16.91      0.2736      -.1000        116.8791       -999.0000        262.5677       -999.0000    
  16.91      0.3023      -.1000        100.6731       -999.0000        229.9584       -999.0000    
  16.91      0.3341      -.1000        86.47740       -999.0000        200.5941       -999.0000    
  16.91      0.3693      -.1000        74.07774       -999.0000        174.2815       -999.0000    
  16.91      0.4081      -.1000        63.30660       -999.0000        150.8808       -999.0000    
  16.91      0.4510      -.1000        53.93512       -999.0000        130.0760       -999.0000    
  16.91      0.4985      -.1000        45.78924       -999.0000        111.6293       -999.0000    
  16.91      0.5509      -.1000        38.74797       -999.0000        95.39064       -999.0000    
  16.91      0.6088      -.1000        32.66322       -999.0000        81.12017       -999.0000    
  16.91      0.6729      -.1000        27.40809       -999.0000        68.60499       -999.0000    
  16.91      0.7436      -.1000        22.89901       -999.0000        57.71707       -999.0000    
  16.91      0.8218      -.1000        19.02999       -999.0000        48.26600       -999.0000    
  16.91      0.9083      -.1000        15.72117       -999.0000        40.08061       -999.0000    
  16.91       1.004      -.1000        12.90360       -999.0000        33.04935       -999.0000    
  16.91       1.109      -.1000        10.53379       -999.0000        27.08827       -999.0000    
  16.91       1.226      -.1000        8.518364       -999.0000        21.97578       -999.0000    
  16.91       1.355      -.1000        6.832861       -999.0000        17.67423       -999.0000    
  16.91       1.497      -.1000        5.433969       -999.0000        14.08503       -999.0000    
  16.91       1.655      -.1000        4.268764       -999.0000        11.08317       -999.0000    
  16.91       1.829      -.1000        3.316545       -999.0000        8.622007       -999.0000    
  16.91       2.021      -.1000        2.543497       -999.0000        6.620890       -999.0000    
  16.91       2.234      -.1000        1.919244       -999.0000        5.000860       -999.0000    
  16.91       2.469      -.1000        1.424537       -999.0000        3.715497       -999.0000    
  16.91       2.729      -.1000        1.036752       -999.0000        2.707303       -999.0000    
  16.91       3.016      -.1000       0.7383341       -999.0000        1.931166       -999.0000    
  16.91       3.333      -.1000       0.5126135       -999.0000        1.343926       -999.0000    
  16.91       3.683      -.1000       0.3458403       -999.0000       0.9096727       -999.0000    
  16.91       4.071      -.1000       0.2251061       -999.0000       0.5948267       -999.0000    
  16.91       4.499      -.1000       0.1408439       -999.0000       0.3744827       -999.0000    
  16.91       4.972      -.1000       0.8394350E-01   -999.0000       0.2250679       -999.0000    
  16.91       5.495      -.1000       0.4716806E-01   -999.0000       0.1278592       -999.0000    
  16.91       6.073      -.1000       0.2465716E-01   -999.0000       0.6778785E-01   -999.0000    
  16.91       6.711      -.1000       0.1178237E-01   -999.0000       0.3298155E-01   -999.0000    
  16.91       7.417      -.1000       0.5010473E-02   -999.0000       0.1434923E-01   -999.0000    
  16.91       8.197      -.1000       0.1831404E-02   -999.0000       0.5397711E-02   -999.0000    
  16.91       9.059      -.1000       0.5455671E-03   -999.0000       0.1667716E-02   -999.0000    
  16.91      0.9106E-01   0.000        554.2720       -999.0000        913.9758       -999.0000    
  16.91      0.1006       0.000        485.7244       -999.0000        832.7035       -999.0000    
  16.91      0.1112       0.000        424.8953       -999.0000        755.2654       -999.0000    
  16.91      0.1229       0.000        371.3310       -999.0000        682.5378       -999.0000    
  16.91      0.1358       0.000        324.2277       -999.0000        614.7185       -999.0000    
  16.91      0.1501       0.000        282.6157       -999.0000        551.5146       -999.0000    
  16.91      0.1659       0.000        246.0156       -999.0000        493.1274       -999.0000    
  16.91      0.1834       0.000        213.7777       -999.0000        439.3230       -999.0000    
  16.91      0.2027       0.000        185.5297       -999.0000        390.1702       -999.0000    
  16.91      0.2240       0.000        160.7738       -999.0000        345.4077       -999.0000    
  16.91      0.2475       0.000        139.0985       -999.0000        304.8063       -999.0000    
  16.91      0.2736       0.000        120.0212       -999.0000        267.8805       -999.0000    
  16.91      0.3023       0.000        103.4157       -999.0000        234.7517       -999.0000    
  16.91      0.3341       0.000        88.86502       -999.0000        204.9014       -999.0000    
  16.91      0.3693       0.000        76.15239       -999.0000        178.1396       -999.0000    
  16.91      0.4081       0.000        65.10694       -999.0000        154.3263       -999.0000    
  16.91      0.4510       0.000        55.49361       -999.0000        133.1406       -999.0000    
  16.91      0.4985       0.000        47.13694       -999.0000        114.3416       -999.0000    
  16.91      0.5509       0.000        39.91207       -999.0000        97.78079       -999.0000    
  16.91      0.6088       0.000        33.66514       -999.0000        83.21668       -999.0000    
  16.91      0.6729       0.000        28.26692       -999.0000        70.43575       -999.0000    
  16.91      0.7436       0.000        23.63297       -999.0000        59.30935       -999.0000    
  16.91      0.8218       0.000        19.65616       -999.0000        49.63855       -999.0000    
  16.91      0.9083       0.000        16.25519       -999.0000        41.28109       -999.0000    
  16.91       1.004       0.000        13.35715       -999.0000        34.08032       -999.0000    
  16.91       1.109       0.000        10.91565       -999.0000        27.96164       -999.0000    
  16.91       1.226       0.000        8.836367       -999.0000        22.71272       -999.0000    
  16.91       1.355       0.000        7.097513       -999.0000        18.29336       -999.0000    
  16.91       1.497       0.000        5.653498       -999.0000        14.60283       -999.0000    
  16.91       1.655       0.000        4.449234       -999.0000        11.51171       -999.0000    
  16.91       1.829       0.000        3.463358       -999.0000        8.975637       -999.0000    
  16.91       2.021       0.000        2.661078       -999.0000        6.904503       -999.0000    
  16.91       2.234       0.000        2.013116       -999.0000        5.228577       -999.0000    
  16.91       2.469       0.000        1.498325       -999.0000        3.895485       -999.0000    
  16.91       2.729       0.000        1.093472       -999.0000        2.846490       -999.0000    
  16.91       3.016       0.000       0.7813832       -999.0000        2.037389       -999.0000    
  16.91       3.333       0.000       0.5446153       -999.0000        1.423277       -999.0000    
  16.91       3.683       0.000       0.3688947       -999.0000       0.9672576       -999.0000    
  16.91       4.071       0.000       0.2412727       -999.0000       0.6355127       -999.0000    
  16.91       4.499       0.000       0.1517522       -999.0000       0.4021890       -999.0000    
  16.91       4.972       0.000       0.9100435E-01   -999.0000       0.2431938       -999.0000    
  16.91       5.495       0.000       0.5149509E-01   -999.0000       0.1391019       -999.0000    
  16.91       6.073       0.000       0.2714131E-01   -999.0000       0.7434107E-01   -999.0000    
  16.91       6.711       0.000       0.1310079E-01   -999.0000       0.3652785E-01   -999.0000    
  16.91       7.417       0.000       0.5641876E-02   -999.0000       0.1608703E-01   -999.0000    
  16.91       8.197       0.000       0.2095417E-02   -999.0000       0.6146654E-02   -999.0000    
  16.91       9.059       0.000       0.6378554E-03   -999.0000       0.1939596E-02   -999.0000    
  16.91      0.9106E-01  0.1000        541.1309       -999.0000        902.3125       -999.0000    
  16.91      0.1006      0.1000        474.1258       -999.0000        821.4503       -999.0000    
  16.91      0.1112      0.1000        414.6742       -999.0000        744.5038       -999.0000    
  16.91      0.1229      0.1000        362.3312       -999.0000        672.3266       -999.0000    
  16.91      0.1358      0.1000        316.3092       -999.0000        605.1085       -999.0000    
  16.91      0.1501      0.1000        275.6588       -999.0000        542.5308       -999.0000    
  16.91      0.1659      0.1000        239.9078       -999.0000        484.7794       -999.0000    
  16.91      0.1834      0.1000        208.4213       -999.0000        431.6141       -999.0000    
  16.91      0.2027      0.1000        180.8364       -999.0000        383.0891       -999.0000    
  16.91      0.2240      0.1000        156.6643       -999.0000        338.9320       -999.0000    
  16.91      0.2475      0.1000        135.5022       -999.0000        298.9062       -999.0000    
  16.91      0.2736      0.1000        116.8791       -999.0000        262.5333       -999.0000    
  16.91      0.3023      0.1000        100.6731       -999.0000        229.9270       -999.0000    
  16.91      0.3341      0.1000        86.47740       -999.0000        200.5694       -999.0000    
  16.91      0.3693      0.1000        74.07774       -999.0000        174.2650       -999.0000    
  16.91      0.4081      0.1000        63.30660       -999.0000        150.8728       -999.0000    
  16.91      0.4510      0.1000        53.93512       -999.0000        130.0742       -999.0000    
  16.91      0.4985      0.1000        45.78924       -999.0000        111.6271       -999.0000    
  16.91      0.5509      0.1000        38.74797       -999.0000        95.38467       -999.0000    
  16.91      0.6088      0.1000        32.66322       -999.0000        81.11234       -999.0000    
  16.91      0.6729      0.1000        27.40809       -999.0000        68.59809       -999.0000    
  16.91      0.7436      0.1000        22.89901       -999.0000        57.72354       -999.0000    
  16.91      0.8218      0.1000        19.02999       -999.0000        48.26478       -999.0000    
  16.91      0.9083      0.1000        15.72117       -999.0000        40.08664       -999.0000    
  16.91       1.004      0.1000        12.90360       -999.0000        33.05405       -999.0000    
  16.91       1.109      0.1000        10.53379       -999.0000        27.08686       -999.0000    
  16.91       1.226      0.1000        8.518364       -999.0000        21.97496       -999.0000    
  16.91       1.355      0.1000        6.832861       -999.0000        17.67335       -999.0000    
  16.91       1.497      0.1000        5.433969       -999.0000        14.08441       -999.0000    
  16.91       1.655      0.1000        4.268764       -999.0000        11.08247       -999.0000    
  16.91       1.829      0.1000        3.316545       -999.0000        8.624070       -999.0000    
  16.91       2.021      0.1000        2.543497       -999.0000        6.620911       -999.0000    
  16.91       2.234      0.1000        1.919244       -999.0000        5.000807       -999.0000    
  16.91       2.469      0.1000        1.424537       -999.0000        3.715488       -999.0000    
  16.91       2.729      0.1000        1.036752       -999.0000        2.707331       -999.0000    
  16.91       3.016      0.1000       0.7383341       -999.0000        1.931163       -999.0000    
  16.91       3.333      0.1000       0.5126135       -999.0000        1.343989       -999.0000    
  16.91       3.683      0.1000       0.3458403       -999.0000       0.9096634       -999.0000    
  16.91       4.071      0.1000       0.2251061       -999.0000       0.5948376       -999.0000    
  16.91       4.499      0.1000       0.1408439       -999.0000       0.3744840       -999.0000    
  16.91       4.972      0.1000       0.8394350E-01   -999.0000       0.2250626       -999.0000    
  16.91       5.495      0.1000       0.4716806E-01   -999.0000       0.1278581       -999.0000    
  16.91       6.073      0.1000       0.2465716E-01   -999.0000       0.6778925E-01   -999.0000    
  16.91       6.711      0.1000       0.1178237E-01   -999.0000       0.3298105E-01   -999.0000    
  16.91       7.417      0.1000       0.5010473E-02   -999.0000       0.1434866E-01   -999.0000    
  16.91       8.197      0.1000       0.1831404E-02   -999.0000       0.5397983E-02   -999.0000    
  16.91       9.059      0.1000       0.5455671E-03   -999.0000       0.1667814E-02   -999.0000    
  16.91      0.9106E-01  0.2000        496.2817       -999.0000        853.7214       -999.0000    
  16.91      0.1006      0.2000        434.6449       -999.0000        775.4798       -999.0000    
  16.91      0.1112      0.2000        379.9684       -999.0000        701.3790       -999.0000    
  16.91      0.1229      0.2000        331.8412       -999.0000        632.1457       -999.0000    
  16.91      0.1358      0.2000        289.5376       -999.0000        567.8875       -999.0000    
  16.91      0.1501      0.2000        252.1821       -999.0000        508.2482       -999.0000    
  16.91      0.1659      0.2000        219.3395       -999.0000        453.3579       -999.0000    
  16.91      0.1834      0.2000        190.4245       -999.0000        402.9468       -999.0000    
  16.91      0.2027      0.2000        165.1005       -999.0000        357.0426       -999.0000    
  16.91      0.2240      0.2000        142.9199       -999.0000        315.3646       -999.0000    
  16.91      0.2475      0.2000        123.5117       -999.0000        277.6656       -999.0000    
  16.91      0.2736      0.2000        106.4419       -999.0000        243.4726       -999.0000    
  16.91      0.3023      0.2000        91.59546       -999.0000        212.8726       -999.0000    
  16.91      0.3341      0.2000        78.59752       -999.0000        185.3692       -999.0000    
  16.91      0.3693      0.2000        67.25070       -999.0000        160.7683       -999.0000    
  16.91      0.4081      0.2000        57.40119       -999.0000        138.9285       -999.0000    
  16.91      0.4510      0.2000        48.83912       -999.0000        119.5452       -999.0000    
  16.91      0.4985      0.2000        41.40150       -999.0000        102.3832       -999.0000    
  16.91      0.5509      0.2000        34.97757       -999.0000        87.29950       -999.0000    
  16.91      0.6088      0.2000        29.43154       -999.0000        74.06886       -999.0000    
  16.91      0.6729      0.2000        24.64728       -999.0000        62.50319       -999.0000    
  16.91      0.7436      0.2000        20.54720       -999.0000        52.44737       -999.0000    
  16.91      0.8218      0.2000        17.03462       -999.0000        43.73051       -999.0000    
  16.91      0.9083      0.2000        14.03663       -999.0000        36.21256       -999.0000    
  16.91       1.004      0.2000        11.48794       -999.0000        29.76282       -999.0000    
  16.91       1.109      0.2000        9.347421       -999.0000        24.30276       -999.0000    
  16.91       1.226      0.2000        7.531662       -999.0000        19.63881       -999.0000    
  16.91       1.355      0.2000        6.017673       -999.0000        15.72770       -999.0000    
  16.91       1.497      0.2000        4.764355       -999.0000        12.47487       -999.0000    
  16.91       1.655      0.2000        3.723851       -999.0000        9.764878       -999.0000    
  16.91       1.829      0.2000        2.876982       -999.0000        7.554893       -999.0000    
  16.91       2.021      0.2000        2.192865       -999.0000        5.763590       -999.0000    
  16.91       2.234      0.2000        1.643289       -999.0000        4.322667       -999.0000    
  16.91       2.469      0.2000        1.210244       -999.0000        3.186452       -999.0000    
  16.91       2.729      0.2000       0.8731483       -999.0000        2.301570       -999.0000    
  16.91       3.016      0.2000       0.6157132       -999.0000        1.625534       -999.0000    
  16.91       3.333      0.2000       0.4227991       -999.0000        1.118952       -999.0000    
  16.91       3.683      0.2000       0.2816627       -999.0000       0.7478921       -999.0000    
  16.91       4.071      0.2000       0.1807748       -999.0000       0.4823042       -999.0000    
  16.91       4.499      0.2000       0.1112754       -999.0000       0.2988104       -999.0000    
  16.91       4.972      0.2000       0.6509631E-01   -999.0000       0.1763346       -999.0000    
  16.91       5.495      0.2000       0.3578770E-01   -999.0000       0.9805927E-01   -999.0000    
  16.91       6.073      0.2000       0.1822864E-01   -999.0000       0.5068981E-01   -999.0000    
  16.91       6.711      0.2000       0.8440077E-02   -999.0000       0.2391876E-01   -999.0000    
  16.91       7.417      0.2000       0.3448943E-02   -999.0000       0.1001010E-01   -999.0000    
  16.91       8.197      0.2000       0.1196994E-02   -999.0000       0.3581612E-02   -999.0000    
  16.91       9.059      0.2000       0.3320619E-03   -999.0000       0.1032378E-02   -999.0000    
  16.91      0.9106E-01  0.3000        410.6089       -999.0000        738.9951       -999.0000    
  16.91      0.1006      0.3000        359.3713       -999.0000        669.1810       -999.0000    
  16.91      0.1112      0.3000        313.9366       -999.0000        603.4538       -999.0000    
  16.91      0.1229      0.3000        273.9609       -999.0000        542.3655       -999.0000    
  16.91      0.1358      0.3000        238.8389       -999.0000        485.9340       -999.0000    
  16.91      0.1501      0.3000        207.8412       -999.0000        433.7793       -999.0000    
  16.91      0.1659      0.3000        180.6043       -999.0000        385.9604       -999.0000    
  16.91      0.1834      0.3000        156.6392       -999.0000        342.1996       -999.0000    
  16.91      0.2027      0.3000        135.6625       -999.0000        302.4790       -999.0000    
  16.91      0.2240      0.3000        117.3000       -999.0000        266.5226       -999.0000    
  16.91      0.2475      0.3000        101.2430       -999.0000        234.0907       -999.0000    
  16.91      0.2736      0.3000        87.13095       -999.0000        204.7556       -999.0000    
  16.91      0.3023      0.3000        74.86694       -999.0000        178.5734       -999.0000    
  16.91      0.3341      0.3000        64.13981       -999.0000        155.1018       -999.0000    
  16.91      0.3693      0.3000        54.78518       -999.0000        134.1614       -999.0000    
  16.91      0.4081      0.3000        46.67382       -999.0000        115.6187       -999.0000    
  16.91      0.4510      0.3000        39.62975       -999.0000        99.20213       -999.0000    
  16.91      0.4985      0.3000        33.51813       -999.0000        84.70399       -999.0000    
  16.91      0.5509      0.3000        28.24700       -999.0000        72.01133       -999.0000    
  16.91      0.6088      0.3000        23.70329       -999.0000        60.89069       -999.0000    
  16.91      0.6729      0.3000        19.79050       -999.0000        51.18556       -999.0000    
  16.91      0.7436      0.3000        16.44352       -999.0000        42.78379       -999.0000    
  16.91      0.8218      0.3000        13.58210       -999.0000        35.52320       -999.0000    
  16.91      0.9083      0.3000        11.14586       -999.0000        29.28187       -999.0000    
  16.91       1.004      0.3000        9.080773       -999.0000        23.94678       -999.0000    
  16.91       1.109      0.3000        7.351919       -999.0000        19.44819       -999.0000    
  16.91       1.226      0.3000        5.890321       -999.0000        15.62180       -999.0000    
  16.91       1.355      0.3000        4.676463       -999.0000        12.42782       -999.0000    
  16.91       1.497      0.3000        3.676361       -999.0000        9.785506       -999.0000    
  16.91       1.655      0.3000        2.850881       -999.0000        7.597480       -999.0000    
  16.91       1.829      0.3000        2.183101       -999.0000        5.825201       -999.0000    
  16.91       2.021      0.3000        1.647261       -999.0000        4.398742       -999.0000    
  16.91       2.234      0.3000        1.220462       -999.0000        3.261527       -999.0000    
  16.91       2.469      0.3000       0.8873536       -999.0000        2.373449       -999.0000    
  16.91       2.729      0.3000       0.6308662       -999.0000        1.689438       -999.0000    
  16.91       3.016      0.3000       0.4376094       -999.0000        1.173872       -999.0000    
  16.91       3.333      0.3000       0.2949464       -999.0000       0.7932041       -999.0000    
  16.91       3.683      0.3000       0.1923305       -999.0000       0.5191258       -999.0000    
  16.91       4.071      0.3000       0.1204499       -999.0000       0.3267993       -999.0000    
  16.91       4.499      0.3000       0.7205876E-01   -999.0000       0.1969020       -999.0000    
  16.91       4.972      0.3000       0.4078604E-01   -999.0000       0.1125060       -999.0000    
  16.91       5.495      0.3000       0.2156359E-01   -999.0000       0.6022484E-01   -999.0000    
  16.91       6.073      0.3000       0.1047059E-01   -999.0000       0.2971794E-01   -999.0000    
  16.91       6.711      0.3000       0.4573497E-02   -999.0000       0.1324650E-01   -999.0000    
  16.91       7.417      0.3000       0.1733242E-02   -999.0000       0.5155413E-02   -999.0000    
  16.91       8.197      0.3000       0.5438833E-03   -999.0000       0.1671755E-02   -999.0000    
  16.91       9.059      0.3000       0.1310266E-03   -999.0000       0.4202572E-03   -999.0000    
  16.91      0.9106E-01  0.4000        289.5905       -999.0000        551.7284       -999.0000    
  16.91      0.1006      0.4000        253.2284       -999.0000        497.7382       -999.0000    
  16.91      0.1112      0.4000        221.0019       -999.0000        447.2503       -999.0000    
  16.91      0.1229      0.4000        192.6644       -999.0000        400.6043       -999.0000    
  16.91      0.1358      0.4000        167.7826       -999.0000        357.7429       -999.0000    
  16.91      0.1501      0.4000        145.8366       -999.0000        318.3218       -999.0000    
  16.91      0.1659      0.4000        126.5663       -999.0000        282.3408       -999.0000    
  16.91      0.1834      0.4000        109.6234       -999.0000        249.5511       -999.0000    
  16.91      0.2027      0.4000        94.80494       -999.0000        219.9057       -999.0000    
  16.91      0.2240      0.4000        81.84379       -999.0000        193.1691       -999.0000    
  16.91      0.2475      0.4000        70.52008       -999.0000        169.1381       -999.0000    
  16.91      0.2736      0.4000        60.57766       -999.0000        147.4748       -999.0000    
  16.91      0.3023      0.4000        51.94746       -999.0000        128.2023       -999.0000    
  16.91      0.3341      0.4000        44.40777       -999.0000        110.9799       -999.0000    
  16.91      0.3693      0.4000        37.84059       -999.0000        95.66359       -999.0000    
  16.91      0.4081      0.4000        32.15421       -999.0000        82.14438       -999.0000    
  16.91      0.4510      0.4000        27.22388       -999.0000        70.23073       -999.0000    
  16.91      0.4985      0.4000        22.95363       -999.0000        59.72651       -999.0000    
  16.91      0.5509      0.4000        19.27764       -999.0000        50.54929       -999.0000    
  16.91      0.6088      0.4000        16.11568       -999.0000        42.54884       -999.0000    
  16.91      0.6729      0.4000        13.39909       -999.0000        35.59197       -999.0000    
  16.91      0.7436      0.4000        11.08168       -999.0000        29.59274       -999.0000    
  16.91      0.8218      0.4000        9.106592       -999.0000        24.43005       -999.0000    
  16.91      0.9083      0.4000        7.430815       -999.0000        20.01221       -999.0000    
  16.91       1.004      0.4000        6.015614       -999.0000        16.25405       -999.0000    
  16.91       1.109      0.4000        4.835758       -999.0000        13.10160       -999.0000    
  16.91       1.226      0.4000        3.843429       -999.0000        10.43604       -999.0000    
  16.91       1.355      0.4000        3.024252       -999.0000        8.225837       -999.0000    
  16.91       1.497      0.4000        2.353910       -999.0000        6.411028       -999.0000    
  16.91       1.655      0.4000        1.804756       -999.0000        4.920416       -999.0000    
  16.91       1.829      0.4000        1.364461       -999.0000        3.724262       -999.0000    
  16.91       2.021      0.4000        1.014716       -999.0000        2.771742       -999.0000    
  16.91       2.234      0.4000       0.7395708       -999.0000        2.021772       -999.0000    
  16.91       2.469      0.4000       0.5278074       -999.0000        1.444312       -999.0000    
  16.91       2.729      0.4000       0.3673348       -999.0000        1.006637       -999.0000    
  16.91       3.016      0.4000       0.2486670       -999.0000       0.6828371       -999.0000    
  16.91       3.333      0.4000       0.1629677       -999.0000       0.4488602       -999.0000    
  16.91       3.683      0.4000       0.1028950       -999.0000       0.2846271       -999.0000    
  16.91       4.071      0.4000       0.6204896E-01   -999.0000       0.1726764       -999.0000    
  16.91       4.499      0.4000       0.3552108E-01   -999.0000       0.9963115E-01   -999.0000    
  16.91       4.972      0.4000       0.1907696E-01   -999.0000       0.5409709E-01   -999.0000    
  16.91       5.495      0.4000       0.9464170E-02   -999.0000       0.2721722E-01   -999.0000    
  16.91       6.073      0.4000       0.4248976E-02   -999.0000       0.1244640E-01   -999.0000    
  16.91       6.711      0.4000       0.1678896E-02   -999.0000       0.5032715E-02   -999.0000    
  16.91       7.417      0.4000       0.5571696E-03   -999.0000       0.1721517E-02   -999.0000    
  16.91       8.197      0.4000       0.1457240E-03   -999.0000       0.4673409E-03   -999.0000    
  16.91       9.059      0.4000       0.2688199E-04   -999.0000       0.9042672E-04   -999.0000    
