ECM, TYPE_V, PDF
8000.0 DY CT14nn.00
  Q,qT,y R_A0 R_A1 R_A2 R_A3
60.00 0.9106E-01 -3.900 1 1 1 1
60.00 0.1006 -3.900 1 1 1 1
60.00 0.1112 -3.900 1 1 1 1
60.00 0.1229 -3.900 1 1 1 1
60.00 0.1358 -3.900 1 1 1 1
60.00 0.1501 -3.900 1 1 1 1
60.00 0.1659 -3.900 1 1 1 1
60.00 0.1834 -3.900 1 1 1 1
60.00 0.2027 -3.900 1 1 1 1
60.00 0.2240 -3.900 1 1 1 1
60.00 0.2475 -3.900 1 1 1 1
60.00 0.2736 -3.900 1 1 1 1
60.00 0.3023 -3.900 1 1 1 1
60.00 0.3341 -3.900 1 1 1 1
60.00 0.3693 -3.900 1 1 1 1
60.00 0.4081 -3.900 1 1 1 1
60.00 0.4510 -3.900 1 1 1 1
60.00 0.4985 -3.900 1 1 1 1
60.00 0.5509 -3.900 1 1 1 1
60.00 0.6088 -3.900 1 1 1 1
60.00 0.6729 -3.900 1 1 1 1
60.00 0.7436 -3.900 1 1 1 1
60.00 0.8218 -3.900 1 1 1 1
60.00 0.9083 -3.900 1 1 1 1
60.00 1.004 -3.900 1 1 1 1
60.00 1.109 -3.900 1 1 1 1
60.00 1.226 -3.900 1 1 1 1
60.00 1.355 -3.900 1 1 1 1
60.00 1.497 -3.900 1 1 1 1
60.00 1.655 -3.900 1 1 1 1
60.00 1.829 -3.900 1 1 1 1
60.00 2.021 -3.900 1 1 1 1
60.00 2.234 -3.900 1 1 1 1
60.00 2.469 -3.900 1 1 1 1
60.00 2.729 -3.900 1 1 1 1
60.00 3.016 -3.900 1 1 1 1
60.00 3.333 -3.900 1 1 1 1
60.00 3.683 -3.900 1 1 1 1
60.00 4.071 -3.900 1 1 1 1
60.00 4.499 -3.900 1 1 1 1
60.00 4.972 -3.900 1 1 1 1
60.00 5.495 -3.900 1 1 1 1
60.00 6.073 -3.900 1 1 1 1
60.00 6.711 -3.900 1 1 1 1
60.00 7.417 -3.900 1 1 1 1
60.00 8.197 -3.900 1 1 1 1
60.00 9.059 -3.900 1 1 1 1
60.00 10.01 -3.900 1 1 1 1
60.00 11.06 -3.900 1 1 1 1
60.00 12.23 -3.900 1 1 1 1
60.00 13.51 -3.900 1 1 1 1
60.00 14.94 -3.900 1 1 1 1
60.00 16.51 -3.900 1 1 1 1
60.00 18.24 -3.900 1 1 1 1
60.00 20.16 -3.900 1 1 1 1
60.00 22.28 -3.900 1 1 1 1
60.00 24.63 -3.900 1 1 1 1
60.00 27.22 -3.900 1 1 1 1
60.00 30.08 -3.900 1 1 1 1
60.00 33.24 -3.900 1 1 1 1
60.00 36.74 -3.900 1 1 1 1
60.00 40.60 -3.900 1 1 1 1
60.00 44.87 -3.900 1 1 1 1
60.00 49.59 -3.900 1 1 1 1
60.00 54.81 -3.900 1 1 1 1
60.00 60.57 -3.900 1 1 1 1
60.00 66.94 -3.900 1 1 1 1
60.00 73.98 -3.900 1 1 1 1
60.00 81.76 -3.900 1 1 1 1
60.00 89.36 -3.900 1 1 1 1
60.00 90.36 -3.900 1 1 1 1
60.00 91.20 -3.900 1 1 1 1
60.00 92.00 -3.900 1 1 1 1
60.00 99.86 -3.900 1 1 1 1
60.00 110.4 -3.900 1 1 1 1
60.00 120.0 -3.900 1 1 1 1
60.00 130.0 -3.900 1 1 1 1
60.00 140.0 -3.900 1 1 1 1
60.00 150.0 -3.900 1 1 1 1
60.00 160.0 -3.900 1 1 1 1
60.00 170.0 -3.900 1 1 1 1
60.00 180.0 -3.900 1 1 1 1
60.00 190.0 -3.900 1 1 1 1
60.00 200.0 -3.900 1 1 1 1
60.00 210.0 -3.900 1 1 1 1
60.00 220.0 -3.900 1 1 1 1
60.00 230.0 -3.900 1 1 1 1
60.00 240.0 -3.900 1 1 1 1
60.00 250.0 -3.900 1 1 1 1
60.00 260.0 -3.900 1 1 1 1
60.00 270.0 -3.900 1 1 1 1
60.00 280.0 -3.900 1 1 1 1
60.00 290.0 -3.900 1 1 1 1
60.00 300.0 -3.900 1 1 1 1
60.00 310.0 -3.900 1 1 1 1
60.00 320.0 -3.900 1 1 1 1
60.00 330.0 -3.900 1 1 1 1
60.00 340.0 -3.900 1 1 1 1
60.00 350.0 -3.900 1 1 1 1
60.00 360.0 -3.900 1 1 1 1
60.00 370.0 -3.900 1 1 1 1
60.00 380.0 -3.900 1 1 1 1
60.00 400.0 -3.900 1 1 1 1
60.00 450.0 -3.900 1 1 1 1
60.00 500.0 -3.900 1 1 1 1
60.00 0.9106E-01 -3.200 1 1 1 1
60.00 0.1006 -3.200 1 1 1 1
60.00 0.1112 -3.200 1 1 1 1
60.00 0.1229 -3.200 1 1 1 1
60.00 0.1358 -3.200 1 1 1 1
60.00 0.1501 -3.200 1 1 1 1
60.00 0.1659 -3.200 1 1 1 1
60.00 0.1834 -3.200 1 1 1 1
60.00 0.2027 -3.200 1 1 1 1
60.00 0.2240 -3.200 1 1 1 1
60.00 0.2475 -3.200 1 1 1 1
60.00 0.2736 -3.200 1 1 1 1
60.00 0.3023 -3.200 1 1 1 1
60.00 0.3341 -3.200 1 1 1 1
60.00 0.3693 -3.200 1 1 1 1
60.00 0.4081 -3.200 1 1 1 1
60.00 0.4510 -3.200 1 1 1 1
60.00 0.4985 -3.200 1 1 1 1
60.00 0.5509 -3.200 1 1 1 1
60.00 0.6088 -3.200 1 1 1 1
60.00 0.6729 -3.200 1 1 1 1
60.00 0.7436 -3.200 1 1 1 1
60.00 0.8218 -3.200 1 1 1 1
60.00 0.9083 -3.200 1 1 1 1
60.00 1.004 -3.200 1 1 1 1
60.00 1.109 -3.200 1 1 1 1
60.00 1.226 -3.200 1 1 1 1
60.00 1.355 -3.200 1 1 1 1
60.00 1.497 -3.200 1 1 1 1
60.00 1.655 -3.200 1 1 1 1
60.00 1.829 -3.200 1 1 1 1
60.00 2.021 -3.200 1 1 1 1
60.00 2.234 -3.200 1 1 1 1
60.00 2.469 -3.200 1 1 1 1
60.00 2.729 -3.200 1 1 1 1
60.00 3.016 -3.200 1 1 1 1
60.00 3.333 -3.200 1 1 1 1
60.00 3.683 -3.200 1 1 1 1
60.00 4.071 -3.200 1 1 1 1
60.00 4.499 -3.200 1 1 1 1
60.00 4.972 -3.200 1 1 1 1
60.00 5.495 -3.200 1 1 1 1
60.00 6.073 -3.200 1 1 1 1
60.00 6.711 -3.200 1 1 1 1
60.00 7.417 -3.200 1 1 1 1
60.00 8.197 -3.200 1 1 1 1
60.00 9.059 -3.200 1 1 1 1
60.00 10.01 -3.200 1 1 1 1
60.00 11.06 -3.200 1 1 1 1
60.00 12.23 -3.200 1 1 1 1
60.00 13.51 -3.200 1 1 1 1
60.00 14.94 -3.200 1 1 1 1
60.00 16.51 -3.200 1 1 1 1
60.00 18.24 -3.200 1 1 1 1
60.00 20.16 -3.200 1 1 1 1
60.00 22.28 -3.200 1 1 1 1
60.00 24.63 -3.200 1 1 1 1
60.00 27.22 -3.200 1 1 1 1
60.00 30.08 -3.200 1 1 1 1
60.00 33.24 -3.200 1 1 1 1
60.00 36.74 -3.200 1 1 1 1
60.00 40.60 -3.200 1 1 1 1
60.00 44.87 -3.200 1 1 1 1
60.00 49.59 -3.200 1 1 1 1
60.00 54.81 -3.200 1 1 1 1
60.00 60.57 -3.200 1 1 1 1
60.00 66.94 -3.200 1 1 1 1
60.00 73.98 -3.200 1 1 1 1
60.00 81.76 -3.200 1 1 1 1
60.00 89.36 -3.200 1 1 1 1
60.00 90.36 -3.200 1 1 1 1
60.00 91.20 -3.200 1 1 1 1
60.00 92.00 -3.200 1 1 1 1
60.00 99.86 -3.200 1 1 1 1
60.00 110.4 -3.200 1 1 1 1
60.00 120.0 -3.200 1 1 1 1
60.00 130.0 -3.200 1 1 1 1
60.00 140.0 -3.200 1 1 1 1
60.00 150.0 -3.200 1 1 1 1
60.00 160.0 -3.200 1 1 1 1
60.00 170.0 -3.200 1 1 1 1
60.00 180.0 -3.200 1 1 1 1
60.00 190.0 -3.200 1 1 1 1
60.00 200.0 -3.200 1 1 1 1
60.00 210.0 -3.200 1 1 1 1
60.00 220.0 -3.200 1 1 1 1
60.00 230.0 -3.200 1 1 1 1
60.00 240.0 -3.200 1 1 1 1
60.00 250.0 -3.200 1 1 1 1
60.00 260.0 -3.200 1 1 1 1
60.00 270.0 -3.200 1 1 1 1
60.00 280.0 -3.200 1 1 1 1
60.00 290.0 -3.200 1 1 1 1
60.00 300.0 -3.200 1 1 1 1
60.00 310.0 -3.200 1 1 1 1
60.00 320.0 -3.200 1 1 1 1
60.00 330.0 -3.200 1 1 1 1
60.00 340.0 -3.200 1 1 1 1
60.00 350.0 -3.200 1 1 1 1
60.00 360.0 -3.200 1 1 1 1
60.00 370.0 -3.200 1 1 1 1
60.00 380.0 -3.200 1 1 1 1
60.00 400.0 -3.200 1 1 1 1
60.00 450.0 -3.200 1 1 1 1
60.00 500.0 -3.200 1 1 1 1
60.00 0.9106E-01 -2.960 1 1 1 1
60.00 0.1006 -2.960 1 1 1 1
60.00 0.1112 -2.960 1 1 1 1
60.00 0.1229 -2.960 1 1 1 1
60.00 0.1358 -2.960 1 1 1 1
60.00 0.1501 -2.960 1 1 1 1
60.00 0.1659 -2.960 1 1 1 1
60.00 0.1834 -2.960 1 1 1 1
60.00 0.2027 -2.960 1 1 1 1
60.00 0.2240 -2.960 1 1 1 1
60.00 0.2475 -2.960 1 1 1 1
60.00 0.2736 -2.960 1 1 1 1
60.00 0.3023 -2.960 1 1 1 1
60.00 0.3341 -2.960 1 1 1 1
60.00 0.3693 -2.960 1 1 1 1
60.00 0.4081 -2.960 1 1 1 1
60.00 0.4510 -2.960 1 1 1 1
60.00 0.4985 -2.960 1 1 1 1
60.00 0.5509 -2.960 1 1 1 1
60.00 0.6088 -2.960 1 1 1 1
60.00 0.6729 -2.960 1 1 1 1
60.00 0.7436 -2.960 1 1 1 1
60.00 0.8218 -2.960 1 1 1 1
60.00 0.9083 -2.960 1 1 1 1
60.00 1.004 -2.960 1 1 1 1
60.00 1.109 -2.960 1 1 1 1
60.00 1.226 -2.960 1 1 1 1
60.00 1.355 -2.960 1 1 1 1
60.00 1.497 -2.960 1 1 1 1
60.00 1.655 -2.960 1 1 1 1
60.00 1.829 -2.960 1 1 1 1
60.00 2.021 -2.960 1 1 1 1
60.00 2.234 -2.960 1 1 1 1
60.00 2.469 -2.960 1 1 1 1
60.00 2.729 -2.960 1 1 1 1
60.00 3.016 -2.960 1 1 1 1
60.00 3.333 -2.960 1 1 1 1
60.00 3.683 -2.960 1 1 1 1
60.00 4.071 -2.960 1 1 1 1
60.00 4.499 -2.960 1 1 1 1
60.00 4.972 -2.960 1 1 1 1
60.00 5.495 -2.960 1 1 1 1
60.00 6.073 -2.960 1 1 1 1
60.00 6.711 -2.960 1 1 1 1
60.00 7.417 -2.960 1 1 1 1
60.00 8.197 -2.960 1 1 1 1
60.00 9.059 -2.960 1 1 1 1
60.00 10.01 -2.960 1 1 1 1
60.00 11.06 -2.960 1 1 1 1
60.00 12.23 -2.960 1 1 1 1
60.00 13.51 -2.960 1 1 1 1
60.00 14.94 -2.960 1 1 1 1
60.00 16.51 -2.960 1 1 1 1
60.00 18.24 -2.960 1 1 1 1
60.00 20.16 -2.960 1 1 1 1
60.00 22.28 -2.960 1 1 1 1
60.00 24.63 -2.960 1 1 1 1
60.00 27.22 -2.960 1 1 1 1
60.00 30.08 -2.960 1 1 1 1
60.00 33.24 -2.960 1 1 1 1
60.00 36.74 -2.960 1 1 1 1
60.00 40.60 -2.960 1 1 1 1
60.00 44.87 -2.960 1 1 1 1
60.00 49.59 -2.960 1 1 1 1
60.00 54.81 -2.960 1 1 1 1
60.00 60.57 -2.960 1 1 1 1
60.00 66.94 -2.960 1 1 1 1
60.00 73.98 -2.960 1 1 1 1
60.00 81.76 -2.960 1 1 1 1
60.00 89.36 -2.960 1 1 1 1
60.00 90.36 -2.960 1 1 1 1
60.00 91.20 -2.960 1 1 1 1
60.00 92.00 -2.960 1 1 1 1
60.00 99.86 -2.960 1 1 1 1
60.00 110.4 -2.960 1 1 1 1
60.00 120.0 -2.960 1 1 1 1
60.00 130.0 -2.960 1 1 1 1
60.00 140.0 -2.960 1 1 1 1
60.00 150.0 -2.960 1 1 1 1
60.00 160.0 -2.960 1 1 1 1
60.00 170.0 -2.960 1 1 1 1
60.00 180.0 -2.960 1 1 1 1
60.00 190.0 -2.960 1 1 1 1
60.00 200.0 -2.960 1 1 1 1
60.00 210.0 -2.960 1 1 1 1
60.00 220.0 -2.960 1 1 1 1
60.00 230.0 -2.960 1 1 1 1
60.00 240.0 -2.960 1 1 1 1
60.00 250.0 -2.960 1 1 1 1
60.00 260.0 -2.960 1 1 1 1
60.00 270.0 -2.960 1 1 1 1
60.00 280.0 -2.960 1 1 1 1
60.00 290.0 -2.960 1 1 1 1
60.00 300.0 -2.960 1 1 1 1
60.00 310.0 -2.960 1 1 1 1
60.00 320.0 -2.960 1 1 1 1
60.00 330.0 -2.960 1 1 1 1
60.00 340.0 -2.960 1 1 1 1
60.00 350.0 -2.960 1 1 1 1
60.00 360.0 -2.960 1 1 1 1
60.00 370.0 -2.960 1 1 1 1
60.00 380.0 -2.960 1 1 1 1
60.00 400.0 -2.960 1 1 1 1
60.00 450.0 -2.960 1 1 1 1
60.00 500.0 -2.960 1 1 1 1
60.00 0.9106E-01 -2.400 1 1 1 1
60.00 0.1006 -2.400 1 1 1 1
60.00 0.1112 -2.400 1 1 1 1
60.00 0.1229 -2.400 1 1 1 1
60.00 0.1358 -2.400 1 1 1 1
60.00 0.1501 -2.400 1 1 1 1
60.00 0.1659 -2.400 1 1 1 1
60.00 0.1834 -2.400 1 1 1 1
60.00 0.2027 -2.400 1 1 1 1
60.00 0.2240 -2.400 1 1 1 1
60.00 0.2475 -2.400 1 1 1 1
60.00 0.2736 -2.400 1 1 1 1
60.00 0.3023 -2.400 1 1 1 1
60.00 0.3341 -2.400 1 1 1 1
60.00 0.3693 -2.400 1 1 1 1
60.00 0.4081 -2.400 1 1 1 1
60.00 0.4510 -2.400 1 1 1 1
60.00 0.4985 -2.400 1 1 1 1
60.00 0.5509 -2.400 1 1 1 1
60.00 0.6088 -2.400 1 1 1 1
60.00 0.6729 -2.400 1 1 1 1
60.00 0.7436 -2.400 1 1 1 1
60.00 0.8218 -2.400 1 1 1 1
60.00 0.9083 -2.400 1 1 1 1
60.00 1.004 -2.400 1 1 1 1
60.00 1.109 -2.400 1 1 1 1
60.00 1.226 -2.400 1 1 1 1
60.00 1.355 -2.400 1 1 1 1
60.00 1.497 -2.400 1 1 1 1
60.00 1.655 -2.400 1 1 1 1
60.00 1.829 -2.400 1 1 1 1
60.00 2.021 -2.400 1 1 1 1
60.00 2.234 -2.400 1 1 1 1
60.00 2.469 -2.400 1 1 1 1
60.00 2.729 -2.400 1 1 1 1
60.00 3.016 -2.400 1 1 1 1
60.00 3.333 -2.400 1 1 1 1
60.00 3.683 -2.400 1 1 1 1
60.00 4.071 -2.400 1 1 1 1
60.00 4.499 -2.400 1 1 1 1
60.00 4.972 -2.400 1 1 1 1
60.00 5.495 -2.400 1 1 1 1
60.00 6.073 -2.400 1 1 1 1
60.00 6.711 -2.400 1 1 1 1
60.00 7.417 -2.400 1 1 1 1
60.00 8.197 -2.400 1 1 1 1
60.00 9.059 -2.400 1 1 1 1
60.00 10.01 -2.400 1 1 1 1
60.00 11.06 -2.400 1 1 1 1
60.00 12.23 -2.400 1 1 1 1
60.00 13.51 -2.400 1 1 1 1
60.00 14.94 -2.400 1 1 1 1
60.00 16.51 -2.400 1 1 1 1
60.00 18.24 -2.400 1 1 1 1
60.00 20.16 -2.400 1 1 1 1
60.00 22.28 -2.400 1 1 1 1
60.00 24.63 -2.400 1 1 1 1
60.00 27.22 -2.400 1 1 1 1
60.00 30.08 -2.400 1 1 1 1
60.00 33.24 -2.400 1 1 1 1
60.00 36.74 -2.400 1 1 1 1
60.00 40.60 -2.400 1 1 1 1
60.00 44.87 -2.400 1 1 1 1
60.00 49.59 -2.400 1 1 1 1
60.00 54.81 -2.400 1 1 1 1
60.00 60.57 -2.400 1 1 1 1
60.00 66.94 -2.400 1 1 1 1
60.00 73.98 -2.400 1 1 1 1
60.00 81.76 -2.400 1 1 1 1
60.00 89.36 -2.400 1 1 1 1
60.00 90.36 -2.400 1 1 1 1
60.00 91.20 -2.400 1 1 1 1
60.00 92.00 -2.400 1 1 1 1
60.00 99.86 -2.400 1 1 1 1
60.00 110.4 -2.400 1 1 1 1
60.00 120.0 -2.400 1 1 1 1
60.00 130.0 -2.400 1 1 1 1
60.00 140.0 -2.400 1 1 1 1
60.00 150.0 -2.400 1 1 1 1
60.00 160.0 -2.400 1 1 1 1
60.00 170.0 -2.400 1 1 1 1
60.00 180.0 -2.400 1 1 1 1
60.00 190.0 -2.400 1 1 1 1
60.00 200.0 -2.400 1 1 1 1
60.00 210.0 -2.400 1 1 1 1
60.00 220.0 -2.400 1 1 1 1
60.00 230.0 -2.400 1 1 1 1
60.00 240.0 -2.400 1 1 1 1
60.00 250.0 -2.400 1 1 1 1
60.00 260.0 -2.400 1 1 1 1
60.00 270.0 -2.400 1 1 1 1
60.00 280.0 -2.400 1 1 1 1
60.00 290.0 -2.400 1 1 1 1
60.00 300.0 -2.400 1 1 1 1
60.00 310.0 -2.400 1 1 1 1
60.00 320.0 -2.400 1 1 1 1
60.00 330.0 -2.400 1 1 1 1
60.00 340.0 -2.400 1 1 1 1
60.00 350.0 -2.400 1 1 1 1
60.00 360.0 -2.400 1 1 1 1
60.00 370.0 -2.400 1 1 1 1
60.00 380.0 -2.400 1 1 1 1
60.00 400.0 -2.400 1 1 1 1
60.00 450.0 -2.400 1 1 1 1
60.00 500.0 -2.400 1 1 1 1
60.00 0.9106E-01 -1.200 1 1 1 1
60.00 0.1006 -1.200 1 1 1 1
60.00 0.1112 -1.200 1 1 1 1
60.00 0.1229 -1.200 1 1 1 1
60.00 0.1358 -1.200 1 1 1 1
60.00 0.1501 -1.200 1 1 1 1
60.00 0.1659 -1.200 1 1 1 1
60.00 0.1834 -1.200 1 1 1 1
60.00 0.2027 -1.200 1 1 1 1
60.00 0.2240 -1.200 1 1 1 1
60.00 0.2475 -1.200 1 1 1 1
60.00 0.2736 -1.200 1 1 1 1
60.00 0.3023 -1.200 1 1 1 1
60.00 0.3341 -1.200 1 1 1 1
60.00 0.3693 -1.200 1 1 1 1
60.00 0.4081 -1.200 1 1 1 1
60.00 0.4510 -1.200 1 1 1 1
60.00 0.4985 -1.200 1 1 1 1
60.00 0.5509 -1.200 1 1 1 1
60.00 0.6088 -1.200 1 1 1 1
60.00 0.6729 -1.200 1 1 1 1
60.00 0.7436 -1.200 1 1 1 1
60.00 0.8218 -1.200 1 1 1 1
60.00 0.9083 -1.200 1 1 1 1
60.00 1.004 -1.200 1 1 1 1
60.00 1.109 -1.200 1 1 1 1
60.00 1.226 -1.200 1 1 1 1
60.00 1.355 -1.200 1 1 1 1
60.00 1.497 -1.200 1 1 1 1
60.00 1.655 -1.200 1 1 1 1
60.00 1.829 -1.200 1 1 1 1
60.00 2.021 -1.200 1 1 1 1
60.00 2.234 -1.200 1 1 1 1
60.00 2.469 -1.200 1 1 1 1
60.00 2.729 -1.200 1 1 1 1
60.00 3.016 -1.200 1 1 1 1
60.00 3.333 -1.200 1 1 1 1
60.00 3.683 -1.200 1 1 1 1
60.00 4.071 -1.200 1 1 1 1
60.00 4.499 -1.200 1 1 1 1
60.00 4.972 -1.200 1 1 1 1
60.00 5.495 -1.200 1 1 1 1
60.00 6.073 -1.200 1 1 1 1
60.00 6.711 -1.200 1 1 1 1
60.00 7.417 -1.200 1 1 1 1
60.00 8.197 -1.200 1 1 1 1
60.00 9.059 -1.200 1 1 1 1
60.00 10.01 -1.200 1 1 1 1
60.00 11.06 -1.200 1 1 1 1
60.00 12.23 -1.200 1 1 1 1
60.00 13.51 -1.200 1 1 1 1
60.00 14.94 -1.200 1 1 1 1
60.00 16.51 -1.200 1 1 1 1
60.00 18.24 -1.200 1 1 1 1
60.00 20.16 -1.200 1 1 1 1
60.00 22.28 -1.200 1 1 1 1
60.00 24.63 -1.200 1 1 1 1
60.00 27.22 -1.200 1 1 1 1
60.00 30.08 -1.200 1 1 1 1
60.00 33.24 -1.200 1 1 1 1
60.00 36.74 -1.200 1 1 1 1
60.00 40.60 -1.200 1 1 1 1
60.00 44.87 -1.200 1 1 1 1
60.00 49.59 -1.200 1 1 1 1
60.00 54.81 -1.200 1 1 1 1
60.00 60.57 -1.200 1 1 1 1
60.00 66.94 -1.200 1 1 1 1
60.00 73.98 -1.200 1 1 1 1
60.00 81.76 -1.200 1 1 1 1
60.00 89.36 -1.200 1 1 1 1
60.00 90.36 -1.200 1 1 1 1
60.00 91.20 -1.200 1 1 1 1
60.00 92.00 -1.200 1 1 1 1
60.00 99.86 -1.200 1 1 1 1
60.00 110.4 -1.200 1 1 1 1
60.00 120.0 -1.200 1 1 1 1
60.00 130.0 -1.200 1 1 1 1
60.00 140.0 -1.200 1 1 1 1
60.00 150.0 -1.200 1 1 1 1
60.00 160.0 -1.200 1 1 1 1
60.00 170.0 -1.200 1 1 1 1
60.00 180.0 -1.200 1 1 1 1
60.00 190.0 -1.200 1 1 1 1
60.00 200.0 -1.200 1 1 1 1
60.00 210.0 -1.200 1 1 1 1
60.00 220.0 -1.200 1 1 1 1
60.00 230.0 -1.200 1 1 1 1
60.00 240.0 -1.200 1 1 1 1
60.00 250.0 -1.200 1 1 1 1
60.00 260.0 -1.200 1 1 1 1
60.00 270.0 -1.200 1 1 1 1
60.00 280.0 -1.200 1 1 1 1
60.00 290.0 -1.200 1 1 1 1
60.00 300.0 -1.200 1 1 1 1
60.00 310.0 -1.200 1 1 1 1
60.00 320.0 -1.200 1 1 1 1
60.00 330.0 -1.200 1 1 1 1
60.00 340.0 -1.200 1 1 1 1
60.00 350.0 -1.200 1 1 1 1
60.00 360.0 -1.200 1 1 1 1
60.00 370.0 -1.200 1 1 1 1
60.00 380.0 -1.200 1 1 1 1
60.00 400.0 -1.200 1 1 1 1
60.00 450.0 -1.200 1 1 1 1
60.00 500.0 -1.200 1 1 1 1
60.00 0.9106E-01 0.000 1 1 1 1
60.00 0.1006 0.000 1 1 1 1
60.00 0.1112 0.000 1 1 1 1
60.00 0.1229 0.000 1 1 1 1
60.00 0.1358 0.000 1 1 1 1
60.00 0.1501 0.000 1 1 1 1
60.00 0.1659 0.000 1 1 1 1
60.00 0.1834 0.000 1 1 1 1
60.00 0.2027 0.000 1 1 1 1
60.00 0.2240 0.000 1 1 1 1
60.00 0.2475 0.000 1 1 1 1
60.00 0.2736 0.000 1 1 1 1
60.00 0.3023 0.000 1 1 1 1
60.00 0.3341 0.000 1 1 1 1
60.00 0.3693 0.000 1 1 1 1
60.00 0.4081 0.000 1 1 1 1
60.00 0.4510 0.000 1 1 1 1
60.00 0.4985 0.000 1 1 1 1
60.00 0.5509 0.000 1 1 1 1
60.00 0.6088 0.000 1 1 1 1
60.00 0.6729 0.000 1 1 1 1
60.00 0.7436 0.000 1 1 1 1
60.00 0.8218 0.000 1 1 1 1
60.00 0.9083 0.000 1 1 1 1
60.00 1.004 0.000 1 1 1 1
60.00 1.109 0.000 1 1 1 1
60.00 1.226 0.000 1 1 1 1
60.00 1.355 0.000 1 1 1 1
60.00 1.497 0.000 1 1 1 1
60.00 1.655 0.000 1 1 1 1
60.00 1.829 0.000 1 1 1 1
60.00 2.021 0.000 1 1 1 1
60.00 2.234 0.000 1 1 1 1
60.00 2.469 0.000 1 1 1 1
60.00 2.729 0.000 1 1 1 1
60.00 3.016 0.000 1 1 1 1
60.00 3.333 0.000 1 1 1 1
60.00 3.683 0.000 1 1 1 1
60.00 4.071 0.000 1 1 1 1
60.00 4.499 0.000 1 1 1 1
60.00 4.972 0.000 1 1 1 1
60.00 5.495 0.000 1 1 1 1
60.00 6.073 0.000 1 1 1 1
60.00 6.711 0.000 1 1 1 1
60.00 7.417 0.000 1 1 1 1
60.00 8.197 0.000 1 1 1 1
60.00 9.059 0.000 1 1 1 1
60.00 10.01 0.000 1 1 1 1
60.00 11.06 0.000 1 1 1 1
60.00 12.23 0.000 1 1 1 1
60.00 13.51 0.000 1 1 1 1
60.00 14.94 0.000 1 1 1 1
60.00 16.51 0.000 1 1 1 1
60.00 18.24 0.000 1 1 1 1
60.00 20.16 0.000 1 1 1 1
60.00 22.28 0.000 1 1 1 1
60.00 24.63 0.000 1 1 1 1
60.00 27.22 0.000 1 1 1 1
60.00 30.08 0.000 1 1 1 1
60.00 33.24 0.000 1 1 1 1
60.00 36.74 0.000 1 1 1 1
60.00 40.60 0.000 1 1 1 1
60.00 44.87 0.000 1 1 1 1
60.00 49.59 0.000 1 1 1 1
60.00 54.81 0.000 1 1 1 1
60.00 60.57 0.000 1 1 1 1
60.00 66.94 0.000 1 1 1 1
60.00 73.98 0.000 1 1 1 1
60.00 81.76 0.000 1 1 1 1
60.00 89.36 0.000 1 1 1 1
60.00 90.36 0.000 1 1 1 1
60.00 91.20 0.000 1 1 1 1
60.00 92.00 0.000 1 1 1 1
60.00 99.86 0.000 1 1 1 1
60.00 110.4 0.000 1 1 1 1
60.00 120.0 0.000 1 1 1 1
60.00 130.0 0.000 1 1 1 1
60.00 140.0 0.000 1 1 1 1
60.00 150.0 0.000 1 1 1 1
60.00 160.0 0.000 1 1 1 1
60.00 170.0 0.000 1 1 1 1
60.00 180.0 0.000 1 1 1 1
60.00 190.0 0.000 1 1 1 1
60.00 200.0 0.000 1 1 1 1
60.00 210.0 0.000 1 1 1 1
60.00 220.0 0.000 1 1 1 1
60.00 230.0 0.000 1 1 1 1
60.00 240.0 0.000 1 1 1 1
60.00 250.0 0.000 1 1 1 1
60.00 260.0 0.000 1 1 1 1
60.00 270.0 0.000 1 1 1 1
60.00 280.0 0.000 1 1 1 1
60.00 290.0 0.000 1 1 1 1
60.00 300.0 0.000 1 1 1 1
60.00 310.0 0.000 1 1 1 1
60.00 320.0 0.000 1 1 1 1
60.00 330.0 0.000 1 1 1 1
60.00 340.0 0.000 1 1 1 1
60.00 350.0 0.000 1 1 1 1
60.00 360.0 0.000 1 1 1 1
60.00 370.0 0.000 1 1 1 1
60.00 380.0 0.000 1 1 1 1
60.00 400.0 0.000 1 1 1 1
60.00 450.0 0.000 1 1 1 1
60.00 500.0 0.000 1 1 1 1
60.00 0.9106E-01 1.200 1 1 1 1
60.00 0.1006 1.200 1 1 1 1
60.00 0.1112 1.200 1 1 1 1
60.00 0.1229 1.200 1 1 1 1
60.00 0.1358 1.200 1 1 1 1
60.00 0.1501 1.200 1 1 1 1
60.00 0.1659 1.200 1 1 1 1
60.00 0.1834 1.200 1 1 1 1
60.00 0.2027 1.200 1 1 1 1
60.00 0.2240 1.200 1 1 1 1
60.00 0.2475 1.200 1 1 1 1
60.00 0.2736 1.200 1 1 1 1
60.00 0.3023 1.200 1 1 1 1
60.00 0.3341 1.200 1 1 1 1
60.00 0.3693 1.200 1 1 1 1
60.00 0.4081 1.200 1 1 1 1
60.00 0.4510 1.200 1 1 1 1
60.00 0.4985 1.200 1 1 1 1
60.00 0.5509 1.200 1 1 1 1
60.00 0.6088 1.200 1 1 1 1
60.00 0.6729 1.200 1 1 1 1
60.00 0.7436 1.200 1 1 1 1
60.00 0.8218 1.200 1 1 1 1
60.00 0.9083 1.200 1 1 1 1
60.00 1.004 1.200 1 1 1 1
60.00 1.109 1.200 1 1 1 1
60.00 1.226 1.200 1 1 1 1
60.00 1.355 1.200 1 1 1 1
60.00 1.497 1.200 1 1 1 1
60.00 1.655 1.200 1 1 1 1
60.00 1.829 1.200 1 1 1 1
60.00 2.021 1.200 1 1 1 1
60.00 2.234 1.200 1 1 1 1
60.00 2.469 1.200 1 1 1 1
60.00 2.729 1.200 1 1 1 1
60.00 3.016 1.200 1 1 1 1
60.00 3.333 1.200 1 1 1 1
60.00 3.683 1.200 1 1 1 1
60.00 4.071 1.200 1 1 1 1
60.00 4.499 1.200 1 1 1 1
60.00 4.972 1.200 1 1 1 1
60.00 5.495 1.200 1 1 1 1
60.00 6.073 1.200 1 1 1 1
60.00 6.711 1.200 1 1 1 1
60.00 7.417 1.200 1 1 1 1
60.00 8.197 1.200 1 1 1 1
60.00 9.059 1.200 1 1 1 1
60.00 10.01 1.200 1 1 1 1
60.00 11.06 1.200 1 1 1 1
60.00 12.23 1.200 1 1 1 1
60.00 13.51 1.200 1 1 1 1
60.00 14.94 1.200 1 1 1 1
60.00 16.51 1.200 1 1 1 1
60.00 18.24 1.200 1 1 1 1
60.00 20.16 1.200 1 1 1 1
60.00 22.28 1.200 1 1 1 1
60.00 24.63 1.200 1 1 1 1
60.00 27.22 1.200 1 1 1 1
60.00 30.08 1.200 1 1 1 1
60.00 33.24 1.200 1 1 1 1
60.00 36.74 1.200 1 1 1 1
60.00 40.60 1.200 1 1 1 1
60.00 44.87 1.200 1 1 1 1
60.00 49.59 1.200 1 1 1 1
60.00 54.81 1.200 1 1 1 1
60.00 60.57 1.200 1 1 1 1
60.00 66.94 1.200 1 1 1 1
60.00 73.98 1.200 1 1 1 1
60.00 81.76 1.200 1 1 1 1
60.00 89.36 1.200 1 1 1 1
60.00 90.36 1.200 1 1 1 1
60.00 91.20 1.200 1 1 1 1
60.00 92.00 1.200 1 1 1 1
60.00 99.86 1.200 1 1 1 1
60.00 110.4 1.200 1 1 1 1
60.00 120.0 1.200 1 1 1 1
60.00 130.0 1.200 1 1 1 1
60.00 140.0 1.200 1 1 1 1
60.00 150.0 1.200 1 1 1 1
60.00 160.0 1.200 1 1 1 1
60.00 170.0 1.200 1 1 1 1
60.00 180.0 1.200 1 1 1 1
60.00 190.0 1.200 1 1 1 1
60.00 200.0 1.200 1 1 1 1
60.00 210.0 1.200 1 1 1 1
60.00 220.0 1.200 1 1 1 1
60.00 230.0 1.200 1 1 1 1
60.00 240.0 1.200 1 1 1 1
60.00 250.0 1.200 1 1 1 1
60.00 260.0 1.200 1 1 1 1
60.00 270.0 1.200 1 1 1 1
60.00 280.0 1.200 1 1 1 1
60.00 290.0 1.200 1 1 1 1
60.00 300.0 1.200 1 1 1 1
60.00 310.0 1.200 1 1 1 1
60.00 320.0 1.200 1 1 1 1
60.00 330.0 1.200 1 1 1 1
60.00 340.0 1.200 1 1 1 1
60.00 350.0 1.200 1 1 1 1
60.00 360.0 1.200 1 1 1 1
60.00 370.0 1.200 1 1 1 1
60.00 380.0 1.200 1 1 1 1
60.00 400.0 1.200 1 1 1 1
60.00 450.0 1.200 1 1 1 1
60.00 500.0 1.200 1 1 1 1
60.00 0.9106E-01 2.400 1 1 1 1
60.00 0.1006 2.400 1 1 1 1
60.00 0.1112 2.400 1 1 1 1
60.00 0.1229 2.400 1 1 1 1
60.00 0.1358 2.400 1 1 1 1
60.00 0.1501 2.400 1 1 1 1
60.00 0.1659 2.400 1 1 1 1
60.00 0.1834 2.400 1 1 1 1
60.00 0.2027 2.400 1 1 1 1
60.00 0.2240 2.400 1 1 1 1
60.00 0.2475 2.400 1 1 1 1
60.00 0.2736 2.400 1 1 1 1
60.00 0.3023 2.400 1 1 1 1
60.00 0.3341 2.400 1 1 1 1
60.00 0.3693 2.400 1 1 1 1
60.00 0.4081 2.400 1 1 1 1
60.00 0.4510 2.400 1 1 1 1
60.00 0.4985 2.400 1 1 1 1
60.00 0.5509 2.400 1 1 1 1
60.00 0.6088 2.400 1 1 1 1
60.00 0.6729 2.400 1 1 1 1
60.00 0.7436 2.400 1 1 1 1
60.00 0.8218 2.400 1 1 1 1
60.00 0.9083 2.400 1 1 1 1
60.00 1.004 2.400 1 1 1 1
60.00 1.109 2.400 1 1 1 1
60.00 1.226 2.400 1 1 1 1
60.00 1.355 2.400 1 1 1 1
60.00 1.497 2.400 1 1 1 1
60.00 1.655 2.400 1 1 1 1
60.00 1.829 2.400 1 1 1 1
60.00 2.021 2.400 1 1 1 1
60.00 2.234 2.400 1 1 1 1
60.00 2.469 2.400 1 1 1 1
60.00 2.729 2.400 1 1 1 1
60.00 3.016 2.400 1 1 1 1
60.00 3.333 2.400 1 1 1 1
60.00 3.683 2.400 1 1 1 1
60.00 4.071 2.400 1 1 1 1
60.00 4.499 2.400 1 1 1 1
60.00 4.972 2.400 1 1 1 1
60.00 5.495 2.400 1 1 1 1
60.00 6.073 2.400 1 1 1 1
60.00 6.711 2.400 1 1 1 1
60.00 7.417 2.400 1 1 1 1
60.00 8.197 2.400 1 1 1 1
60.00 9.059 2.400 1 1 1 1
60.00 10.01 2.400 1 1 1 1
60.00 11.06 2.400 1 1 1 1
60.00 12.23 2.400 1 1 1 1
60.00 13.51 2.400 1 1 1 1
60.00 14.94 2.400 1 1 1 1
60.00 16.51 2.400 1 1 1 1
60.00 18.24 2.400 1 1 1 1
60.00 20.16 2.400 1 1 1 1
60.00 22.28 2.400 1 1 1 1
60.00 24.63 2.400 1 1 1 1
60.00 27.22 2.400 1 1 1 1
60.00 30.08 2.400 1 1 1 1
60.00 33.24 2.400 1 1 1 1
60.00 36.74 2.400 1 1 1 1
60.00 40.60 2.400 1 1 1 1
60.00 44.87 2.400 1 1 1 1
60.00 49.59 2.400 1 1 1 1
60.00 54.81 2.400 1 1 1 1
60.00 60.57 2.400 1 1 1 1
60.00 66.94 2.400 1 1 1 1
60.00 73.98 2.400 1 1 1 1
60.00 81.76 2.400 1 1 1 1
60.00 89.36 2.400 1 1 1 1
60.00 90.36 2.400 1 1 1 1
60.00 91.20 2.400 1 1 1 1
60.00 92.00 2.400 1 1 1 1
60.00 99.86 2.400 1 1 1 1
60.00 110.4 2.400 1 1 1 1
60.00 120.0 2.400 1 1 1 1
60.00 130.0 2.400 1 1 1 1
60.00 140.0 2.400 1 1 1 1
60.00 150.0 2.400 1 1 1 1
60.00 160.0 2.400 1 1 1 1
60.00 170.0 2.400 1 1 1 1
60.00 180.0 2.400 1 1 1 1
60.00 190.0 2.400 1 1 1 1
60.00 200.0 2.400 1 1 1 1
60.00 210.0 2.400 1 1 1 1
60.00 220.0 2.400 1 1 1 1
60.00 230.0 2.400 1 1 1 1
60.00 240.0 2.400 1 1 1 1
60.00 250.0 2.400 1 1 1 1
60.00 260.0 2.400 1 1 1 1
60.00 270.0 2.400 1 1 1 1
60.00 280.0 2.400 1 1 1 1
60.00 290.0 2.400 1 1 1 1
60.00 300.0 2.400 1 1 1 1
60.00 310.0 2.400 1 1 1 1
60.00 320.0 2.400 1 1 1 1
60.00 330.0 2.400 1 1 1 1
60.00 340.0 2.400 1 1 1 1
60.00 350.0 2.400 1 1 1 1
60.00 360.0 2.400 1 1 1 1
60.00 370.0 2.400 1 1 1 1
60.00 380.0 2.400 1 1 1 1
60.00 400.0 2.400 1 1 1 1
60.00 450.0 2.400 1 1 1 1
60.00 500.0 2.400 1 1 1 1
60.00 0.9106E-01 2.960 1 1 1 1
60.00 0.1006 2.960 1 1 1 1
60.00 0.1112 2.960 1 1 1 1
60.00 0.1229 2.960 1 1 1 1
60.00 0.1358 2.960 1 1 1 1
60.00 0.1501 2.960 1 1 1 1
60.00 0.1659 2.960 1 1 1 1
60.00 0.1834 2.960 1 1 1 1
60.00 0.2027 2.960 1 1 1 1
60.00 0.2240 2.960 1 1 1 1
60.00 0.2475 2.960 1 1 1 1
60.00 0.2736 2.960 1 1 1 1
60.00 0.3023 2.960 1 1 1 1
60.00 0.3341 2.960 1 1 1 1
60.00 0.3693 2.960 1 1 1 1
60.00 0.4081 2.960 1 1 1 1
60.00 0.4510 2.960 1 1 1 1
60.00 0.4985 2.960 1 1 1 1
60.00 0.5509 2.960 1 1 1 1
60.00 0.6088 2.960 1 1 1 1
60.00 0.6729 2.960 1 1 1 1
60.00 0.7436 2.960 1 1 1 1
60.00 0.8218 2.960 1 1 1 1
60.00 0.9083 2.960 1 1 1 1
60.00 1.004 2.960 1 1 1 1
60.00 1.109 2.960 1 1 1 1
60.00 1.226 2.960 1 1 1 1
60.00 1.355 2.960 1 1 1 1
60.00 1.497 2.960 1 1 1 1
60.00 1.655 2.960 1 1 1 1
60.00 1.829 2.960 1 1 1 1
60.00 2.021 2.960 1 1 1 1
60.00 2.234 2.960 1 1 1 1
60.00 2.469 2.960 1 1 1 1
60.00 2.729 2.960 1 1 1 1
60.00 3.016 2.960 1 1 1 1
60.00 3.333 2.960 1 1 1 1
60.00 3.683 2.960 1 1 1 1
60.00 4.071 2.960 1 1 1 1
60.00 4.499 2.960 1 1 1 1
60.00 4.972 2.960 1 1 1 1
60.00 5.495 2.960 1 1 1 1
60.00 6.073 2.960 1 1 1 1
60.00 6.711 2.960 1 1 1 1
60.00 7.417 2.960 1 1 1 1
60.00 8.197 2.960 1 1 1 1
60.00 9.059 2.960 1 1 1 1
60.00 10.01 2.960 1 1 1 1
60.00 11.06 2.960 1 1 1 1
60.00 12.23 2.960 1 1 1 1
60.00 13.51 2.960 1 1 1 1
60.00 14.94 2.960 1 1 1 1
60.00 16.51 2.960 1 1 1 1
60.00 18.24 2.960 1 1 1 1
60.00 20.16 2.960 1 1 1 1
60.00 22.28 2.960 1 1 1 1
60.00 24.63 2.960 1 1 1 1
60.00 27.22 2.960 1 1 1 1
60.00 30.08 2.960 1 1 1 1
60.00 33.24 2.960 1 1 1 1
60.00 36.74 2.960 1 1 1 1
60.00 40.60 2.960 1 1 1 1
60.00 44.87 2.960 1 1 1 1
60.00 49.59 2.960 1 1 1 1
60.00 54.81 2.960 1 1 1 1
60.00 60.57 2.960 1 1 1 1
60.00 66.94 2.960 1 1 1 1
60.00 73.98 2.960 1 1 1 1
60.00 81.76 2.960 1 1 1 1
60.00 89.36 2.960 1 1 1 1
60.00 90.36 2.960 1 1 1 1
60.00 91.20 2.960 1 1 1 1
60.00 92.00 2.960 1 1 1 1
60.00 99.86 2.960 1 1 1 1
60.00 110.4 2.960 1 1 1 1
60.00 120.0 2.960 1 1 1 1
60.00 130.0 2.960 1 1 1 1
60.00 140.0 2.960 1 1 1 1
60.00 150.0 2.960 1 1 1 1
60.00 160.0 2.960 1 1 1 1
60.00 170.0 2.960 1 1 1 1
60.00 180.0 2.960 1 1 1 1
60.00 190.0 2.960 1 1 1 1
60.00 200.0 2.960 1 1 1 1
60.00 210.0 2.960 1 1 1 1
60.00 220.0 2.960 1 1 1 1
60.00 230.0 2.960 1 1 1 1
60.00 240.0 2.960 1 1 1 1
60.00 250.0 2.960 1 1 1 1
60.00 260.0 2.960 1 1 1 1
60.00 270.0 2.960 1 1 1 1
60.00 280.0 2.960 1 1 1 1
60.00 290.0 2.960 1 1 1 1
60.00 300.0 2.960 1 1 1 1
60.00 310.0 2.960 1 1 1 1
60.00 320.0 2.960 1 1 1 1
60.00 330.0 2.960 1 1 1 1
60.00 340.0 2.960 1 1 1 1
60.00 350.0 2.960 1 1 1 1
60.00 360.0 2.960 1 1 1 1
60.00 370.0 2.960 1 1 1 1
60.00 380.0 2.960 1 1 1 1
60.00 400.0 2.960 1 1 1 1
60.00 450.0 2.960 1 1 1 1
60.00 500.0 2.960 1 1 1 1
60.00 0.9106E-01 3.200 1 1 1 1
60.00 0.1006 3.200 1 1 1 1
60.00 0.1112 3.200 1 1 1 1
60.00 0.1229 3.200 1 1 1 1
60.00 0.1358 3.200 1 1 1 1
60.00 0.1501 3.200 1 1 1 1
60.00 0.1659 3.200 1 1 1 1
60.00 0.1834 3.200 1 1 1 1
60.00 0.2027 3.200 1 1 1 1
60.00 0.2240 3.200 1 1 1 1
60.00 0.2475 3.200 1 1 1 1
60.00 0.2736 3.200 1 1 1 1
60.00 0.3023 3.200 1 1 1 1
60.00 0.3341 3.200 1 1 1 1
60.00 0.3693 3.200 1 1 1 1
60.00 0.4081 3.200 1 1 1 1
60.00 0.4510 3.200 1 1 1 1
60.00 0.4985 3.200 1 1 1 1
60.00 0.5509 3.200 1 1 1 1
60.00 0.6088 3.200 1 1 1 1
60.00 0.6729 3.200 1 1 1 1
60.00 0.7436 3.200 1 1 1 1
60.00 0.8218 3.200 1 1 1 1
60.00 0.9083 3.200 1 1 1 1
60.00 1.004 3.200 1 1 1 1
60.00 1.109 3.200 1 1 1 1
60.00 1.226 3.200 1 1 1 1
60.00 1.355 3.200 1 1 1 1
60.00 1.497 3.200 1 1 1 1
60.00 1.655 3.200 1 1 1 1
60.00 1.829 3.200 1 1 1 1
60.00 2.021 3.200 1 1 1 1
60.00 2.234 3.200 1 1 1 1
60.00 2.469 3.200 1 1 1 1
60.00 2.729 3.200 1 1 1 1
60.00 3.016 3.200 1 1 1 1
60.00 3.333 3.200 1 1 1 1
60.00 3.683 3.200 1 1 1 1
60.00 4.071 3.200 1 1 1 1
60.00 4.499 3.200 1 1 1 1
60.00 4.972 3.200 1 1 1 1
60.00 5.495 3.200 1 1 1 1
60.00 6.073 3.200 1 1 1 1
60.00 6.711 3.200 1 1 1 1
60.00 7.417 3.200 1 1 1 1
60.00 8.197 3.200 1 1 1 1
60.00 9.059 3.200 1 1 1 1
60.00 10.01 3.200 1 1 1 1
60.00 11.06 3.200 1 1 1 1
60.00 12.23 3.200 1 1 1 1
60.00 13.51 3.200 1 1 1 1
60.00 14.94 3.200 1 1 1 1
60.00 16.51 3.200 1 1 1 1
60.00 18.24 3.200 1 1 1 1
60.00 20.16 3.200 1 1 1 1
60.00 22.28 3.200 1 1 1 1
60.00 24.63 3.200 1 1 1 1
60.00 27.22 3.200 1 1 1 1
60.00 30.08 3.200 1 1 1 1
60.00 33.24 3.200 1 1 1 1
60.00 36.74 3.200 1 1 1 1
60.00 40.60 3.200 1 1 1 1
60.00 44.87 3.200 1 1 1 1
60.00 49.59 3.200 1 1 1 1
60.00 54.81 3.200 1 1 1 1
60.00 60.57 3.200 1 1 1 1
60.00 66.94 3.200 1 1 1 1
60.00 73.98 3.200 1 1 1 1
60.00 81.76 3.200 1 1 1 1
60.00 89.36 3.200 1 1 1 1
60.00 90.36 3.200 1 1 1 1
60.00 91.20 3.200 1 1 1 1
60.00 92.00 3.200 1 1 1 1
60.00 99.86 3.200 1 1 1 1
60.00 110.4 3.200 1 1 1 1
60.00 120.0 3.200 1 1 1 1
60.00 130.0 3.200 1 1 1 1
60.00 140.0 3.200 1 1 1 1
60.00 150.0 3.200 1 1 1 1
60.00 160.0 3.200 1 1 1 1
60.00 170.0 3.200 1 1 1 1
60.00 180.0 3.200 1 1 1 1
60.00 190.0 3.200 1 1 1 1
60.00 200.0 3.200 1 1 1 1
60.00 210.0 3.200 1 1 1 1
60.00 220.0 3.200 1 1 1 1
60.00 230.0 3.200 1 1 1 1
60.00 240.0 3.200 1 1 1 1
60.00 250.0 3.200 1 1 1 1
60.00 260.0 3.200 1 1 1 1
60.00 270.0 3.200 1 1 1 1
60.00 280.0 3.200 1 1 1 1
60.00 290.0 3.200 1 1 1 1
60.00 300.0 3.200 1 1 1 1
60.00 310.0 3.200 1 1 1 1
60.00 320.0 3.200 1 1 1 1
60.00 330.0 3.200 1 1 1 1
60.00 340.0 3.200 1 1 1 1
60.00 350.0 3.200 1 1 1 1
60.00 360.0 3.200 1 1 1 1
60.00 370.0 3.200 1 1 1 1
60.00 380.0 3.200 1 1 1 1
60.00 400.0 3.200 1 1 1 1
60.00 450.0 3.200 1 1 1 1
60.00 500.0 3.200 1 1 1 1
60.00 0.9106E-01 3.900 1 1 1 1
60.00 0.1006 3.900 1 1 1 1
60.00 0.1112 3.900 1 1 1 1
60.00 0.1229 3.900 1 1 1 1
60.00 0.1358 3.900 1 1 1 1
60.00 0.1501 3.900 1 1 1 1
60.00 0.1659 3.900 1 1 1 1
60.00 0.1834 3.900 1 1 1 1
60.00 0.2027 3.900 1 1 1 1
60.00 0.2240 3.900 1 1 1 1
60.00 0.2475 3.900 1 1 1 1
60.00 0.2736 3.900 1 1 1 1
60.00 0.3023 3.900 1 1 1 1
60.00 0.3341 3.900 1 1 1 1
60.00 0.3693 3.900 1 1 1 1
60.00 0.4081 3.900 1 1 1 1
60.00 0.4510 3.900 1 1 1 1
60.00 0.4985 3.900 1 1 1 1
60.00 0.5509 3.900 1 1 1 1
60.00 0.6088 3.900 1 1 1 1
60.00 0.6729 3.900 1 1 1 1
60.00 0.7436 3.900 1 1 1 1
60.00 0.8218 3.900 1 1 1 1
60.00 0.9083 3.900 1 1 1 1
60.00 1.004 3.900 1 1 1 1
60.00 1.109 3.900 1 1 1 1
60.00 1.226 3.900 1 1 1 1
60.00 1.355 3.900 1 1 1 1
60.00 1.497 3.900 1 1 1 1
60.00 1.655 3.900 1 1 1 1
60.00 1.829 3.900 1 1 1 1
60.00 2.021 3.900 1 1 1 1
60.00 2.234 3.900 1 1 1 1
60.00 2.469 3.900 1 1 1 1
60.00 2.729 3.900 1 1 1 1
60.00 3.016 3.900 1 1 1 1
60.00 3.333 3.900 1 1 1 1
60.00 3.683 3.900 1 1 1 1
60.00 4.071 3.900 1 1 1 1
60.00 4.499 3.900 1 1 1 1
60.00 4.972 3.900 1 1 1 1
60.00 5.495 3.900 1 1 1 1
60.00 6.073 3.900 1 1 1 1
60.00 6.711 3.900 1 1 1 1
60.00 7.417 3.900 1 1 1 1
60.00 8.197 3.900 1 1 1 1
60.00 9.059 3.900 1 1 1 1
60.00 10.01 3.900 1 1 1 1
60.00 11.06 3.900 1 1 1 1
60.00 12.23 3.900 1 1 1 1
60.00 13.51 3.900 1 1 1 1
60.00 14.94 3.900 1 1 1 1
60.00 16.51 3.900 1 1 1 1
60.00 18.24 3.900 1 1 1 1
60.00 20.16 3.900 1 1 1 1
60.00 22.28 3.900 1 1 1 1
60.00 24.63 3.900 1 1 1 1
60.00 27.22 3.900 1 1 1 1
60.00 30.08 3.900 1 1 1 1
60.00 33.24 3.900 1 1 1 1
60.00 36.74 3.900 1 1 1 1
60.00 40.60 3.900 1 1 1 1
60.00 44.87 3.900 1 1 1 1
60.00 49.59 3.900 1 1 1 1
60.00 54.81 3.900 1 1 1 1
60.00 60.57 3.900 1 1 1 1
60.00 66.94 3.900 1 1 1 1
60.00 73.98 3.900 1 1 1 1
60.00 81.76 3.900 1 1 1 1
60.00 89.36 3.900 1 1 1 1
60.00 90.36 3.900 1 1 1 1
60.00 91.20 3.900 1 1 1 1
60.00 92.00 3.900 1 1 1 1
60.00 99.86 3.900 1 1 1 1
60.00 110.4 3.900 1 1 1 1
60.00 120.0 3.900 1 1 1 1
60.00 130.0 3.900 1 1 1 1
60.00 140.0 3.900 1 1 1 1
60.00 150.0 3.900 1 1 1 1
60.00 160.0 3.900 1 1 1 1
60.00 170.0 3.900 1 1 1 1
60.00 180.0 3.900 1 1 1 1
60.00 190.0 3.900 1 1 1 1
60.00 200.0 3.900 1 1 1 1
60.00 210.0 3.900 1 1 1 1
60.00 220.0 3.900 1 1 1 1
60.00 230.0 3.900 1 1 1 1
60.00 240.0 3.900 1 1 1 1
60.00 250.0 3.900 1 1 1 1
60.00 260.0 3.900 1 1 1 1
60.00 270.0 3.900 1 1 1 1
60.00 280.0 3.900 1 1 1 1
60.00 290.0 3.900 1 1 1 1
60.00 300.0 3.900 1 1 1 1
60.00 310.0 3.900 1 1 1 1
60.00 320.0 3.900 1 1 1 1
60.00 330.0 3.900 1 1 1 1
60.00 340.0 3.900 1 1 1 1
60.00 350.0 3.900 1 1 1 1
60.00 360.0 3.900 1 1 1 1
60.00 370.0 3.900 1 1 1 1
60.00 380.0 3.900 1 1 1 1
60.00 400.0 3.900 1 1 1 1
60.00 450.0 3.900 1 1 1 1
60.00 500.0 3.900 1 1 1 1
80.00 0.9106E-01 -3.900 1 1 1 1
80.00 0.1006 -3.900 1 1 1 1
80.00 0.1112 -3.900 1 1 1 1
80.00 0.1229 -3.900 1 1 1 1
80.00 0.1358 -3.900 1 1 1 1
80.00 0.1501 -3.900 1 1 1 1
80.00 0.1659 -3.900 1 1 1 1
80.00 0.1834 -3.900 1 1 1 1
80.00 0.2027 -3.900 1 1 1 1
80.00 0.2240 -3.900 1 1 1 1
80.00 0.2475 -3.900 1 1 1 1
80.00 0.2736 -3.900 1 1 1 1
80.00 0.3023 -3.900 1 1 1 1
80.00 0.3341 -3.900 1 1 1 1
80.00 0.3693 -3.900 1 1 1 1
80.00 0.4081 -3.900 1 1 1 1
80.00 0.4510 -3.900 1 1 1 1
80.00 0.4985 -3.900 1 1 1 1
80.00 0.5509 -3.900 1 1 1 1
80.00 0.6088 -3.900 1 1 1 1
80.00 0.6729 -3.900 1 1 1 1
80.00 0.7436 -3.900 1 1 1 1
80.00 0.8218 -3.900 1 1 1 1
80.00 0.9083 -3.900 1 1 1 1
80.00 1.004 -3.900 1 1 1 1
80.00 1.109 -3.900 1 1 1 1
80.00 1.226 -3.900 1 1 1 1
80.00 1.355 -3.900 1 1 1 1
80.00 1.497 -3.900 1 1 1 1
80.00 1.655 -3.900 1 1 1 1
80.00 1.829 -3.900 1 1 1 1
80.00 2.021 -3.900 1 1 1 1
80.00 2.234 -3.900 1 1 1 1
80.00 2.469 -3.900 1 1 1 1
80.00 2.729 -3.900 1 1 1 1
80.00 3.016 -3.900 1 1 1 1
80.00 3.333 -3.900 1 1 1 1
80.00 3.683 -3.900 1 1 1 1
80.00 4.071 -3.900 1 1 1 1
80.00 4.499 -3.900 1 1 1 1
80.00 4.972 -3.900 1 1 1 1
80.00 5.495 -3.900 1 1 1 1
80.00 6.073 -3.900 1 1 1 1
80.00 6.711 -3.900 1 1 1 1
80.00 7.417 -3.900 1 1 1 1
80.00 8.197 -3.900 1 1 1 1
80.00 9.059 -3.900 1 1 1 1
80.00 10.01 -3.900 1 1 1 1
80.00 11.06 -3.900 1 1 1 1
80.00 12.23 -3.900 1 1 1 1
80.00 13.51 -3.900 1 1 1 1
80.00 14.94 -3.900 1 1 1 1
80.00 16.51 -3.900 1 1 1 1
80.00 18.24 -3.900 1 1 1 1
80.00 20.16 -3.900 1 1 1 1
80.00 22.28 -3.900 1 1 1 1
80.00 24.63 -3.900 1 1 1 1
80.00 27.22 -3.900 1 1 1 1
80.00 30.08 -3.900 1 1 1 1
80.00 33.24 -3.900 1 1 1 1
80.00 36.74 -3.900 1 1 1 1
80.00 40.60 -3.900 1 1 1 1
80.00 44.87 -3.900 1 1 1 1
80.00 49.59 -3.900 1 1 1 1
80.00 54.81 -3.900 1 1 1 1
80.00 60.57 -3.900 1 1 1 1
80.00 66.94 -3.900 1 1 1 1
80.00 73.98 -3.900 1 1 1 1
80.00 81.76 -3.900 1 1 1 1
80.00 89.36 -3.900 1 1 1 1
80.00 90.36 -3.900 1 1 1 1
80.00 91.20 -3.900 1 1 1 1
80.00 92.00 -3.900 1 1 1 1
80.00 99.86 -3.900 1 1 1 1
80.00 110.4 -3.900 1 1 1 1
80.00 120.0 -3.900 1 1 1 1
80.00 130.0 -3.900 1 1 1 1
80.00 140.0 -3.900 1 1 1 1
80.00 150.0 -3.900 1 1 1 1
80.00 160.0 -3.900 1 1 1 1
80.00 170.0 -3.900 1 1 1 1
80.00 180.0 -3.900 1 1 1 1
80.00 190.0 -3.900 1 1 1 1
80.00 200.0 -3.900 1 1 1 1
80.00 210.0 -3.900 1 1 1 1
80.00 220.0 -3.900 1 1 1 1
80.00 230.0 -3.900 1 1 1 1
80.00 240.0 -3.900 1 1 1 1
80.00 250.0 -3.900 1 1 1 1
80.00 260.0 -3.900 1 1 1 1
80.00 270.0 -3.900 1 1 1 1
80.00 280.0 -3.900 1 1 1 1
80.00 290.0 -3.900 1 1 1 1
80.00 300.0 -3.900 1 1 1 1
80.00 310.0 -3.900 1 1 1 1
80.00 320.0 -3.900 1 1 1 1
80.00 330.0 -3.900 1 1 1 1
80.00 340.0 -3.900 1 1 1 1
80.00 350.0 -3.900 1 1 1 1
80.00 360.0 -3.900 1 1 1 1
80.00 370.0 -3.900 1 1 1 1
80.00 380.0 -3.900 1 1 1 1
80.00 400.0 -3.900 1 1 1 1
80.00 450.0 -3.900 1 1 1 1
80.00 500.0 -3.900 1 1 1 1
80.00 0.9106E-01 -3.200 1 1 1 1
80.00 0.1006 -3.200 1 1 1 1
80.00 0.1112 -3.200 1 1 1 1
80.00 0.1229 -3.200 1 1 1 1
80.00 0.1358 -3.200 1 1 1 1
80.00 0.1501 -3.200 1 1 1 1
80.00 0.1659 -3.200 1 1 1 1
80.00 0.1834 -3.200 1 1 1 1
80.00 0.2027 -3.200 1 1 1 1
80.00 0.2240 -3.200 1 1 1 1
80.00 0.2475 -3.200 1 1 1 1
80.00 0.2736 -3.200 1 1 1 1
80.00 0.3023 -3.200 1 1 1 1
80.00 0.3341 -3.200 1 1 1 1
80.00 0.3693 -3.200 1 1 1 1
80.00 0.4081 -3.200 1 1 1 1
80.00 0.4510 -3.200 1 1 1 1
80.00 0.4985 -3.200 1 1 1 1
80.00 0.5509 -3.200 1 1 1 1
80.00 0.6088 -3.200 1 1 1 1
80.00 0.6729 -3.200 1 1 1 1
80.00 0.7436 -3.200 1 1 1 1
80.00 0.8218 -3.200 1 1 1 1
80.00 0.9083 -3.200 1 1 1 1
80.00 1.004 -3.200 1 1 1 1
80.00 1.109 -3.200 1 1 1 1
80.00 1.226 -3.200 1 1 1 1
80.00 1.355 -3.200 1 1 1 1
80.00 1.497 -3.200 1 1 1 1
80.00 1.655 -3.200 1 1 1 1
80.00 1.829 -3.200 1 1 1 1
80.00 2.021 -3.200 1 1 1 1
80.00 2.234 -3.200 1 1 1 1
80.00 2.469 -3.200 1 1 1 1
80.00 2.729 -3.200 1 1 1 1
80.00 3.016 -3.200 1 1 1 1
80.00 3.333 -3.200 1 1 1 1
80.00 3.683 -3.200 1 1 1 1
80.00 4.071 -3.200 1 1 1 1
80.00 4.499 -3.200 1 1 1 1
80.00 4.972 -3.200 1 1 1 1
80.00 5.495 -3.200 1 1 1 1
80.00 6.073 -3.200 1 1 1 1
80.00 6.711 -3.200 1 1 1 1
80.00 7.417 -3.200 1 1 1 1
80.00 8.197 -3.200 1 1 1 1
80.00 9.059 -3.200 1 1 1 1
80.00 10.01 -3.200 1 1 1 1
80.00 11.06 -3.200 1 1 1 1
80.00 12.23 -3.200 1 1 1 1
80.00 13.51 -3.200 1 1 1 1
80.00 14.94 -3.200 1 1 1 1
80.00 16.51 -3.200 1 1 1 1
80.00 18.24 -3.200 1 1 1 1
80.00 20.16 -3.200 1 1 1 1
80.00 22.28 -3.200 1 1 1 1
80.00 24.63 -3.200 1 1 1 1
80.00 27.22 -3.200 1 1 1 1
80.00 30.08 -3.200 1 1 1 1
80.00 33.24 -3.200 1 1 1 1
80.00 36.74 -3.200 1 1 1 1
80.00 40.60 -3.200 1 1 1 1
80.00 44.87 -3.200 1 1 1 1
80.00 49.59 -3.200 1 1 1 1
80.00 54.81 -3.200 1 1 1 1
80.00 60.57 -3.200 1 1 1 1
80.00 66.94 -3.200 1 1 1 1
80.00 73.98 -3.200 1 1 1 1
80.00 81.76 -3.200 1 1 1 1
80.00 89.36 -3.200 1 1 1 1
80.00 90.36 -3.200 1 1 1 1
80.00 91.20 -3.200 1 1 1 1
80.00 92.00 -3.200 1 1 1 1
80.00 99.86 -3.200 1 1 1 1
80.00 110.4 -3.200 1 1 1 1
80.00 120.0 -3.200 1 1 1 1
80.00 130.0 -3.200 1 1 1 1
80.00 140.0 -3.200 1 1 1 1
80.00 150.0 -3.200 1 1 1 1
80.00 160.0 -3.200 1 1 1 1
80.00 170.0 -3.200 1 1 1 1
80.00 180.0 -3.200 1 1 1 1
80.00 190.0 -3.200 1 1 1 1
80.00 200.0 -3.200 1 1 1 1
80.00 210.0 -3.200 1 1 1 1
80.00 220.0 -3.200 1 1 1 1
80.00 230.0 -3.200 1 1 1 1
80.00 240.0 -3.200 1 1 1 1
80.00 250.0 -3.200 1 1 1 1
80.00 260.0 -3.200 1 1 1 1
80.00 270.0 -3.200 1 1 1 1
80.00 280.0 -3.200 1 1 1 1
80.00 290.0 -3.200 1 1 1 1
80.00 300.0 -3.200 1 1 1 1
80.00 310.0 -3.200 1 1 1 1
80.00 320.0 -3.200 1 1 1 1
80.00 330.0 -3.200 1 1 1 1
80.00 340.0 -3.200 1 1 1 1
80.00 350.0 -3.200 1 1 1 1
80.00 360.0 -3.200 1 1 1 1
80.00 370.0 -3.200 1 1 1 1
80.00 380.0 -3.200 1 1 1 1
80.00 400.0 -3.200 1 1 1 1
80.00 450.0 -3.200 1 1 1 1
80.00 500.0 -3.200 1 1 1 1
80.00 0.9106E-01 -2.960 1 1 1 1
80.00 0.1006 -2.960 1 1 1 1
80.00 0.1112 -2.960 1 1 1 1
80.00 0.1229 -2.960 1 1 1 1
80.00 0.1358 -2.960 1 1 1 1
80.00 0.1501 -2.960 1 1 1 1
80.00 0.1659 -2.960 1 1 1 1
80.00 0.1834 -2.960 1 1 1 1
80.00 0.2027 -2.960 1 1 1 1
80.00 0.2240 -2.960 1 1 1 1
80.00 0.2475 -2.960 1 1 1 1
80.00 0.2736 -2.960 1 1 1 1
80.00 0.3023 -2.960 1 1 1 1
80.00 0.3341 -2.960 1 1 1 1
80.00 0.3693 -2.960 1 1 1 1
80.00 0.4081 -2.960 1 1 1 1
80.00 0.4510 -2.960 1 1 1 1
80.00 0.4985 -2.960 1 1 1 1
80.00 0.5509 -2.960 1 1 1 1
80.00 0.6088 -2.960 1 1 1 1
80.00 0.6729 -2.960 1 1 1 1
80.00 0.7436 -2.960 1 1 1 1
80.00 0.8218 -2.960 1 1 1 1
80.00 0.9083 -2.960 1 1 1 1
80.00 1.004 -2.960 1 1 1 1
80.00 1.109 -2.960 1 1 1 1
80.00 1.226 -2.960 1 1 1 1
80.00 1.355 -2.960 1 1 1 1
80.00 1.497 -2.960 1 1 1 1
80.00 1.655 -2.960 1 1 1 1
80.00 1.829 -2.960 1 1 1 1
80.00 2.021 -2.960 1 1 1 1
80.00 2.234 -2.960 1 1 1 1
80.00 2.469 -2.960 1 1 1 1
80.00 2.729 -2.960 1 1 1 1
80.00 3.016 -2.960 1 1 1 1
80.00 3.333 -2.960 1 1 1 1
80.00 3.683 -2.960 1 1 1 1
80.00 4.071 -2.960 1 1 1 1
80.00 4.499 -2.960 1 1 1 1
80.00 4.972 -2.960 1 1 1 1
80.00 5.495 -2.960 1 1 1 1
80.00 6.073 -2.960 1 1 1 1
80.00 6.711 -2.960 1 1 1 1
80.00 7.417 -2.960 1 1 1 1
80.00 8.197 -2.960 1 1 1 1
80.00 9.059 -2.960 1 1 1 1
80.00 10.01 -2.960 1 1 1 1
80.00 11.06 -2.960 1 1 1 1
80.00 12.23 -2.960 1 1 1 1
80.00 13.51 -2.960 1 1 1 1
80.00 14.94 -2.960 1 1 1 1
80.00 16.51 -2.960 1 1 1 1
80.00 18.24 -2.960 1 1 1 1
80.00 20.16 -2.960 1 1 1 1
80.00 22.28 -2.960 1 1 1 1
80.00 24.63 -2.960 1 1 1 1
80.00 27.22 -2.960 1 1 1 1
80.00 30.08 -2.960 1 1 1 1
80.00 33.24 -2.960 1 1 1 1
80.00 36.74 -2.960 1 1 1 1
80.00 40.60 -2.960 1 1 1 1
80.00 44.87 -2.960 1 1 1 1
80.00 49.59 -2.960 1 1 1 1
80.00 54.81 -2.960 1 1 1 1
80.00 60.57 -2.960 1 1 1 1
80.00 66.94 -2.960 1 1 1 1
80.00 73.98 -2.960 1 1 1 1
80.00 81.76 -2.960 1 1 1 1
80.00 89.36 -2.960 1 1 1 1
80.00 90.36 -2.960 1 1 1 1
80.00 91.20 -2.960 1 1 1 1
80.00 92.00 -2.960 1 1 1 1
80.00 99.86 -2.960 1 1 1 1
80.00 110.4 -2.960 1 1 1 1
80.00 120.0 -2.960 1 1 1 1
80.00 130.0 -2.960 1 1 1 1
80.00 140.0 -2.960 1 1 1 1
80.00 150.0 -2.960 1 1 1 1
80.00 160.0 -2.960 1 1 1 1
80.00 170.0 -2.960 1 1 1 1
80.00 180.0 -2.960 1 1 1 1
80.00 190.0 -2.960 1 1 1 1
80.00 200.0 -2.960 1 1 1 1
80.00 210.0 -2.960 1 1 1 1
80.00 220.0 -2.960 1 1 1 1
80.00 230.0 -2.960 1 1 1 1
80.00 240.0 -2.960 1 1 1 1
80.00 250.0 -2.960 1 1 1 1
80.00 260.0 -2.960 1 1 1 1
80.00 270.0 -2.960 1 1 1 1
80.00 280.0 -2.960 1 1 1 1
80.00 290.0 -2.960 1 1 1 1
80.00 300.0 -2.960 1 1 1 1
80.00 310.0 -2.960 1 1 1 1
80.00 320.0 -2.960 1 1 1 1
80.00 330.0 -2.960 1 1 1 1
80.00 340.0 -2.960 1 1 1 1
80.00 350.0 -2.960 1 1 1 1
80.00 360.0 -2.960 1 1 1 1
80.00 370.0 -2.960 1 1 1 1
80.00 380.0 -2.960 1 1 1 1
80.00 400.0 -2.960 1 1 1 1
80.00 450.0 -2.960 1 1 1 1
80.00 500.0 -2.960 1 1 1 1
80.00 0.9106E-01 -2.400 1 1 1 1
80.00 0.1006 -2.400 1 1 1 1
80.00 0.1112 -2.400 1 1 1 1
80.00 0.1229 -2.400 1 1 1 1
80.00 0.1358 -2.400 1 1 1 1
80.00 0.1501 -2.400 1 1 1 1
80.00 0.1659 -2.400 1 1 1 1
80.00 0.1834 -2.400 1 1 1 1
80.00 0.2027 -2.400 1 1 1 1
80.00 0.2240 -2.400 1 1 1 1
80.00 0.2475 -2.400 1 1 1 1
80.00 0.2736 -2.400 1 1 1 1
80.00 0.3023 -2.400 1 1 1 1
80.00 0.3341 -2.400 1 1 1 1
80.00 0.3693 -2.400 1 1 1 1
80.00 0.4081 -2.400 1 1 1 1
80.00 0.4510 -2.400 1 1 1 1
80.00 0.4985 -2.400 1 1 1 1
80.00 0.5509 -2.400 1 1 1 1
80.00 0.6088 -2.400 1 1 1 1
80.00 0.6729 -2.400 1 1 1 1
80.00 0.7436 -2.400 1 1 1 1
80.00 0.8218 -2.400 1 1 1 1
80.00 0.9083 -2.400 1 1 1 1
80.00 1.004 -2.400 1 1 1 1
80.00 1.109 -2.400 1 1 1 1
80.00 1.226 -2.400 1 1 1 1
80.00 1.355 -2.400 1 1 1 1
80.00 1.497 -2.400 1 1 1 1
80.00 1.655 -2.400 1 1 1 1
80.00 1.829 -2.400 1 1 1 1
80.00 2.021 -2.400 1 1 1 1
80.00 2.234 -2.400 1 1 1 1
80.00 2.469 -2.400 1 1 1 1
80.00 2.729 -2.400 1 1 1 1
80.00 3.016 -2.400 1 1 1 1
80.00 3.333 -2.400 1 1 1 1
80.00 3.683 -2.400 1 1 1 1
80.00 4.071 -2.400 1 1 1 1
80.00 4.499 -2.400 1 1 1 1
80.00 4.972 -2.400 1 1 1 1
80.00 5.495 -2.400 1 1 1 1
80.00 6.073 -2.400 1 1 1 1
80.00 6.711 -2.400 1 1 1 1
80.00 7.417 -2.400 1 1 1 1
80.00 8.197 -2.400 1 1 1 1
80.00 9.059 -2.400 1 1 1 1
80.00 10.01 -2.400 1 1 1 1
80.00 11.06 -2.400 1 1 1 1
80.00 12.23 -2.400 1 1 1 1
80.00 13.51 -2.400 1 1 1 1
80.00 14.94 -2.400 1 1 1 1
80.00 16.51 -2.400 1 1 1 1
80.00 18.24 -2.400 1 1 1 1
80.00 20.16 -2.400 1 1 1 1
80.00 22.28 -2.400 1 1 1 1
80.00 24.63 -2.400 1 1 1 1
80.00 27.22 -2.400 1 1 1 1
80.00 30.08 -2.400 1 1 1 1
80.00 33.24 -2.400 1 1 1 1
80.00 36.74 -2.400 1 1 1 1
80.00 40.60 -2.400 1 1 1 1
80.00 44.87 -2.400 1 1 1 1
80.00 49.59 -2.400 1 1 1 1
80.00 54.81 -2.400 1 1 1 1
80.00 60.57 -2.400 1 1 1 1
80.00 66.94 -2.400 1 1 1 1
80.00 73.98 -2.400 1 1 1 1
80.00 81.76 -2.400 1 1 1 1
80.00 89.36 -2.400 1 1 1 1
80.00 90.36 -2.400 1 1 1 1
80.00 91.20 -2.400 1 1 1 1
80.00 92.00 -2.400 1 1 1 1
80.00 99.86 -2.400 1 1 1 1
80.00 110.4 -2.400 1 1 1 1
80.00 120.0 -2.400 1 1 1 1
80.00 130.0 -2.400 1 1 1 1
80.00 140.0 -2.400 1 1 1 1
80.00 150.0 -2.400 1 1 1 1
80.00 160.0 -2.400 1 1 1 1
80.00 170.0 -2.400 1 1 1 1
80.00 180.0 -2.400 1 1 1 1
80.00 190.0 -2.400 1 1 1 1
80.00 200.0 -2.400 1 1 1 1
80.00 210.0 -2.400 1 1 1 1
80.00 220.0 -2.400 1 1 1 1
80.00 230.0 -2.400 1 1 1 1
80.00 240.0 -2.400 1 1 1 1
80.00 250.0 -2.400 1 1 1 1
80.00 260.0 -2.400 1 1 1 1
80.00 270.0 -2.400 1 1 1 1
80.00 280.0 -2.400 1 1 1 1
80.00 290.0 -2.400 1 1 1 1
80.00 300.0 -2.400 1 1 1 1
80.00 310.0 -2.400 1 1 1 1
80.00 320.0 -2.400 1 1 1 1
80.00 330.0 -2.400 1 1 1 1
80.00 340.0 -2.400 1 1 1 1
80.00 350.0 -2.400 1 1 1 1
80.00 360.0 -2.400 1 1 1 1
80.00 370.0 -2.400 1 1 1 1
80.00 380.0 -2.400 1 1 1 1
80.00 400.0 -2.400 1 1 1 1
80.00 450.0 -2.400 1 1 1 1
80.00 500.0 -2.400 1 1 1 1
80.00 0.9106E-01 -1.200 1 1 1 1
80.00 0.1006 -1.200 1 1 1 1
80.00 0.1112 -1.200 1 1 1 1
80.00 0.1229 -1.200 1 1 1 1
80.00 0.1358 -1.200 1 1 1 1
80.00 0.1501 -1.200 1 1 1 1
80.00 0.1659 -1.200 1 1 1 1
80.00 0.1834 -1.200 1 1 1 1
80.00 0.2027 -1.200 1 1 1 1
80.00 0.2240 -1.200 1 1 1 1
80.00 0.2475 -1.200 1 1 1 1
80.00 0.2736 -1.200 1 1 1 1
80.00 0.3023 -1.200 1 1 1 1
80.00 0.3341 -1.200 1 1 1 1
80.00 0.3693 -1.200 1 1 1 1
80.00 0.4081 -1.200 1 1 1 1
80.00 0.4510 -1.200 1 1 1 1
80.00 0.4985 -1.200 1 1 1 1
80.00 0.5509 -1.200 1 1 1 1
80.00 0.6088 -1.200 1 1 1 1
80.00 0.6729 -1.200 1 1 1 1
80.00 0.7436 -1.200 1 1 1 1
80.00 0.8218 -1.200 1 1 1 1
80.00 0.9083 -1.200 1 1 1 1
80.00 1.004 -1.200 1 1 1 1
80.00 1.109 -1.200 1 1 1 1
80.00 1.226 -1.200 1 1 1 1
80.00 1.355 -1.200 1 1 1 1
80.00 1.497 -1.200 1 1 1 1
80.00 1.655 -1.200 1 1 1 1
80.00 1.829 -1.200 1 1 1 1
80.00 2.021 -1.200 1 1 1 1
80.00 2.234 -1.200 1 1 1 1
80.00 2.469 -1.200 1 1 1 1
80.00 2.729 -1.200 1 1 1 1
80.00 3.016 -1.200 1 1 1 1
80.00 3.333 -1.200 1 1 1 1
80.00 3.683 -1.200 1 1 1 1
80.00 4.071 -1.200 1 1 1 1
80.00 4.499 -1.200 1 1 1 1
80.00 4.972 -1.200 1 1 1 1
80.00 5.495 -1.200 1 1 1 1
80.00 6.073 -1.200 1 1 1 1
80.00 6.711 -1.200 1 1 1 1
80.00 7.417 -1.200 1 1 1 1
80.00 8.197 -1.200 1 1 1 1
80.00 9.059 -1.200 1 1 1 1
80.00 10.01 -1.200 1 1 1 1
80.00 11.06 -1.200 1 1 1 1
80.00 12.23 -1.200 1 1 1 1
80.00 13.51 -1.200 1 1 1 1
80.00 14.94 -1.200 1 1 1 1
80.00 16.51 -1.200 1 1 1 1
80.00 18.24 -1.200 1 1 1 1
80.00 20.16 -1.200 1 1 1 1
80.00 22.28 -1.200 1 1 1 1
80.00 24.63 -1.200 1 1 1 1
80.00 27.22 -1.200 1 1 1 1
80.00 30.08 -1.200 1 1 1 1
80.00 33.24 -1.200 1 1 1 1
80.00 36.74 -1.200 1 1 1 1
80.00 40.60 -1.200 1 1 1 1
80.00 44.87 -1.200 1 1 1 1
80.00 49.59 -1.200 1 1 1 1
80.00 54.81 -1.200 1 1 1 1
80.00 60.57 -1.200 1 1 1 1
80.00 66.94 -1.200 1 1 1 1
80.00 73.98 -1.200 1 1 1 1
80.00 81.76 -1.200 1 1 1 1
80.00 89.36 -1.200 1 1 1 1
80.00 90.36 -1.200 1 1 1 1
80.00 91.20 -1.200 1 1 1 1
80.00 92.00 -1.200 1 1 1 1
80.00 99.86 -1.200 1 1 1 1
80.00 110.4 -1.200 1 1 1 1
80.00 120.0 -1.200 1 1 1 1
80.00 130.0 -1.200 1 1 1 1
80.00 140.0 -1.200 1 1 1 1
80.00 150.0 -1.200 1 1 1 1
80.00 160.0 -1.200 1 1 1 1
80.00 170.0 -1.200 1 1 1 1
80.00 180.0 -1.200 1 1 1 1
80.00 190.0 -1.200 1 1 1 1
80.00 200.0 -1.200 1 1 1 1
80.00 210.0 -1.200 1 1 1 1
80.00 220.0 -1.200 1 1 1 1
80.00 230.0 -1.200 1 1 1 1
80.00 240.0 -1.200 1 1 1 1
80.00 250.0 -1.200 1 1 1 1
80.00 260.0 -1.200 1 1 1 1
80.00 270.0 -1.200 1 1 1 1
80.00 280.0 -1.200 1 1 1 1
80.00 290.0 -1.200 1 1 1 1
80.00 300.0 -1.200 1 1 1 1
80.00 310.0 -1.200 1 1 1 1
80.00 320.0 -1.200 1 1 1 1
80.00 330.0 -1.200 1 1 1 1
80.00 340.0 -1.200 1 1 1 1
80.00 350.0 -1.200 1 1 1 1
80.00 360.0 -1.200 1 1 1 1
80.00 370.0 -1.200 1 1 1 1
80.00 380.0 -1.200 1 1 1 1
80.00 400.0 -1.200 1 1 1 1
80.00 450.0 -1.200 1 1 1 1
80.00 500.0 -1.200 1 1 1 1
80.00 0.9106E-01 0.000 1 1 1 1
80.00 0.1006 0.000 1 1 1 1
80.00 0.1112 0.000 1 1 1 1
80.00 0.1229 0.000 1 1 1 1
80.00 0.1358 0.000 1 1 1 1
80.00 0.1501 0.000 1 1 1 1
80.00 0.1659 0.000 1 1 1 1
80.00 0.1834 0.000 1 1 1 1
80.00 0.2027 0.000 1 1 1 1
80.00 0.2240 0.000 1 1 1 1
80.00 0.2475 0.000 1 1 1 1
80.00 0.2736 0.000 1 1 1 1
80.00 0.3023 0.000 1 1 1 1
80.00 0.3341 0.000 1 1 1 1
80.00 0.3693 0.000 1 1 1 1
80.00 0.4081 0.000 1 1 1 1
80.00 0.4510 0.000 1 1 1 1
80.00 0.4985 0.000 1 1 1 1
80.00 0.5509 0.000 1 1 1 1
80.00 0.6088 0.000 1 1 1 1
80.00 0.6729 0.000 1 1 1 1
80.00 0.7436 0.000 1 1 1 1
80.00 0.8218 0.000 1 1 1 1
80.00 0.9083 0.000 1 1 1 1
80.00 1.004 0.000 1 1 1 1
80.00 1.109 0.000 1 1 1 1
80.00 1.226 0.000 1 1 1 1
80.00 1.355 0.000 1 1 1 1
80.00 1.497 0.000 1 1 1 1
80.00 1.655 0.000 1 1 1 1
80.00 1.829 0.000 1 1 1 1
80.00 2.021 0.000 1 1 1 1
80.00 2.234 0.000 1 1 1 1
80.00 2.469 0.000 1 1 1 1
80.00 2.729 0.000 1 1 1 1
80.00 3.016 0.000 1 1 1 1
80.00 3.333 0.000 1 1 1 1
80.00 3.683 0.000 1 1 1 1
80.00 4.071 0.000 1 1 1 1
80.00 4.499 0.000 1 1 1 1
80.00 4.972 0.000 1 1 1 1
80.00 5.495 0.000 1 1 1 1
80.00 6.073 0.000 1 1 1 1
80.00 6.711 0.000 1 1 1 1
80.00 7.417 0.000 1 1 1 1
80.00 8.197 0.000 1 1 1 1
80.00 9.059 0.000 1 1 1 1
80.00 10.01 0.000 1 1 1 1
80.00 11.06 0.000 1 1 1 1
80.00 12.23 0.000 1 1 1 1
80.00 13.51 0.000 1 1 1 1
80.00 14.94 0.000 1 1 1 1
80.00 16.51 0.000 1 1 1 1
80.00 18.24 0.000 1 1 1 1
80.00 20.16 0.000 1 1 1 1
80.00 22.28 0.000 1 1 1 1
80.00 24.63 0.000 1 1 1 1
80.00 27.22 0.000 1 1 1 1
80.00 30.08 0.000 1 1 1 1
80.00 33.24 0.000 1 1 1 1
80.00 36.74 0.000 1 1 1 1
80.00 40.60 0.000 1 1 1 1
80.00 44.87 0.000 1 1 1 1
80.00 49.59 0.000 1 1 1 1
80.00 54.81 0.000 1 1 1 1
80.00 60.57 0.000 1 1 1 1
80.00 66.94 0.000 1 1 1 1
80.00 73.98 0.000 1 1 1 1
80.00 81.76 0.000 1 1 1 1
80.00 89.36 0.000 1 1 1 1
80.00 90.36 0.000 1 1 1 1
80.00 91.20 0.000 1 1 1 1
80.00 92.00 0.000 1 1 1 1
80.00 99.86 0.000 1 1 1 1
80.00 110.4 0.000 1 1 1 1
80.00 120.0 0.000 1 1 1 1
80.00 130.0 0.000 1 1 1 1
80.00 140.0 0.000 1 1 1 1
80.00 150.0 0.000 1 1 1 1
80.00 160.0 0.000 1 1 1 1
80.00 170.0 0.000 1 1 1 1
80.00 180.0 0.000 1 1 1 1
80.00 190.0 0.000 1 1 1 1
80.00 200.0 0.000 1 1 1 1
80.00 210.0 0.000 1 1 1 1
80.00 220.0 0.000 1 1 1 1
80.00 230.0 0.000 1 1 1 1
80.00 240.0 0.000 1 1 1 1
80.00 250.0 0.000 1 1 1 1
80.00 260.0 0.000 1 1 1 1
80.00 270.0 0.000 1 1 1 1
80.00 280.0 0.000 1 1 1 1
80.00 290.0 0.000 1 1 1 1
80.00 300.0 0.000 1 1 1 1
80.00 310.0 0.000 1 1 1 1
80.00 320.0 0.000 1 1 1 1
80.00 330.0 0.000 1 1 1 1
80.00 340.0 0.000 1 1 1 1
80.00 350.0 0.000 1 1 1 1
80.00 360.0 0.000 1 1 1 1
80.00 370.0 0.000 1 1 1 1
80.00 380.0 0.000 1 1 1 1
80.00 400.0 0.000 1 1 1 1
80.00 450.0 0.000 1 1 1 1
80.00 500.0 0.000 1 1 1 1
80.00 0.9106E-01 1.200 1 1 1 1
80.00 0.1006 1.200 1 1 1 1
80.00 0.1112 1.200 1 1 1 1
80.00 0.1229 1.200 1 1 1 1
80.00 0.1358 1.200 1 1 1 1
80.00 0.1501 1.200 1 1 1 1
80.00 0.1659 1.200 1 1 1 1
80.00 0.1834 1.200 1 1 1 1
80.00 0.2027 1.200 1 1 1 1
80.00 0.2240 1.200 1 1 1 1
80.00 0.2475 1.200 1 1 1 1
80.00 0.2736 1.200 1 1 1 1
80.00 0.3023 1.200 1 1 1 1
80.00 0.3341 1.200 1 1 1 1
80.00 0.3693 1.200 1 1 1 1
80.00 0.4081 1.200 1 1 1 1
80.00 0.4510 1.200 1 1 1 1
80.00 0.4985 1.200 1 1 1 1
80.00 0.5509 1.200 1 1 1 1
80.00 0.6088 1.200 1 1 1 1
80.00 0.6729 1.200 1 1 1 1
80.00 0.7436 1.200 1 1 1 1
80.00 0.8218 1.200 1 1 1 1
80.00 0.9083 1.200 1 1 1 1
80.00 1.004 1.200 1 1 1 1
80.00 1.109 1.200 1 1 1 1
80.00 1.226 1.200 1 1 1 1
80.00 1.355 1.200 1 1 1 1
80.00 1.497 1.200 1 1 1 1
80.00 1.655 1.200 1 1 1 1
80.00 1.829 1.200 1 1 1 1
80.00 2.021 1.200 1 1 1 1
80.00 2.234 1.200 1 1 1 1
80.00 2.469 1.200 1 1 1 1
80.00 2.729 1.200 1 1 1 1
80.00 3.016 1.200 1 1 1 1
80.00 3.333 1.200 1 1 1 1
80.00 3.683 1.200 1 1 1 1
80.00 4.071 1.200 1 1 1 1
80.00 4.499 1.200 1 1 1 1
80.00 4.972 1.200 1 1 1 1
80.00 5.495 1.200 1 1 1 1
80.00 6.073 1.200 1 1 1 1
80.00 6.711 1.200 1 1 1 1
80.00 7.417 1.200 1 1 1 1
80.00 8.197 1.200 1 1 1 1
80.00 9.059 1.200 1 1 1 1
80.00 10.01 1.200 1 1 1 1
80.00 11.06 1.200 1 1 1 1
80.00 12.23 1.200 1 1 1 1
80.00 13.51 1.200 1 1 1 1
80.00 14.94 1.200 1 1 1 1
80.00 16.51 1.200 1 1 1 1
80.00 18.24 1.200 1 1 1 1
80.00 20.16 1.200 1 1 1 1
80.00 22.28 1.200 1 1 1 1
80.00 24.63 1.200 1 1 1 1
80.00 27.22 1.200 1 1 1 1
80.00 30.08 1.200 1 1 1 1
80.00 33.24 1.200 1 1 1 1
80.00 36.74 1.200 1 1 1 1
80.00 40.60 1.200 1 1 1 1
80.00 44.87 1.200 1 1 1 1
80.00 49.59 1.200 1 1 1 1
80.00 54.81 1.200 1 1 1 1
80.00 60.57 1.200 1 1 1 1
80.00 66.94 1.200 1 1 1 1
80.00 73.98 1.200 1 1 1 1
80.00 81.76 1.200 1 1 1 1
80.00 89.36 1.200 1 1 1 1
80.00 90.36 1.200 1 1 1 1
80.00 91.20 1.200 1 1 1 1
80.00 92.00 1.200 1 1 1 1
80.00 99.86 1.200 1 1 1 1
80.00 110.4 1.200 1 1 1 1
80.00 120.0 1.200 1 1 1 1
80.00 130.0 1.200 1 1 1 1
80.00 140.0 1.200 1 1 1 1
80.00 150.0 1.200 1 1 1 1
80.00 160.0 1.200 1 1 1 1
80.00 170.0 1.200 1 1 1 1
80.00 180.0 1.200 1 1 1 1
80.00 190.0 1.200 1 1 1 1
80.00 200.0 1.200 1 1 1 1
80.00 210.0 1.200 1 1 1 1
80.00 220.0 1.200 1 1 1 1
80.00 230.0 1.200 1 1 1 1
80.00 240.0 1.200 1 1 1 1
80.00 250.0 1.200 1 1 1 1
80.00 260.0 1.200 1 1 1 1
80.00 270.0 1.200 1 1 1 1
80.00 280.0 1.200 1 1 1 1
80.00 290.0 1.200 1 1 1 1
80.00 300.0 1.200 1 1 1 1
80.00 310.0 1.200 1 1 1 1
80.00 320.0 1.200 1 1 1 1
80.00 330.0 1.200 1 1 1 1
80.00 340.0 1.200 1 1 1 1
80.00 350.0 1.200 1 1 1 1
80.00 360.0 1.200 1 1 1 1
80.00 370.0 1.200 1 1 1 1
80.00 380.0 1.200 1 1 1 1
80.00 400.0 1.200 1 1 1 1
80.00 450.0 1.200 1 1 1 1
80.00 500.0 1.200 1 1 1 1
80.00 0.9106E-01 2.400 1 1 1 1
80.00 0.1006 2.400 1 1 1 1
80.00 0.1112 2.400 1 1 1 1
80.00 0.1229 2.400 1 1 1 1
80.00 0.1358 2.400 1 1 1 1
80.00 0.1501 2.400 1 1 1 1
80.00 0.1659 2.400 1 1 1 1
80.00 0.1834 2.400 1 1 1 1
80.00 0.2027 2.400 1 1 1 1
80.00 0.2240 2.400 1 1 1 1
80.00 0.2475 2.400 1 1 1 1
80.00 0.2736 2.400 1 1 1 1
80.00 0.3023 2.400 1 1 1 1
80.00 0.3341 2.400 1 1 1 1
80.00 0.3693 2.400 1 1 1 1
80.00 0.4081 2.400 1 1 1 1
80.00 0.4510 2.400 1 1 1 1
80.00 0.4985 2.400 1 1 1 1
80.00 0.5509 2.400 1 1 1 1
80.00 0.6088 2.400 1 1 1 1
80.00 0.6729 2.400 1 1 1 1
80.00 0.7436 2.400 1 1 1 1
80.00 0.8218 2.400 1 1 1 1
80.00 0.9083 2.400 1 1 1 1
80.00 1.004 2.400 1 1 1 1
80.00 1.109 2.400 1 1 1 1
80.00 1.226 2.400 1 1 1 1
80.00 1.355 2.400 1 1 1 1
80.00 1.497 2.400 1 1 1 1
80.00 1.655 2.400 1 1 1 1
80.00 1.829 2.400 1 1 1 1
80.00 2.021 2.400 1 1 1 1
80.00 2.234 2.400 1 1 1 1
80.00 2.469 2.400 1 1 1 1
80.00 2.729 2.400 1 1 1 1
80.00 3.016 2.400 1 1 1 1
80.00 3.333 2.400 1 1 1 1
80.00 3.683 2.400 1 1 1 1
80.00 4.071 2.400 1 1 1 1
80.00 4.499 2.400 1 1 1 1
80.00 4.972 2.400 1 1 1 1
80.00 5.495 2.400 1 1 1 1
80.00 6.073 2.400 1 1 1 1
80.00 6.711 2.400 1 1 1 1
80.00 7.417 2.400 1 1 1 1
80.00 8.197 2.400 1 1 1 1
80.00 9.059 2.400 1 1 1 1
80.00 10.01 2.400 1 1 1 1
80.00 11.06 2.400 1 1 1 1
80.00 12.23 2.400 1 1 1 1
80.00 13.51 2.400 1 1 1 1
80.00 14.94 2.400 1 1 1 1
80.00 16.51 2.400 1 1 1 1
80.00 18.24 2.400 1 1 1 1
80.00 20.16 2.400 1 1 1 1
80.00 22.28 2.400 1 1 1 1
80.00 24.63 2.400 1 1 1 1
80.00 27.22 2.400 1 1 1 1
80.00 30.08 2.400 1 1 1 1
80.00 33.24 2.400 1 1 1 1
80.00 36.74 2.400 1 1 1 1
80.00 40.60 2.400 1 1 1 1
80.00 44.87 2.400 1 1 1 1
80.00 49.59 2.400 1 1 1 1
80.00 54.81 2.400 1 1 1 1
80.00 60.57 2.400 1 1 1 1
80.00 66.94 2.400 1 1 1 1
80.00 73.98 2.400 1 1 1 1
80.00 81.76 2.400 1 1 1 1
80.00 89.36 2.400 1 1 1 1
80.00 90.36 2.400 1 1 1 1
80.00 91.20 2.400 1 1 1 1
80.00 92.00 2.400 1 1 1 1
80.00 99.86 2.400 1 1 1 1
80.00 110.4 2.400 1 1 1 1
80.00 120.0 2.400 1 1 1 1
80.00 130.0 2.400 1 1 1 1
80.00 140.0 2.400 1 1 1 1
80.00 150.0 2.400 1 1 1 1
80.00 160.0 2.400 1 1 1 1
80.00 170.0 2.400 1 1 1 1
80.00 180.0 2.400 1 1 1 1
80.00 190.0 2.400 1 1 1 1
80.00 200.0 2.400 1 1 1 1
80.00 210.0 2.400 1 1 1 1
80.00 220.0 2.400 1 1 1 1
80.00 230.0 2.400 1 1 1 1
80.00 240.0 2.400 1 1 1 1
80.00 250.0 2.400 1 1 1 1
80.00 260.0 2.400 1 1 1 1
80.00 270.0 2.400 1 1 1 1
80.00 280.0 2.400 1 1 1 1
80.00 290.0 2.400 1 1 1 1
80.00 300.0 2.400 1 1 1 1
80.00 310.0 2.400 1 1 1 1
80.00 320.0 2.400 1 1 1 1
80.00 330.0 2.400 1 1 1 1
80.00 340.0 2.400 1 1 1 1
80.00 350.0 2.400 1 1 1 1
80.00 360.0 2.400 1 1 1 1
80.00 370.0 2.400 1 1 1 1
80.00 380.0 2.400 1 1 1 1
80.00 400.0 2.400 1 1 1 1
80.00 450.0 2.400 1 1 1 1
80.00 500.0 2.400 1 1 1 1
80.00 0.9106E-01 2.960 1 1 1 1
80.00 0.1006 2.960 1 1 1 1
80.00 0.1112 2.960 1 1 1 1
80.00 0.1229 2.960 1 1 1 1
80.00 0.1358 2.960 1 1 1 1
80.00 0.1501 2.960 1 1 1 1
80.00 0.1659 2.960 1 1 1 1
80.00 0.1834 2.960 1 1 1 1
80.00 0.2027 2.960 1 1 1 1
80.00 0.2240 2.960 1 1 1 1
80.00 0.2475 2.960 1 1 1 1
80.00 0.2736 2.960 1 1 1 1
80.00 0.3023 2.960 1 1 1 1
80.00 0.3341 2.960 1 1 1 1
80.00 0.3693 2.960 1 1 1 1
80.00 0.4081 2.960 1 1 1 1
80.00 0.4510 2.960 1 1 1 1
80.00 0.4985 2.960 1 1 1 1
80.00 0.5509 2.960 1 1 1 1
80.00 0.6088 2.960 1 1 1 1
80.00 0.6729 2.960 1 1 1 1
80.00 0.7436 2.960 1 1 1 1
80.00 0.8218 2.960 1 1 1 1
80.00 0.9083 2.960 1 1 1 1
80.00 1.004 2.960 1 1 1 1
80.00 1.109 2.960 1 1 1 1
80.00 1.226 2.960 1 1 1 1
80.00 1.355 2.960 1 1 1 1
80.00 1.497 2.960 1 1 1 1
80.00 1.655 2.960 1 1 1 1
80.00 1.829 2.960 1 1 1 1
80.00 2.021 2.960 1 1 1 1
80.00 2.234 2.960 1 1 1 1
80.00 2.469 2.960 1 1 1 1
80.00 2.729 2.960 1 1 1 1
80.00 3.016 2.960 1 1 1 1
80.00 3.333 2.960 1 1 1 1
80.00 3.683 2.960 1 1 1 1
80.00 4.071 2.960 1 1 1 1
80.00 4.499 2.960 1 1 1 1
80.00 4.972 2.960 1 1 1 1
80.00 5.495 2.960 1 1 1 1
80.00 6.073 2.960 1 1 1 1
80.00 6.711 2.960 1 1 1 1
80.00 7.417 2.960 1 1 1 1
80.00 8.197 2.960 1 1 1 1
80.00 9.059 2.960 1 1 1 1
80.00 10.01 2.960 1 1 1 1
80.00 11.06 2.960 1 1 1 1
80.00 12.23 2.960 1 1 1 1
80.00 13.51 2.960 1 1 1 1
80.00 14.94 2.960 1 1 1 1
80.00 16.51 2.960 1 1 1 1
80.00 18.24 2.960 1 1 1 1
80.00 20.16 2.960 1 1 1 1
80.00 22.28 2.960 1 1 1 1
80.00 24.63 2.960 1 1 1 1
80.00 27.22 2.960 1 1 1 1
80.00 30.08 2.960 1 1 1 1
80.00 33.24 2.960 1 1 1 1
80.00 36.74 2.960 1 1 1 1
80.00 40.60 2.960 1 1 1 1
80.00 44.87 2.960 1 1 1 1
80.00 49.59 2.960 1 1 1 1
80.00 54.81 2.960 1 1 1 1
80.00 60.57 2.960 1 1 1 1
80.00 66.94 2.960 1 1 1 1
80.00 73.98 2.960 1 1 1 1
80.00 81.76 2.960 1 1 1 1
80.00 89.36 2.960 1 1 1 1
80.00 90.36 2.960 1 1 1 1
80.00 91.20 2.960 1 1 1 1
80.00 92.00 2.960 1 1 1 1
80.00 99.86 2.960 1 1 1 1
80.00 110.4 2.960 1 1 1 1
80.00 120.0 2.960 1 1 1 1
80.00 130.0 2.960 1 1 1 1
80.00 140.0 2.960 1 1 1 1
80.00 150.0 2.960 1 1 1 1
80.00 160.0 2.960 1 1 1 1
80.00 170.0 2.960 1 1 1 1
80.00 180.0 2.960 1 1 1 1
80.00 190.0 2.960 1 1 1 1
80.00 200.0 2.960 1 1 1 1
80.00 210.0 2.960 1 1 1 1
80.00 220.0 2.960 1 1 1 1
80.00 230.0 2.960 1 1 1 1
80.00 240.0 2.960 1 1 1 1
80.00 250.0 2.960 1 1 1 1
80.00 260.0 2.960 1 1 1 1
80.00 270.0 2.960 1 1 1 1
80.00 280.0 2.960 1 1 1 1
80.00 290.0 2.960 1 1 1 1
80.00 300.0 2.960 1 1 1 1
80.00 310.0 2.960 1 1 1 1
80.00 320.0 2.960 1 1 1 1
80.00 330.0 2.960 1 1 1 1
80.00 340.0 2.960 1 1 1 1
80.00 350.0 2.960 1 1 1 1
80.00 360.0 2.960 1 1 1 1
80.00 370.0 2.960 1 1 1 1
80.00 380.0 2.960 1 1 1 1
80.00 400.0 2.960 1 1 1 1
80.00 450.0 2.960 1 1 1 1
80.00 500.0 2.960 1 1 1 1
80.00 0.9106E-01 3.200 1 1 1 1
80.00 0.1006 3.200 1 1 1 1
80.00 0.1112 3.200 1 1 1 1
80.00 0.1229 3.200 1 1 1 1
80.00 0.1358 3.200 1 1 1 1
80.00 0.1501 3.200 1 1 1 1
80.00 0.1659 3.200 1 1 1 1
80.00 0.1834 3.200 1 1 1 1
80.00 0.2027 3.200 1 1 1 1
80.00 0.2240 3.200 1 1 1 1
80.00 0.2475 3.200 1 1 1 1
80.00 0.2736 3.200 1 1 1 1
80.00 0.3023 3.200 1 1 1 1
80.00 0.3341 3.200 1 1 1 1
80.00 0.3693 3.200 1 1 1 1
80.00 0.4081 3.200 1 1 1 1
80.00 0.4510 3.200 1 1 1 1
80.00 0.4985 3.200 1 1 1 1
80.00 0.5509 3.200 1 1 1 1
80.00 0.6088 3.200 1 1 1 1
80.00 0.6729 3.200 1 1 1 1
80.00 0.7436 3.200 1 1 1 1
80.00 0.8218 3.200 1 1 1 1
80.00 0.9083 3.200 1 1 1 1
80.00 1.004 3.200 1 1 1 1
80.00 1.109 3.200 1 1 1 1
80.00 1.226 3.200 1 1 1 1
80.00 1.355 3.200 1 1 1 1
80.00 1.497 3.200 1 1 1 1
80.00 1.655 3.200 1 1 1 1
80.00 1.829 3.200 1 1 1 1
80.00 2.021 3.200 1 1 1 1
80.00 2.234 3.200 1 1 1 1
80.00 2.469 3.200 1 1 1 1
80.00 2.729 3.200 1 1 1 1
80.00 3.016 3.200 1 1 1 1
80.00 3.333 3.200 1 1 1 1
80.00 3.683 3.200 1 1 1 1
80.00 4.071 3.200 1 1 1 1
80.00 4.499 3.200 1 1 1 1
80.00 4.972 3.200 1 1 1 1
80.00 5.495 3.200 1 1 1 1
80.00 6.073 3.200 1 1 1 1
80.00 6.711 3.200 1 1 1 1
80.00 7.417 3.200 1 1 1 1
80.00 8.197 3.200 1 1 1 1
80.00 9.059 3.200 1 1 1 1
80.00 10.01 3.200 1 1 1 1
80.00 11.06 3.200 1 1 1 1
80.00 12.23 3.200 1 1 1 1
80.00 13.51 3.200 1 1 1 1
80.00 14.94 3.200 1 1 1 1
80.00 16.51 3.200 1 1 1 1
80.00 18.24 3.200 1 1 1 1
80.00 20.16 3.200 1 1 1 1
80.00 22.28 3.200 1 1 1 1
80.00 24.63 3.200 1 1 1 1
80.00 27.22 3.200 1 1 1 1
80.00 30.08 3.200 1 1 1 1
80.00 33.24 3.200 1 1 1 1
80.00 36.74 3.200 1 1 1 1
80.00 40.60 3.200 1 1 1 1
80.00 44.87 3.200 1 1 1 1
80.00 49.59 3.200 1 1 1 1
80.00 54.81 3.200 1 1 1 1
80.00 60.57 3.200 1 1 1 1
80.00 66.94 3.200 1 1 1 1
80.00 73.98 3.200 1 1 1 1
80.00 81.76 3.200 1 1 1 1
80.00 89.36 3.200 1 1 1 1
80.00 90.36 3.200 1 1 1 1
80.00 91.20 3.200 1 1 1 1
80.00 92.00 3.200 1 1 1 1
80.00 99.86 3.200 1 1 1 1
80.00 110.4 3.200 1 1 1 1
80.00 120.0 3.200 1 1 1 1
80.00 130.0 3.200 1 1 1 1
80.00 140.0 3.200 1 1 1 1
80.00 150.0 3.200 1 1 1 1
80.00 160.0 3.200 1 1 1 1
80.00 170.0 3.200 1 1 1 1
80.00 180.0 3.200 1 1 1 1
80.00 190.0 3.200 1 1 1 1
80.00 200.0 3.200 1 1 1 1
80.00 210.0 3.200 1 1 1 1
80.00 220.0 3.200 1 1 1 1
80.00 230.0 3.200 1 1 1 1
80.00 240.0 3.200 1 1 1 1
80.00 250.0 3.200 1 1 1 1
80.00 260.0 3.200 1 1 1 1
80.00 270.0 3.200 1 1 1 1
80.00 280.0 3.200 1 1 1 1
80.00 290.0 3.200 1 1 1 1
80.00 300.0 3.200 1 1 1 1
80.00 310.0 3.200 1 1 1 1
80.00 320.0 3.200 1 1 1 1
80.00 330.0 3.200 1 1 1 1
80.00 340.0 3.200 1 1 1 1
80.00 350.0 3.200 1 1 1 1
80.00 360.0 3.200 1 1 1 1
80.00 370.0 3.200 1 1 1 1
80.00 380.0 3.200 1 1 1 1
80.00 400.0 3.200 1 1 1 1
80.00 450.0 3.200 1 1 1 1
80.00 500.0 3.200 1 1 1 1
80.00 0.9106E-01 3.900 1 1 1 1
80.00 0.1006 3.900 1 1 1 1
80.00 0.1112 3.900 1 1 1 1
80.00 0.1229 3.900 1 1 1 1
80.00 0.1358 3.900 1 1 1 1
80.00 0.1501 3.900 1 1 1 1
80.00 0.1659 3.900 1 1 1 1
80.00 0.1834 3.900 1 1 1 1
80.00 0.2027 3.900 1 1 1 1
80.00 0.2240 3.900 1 1 1 1
80.00 0.2475 3.900 1 1 1 1
80.00 0.2736 3.900 1 1 1 1
80.00 0.3023 3.900 1 1 1 1
80.00 0.3341 3.900 1 1 1 1
80.00 0.3693 3.900 1 1 1 1
80.00 0.4081 3.900 1 1 1 1
80.00 0.4510 3.900 1 1 1 1
80.00 0.4985 3.900 1 1 1 1
80.00 0.5509 3.900 1 1 1 1
80.00 0.6088 3.900 1 1 1 1
80.00 0.6729 3.900 1 1 1 1
80.00 0.7436 3.900 1 1 1 1
80.00 0.8218 3.900 1 1 1 1
80.00 0.9083 3.900 1 1 1 1
80.00 1.004 3.900 1 1 1 1
80.00 1.109 3.900 1 1 1 1
80.00 1.226 3.900 1 1 1 1
80.00 1.355 3.900 1 1 1 1
80.00 1.497 3.900 1 1 1 1
80.00 1.655 3.900 1 1 1 1
80.00 1.829 3.900 1 1 1 1
80.00 2.021 3.900 1 1 1 1
80.00 2.234 3.900 1 1 1 1
80.00 2.469 3.900 1 1 1 1
80.00 2.729 3.900 1 1 1 1
80.00 3.016 3.900 1 1 1 1
80.00 3.333 3.900 1 1 1 1
80.00 3.683 3.900 1 1 1 1
80.00 4.071 3.900 1 1 1 1
80.00 4.499 3.900 1 1 1 1
80.00 4.972 3.900 1 1 1 1
80.00 5.495 3.900 1 1 1 1
80.00 6.073 3.900 1 1 1 1
80.00 6.711 3.900 1 1 1 1
80.00 7.417 3.900 1 1 1 1
80.00 8.197 3.900 1 1 1 1
80.00 9.059 3.900 1 1 1 1
80.00 10.01 3.900 1 1 1 1
80.00 11.06 3.900 1 1 1 1
80.00 12.23 3.900 1 1 1 1
80.00 13.51 3.900 1 1 1 1
80.00 14.94 3.900 1 1 1 1
80.00 16.51 3.900 1 1 1 1
80.00 18.24 3.900 1 1 1 1
80.00 20.16 3.900 1 1 1 1
80.00 22.28 3.900 1 1 1 1
80.00 24.63 3.900 1 1 1 1
80.00 27.22 3.900 1 1 1 1
80.00 30.08 3.900 1 1 1 1
80.00 33.24 3.900 1 1 1 1
80.00 36.74 3.900 1 1 1 1
80.00 40.60 3.900 1 1 1 1
80.00 44.87 3.900 1 1 1 1
80.00 49.59 3.900 1 1 1 1
80.00 54.81 3.900 1 1 1 1
80.00 60.57 3.900 1 1 1 1
80.00 66.94 3.900 1 1 1 1
80.00 73.98 3.900 1 1 1 1
80.00 81.76 3.900 1 1 1 1
80.00 89.36 3.900 1 1 1 1
80.00 90.36 3.900 1 1 1 1
80.00 91.20 3.900 1 1 1 1
80.00 92.00 3.900 1 1 1 1
80.00 99.86 3.900 1 1 1 1
80.00 110.4 3.900 1 1 1 1
80.00 120.0 3.900 1 1 1 1
80.00 130.0 3.900 1 1 1 1
80.00 140.0 3.900 1 1 1 1
80.00 150.0 3.900 1 1 1 1
80.00 160.0 3.900 1 1 1 1
80.00 170.0 3.900 1 1 1 1
80.00 180.0 3.900 1 1 1 1
80.00 190.0 3.900 1 1 1 1
80.00 200.0 3.900 1 1 1 1
80.00 210.0 3.900 1 1 1 1
80.00 220.0 3.900 1 1 1 1
80.00 230.0 3.900 1 1 1 1
80.00 240.0 3.900 1 1 1 1
80.00 250.0 3.900 1 1 1 1
80.00 260.0 3.900 1 1 1 1
80.00 270.0 3.900 1 1 1 1
80.00 280.0 3.900 1 1 1 1
80.00 290.0 3.900 1 1 1 1
80.00 300.0 3.900 1 1 1 1
80.00 310.0 3.900 1 1 1 1
80.00 320.0 3.900 1 1 1 1
80.00 330.0 3.900 1 1 1 1
80.00 340.0 3.900 1 1 1 1
80.00 350.0 3.900 1 1 1 1
80.00 360.0 3.900 1 1 1 1
80.00 370.0 3.900 1 1 1 1
80.00 380.0 3.900 1 1 1 1
80.00 400.0 3.900 1 1 1 1
80.00 450.0 3.900 1 1 1 1
80.00 500.0 3.900 1 1 1 1
100.0 0.9106E-01 -3.900 1 1 1 1
100.0 0.1006 -3.900 1 1 1 1
100.0 0.1112 -3.900 1 1 1 1
100.0 0.1229 -3.900 1 1 1 1
100.0 0.1358 -3.900 1 1 1 1
100.0 0.1501 -3.900 1 1 1 1
100.0 0.1659 -3.900 1 1 1 1
100.0 0.1834 -3.900 1 1 1 1
100.0 0.2027 -3.900 1 1 1 1
100.0 0.2240 -3.900 1 1 1 1
100.0 0.2475 -3.900 1 1 1 1
100.0 0.2736 -3.900 1 1 1 1
100.0 0.3023 -3.900 1 1 1 1
100.0 0.3341 -3.900 1 1 1 1
100.0 0.3693 -3.900 1 1 1 1
100.0 0.4081 -3.900 1 1 1 1
100.0 0.4510 -3.900 1 1 1 1
100.0 0.4985 -3.900 1 1 1 1
100.0 0.5509 -3.900 1 1 1 1
100.0 0.6088 -3.900 1 1 1 1
100.0 0.6729 -3.900 1 1 1 1
100.0 0.7436 -3.900 1 1 1 1
100.0 0.8218 -3.900 1 1 1 1
100.0 0.9083 -3.900 1 1 1 1
100.0 1.004 -3.900 1 1 1 1
100.0 1.109 -3.900 1 1 1 1
100.0 1.226 -3.900 1 1 1 1
100.0 1.355 -3.900 1 1 1 1
100.0 1.497 -3.900 1 1 1 1
100.0 1.655 -3.900 1 1 1 1
100.0 1.829 -3.900 1 1 1 1
100.0 2.021 -3.900 1 1 1 1
100.0 2.234 -3.900 1 1 1 1
100.0 2.469 -3.900 1 1 1 1
100.0 2.729 -3.900 1 1 1 1
100.0 3.016 -3.900 1 1 1 1
100.0 3.333 -3.900 1 1 1 1
100.0 3.683 -3.900 1 1 1 1
100.0 4.071 -3.900 1 1 1 1
100.0 4.499 -3.900 1 1 1 1
100.0 4.972 -3.900 1 1 1 1
100.0 5.495 -3.900 1 1 1 1
100.0 6.073 -3.900 1 1 1 1
100.0 6.711 -3.900 1 1 1 1
100.0 7.417 -3.900 1 1 1 1
100.0 8.197 -3.900 1 1 1 1
100.0 9.059 -3.900 1 1 1 1
100.0 10.01 -3.900 1 1 1 1
100.0 11.06 -3.900 1 1 1 1
100.0 12.23 -3.900 1 1 1 1
100.0 13.51 -3.900 1 1 1 1
100.0 14.94 -3.900 1 1 1 1
100.0 16.51 -3.900 1 1 1 1
100.0 18.24 -3.900 1 1 1 1
100.0 20.16 -3.900 1 1 1 1
100.0 22.28 -3.900 1 1 1 1
100.0 24.63 -3.900 1 1 1 1
100.0 27.22 -3.900 1 1 1 1
100.0 30.08 -3.900 1 1 1 1
100.0 33.24 -3.900 1 1 1 1
100.0 36.74 -3.900 1 1 1 1
100.0 40.60 -3.900 1 1 1 1
100.0 44.87 -3.900 1 1 1 1
100.0 49.59 -3.900 1 1 1 1
100.0 54.81 -3.900 1 1 1 1
100.0 60.57 -3.900 1 1 1 1
100.0 66.94 -3.900 1 1 1 1
100.0 73.98 -3.900 1 1 1 1
100.0 81.76 -3.900 1 1 1 1
100.0 89.36 -3.900 1 1 1 1
100.0 90.36 -3.900 1 1 1 1
100.0 91.20 -3.900 1 1 1 1
100.0 92.00 -3.900 1 1 1 1
100.0 99.86 -3.900 1 1 1 1
100.0 110.4 -3.900 1 1 1 1
100.0 120.0 -3.900 1 1 1 1
100.0 130.0 -3.900 1 1 1 1
100.0 140.0 -3.900 1 1 1 1
100.0 150.0 -3.900 1 1 1 1
100.0 160.0 -3.900 1 1 1 1
100.0 170.0 -3.900 1 1 1 1
100.0 180.0 -3.900 1 1 1 1
100.0 190.0 -3.900 1 1 1 1
100.0 200.0 -3.900 1 1 1 1
100.0 210.0 -3.900 1 1 1 1
100.0 220.0 -3.900 1 1 1 1
100.0 230.0 -3.900 1 1 1 1
100.0 240.0 -3.900 1 1 1 1
100.0 250.0 -3.900 1 1 1 1
100.0 260.0 -3.900 1 1 1 1
100.0 270.0 -3.900 1 1 1 1
100.0 280.0 -3.900 1 1 1 1
100.0 290.0 -3.900 1 1 1 1
100.0 300.0 -3.900 1 1 1 1
100.0 310.0 -3.900 1 1 1 1
100.0 320.0 -3.900 1 1 1 1
100.0 330.0 -3.900 1 1 1 1
100.0 340.0 -3.900 1 1 1 1
100.0 350.0 -3.900 1 1 1 1
100.0 360.0 -3.900 1 1 1 1
100.0 370.0 -3.900 1 1 1 1
100.0 380.0 -3.900 1 1 1 1
100.0 400.0 -3.900 1 1 1 1
100.0 450.0 -3.900 1 1 1 1
100.0 500.0 -3.900 1 1 1 1
100.0 0.9106E-01 -3.200 1 1 1 1
100.0 0.1006 -3.200 1 1 1 1
100.0 0.1112 -3.200 1 1 1 1
100.0 0.1229 -3.200 1 1 1 1
100.0 0.1358 -3.200 1 1 1 1
100.0 0.1501 -3.200 1 1 1 1
100.0 0.1659 -3.200 1 1 1 1
100.0 0.1834 -3.200 1 1 1 1
100.0 0.2027 -3.200 1 1 1 1
100.0 0.2240 -3.200 1 1 1 1
100.0 0.2475 -3.200 1 1 1 1
100.0 0.2736 -3.200 1 1 1 1
100.0 0.3023 -3.200 1 1 1 1
100.0 0.3341 -3.200 1 1 1 1
100.0 0.3693 -3.200 1 1 1 1
100.0 0.4081 -3.200 1 1 1 1
100.0 0.4510 -3.200 1 1 1 1
100.0 0.4985 -3.200 1 1 1 1
100.0 0.5509 -3.200 1 1 1 1
100.0 0.6088 -3.200 1 1 1 1
100.0 0.6729 -3.200 1 1 1 1
100.0 0.7436 -3.200 1 1 1 1
100.0 0.8218 -3.200 1 1 1 1
100.0 0.9083 -3.200 1 1 1 1
100.0 1.004 -3.200 1 1 1 1
100.0 1.109 -3.200 1 1 1 1
100.0 1.226 -3.200 1 1 1 1
100.0 1.355 -3.200 1 1 1 1
100.0 1.497 -3.200 1 1 1 1
100.0 1.655 -3.200 1 1 1 1
100.0 1.829 -3.200 1 1 1 1
100.0 2.021 -3.200 1 1 1 1
100.0 2.234 -3.200 1 1 1 1
100.0 2.469 -3.200 1 1 1 1
100.0 2.729 -3.200 1 1 1 1
100.0 3.016 -3.200 1 1 1 1
100.0 3.333 -3.200 1 1 1 1
100.0 3.683 -3.200 1 1 1 1
100.0 4.071 -3.200 1 1 1 1
100.0 4.499 -3.200 1 1 1 1
100.0 4.972 -3.200 1 1 1 1
100.0 5.495 -3.200 1 1 1 1
100.0 6.073 -3.200 1 1 1 1
100.0 6.711 -3.200 1 1 1 1
100.0 7.417 -3.200 1 1 1 1
100.0 8.197 -3.200 1 1 1 1
100.0 9.059 -3.200 1 1 1 1
100.0 10.01 -3.200 1 1 1 1
100.0 11.06 -3.200 1 1 1 1
100.0 12.23 -3.200 1 1 1 1
100.0 13.51 -3.200 1 1 1 1
100.0 14.94 -3.200 1 1 1 1
100.0 16.51 -3.200 1 1 1 1
100.0 18.24 -3.200 1 1 1 1
100.0 20.16 -3.200 1 1 1 1
100.0 22.28 -3.200 1 1 1 1
100.0 24.63 -3.200 1 1 1 1
100.0 27.22 -3.200 1 1 1 1
100.0 30.08 -3.200 1 1 1 1
100.0 33.24 -3.200 1 1 1 1
100.0 36.74 -3.200 1 1 1 1
100.0 40.60 -3.200 1 1 1 1
100.0 44.87 -3.200 1 1 1 1
100.0 49.59 -3.200 1 1 1 1
100.0 54.81 -3.200 1 1 1 1
100.0 60.57 -3.200 1 1 1 1
100.0 66.94 -3.200 1 1 1 1
100.0 73.98 -3.200 1 1 1 1
100.0 81.76 -3.200 1 1 1 1
100.0 89.36 -3.200 1 1 1 1
100.0 90.36 -3.200 1 1 1 1
100.0 91.20 -3.200 1 1 1 1
100.0 92.00 -3.200 1 1 1 1
100.0 99.86 -3.200 1 1 1 1
100.0 110.4 -3.200 1 1 1 1
100.0 120.0 -3.200 1 1 1 1
100.0 130.0 -3.200 1 1 1 1
100.0 140.0 -3.200 1 1 1 1
100.0 150.0 -3.200 1 1 1 1
100.0 160.0 -3.200 1 1 1 1
100.0 170.0 -3.200 1 1 1 1
100.0 180.0 -3.200 1 1 1 1
100.0 190.0 -3.200 1 1 1 1
100.0 200.0 -3.200 1 1 1 1
100.0 210.0 -3.200 1 1 1 1
100.0 220.0 -3.200 1 1 1 1
100.0 230.0 -3.200 1 1 1 1
100.0 240.0 -3.200 1 1 1 1
100.0 250.0 -3.200 1 1 1 1
100.0 260.0 -3.200 1 1 1 1
100.0 270.0 -3.200 1 1 1 1
100.0 280.0 -3.200 1 1 1 1
100.0 290.0 -3.200 1 1 1 1
100.0 300.0 -3.200 1 1 1 1
100.0 310.0 -3.200 1 1 1 1
100.0 320.0 -3.200 1 1 1 1
100.0 330.0 -3.200 1 1 1 1
100.0 340.0 -3.200 1 1 1 1
100.0 350.0 -3.200 1 1 1 1
100.0 360.0 -3.200 1 1 1 1
100.0 370.0 -3.200 1 1 1 1
100.0 380.0 -3.200 1 1 1 1
100.0 400.0 -3.200 1 1 1 1
100.0 450.0 -3.200 1 1 1 1
100.0 500.0 -3.200 1 1 1 1
100.0 0.9106E-01 -2.960 1 1 1 1
100.0 0.1006 -2.960 1 1 1 1
100.0 0.1112 -2.960 1 1 1 1
100.0 0.1229 -2.960 1 1 1 1
100.0 0.1358 -2.960 1 1 1 1
100.0 0.1501 -2.960 1 1 1 1
100.0 0.1659 -2.960 1 1 1 1
100.0 0.1834 -2.960 1 1 1 1
100.0 0.2027 -2.960 1 1 1 1
100.0 0.2240 -2.960 1 1 1 1
100.0 0.2475 -2.960 1 1 1 1
100.0 0.2736 -2.960 1 1 1 1
100.0 0.3023 -2.960 1 1 1 1
100.0 0.3341 -2.960 1 1 1 1
100.0 0.3693 -2.960 1 1 1 1
100.0 0.4081 -2.960 1 1 1 1
100.0 0.4510 -2.960 1 1 1 1
100.0 0.4985 -2.960 1 1 1 1
100.0 0.5509 -2.960 1 1 1 1
100.0 0.6088 -2.960 1 1 1 1
100.0 0.6729 -2.960 1 1 1 1
100.0 0.7436 -2.960 1 1 1 1
100.0 0.8218 -2.960 1 1 1 1
100.0 0.9083 -2.960 1 1 1 1
100.0 1.004 -2.960 1 1 1 1
100.0 1.109 -2.960 1 1 1 1
100.0 1.226 -2.960 1 1 1 1
100.0 1.355 -2.960 1 1 1 1
100.0 1.497 -2.960 1 1 1 1
100.0 1.655 -2.960 1 1 1 1
100.0 1.829 -2.960 1 1 1 1
100.0 2.021 -2.960 1 1 1 1
100.0 2.234 -2.960 1 1 1 1
100.0 2.469 -2.960 1 1 1 1
100.0 2.729 -2.960 1 1 1 1
100.0 3.016 -2.960 1 1 1 1
100.0 3.333 -2.960 1 1 1 1
100.0 3.683 -2.960 1 1 1 1
100.0 4.071 -2.960 1 1 1 1
100.0 4.499 -2.960 1 1 1 1
100.0 4.972 -2.960 1 1 1 1
100.0 5.495 -2.960 1 1 1 1
100.0 6.073 -2.960 1 1 1 1
100.0 6.711 -2.960 1 1 1 1
100.0 7.417 -2.960 1 1 1 1
100.0 8.197 -2.960 1 1 1 1
100.0 9.059 -2.960 1 1 1 1
100.0 10.01 -2.960 1 1 1 1
100.0 11.06 -2.960 1 1 1 1
100.0 12.23 -2.960 1 1 1 1
100.0 13.51 -2.960 1 1 1 1
100.0 14.94 -2.960 1 1 1 1
100.0 16.51 -2.960 1 1 1 1
100.0 18.24 -2.960 1 1 1 1
100.0 20.16 -2.960 1 1 1 1
100.0 22.28 -2.960 1 1 1 1
100.0 24.63 -2.960 1 1 1 1
100.0 27.22 -2.960 1 1 1 1
100.0 30.08 -2.960 1 1 1 1
100.0 33.24 -2.960 1 1 1 1
100.0 36.74 -2.960 1 1 1 1
100.0 40.60 -2.960 1 1 1 1
100.0 44.87 -2.960 1 1 1 1
100.0 49.59 -2.960 1 1 1 1
100.0 54.81 -2.960 1 1 1 1
100.0 60.57 -2.960 1 1 1 1
100.0 66.94 -2.960 1 1 1 1
100.0 73.98 -2.960 1 1 1 1
100.0 81.76 -2.960 1 1 1 1
100.0 89.36 -2.960 1 1 1 1
100.0 90.36 -2.960 1 1 1 1
100.0 91.20 -2.960 1 1 1 1
100.0 92.00 -2.960 1 1 1 1
100.0 99.86 -2.960 1 1 1 1
100.0 110.4 -2.960 1 1 1 1
100.0 120.0 -2.960 1 1 1 1
100.0 130.0 -2.960 1 1 1 1
100.0 140.0 -2.960 1 1 1 1
100.0 150.0 -2.960 1 1 1 1
100.0 160.0 -2.960 1 1 1 1
100.0 170.0 -2.960 1 1 1 1
100.0 180.0 -2.960 1 1 1 1
100.0 190.0 -2.960 1 1 1 1
100.0 200.0 -2.960 1 1 1 1
100.0 210.0 -2.960 1 1 1 1
100.0 220.0 -2.960 1 1 1 1
100.0 230.0 -2.960 1 1 1 1
100.0 240.0 -2.960 1 1 1 1
100.0 250.0 -2.960 1 1 1 1
100.0 260.0 -2.960 1 1 1 1
100.0 270.0 -2.960 1 1 1 1
100.0 280.0 -2.960 1 1 1 1
100.0 290.0 -2.960 1 1 1 1
100.0 300.0 -2.960 1 1 1 1
100.0 310.0 -2.960 1 1 1 1
100.0 320.0 -2.960 1 1 1 1
100.0 330.0 -2.960 1 1 1 1
100.0 340.0 -2.960 1 1 1 1
100.0 350.0 -2.960 1 1 1 1
100.0 360.0 -2.960 1 1 1 1
100.0 370.0 -2.960 1 1 1 1
100.0 380.0 -2.960 1 1 1 1
100.0 400.0 -2.960 1 1 1 1
100.0 450.0 -2.960 1 1 1 1
100.0 500.0 -2.960 1 1 1 1
100.0 0.9106E-01 -2.400 1 1 1 1
100.0 0.1006 -2.400 1 1 1 1
100.0 0.1112 -2.400 1 1 1 1
100.0 0.1229 -2.400 1 1 1 1
100.0 0.1358 -2.400 1 1 1 1
100.0 0.1501 -2.400 1 1 1 1
100.0 0.1659 -2.400 1 1 1 1
100.0 0.1834 -2.400 1 1 1 1
100.0 0.2027 -2.400 1 1 1 1
100.0 0.2240 -2.400 1 1 1 1
100.0 0.2475 -2.400 1 1 1 1
100.0 0.2736 -2.400 1 1 1 1
100.0 0.3023 -2.400 1 1 1 1
100.0 0.3341 -2.400 1 1 1 1
100.0 0.3693 -2.400 1 1 1 1
100.0 0.4081 -2.400 1 1 1 1
100.0 0.4510 -2.400 1 1 1 1
100.0 0.4985 -2.400 1 1 1 1
100.0 0.5509 -2.400 1 1 1 1
100.0 0.6088 -2.400 1 1 1 1
100.0 0.6729 -2.400 1 1 1 1
100.0 0.7436 -2.400 1 1 1 1
100.0 0.8218 -2.400 1 1 1 1
100.0 0.9083 -2.400 1 1 1 1
100.0 1.004 -2.400 1 1 1 1
100.0 1.109 -2.400 1 1 1 1
100.0 1.226 -2.400 1 1 1 1
100.0 1.355 -2.400 1 1 1 1
100.0 1.497 -2.400 1 1 1 1
100.0 1.655 -2.400 1 1 1 1
100.0 1.829 -2.400 1 1 1 1
100.0 2.021 -2.400 1 1 1 1
100.0 2.234 -2.400 1 1 1 1
100.0 2.469 -2.400 1 1 1 1
100.0 2.729 -2.400 1 1 1 1
100.0 3.016 -2.400 1 1 1 1
100.0 3.333 -2.400 1 1 1 1
100.0 3.683 -2.400 1 1 1 1
100.0 4.071 -2.400 1 1 1 1
100.0 4.499 -2.400 1 1 1 1
100.0 4.972 -2.400 1 1 1 1
100.0 5.495 -2.400 1 1 1 1
100.0 6.073 -2.400 1 1 1 1
100.0 6.711 -2.400 1 1 1 1
100.0 7.417 -2.400 1 1 1 1
100.0 8.197 -2.400 1 1 1 1
100.0 9.059 -2.400 1 1 1 1
100.0 10.01 -2.400 1 1 1 1
100.0 11.06 -2.400 1 1 1 1
100.0 12.23 -2.400 1 1 1 1
100.0 13.51 -2.400 1 1 1 1
100.0 14.94 -2.400 1 1 1 1
100.0 16.51 -2.400 1 1 1 1
100.0 18.24 -2.400 1 1 1 1
100.0 20.16 -2.400 1 1 1 1
100.0 22.28 -2.400 1 1 1 1
100.0 24.63 -2.400 1 1 1 1
100.0 27.22 -2.400 1 1 1 1
100.0 30.08 -2.400 1 1 1 1
100.0 33.24 -2.400 1 1 1 1
100.0 36.74 -2.400 1 1 1 1
100.0 40.60 -2.400 1 1 1 1
100.0 44.87 -2.400 1 1 1 1
100.0 49.59 -2.400 1 1 1 1
100.0 54.81 -2.400 1 1 1 1
100.0 60.57 -2.400 1 1 1 1
100.0 66.94 -2.400 1 1 1 1
100.0 73.98 -2.400 1 1 1 1
100.0 81.76 -2.400 1 1 1 1
100.0 89.36 -2.400 1 1 1 1
100.0 90.36 -2.400 1 1 1 1
100.0 91.20 -2.400 1 1 1 1
100.0 92.00 -2.400 1 1 1 1
100.0 99.86 -2.400 1 1 1 1
100.0 110.4 -2.400 1 1 1 1
100.0 120.0 -2.400 1 1 1 1
100.0 130.0 -2.400 1 1 1 1
100.0 140.0 -2.400 1 1 1 1
100.0 150.0 -2.400 1 1 1 1
100.0 160.0 -2.400 1 1 1 1
100.0 170.0 -2.400 1 1 1 1
100.0 180.0 -2.400 1 1 1 1
100.0 190.0 -2.400 1 1 1 1
100.0 200.0 -2.400 1 1 1 1
100.0 210.0 -2.400 1 1 1 1
100.0 220.0 -2.400 1 1 1 1
100.0 230.0 -2.400 1 1 1 1
100.0 240.0 -2.400 1 1 1 1
100.0 250.0 -2.400 1 1 1 1
100.0 260.0 -2.400 1 1 1 1
100.0 270.0 -2.400 1 1 1 1
100.0 280.0 -2.400 1 1 1 1
100.0 290.0 -2.400 1 1 1 1
100.0 300.0 -2.400 1 1 1 1
100.0 310.0 -2.400 1 1 1 1
100.0 320.0 -2.400 1 1 1 1
100.0 330.0 -2.400 1 1 1 1
100.0 340.0 -2.400 1 1 1 1
100.0 350.0 -2.400 1 1 1 1
100.0 360.0 -2.400 1 1 1 1
100.0 370.0 -2.400 1 1 1 1
100.0 380.0 -2.400 1 1 1 1
100.0 400.0 -2.400 1 1 1 1
100.0 450.0 -2.400 1 1 1 1
100.0 500.0 -2.400 1 1 1 1
100.0 0.9106E-01 -1.200 1 1 1 1
100.0 0.1006 -1.200 1 1 1 1
100.0 0.1112 -1.200 1 1 1 1
100.0 0.1229 -1.200 1 1 1 1
100.0 0.1358 -1.200 1 1 1 1
100.0 0.1501 -1.200 1 1 1 1
100.0 0.1659 -1.200 1 1 1 1
100.0 0.1834 -1.200 1 1 1 1
100.0 0.2027 -1.200 1 1 1 1
100.0 0.2240 -1.200 1 1 1 1
100.0 0.2475 -1.200 1 1 1 1
100.0 0.2736 -1.200 1 1 1 1
100.0 0.3023 -1.200 1 1 1 1
100.0 0.3341 -1.200 1 1 1 1
100.0 0.3693 -1.200 1 1 1 1
100.0 0.4081 -1.200 1 1 1 1
100.0 0.4510 -1.200 1 1 1 1
100.0 0.4985 -1.200 1 1 1 1
100.0 0.5509 -1.200 1 1 1 1
100.0 0.6088 -1.200 1 1 1 1
100.0 0.6729 -1.200 1 1 1 1
100.0 0.7436 -1.200 1 1 1 1
100.0 0.8218 -1.200 1 1 1 1
100.0 0.9083 -1.200 1 1 1 1
100.0 1.004 -1.200 1 1 1 1
100.0 1.109 -1.200 1 1 1 1
100.0 1.226 -1.200 1 1 1 1
100.0 1.355 -1.200 1 1 1 1
100.0 1.497 -1.200 1 1 1 1
100.0 1.655 -1.200 1 1 1 1
100.0 1.829 -1.200 1 1 1 1
100.0 2.021 -1.200 1 1 1 1
100.0 2.234 -1.200 1 1 1 1
100.0 2.469 -1.200 1 1 1 1
100.0 2.729 -1.200 1 1 1 1
100.0 3.016 -1.200 1 1 1 1
100.0 3.333 -1.200 1 1 1 1
100.0 3.683 -1.200 1 1 1 1
100.0 4.071 -1.200 1 1 1 1
100.0 4.499 -1.200 1 1 1 1
100.0 4.972 -1.200 1 1 1 1
100.0 5.495 -1.200 1 1 1 1
100.0 6.073 -1.200 1 1 1 1
100.0 6.711 -1.200 1 1 1 1
100.0 7.417 -1.200 1 1 1 1
100.0 8.197 -1.200 1 1 1 1
100.0 9.059 -1.200 1 1 1 1
100.0 10.01 -1.200 1 1 1 1
100.0 11.06 -1.200 1 1 1 1
100.0 12.23 -1.200 1 1 1 1
100.0 13.51 -1.200 1 1 1 1
100.0 14.94 -1.200 1 1 1 1
100.0 16.51 -1.200 1 1 1 1
100.0 18.24 -1.200 1 1 1 1
100.0 20.16 -1.200 1 1 1 1
100.0 22.28 -1.200 1 1 1 1
100.0 24.63 -1.200 1 1 1 1
100.0 27.22 -1.200 1 1 1 1
100.0 30.08 -1.200 1 1 1 1
100.0 33.24 -1.200 1 1 1 1
100.0 36.74 -1.200 1 1 1 1
100.0 40.60 -1.200 1 1 1 1
100.0 44.87 -1.200 1 1 1 1
100.0 49.59 -1.200 1 1 1 1
100.0 54.81 -1.200 1 1 1 1
100.0 60.57 -1.200 1 1 1 1
100.0 66.94 -1.200 1 1 1 1
100.0 73.98 -1.200 1 1 1 1
100.0 81.76 -1.200 1 1 1 1
100.0 89.36 -1.200 1 1 1 1
100.0 90.36 -1.200 1 1 1 1
100.0 91.20 -1.200 1 1 1 1
100.0 92.00 -1.200 1 1 1 1
100.0 99.86 -1.200 1 1 1 1
100.0 110.4 -1.200 1 1 1 1
100.0 120.0 -1.200 1 1 1 1
100.0 130.0 -1.200 1 1 1 1
100.0 140.0 -1.200 1 1 1 1
100.0 150.0 -1.200 1 1 1 1
100.0 160.0 -1.200 1 1 1 1
100.0 170.0 -1.200 1 1 1 1
100.0 180.0 -1.200 1 1 1 1
100.0 190.0 -1.200 1 1 1 1
100.0 200.0 -1.200 1 1 1 1
100.0 210.0 -1.200 1 1 1 1
100.0 220.0 -1.200 1 1 1 1
100.0 230.0 -1.200 1 1 1 1
100.0 240.0 -1.200 1 1 1 1
100.0 250.0 -1.200 1 1 1 1
100.0 260.0 -1.200 1 1 1 1
100.0 270.0 -1.200 1 1 1 1
100.0 280.0 -1.200 1 1 1 1
100.0 290.0 -1.200 1 1 1 1
100.0 300.0 -1.200 1 1 1 1
100.0 310.0 -1.200 1 1 1 1
100.0 320.0 -1.200 1 1 1 1
100.0 330.0 -1.200 1 1 1 1
100.0 340.0 -1.200 1 1 1 1
100.0 350.0 -1.200 1 1 1 1
100.0 360.0 -1.200 1 1 1 1
100.0 370.0 -1.200 1 1 1 1
100.0 380.0 -1.200 1 1 1 1
100.0 400.0 -1.200 1 1 1 1
100.0 450.0 -1.200 1 1 1 1
100.0 500.0 -1.200 1 1 1 1
100.0 0.9106E-01 0.000 1 1 1 1
100.0 0.1006 0.000 1 1 1 1
100.0 0.1112 0.000 1 1 1 1
100.0 0.1229 0.000 1 1 1 1
100.0 0.1358 0.000 1 1 1 1
100.0 0.1501 0.000 1 1 1 1
100.0 0.1659 0.000 1 1 1 1
100.0 0.1834 0.000 1 1 1 1
100.0 0.2027 0.000 1 1 1 1
100.0 0.2240 0.000 1 1 1 1
100.0 0.2475 0.000 1 1 1 1
100.0 0.2736 0.000 1 1 1 1
100.0 0.3023 0.000 1 1 1 1
100.0 0.3341 0.000 1 1 1 1
100.0 0.3693 0.000 1 1 1 1
100.0 0.4081 0.000 1 1 1 1
100.0 0.4510 0.000 1 1 1 1
100.0 0.4985 0.000 1 1 1 1
100.0 0.5509 0.000 1 1 1 1
100.0 0.6088 0.000 1 1 1 1
100.0 0.6729 0.000 1 1 1 1
100.0 0.7436 0.000 1 1 1 1
100.0 0.8218 0.000 1 1 1 1
100.0 0.9083 0.000 1 1 1 1
100.0 1.004 0.000 1 1 1 1
100.0 1.109 0.000 1 1 1 1
100.0 1.226 0.000 1 1 1 1
100.0 1.355 0.000 1 1 1 1
100.0 1.497 0.000 1 1 1 1
100.0 1.655 0.000 1 1 1 1
100.0 1.829 0.000 1 1 1 1
100.0 2.021 0.000 1 1 1 1
100.0 2.234 0.000 1 1 1 1
100.0 2.469 0.000 1 1 1 1
100.0 2.729 0.000 1 1 1 1
100.0 3.016 0.000 1 1 1 1
100.0 3.333 0.000 1 1 1 1
100.0 3.683 0.000 1 1 1 1
100.0 4.071 0.000 1 1 1 1
100.0 4.499 0.000 1 1 1 1
100.0 4.972 0.000 1 1 1 1
100.0 5.495 0.000 1 1 1 1
100.0 6.073 0.000 1 1 1 1
100.0 6.711 0.000 1 1 1 1
100.0 7.417 0.000 1 1 1 1
100.0 8.197 0.000 1 1 1 1
100.0 9.059 0.000 1 1 1 1
100.0 10.01 0.000 1 1 1 1
100.0 11.06 0.000 1 1 1 1
100.0 12.23 0.000 1 1 1 1
100.0 13.51 0.000 1 1 1 1
100.0 14.94 0.000 1 1 1 1
100.0 16.51 0.000 1 1 1 1
100.0 18.24 0.000 1 1 1 1
100.0 20.16 0.000 1 1 1 1
100.0 22.28 0.000 1 1 1 1
100.0 24.63 0.000 1 1 1 1
100.0 27.22 0.000 1 1 1 1
100.0 30.08 0.000 1 1 1 1
100.0 33.24 0.000 1 1 1 1
100.0 36.74 0.000 1 1 1 1
100.0 40.60 0.000 1 1 1 1
100.0 44.87 0.000 1 1 1 1
100.0 49.59 0.000 1 1 1 1
100.0 54.81 0.000 1 1 1 1
100.0 60.57 0.000 1 1 1 1
100.0 66.94 0.000 1 1 1 1
100.0 73.98 0.000 1 1 1 1
100.0 81.76 0.000 1 1 1 1
100.0 89.36 0.000 1 1 1 1
100.0 90.36 0.000 1 1 1 1
100.0 91.20 0.000 1 1 1 1
100.0 92.00 0.000 1 1 1 1
100.0 99.86 0.000 1 1 1 1
100.0 110.4 0.000 1 1 1 1
100.0 120.0 0.000 1 1 1 1
100.0 130.0 0.000 1 1 1 1
100.0 140.0 0.000 1 1 1 1
100.0 150.0 0.000 1 1 1 1
100.0 160.0 0.000 1 1 1 1
100.0 170.0 0.000 1 1 1 1
100.0 180.0 0.000 1 1 1 1
100.0 190.0 0.000 1 1 1 1
100.0 200.0 0.000 1 1 1 1
100.0 210.0 0.000 1 1 1 1
100.0 220.0 0.000 1 1 1 1
100.0 230.0 0.000 1 1 1 1
100.0 240.0 0.000 1 1 1 1
100.0 250.0 0.000 1 1 1 1
100.0 260.0 0.000 1 1 1 1
100.0 270.0 0.000 1 1 1 1
100.0 280.0 0.000 1 1 1 1
100.0 290.0 0.000 1 1 1 1
100.0 300.0 0.000 1 1 1 1
100.0 310.0 0.000 1 1 1 1
100.0 320.0 0.000 1 1 1 1
100.0 330.0 0.000 1 1 1 1
100.0 340.0 0.000 1 1 1 1
100.0 350.0 0.000 1 1 1 1
100.0 360.0 0.000 1 1 1 1
100.0 370.0 0.000 1 1 1 1
100.0 380.0 0.000 1 1 1 1
100.0 400.0 0.000 1 1 1 1
100.0 450.0 0.000 1 1 1 1
100.0 500.0 0.000 1 1 1 1
100.0 0.9106E-01 1.200 1 1 1 1
100.0 0.1006 1.200 1 1 1 1
100.0 0.1112 1.200 1 1 1 1
100.0 0.1229 1.200 1 1 1 1
100.0 0.1358 1.200 1 1 1 1
100.0 0.1501 1.200 1 1 1 1
100.0 0.1659 1.200 1 1 1 1
100.0 0.1834 1.200 1 1 1 1
100.0 0.2027 1.200 1 1 1 1
100.0 0.2240 1.200 1 1 1 1
100.0 0.2475 1.200 1 1 1 1
100.0 0.2736 1.200 1 1 1 1
100.0 0.3023 1.200 1 1 1 1
100.0 0.3341 1.200 1 1 1 1
100.0 0.3693 1.200 1 1 1 1
100.0 0.4081 1.200 1 1 1 1
100.0 0.4510 1.200 1 1 1 1
100.0 0.4985 1.200 1 1 1 1
100.0 0.5509 1.200 1 1 1 1
100.0 0.6088 1.200 1 1 1 1
100.0 0.6729 1.200 1 1 1 1
100.0 0.7436 1.200 1 1 1 1
100.0 0.8218 1.200 1 1 1 1
100.0 0.9083 1.200 1 1 1 1
100.0 1.004 1.200 1 1 1 1
100.0 1.109 1.200 1 1 1 1
100.0 1.226 1.200 1 1 1 1
100.0 1.355 1.200 1 1 1 1
100.0 1.497 1.200 1 1 1 1
100.0 1.655 1.200 1 1 1 1
100.0 1.829 1.200 1 1 1 1
100.0 2.021 1.200 1 1 1 1
100.0 2.234 1.200 1 1 1 1
100.0 2.469 1.200 1 1 1 1
100.0 2.729 1.200 1 1 1 1
100.0 3.016 1.200 1 1 1 1
100.0 3.333 1.200 1 1 1 1
100.0 3.683 1.200 1 1 1 1
100.0 4.071 1.200 1 1 1 1
100.0 4.499 1.200 1 1 1 1
100.0 4.972 1.200 1 1 1 1
100.0 5.495 1.200 1 1 1 1
100.0 6.073 1.200 1 1 1 1
100.0 6.711 1.200 1 1 1 1
100.0 7.417 1.200 1 1 1 1
100.0 8.197 1.200 1 1 1 1
100.0 9.059 1.200 1 1 1 1
100.0 10.01 1.200 1 1 1 1
100.0 11.06 1.200 1 1 1 1
100.0 12.23 1.200 1 1 1 1
100.0 13.51 1.200 1 1 1 1
100.0 14.94 1.200 1 1 1 1
100.0 16.51 1.200 1 1 1 1
100.0 18.24 1.200 1 1 1 1
100.0 20.16 1.200 1 1 1 1
100.0 22.28 1.200 1 1 1 1
100.0 24.63 1.200 1 1 1 1
100.0 27.22 1.200 1 1 1 1
100.0 30.08 1.200 1 1 1 1
100.0 33.24 1.200 1 1 1 1
100.0 36.74 1.200 1 1 1 1
100.0 40.60 1.200 1 1 1 1
100.0 44.87 1.200 1 1 1 1
100.0 49.59 1.200 1 1 1 1
100.0 54.81 1.200 1 1 1 1
100.0 60.57 1.200 1 1 1 1
100.0 66.94 1.200 1 1 1 1
100.0 73.98 1.200 1 1 1 1
100.0 81.76 1.200 1 1 1 1
100.0 89.36 1.200 1 1 1 1
100.0 90.36 1.200 1 1 1 1
100.0 91.20 1.200 1 1 1 1
100.0 92.00 1.200 1 1 1 1
100.0 99.86 1.200 1 1 1 1
100.0 110.4 1.200 1 1 1 1
100.0 120.0 1.200 1 1 1 1
100.0 130.0 1.200 1 1 1 1
100.0 140.0 1.200 1 1 1 1
100.0 150.0 1.200 1 1 1 1
100.0 160.0 1.200 1 1 1 1
100.0 170.0 1.200 1 1 1 1
100.0 180.0 1.200 1 1 1 1
100.0 190.0 1.200 1 1 1 1
100.0 200.0 1.200 1 1 1 1
100.0 210.0 1.200 1 1 1 1
100.0 220.0 1.200 1 1 1 1
100.0 230.0 1.200 1 1 1 1
100.0 240.0 1.200 1 1 1 1
100.0 250.0 1.200 1 1 1 1
100.0 260.0 1.200 1 1 1 1
100.0 270.0 1.200 1 1 1 1
100.0 280.0 1.200 1 1 1 1
100.0 290.0 1.200 1 1 1 1
100.0 300.0 1.200 1 1 1 1
100.0 310.0 1.200 1 1 1 1
100.0 320.0 1.200 1 1 1 1
100.0 330.0 1.200 1 1 1 1
100.0 340.0 1.200 1 1 1 1
100.0 350.0 1.200 1 1 1 1
100.0 360.0 1.200 1 1 1 1
100.0 370.0 1.200 1 1 1 1
100.0 380.0 1.200 1 1 1 1
100.0 400.0 1.200 1 1 1 1
100.0 450.0 1.200 1 1 1 1
100.0 500.0 1.200 1 1 1 1
100.0 0.9106E-01 2.400 1 1 1 1
100.0 0.1006 2.400 1 1 1 1
100.0 0.1112 2.400 1 1 1 1
100.0 0.1229 2.400 1 1 1 1
100.0 0.1358 2.400 1 1 1 1
100.0 0.1501 2.400 1 1 1 1
100.0 0.1659 2.400 1 1 1 1
100.0 0.1834 2.400 1 1 1 1
100.0 0.2027 2.400 1 1 1 1
100.0 0.2240 2.400 1 1 1 1
100.0 0.2475 2.400 1 1 1 1
100.0 0.2736 2.400 1 1 1 1
100.0 0.3023 2.400 1 1 1 1
100.0 0.3341 2.400 1 1 1 1
100.0 0.3693 2.400 1 1 1 1
100.0 0.4081 2.400 1 1 1 1
100.0 0.4510 2.400 1 1 1 1
100.0 0.4985 2.400 1 1 1 1
100.0 0.5509 2.400 1 1 1 1
100.0 0.6088 2.400 1 1 1 1
100.0 0.6729 2.400 1 1 1 1
100.0 0.7436 2.400 1 1 1 1
100.0 0.8218 2.400 1 1 1 1
100.0 0.9083 2.400 1 1 1 1
100.0 1.004 2.400 1 1 1 1
100.0 1.109 2.400 1 1 1 1
100.0 1.226 2.400 1 1 1 1
100.0 1.355 2.400 1 1 1 1
100.0 1.497 2.400 1 1 1 1
100.0 1.655 2.400 1 1 1 1
100.0 1.829 2.400 1 1 1 1
100.0 2.021 2.400 1 1 1 1
100.0 2.234 2.400 1 1 1 1
100.0 2.469 2.400 1 1 1 1
100.0 2.729 2.400 1 1 1 1
100.0 3.016 2.400 1 1 1 1
100.0 3.333 2.400 1 1 1 1
100.0 3.683 2.400 1 1 1 1
100.0 4.071 2.400 1 1 1 1
100.0 4.499 2.400 1 1 1 1
100.0 4.972 2.400 1 1 1 1
100.0 5.495 2.400 1 1 1 1
100.0 6.073 2.400 1 1 1 1
100.0 6.711 2.400 1 1 1 1
100.0 7.417 2.400 1 1 1 1
100.0 8.197 2.400 1 1 1 1
100.0 9.059 2.400 1 1 1 1
100.0 10.01 2.400 1 1 1 1
100.0 11.06 2.400 1 1 1 1
100.0 12.23 2.400 1 1 1 1
100.0 13.51 2.400 1 1 1 1
100.0 14.94 2.400 1 1 1 1
100.0 16.51 2.400 1 1 1 1
100.0 18.24 2.400 1 1 1 1
100.0 20.16 2.400 1 1 1 1
100.0 22.28 2.400 1 1 1 1
100.0 24.63 2.400 1 1 1 1
100.0 27.22 2.400 1 1 1 1
100.0 30.08 2.400 1 1 1 1
100.0 33.24 2.400 1 1 1 1
100.0 36.74 2.400 1 1 1 1
100.0 40.60 2.400 1 1 1 1
100.0 44.87 2.400 1 1 1 1
100.0 49.59 2.400 1 1 1 1
100.0 54.81 2.400 1 1 1 1
100.0 60.57 2.400 1 1 1 1
100.0 66.94 2.400 1 1 1 1
100.0 73.98 2.400 1 1 1 1
100.0 81.76 2.400 1 1 1 1
100.0 89.36 2.400 1 1 1 1
100.0 90.36 2.400 1 1 1 1
100.0 91.20 2.400 1 1 1 1
100.0 92.00 2.400 1 1 1 1
100.0 99.86 2.400 1 1 1 1
100.0 110.4 2.400 1 1 1 1
100.0 120.0 2.400 1 1 1 1
100.0 130.0 2.400 1 1 1 1
100.0 140.0 2.400 1 1 1 1
100.0 150.0 2.400 1 1 1 1
100.0 160.0 2.400 1 1 1 1
100.0 170.0 2.400 1 1 1 1
100.0 180.0 2.400 1 1 1 1
100.0 190.0 2.400 1 1 1 1
100.0 200.0 2.400 1 1 1 1
100.0 210.0 2.400 1 1 1 1
100.0 220.0 2.400 1 1 1 1
100.0 230.0 2.400 1 1 1 1
100.0 240.0 2.400 1 1 1 1
100.0 250.0 2.400 1 1 1 1
100.0 260.0 2.400 1 1 1 1
100.0 270.0 2.400 1 1 1 1
100.0 280.0 2.400 1 1 1 1
100.0 290.0 2.400 1 1 1 1
100.0 300.0 2.400 1 1 1 1
100.0 310.0 2.400 1 1 1 1
100.0 320.0 2.400 1 1 1 1
100.0 330.0 2.400 1 1 1 1
100.0 340.0 2.400 1 1 1 1
100.0 350.0 2.400 1 1 1 1
100.0 360.0 2.400 1 1 1 1
100.0 370.0 2.400 1 1 1 1
100.0 380.0 2.400 1 1 1 1
100.0 400.0 2.400 1 1 1 1
100.0 450.0 2.400 1 1 1 1
100.0 500.0 2.400 1 1 1 1
100.0 0.9106E-01 2.960 1 1 1 1
100.0 0.1006 2.960 1 1 1 1
100.0 0.1112 2.960 1 1 1 1
100.0 0.1229 2.960 1 1 1 1
100.0 0.1358 2.960 1 1 1 1
100.0 0.1501 2.960 1 1 1 1
100.0 0.1659 2.960 1 1 1 1
100.0 0.1834 2.960 1 1 1 1
100.0 0.2027 2.960 1 1 1 1
100.0 0.2240 2.960 1 1 1 1
100.0 0.2475 2.960 1 1 1 1
100.0 0.2736 2.960 1 1 1 1
100.0 0.3023 2.960 1 1 1 1
100.0 0.3341 2.960 1 1 1 1
100.0 0.3693 2.960 1 1 1 1
100.0 0.4081 2.960 1 1 1 1
100.0 0.4510 2.960 1 1 1 1
100.0 0.4985 2.960 1 1 1 1
100.0 0.5509 2.960 1 1 1 1
100.0 0.6088 2.960 1 1 1 1
100.0 0.6729 2.960 1 1 1 1
100.0 0.7436 2.960 1 1 1 1
100.0 0.8218 2.960 1 1 1 1
100.0 0.9083 2.960 1 1 1 1
100.0 1.004 2.960 1 1 1 1
100.0 1.109 2.960 1 1 1 1
100.0 1.226 2.960 1 1 1 1
100.0 1.355 2.960 1 1 1 1
100.0 1.497 2.960 1 1 1 1
100.0 1.655 2.960 1 1 1 1
100.0 1.829 2.960 1 1 1 1
100.0 2.021 2.960 1 1 1 1
100.0 2.234 2.960 1 1 1 1
100.0 2.469 2.960 1 1 1 1
100.0 2.729 2.960 1 1 1 1
100.0 3.016 2.960 1 1 1 1
100.0 3.333 2.960 1 1 1 1
100.0 3.683 2.960 1 1 1 1
100.0 4.071 2.960 1 1 1 1
100.0 4.499 2.960 1 1 1 1
100.0 4.972 2.960 1 1 1 1
100.0 5.495 2.960 1 1 1 1
100.0 6.073 2.960 1 1 1 1
100.0 6.711 2.960 1 1 1 1
100.0 7.417 2.960 1 1 1 1
100.0 8.197 2.960 1 1 1 1
100.0 9.059 2.960 1 1 1 1
100.0 10.01 2.960 1 1 1 1
100.0 11.06 2.960 1 1 1 1
100.0 12.23 2.960 1 1 1 1
100.0 13.51 2.960 1 1 1 1
100.0 14.94 2.960 1 1 1 1
100.0 16.51 2.960 1 1 1 1
100.0 18.24 2.960 1 1 1 1
100.0 20.16 2.960 1 1 1 1
100.0 22.28 2.960 1 1 1 1
100.0 24.63 2.960 1 1 1 1
100.0 27.22 2.960 1 1 1 1
100.0 30.08 2.960 1 1 1 1
100.0 33.24 2.960 1 1 1 1
100.0 36.74 2.960 1 1 1 1
100.0 40.60 2.960 1 1 1 1
100.0 44.87 2.960 1 1 1 1
100.0 49.59 2.960 1 1 1 1
100.0 54.81 2.960 1 1 1 1
100.0 60.57 2.960 1 1 1 1
100.0 66.94 2.960 1 1 1 1
100.0 73.98 2.960 1 1 1 1
100.0 81.76 2.960 1 1 1 1
100.0 89.36 2.960 1 1 1 1
100.0 90.36 2.960 1 1 1 1
100.0 91.20 2.960 1 1 1 1
100.0 92.00 2.960 1 1 1 1
100.0 99.86 2.960 1 1 1 1
100.0 110.4 2.960 1 1 1 1
100.0 120.0 2.960 1 1 1 1
100.0 130.0 2.960 1 1 1 1
100.0 140.0 2.960 1 1 1 1
100.0 150.0 2.960 1 1 1 1
100.0 160.0 2.960 1 1 1 1
100.0 170.0 2.960 1 1 1 1
100.0 180.0 2.960 1 1 1 1
100.0 190.0 2.960 1 1 1 1
100.0 200.0 2.960 1 1 1 1
100.0 210.0 2.960 1 1 1 1
100.0 220.0 2.960 1 1 1 1
100.0 230.0 2.960 1 1 1 1
100.0 240.0 2.960 1 1 1 1
100.0 250.0 2.960 1 1 1 1
100.0 260.0 2.960 1 1 1 1
100.0 270.0 2.960 1 1 1 1
100.0 280.0 2.960 1 1 1 1
100.0 290.0 2.960 1 1 1 1
100.0 300.0 2.960 1 1 1 1
100.0 310.0 2.960 1 1 1 1
100.0 320.0 2.960 1 1 1 1
100.0 330.0 2.960 1 1 1 1
100.0 340.0 2.960 1 1 1 1
100.0 350.0 2.960 1 1 1 1
100.0 360.0 2.960 1 1 1 1
100.0 370.0 2.960 1 1 1 1
100.0 380.0 2.960 1 1 1 1
100.0 400.0 2.960 1 1 1 1
100.0 450.0 2.960 1 1 1 1
100.0 500.0 2.960 1 1 1 1
100.0 0.9106E-01 3.200 1 1 1 1
100.0 0.1006 3.200 1 1 1 1
100.0 0.1112 3.200 1 1 1 1
100.0 0.1229 3.200 1 1 1 1
100.0 0.1358 3.200 1 1 1 1
100.0 0.1501 3.200 1 1 1 1
100.0 0.1659 3.200 1 1 1 1
100.0 0.1834 3.200 1 1 1 1
100.0 0.2027 3.200 1 1 1 1
100.0 0.2240 3.200 1 1 1 1
100.0 0.2475 3.200 1 1 1 1
100.0 0.2736 3.200 1 1 1 1
100.0 0.3023 3.200 1 1 1 1
100.0 0.3341 3.200 1 1 1 1
100.0 0.3693 3.200 1 1 1 1
100.0 0.4081 3.200 1 1 1 1
100.0 0.4510 3.200 1 1 1 1
100.0 0.4985 3.200 1 1 1 1
100.0 0.5509 3.200 1 1 1 1
100.0 0.6088 3.200 1 1 1 1
100.0 0.6729 3.200 1 1 1 1
100.0 0.7436 3.200 1 1 1 1
100.0 0.8218 3.200 1 1 1 1
100.0 0.9083 3.200 1 1 1 1
100.0 1.004 3.200 1 1 1 1
100.0 1.109 3.200 1 1 1 1
100.0 1.226 3.200 1 1 1 1
100.0 1.355 3.200 1 1 1 1
100.0 1.497 3.200 1 1 1 1
100.0 1.655 3.200 1 1 1 1
100.0 1.829 3.200 1 1 1 1
100.0 2.021 3.200 1 1 1 1
100.0 2.234 3.200 1 1 1 1
100.0 2.469 3.200 1 1 1 1
100.0 2.729 3.200 1 1 1 1
100.0 3.016 3.200 1 1 1 1
100.0 3.333 3.200 1 1 1 1
100.0 3.683 3.200 1 1 1 1
100.0 4.071 3.200 1 1 1 1
100.0 4.499 3.200 1 1 1 1
100.0 4.972 3.200 1 1 1 1
100.0 5.495 3.200 1 1 1 1
100.0 6.073 3.200 1 1 1 1
100.0 6.711 3.200 1 1 1 1
100.0 7.417 3.200 1 1 1 1
100.0 8.197 3.200 1 1 1 1
100.0 9.059 3.200 1 1 1 1
100.0 10.01 3.200 1 1 1 1
100.0 11.06 3.200 1 1 1 1
100.0 12.23 3.200 1 1 1 1
100.0 13.51 3.200 1 1 1 1
100.0 14.94 3.200 1 1 1 1
100.0 16.51 3.200 1 1 1 1
100.0 18.24 3.200 1 1 1 1
100.0 20.16 3.200 1 1 1 1
100.0 22.28 3.200 1 1 1 1
100.0 24.63 3.200 1 1 1 1
100.0 27.22 3.200 1 1 1 1
100.0 30.08 3.200 1 1 1 1
100.0 33.24 3.200 1 1 1 1
100.0 36.74 3.200 1 1 1 1
100.0 40.60 3.200 1 1 1 1
100.0 44.87 3.200 1 1 1 1
100.0 49.59 3.200 1 1 1 1
100.0 54.81 3.200 1 1 1 1
100.0 60.57 3.200 1 1 1 1
100.0 66.94 3.200 1 1 1 1
100.0 73.98 3.200 1 1 1 1
100.0 81.76 3.200 1 1 1 1
100.0 89.36 3.200 1 1 1 1
100.0 90.36 3.200 1 1 1 1
100.0 91.20 3.200 1 1 1 1
100.0 92.00 3.200 1 1 1 1
100.0 99.86 3.200 1 1 1 1
100.0 110.4 3.200 1 1 1 1
100.0 120.0 3.200 1 1 1 1
100.0 130.0 3.200 1 1 1 1
100.0 140.0 3.200 1 1 1 1
100.0 150.0 3.200 1 1 1 1
100.0 160.0 3.200 1 1 1 1
100.0 170.0 3.200 1 1 1 1
100.0 180.0 3.200 1 1 1 1
100.0 190.0 3.200 1 1 1 1
100.0 200.0 3.200 1 1 1 1
100.0 210.0 3.200 1 1 1 1
100.0 220.0 3.200 1 1 1 1
100.0 230.0 3.200 1 1 1 1
100.0 240.0 3.200 1 1 1 1
100.0 250.0 3.200 1 1 1 1
100.0 260.0 3.200 1 1 1 1
100.0 270.0 3.200 1 1 1 1
100.0 280.0 3.200 1 1 1 1
100.0 290.0 3.200 1 1 1 1
100.0 300.0 3.200 1 1 1 1
100.0 310.0 3.200 1 1 1 1
100.0 320.0 3.200 1 1 1 1
100.0 330.0 3.200 1 1 1 1
100.0 340.0 3.200 1 1 1 1
100.0 350.0 3.200 1 1 1 1
100.0 360.0 3.200 1 1 1 1
100.0 370.0 3.200 1 1 1 1
100.0 380.0 3.200 1 1 1 1
100.0 400.0 3.200 1 1 1 1
100.0 450.0 3.200 1 1 1 1
100.0 500.0 3.200 1 1 1 1
100.0 0.9106E-01 3.900 1 1 1 1
100.0 0.1006 3.900 1 1 1 1
100.0 0.1112 3.900 1 1 1 1
100.0 0.1229 3.900 1 1 1 1
100.0 0.1358 3.900 1 1 1 1
100.0 0.1501 3.900 1 1 1 1
100.0 0.1659 3.900 1 1 1 1
100.0 0.1834 3.900 1 1 1 1
100.0 0.2027 3.900 1 1 1 1
100.0 0.2240 3.900 1 1 1 1
100.0 0.2475 3.900 1 1 1 1
100.0 0.2736 3.900 1 1 1 1
100.0 0.3023 3.900 1 1 1 1
100.0 0.3341 3.900 1 1 1 1
100.0 0.3693 3.900 1 1 1 1
100.0 0.4081 3.900 1 1 1 1
100.0 0.4510 3.900 1 1 1 1
100.0 0.4985 3.900 1 1 1 1
100.0 0.5509 3.900 1 1 1 1
100.0 0.6088 3.900 1 1 1 1
100.0 0.6729 3.900 1 1 1 1
100.0 0.7436 3.900 1 1 1 1
100.0 0.8218 3.900 1 1 1 1
100.0 0.9083 3.900 1 1 1 1
100.0 1.004 3.900 1 1 1 1
100.0 1.109 3.900 1 1 1 1
100.0 1.226 3.900 1 1 1 1
100.0 1.355 3.900 1 1 1 1
100.0 1.497 3.900 1 1 1 1
100.0 1.655 3.900 1 1 1 1
100.0 1.829 3.900 1 1 1 1
100.0 2.021 3.900 1 1 1 1
100.0 2.234 3.900 1 1 1 1
100.0 2.469 3.900 1 1 1 1
100.0 2.729 3.900 1 1 1 1
100.0 3.016 3.900 1 1 1 1
100.0 3.333 3.900 1 1 1 1
100.0 3.683 3.900 1 1 1 1
100.0 4.071 3.900 1 1 1 1
100.0 4.499 3.900 1 1 1 1
100.0 4.972 3.900 1 1 1 1
100.0 5.495 3.900 1 1 1 1
100.0 6.073 3.900 1 1 1 1
100.0 6.711 3.900 1 1 1 1
100.0 7.417 3.900 1 1 1 1
100.0 8.197 3.900 1 1 1 1
100.0 9.059 3.900 1 1 1 1
100.0 10.01 3.900 1 1 1 1
100.0 11.06 3.900 1 1 1 1
100.0 12.23 3.900 1 1 1 1
100.0 13.51 3.900 1 1 1 1
100.0 14.94 3.900 1 1 1 1
100.0 16.51 3.900 1 1 1 1
100.0 18.24 3.900 1 1 1 1
100.0 20.16 3.900 1 1 1 1
100.0 22.28 3.900 1 1 1 1
100.0 24.63 3.900 1 1 1 1
100.0 27.22 3.900 1 1 1 1
100.0 30.08 3.900 1 1 1 1
100.0 33.24 3.900 1 1 1 1
100.0 36.74 3.900 1 1 1 1
100.0 40.60 3.900 1 1 1 1
100.0 44.87 3.900 1 1 1 1
100.0 49.59 3.900 1 1 1 1
100.0 54.81 3.900 1 1 1 1
100.0 60.57 3.900 1 1 1 1
100.0 66.94 3.900 1 1 1 1
100.0 73.98 3.900 1 1 1 1
100.0 81.76 3.900 1 1 1 1
100.0 89.36 3.900 1 1 1 1
100.0 90.36 3.900 1 1 1 1
100.0 91.20 3.900 1 1 1 1
100.0 92.00 3.900 1 1 1 1
100.0 99.86 3.900 1 1 1 1
100.0 110.4 3.900 1 1 1 1
100.0 120.0 3.900 1 1 1 1
100.0 130.0 3.900 1 1 1 1
100.0 140.0 3.900 1 1 1 1
100.0 150.0 3.900 1 1 1 1
100.0 160.0 3.900 1 1 1 1
100.0 170.0 3.900 1 1 1 1
100.0 180.0 3.900 1 1 1 1
100.0 190.0 3.900 1 1 1 1
100.0 200.0 3.900 1 1 1 1
100.0 210.0 3.900 1 1 1 1
100.0 220.0 3.900 1 1 1 1
100.0 230.0 3.900 1 1 1 1
100.0 240.0 3.900 1 1 1 1
100.0 250.0 3.900 1 1 1 1
100.0 260.0 3.900 1 1 1 1
100.0 270.0 3.900 1 1 1 1
100.0 280.0 3.900 1 1 1 1
100.0 290.0 3.900 1 1 1 1
100.0 300.0 3.900 1 1 1 1
100.0 310.0 3.900 1 1 1 1
100.0 320.0 3.900 1 1 1 1
100.0 330.0 3.900 1 1 1 1
100.0 340.0 3.900 1 1 1 1
100.0 350.0 3.900 1 1 1 1
100.0 360.0 3.900 1 1 1 1
100.0 370.0 3.900 1 1 1 1
100.0 380.0 3.900 1 1 1 1
100.0 400.0 3.900 1 1 1 1
100.0 450.0 3.900 1 1 1 1
100.0 500.0 3.900 1 1 1 1
120.0 0.9106E-01 -3.900 1 1 1 1
120.0 0.1006 -3.900 1 1 1 1
120.0 0.1112 -3.900 1 1 1 1
120.0 0.1229 -3.900 1 1 1 1
120.0 0.1358 -3.900 1 1 1 1
120.0 0.1501 -3.900 1 1 1 1
120.0 0.1659 -3.900 1 1 1 1
120.0 0.1834 -3.900 1 1 1 1
120.0 0.2027 -3.900 1 1 1 1
120.0 0.2240 -3.900 1 1 1 1
120.0 0.2475 -3.900 1 1 1 1
120.0 0.2736 -3.900 1 1 1 1
120.0 0.3023 -3.900 1 1 1 1
120.0 0.3341 -3.900 1 1 1 1
120.0 0.3693 -3.900 1 1 1 1
120.0 0.4081 -3.900 1 1 1 1
120.0 0.4510 -3.900 1 1 1 1
120.0 0.4985 -3.900 1 1 1 1
120.0 0.5509 -3.900 1 1 1 1
120.0 0.6088 -3.900 1 1 1 1
120.0 0.6729 -3.900 1 1 1 1
120.0 0.7436 -3.900 1 1 1 1
120.0 0.8218 -3.900 1 1 1 1
120.0 0.9083 -3.900 1 1 1 1
120.0 1.004 -3.900 1 1 1 1
120.0 1.109 -3.900 1 1 1 1
120.0 1.226 -3.900 1 1 1 1
120.0 1.355 -3.900 1 1 1 1
120.0 1.497 -3.900 1 1 1 1
120.0 1.655 -3.900 1 1 1 1
120.0 1.829 -3.900 1 1 1 1
120.0 2.021 -3.900 1 1 1 1
120.0 2.234 -3.900 1 1 1 1
120.0 2.469 -3.900 1 1 1 1
120.0 2.729 -3.900 1 1 1 1
120.0 3.016 -3.900 1 1 1 1
120.0 3.333 -3.900 1 1 1 1
120.0 3.683 -3.900 1 1 1 1
120.0 4.071 -3.900 1 1 1 1
120.0 4.499 -3.900 1 1 1 1
120.0 4.972 -3.900 1 1 1 1
120.0 5.495 -3.900 1 1 1 1
120.0 6.073 -3.900 1 1 1 1
120.0 6.711 -3.900 1 1 1 1
120.0 7.417 -3.900 1 1 1 1
120.0 8.197 -3.900 1 1 1 1
120.0 9.059 -3.900 1 1 1 1
120.0 10.01 -3.900 1 1 1 1
120.0 11.06 -3.900 1 1 1 1
120.0 12.23 -3.900 1 1 1 1
120.0 13.51 -3.900 1 1 1 1
120.0 14.94 -3.900 1 1 1 1
120.0 16.51 -3.900 1 1 1 1
120.0 18.24 -3.900 1 1 1 1
120.0 20.16 -3.900 1 1 1 1
120.0 22.28 -3.900 1 1 1 1
120.0 24.63 -3.900 1 1 1 1
120.0 27.22 -3.900 1 1 1 1
120.0 30.08 -3.900 1 1 1 1
120.0 33.24 -3.900 1 1 1 1
120.0 36.74 -3.900 1 1 1 1
120.0 40.60 -3.900 1 1 1 1
120.0 44.87 -3.900 1 1 1 1
120.0 49.59 -3.900 1 1 1 1
120.0 54.81 -3.900 1 1 1 1
120.0 60.57 -3.900 1 1 1 1
120.0 66.94 -3.900 1 1 1 1
120.0 73.98 -3.900 1 1 1 1
120.0 81.76 -3.900 1 1 1 1
120.0 89.36 -3.900 1 1 1 1
120.0 90.36 -3.900 1 1 1 1
120.0 91.20 -3.900 1 1 1 1
120.0 92.00 -3.900 1 1 1 1
120.0 99.86 -3.900 1 1 1 1
120.0 110.4 -3.900 1 1 1 1
120.0 120.0 -3.900 1 1 1 1
120.0 130.0 -3.900 1 1 1 1
120.0 140.0 -3.900 1 1 1 1
120.0 150.0 -3.900 1 1 1 1
120.0 160.0 -3.900 1 1 1 1
120.0 170.0 -3.900 1 1 1 1
120.0 180.0 -3.900 1 1 1 1
120.0 190.0 -3.900 1 1 1 1
120.0 200.0 -3.900 1 1 1 1
120.0 210.0 -3.900 1 1 1 1
120.0 220.0 -3.900 1 1 1 1
120.0 230.0 -3.900 1 1 1 1
120.0 240.0 -3.900 1 1 1 1
120.0 250.0 -3.900 1 1 1 1
120.0 260.0 -3.900 1 1 1 1
120.0 270.0 -3.900 1 1 1 1
120.0 280.0 -3.900 1 1 1 1
120.0 290.0 -3.900 1 1 1 1
120.0 300.0 -3.900 1 1 1 1
120.0 310.0 -3.900 1 1 1 1
120.0 320.0 -3.900 1 1 1 1
120.0 330.0 -3.900 1 1 1 1
120.0 340.0 -3.900 1 1 1 1
120.0 350.0 -3.900 1 1 1 1
120.0 360.0 -3.900 1 1 1 1
120.0 370.0 -3.900 1 1 1 1
120.0 380.0 -3.900 1 1 1 1
120.0 400.0 -3.900 1 1 1 1
120.0 450.0 -3.900 1 1 1 1
120.0 500.0 -3.900 1 1 1 1
120.0 0.9106E-01 -3.200 1 1 1 1
120.0 0.1006 -3.200 1 1 1 1
120.0 0.1112 -3.200 1 1 1 1
120.0 0.1229 -3.200 1 1 1 1
120.0 0.1358 -3.200 1 1 1 1
120.0 0.1501 -3.200 1 1 1 1
120.0 0.1659 -3.200 1 1 1 1
120.0 0.1834 -3.200 1 1 1 1
120.0 0.2027 -3.200 1 1 1 1
120.0 0.2240 -3.200 1 1 1 1
120.0 0.2475 -3.200 1 1 1 1
120.0 0.2736 -3.200 1 1 1 1
120.0 0.3023 -3.200 1 1 1 1
120.0 0.3341 -3.200 1 1 1 1
120.0 0.3693 -3.200 1 1 1 1
120.0 0.4081 -3.200 1 1 1 1
120.0 0.4510 -3.200 1 1 1 1
120.0 0.4985 -3.200 1 1 1 1
120.0 0.5509 -3.200 1 1 1 1
120.0 0.6088 -3.200 1 1 1 1
120.0 0.6729 -3.200 1 1 1 1
120.0 0.7436 -3.200 1 1 1 1
120.0 0.8218 -3.200 1 1 1 1
120.0 0.9083 -3.200 1 1 1 1
120.0 1.004 -3.200 1 1 1 1
120.0 1.109 -3.200 1 1 1 1
120.0 1.226 -3.200 1 1 1 1
120.0 1.355 -3.200 1 1 1 1
120.0 1.497 -3.200 1 1 1 1
120.0 1.655 -3.200 1 1 1 1
120.0 1.829 -3.200 1 1 1 1
120.0 2.021 -3.200 1 1 1 1
120.0 2.234 -3.200 1 1 1 1
120.0 2.469 -3.200 1 1 1 1
120.0 2.729 -3.200 1 1 1 1
120.0 3.016 -3.200 1 1 1 1
120.0 3.333 -3.200 1 1 1 1
120.0 3.683 -3.200 1 1 1 1
120.0 4.071 -3.200 1 1 1 1
120.0 4.499 -3.200 1 1 1 1
120.0 4.972 -3.200 1 1 1 1
120.0 5.495 -3.200 1 1 1 1
120.0 6.073 -3.200 1 1 1 1
120.0 6.711 -3.200 1 1 1 1
120.0 7.417 -3.200 1 1 1 1
120.0 8.197 -3.200 1 1 1 1
120.0 9.059 -3.200 1 1 1 1
120.0 10.01 -3.200 1 1 1 1
120.0 11.06 -3.200 1 1 1 1
120.0 12.23 -3.200 1 1 1 1
120.0 13.51 -3.200 1 1 1 1
120.0 14.94 -3.200 1 1 1 1
120.0 16.51 -3.200 1 1 1 1
120.0 18.24 -3.200 1 1 1 1
120.0 20.16 -3.200 1 1 1 1
120.0 22.28 -3.200 1 1 1 1
120.0 24.63 -3.200 1 1 1 1
120.0 27.22 -3.200 1 1 1 1
120.0 30.08 -3.200 1 1 1 1
120.0 33.24 -3.200 1 1 1 1
120.0 36.74 -3.200 1 1 1 1
120.0 40.60 -3.200 1 1 1 1
120.0 44.87 -3.200 1 1 1 1
120.0 49.59 -3.200 1 1 1 1
120.0 54.81 -3.200 1 1 1 1
120.0 60.57 -3.200 1 1 1 1
120.0 66.94 -3.200 1 1 1 1
120.0 73.98 -3.200 1 1 1 1
120.0 81.76 -3.200 1 1 1 1
120.0 89.36 -3.200 1 1 1 1
120.0 90.36 -3.200 1 1 1 1
120.0 91.20 -3.200 1 1 1 1
120.0 92.00 -3.200 1 1 1 1
120.0 99.86 -3.200 1 1 1 1
120.0 110.4 -3.200 1 1 1 1
120.0 120.0 -3.200 1 1 1 1
120.0 130.0 -3.200 1 1 1 1
120.0 140.0 -3.200 1 1 1 1
120.0 150.0 -3.200 1 1 1 1
120.0 160.0 -3.200 1 1 1 1
120.0 170.0 -3.200 1 1 1 1
120.0 180.0 -3.200 1 1 1 1
120.0 190.0 -3.200 1 1 1 1
120.0 200.0 -3.200 1 1 1 1
120.0 210.0 -3.200 1 1 1 1
120.0 220.0 -3.200 1 1 1 1
120.0 230.0 -3.200 1 1 1 1
120.0 240.0 -3.200 1 1 1 1
120.0 250.0 -3.200 1 1 1 1
120.0 260.0 -3.200 1 1 1 1
120.0 270.0 -3.200 1 1 1 1
120.0 280.0 -3.200 1 1 1 1
120.0 290.0 -3.200 1 1 1 1
120.0 300.0 -3.200 1 1 1 1
120.0 310.0 -3.200 1 1 1 1
120.0 320.0 -3.200 1 1 1 1
120.0 330.0 -3.200 1 1 1 1
120.0 340.0 -3.200 1 1 1 1
120.0 350.0 -3.200 1 1 1 1
120.0 360.0 -3.200 1 1 1 1
120.0 370.0 -3.200 1 1 1 1
120.0 380.0 -3.200 1 1 1 1
120.0 400.0 -3.200 1 1 1 1
120.0 450.0 -3.200 1 1 1 1
120.0 500.0 -3.200 1 1 1 1
120.0 0.9106E-01 -2.960 1 1 1 1
120.0 0.1006 -2.960 1 1 1 1
120.0 0.1112 -2.960 1 1 1 1
120.0 0.1229 -2.960 1 1 1 1
120.0 0.1358 -2.960 1 1 1 1
120.0 0.1501 -2.960 1 1 1 1
120.0 0.1659 -2.960 1 1 1 1
120.0 0.1834 -2.960 1 1 1 1
120.0 0.2027 -2.960 1 1 1 1
120.0 0.2240 -2.960 1 1 1 1
120.0 0.2475 -2.960 1 1 1 1
120.0 0.2736 -2.960 1 1 1 1
120.0 0.3023 -2.960 1 1 1 1
120.0 0.3341 -2.960 1 1 1 1
120.0 0.3693 -2.960 1 1 1 1
120.0 0.4081 -2.960 1 1 1 1
120.0 0.4510 -2.960 1 1 1 1
120.0 0.4985 -2.960 1 1 1 1
120.0 0.5509 -2.960 1 1 1 1
120.0 0.6088 -2.960 1 1 1 1
120.0 0.6729 -2.960 1 1 1 1
120.0 0.7436 -2.960 1 1 1 1
120.0 0.8218 -2.960 1 1 1 1
120.0 0.9083 -2.960 1 1 1 1
120.0 1.004 -2.960 1 1 1 1
120.0 1.109 -2.960 1 1 1 1
120.0 1.226 -2.960 1 1 1 1
120.0 1.355 -2.960 1 1 1 1
120.0 1.497 -2.960 1 1 1 1
120.0 1.655 -2.960 1 1 1 1
120.0 1.829 -2.960 1 1 1 1
120.0 2.021 -2.960 1 1 1 1
120.0 2.234 -2.960 1 1 1 1
120.0 2.469 -2.960 1 1 1 1
120.0 2.729 -2.960 1 1 1 1
120.0 3.016 -2.960 1 1 1 1
120.0 3.333 -2.960 1 1 1 1
120.0 3.683 -2.960 1 1 1 1
120.0 4.071 -2.960 1 1 1 1
120.0 4.499 -2.960 1 1 1 1
120.0 4.972 -2.960 1 1 1 1
120.0 5.495 -2.960 1 1 1 1
120.0 6.073 -2.960 1 1 1 1
120.0 6.711 -2.960 1 1 1 1
120.0 7.417 -2.960 1 1 1 1
120.0 8.197 -2.960 1 1 1 1
120.0 9.059 -2.960 1 1 1 1
120.0 10.01 -2.960 1 1 1 1
120.0 11.06 -2.960 1 1 1 1
120.0 12.23 -2.960 1 1 1 1
120.0 13.51 -2.960 1 1 1 1
120.0 14.94 -2.960 1 1 1 1
120.0 16.51 -2.960 1 1 1 1
120.0 18.24 -2.960 1 1 1 1
120.0 20.16 -2.960 1 1 1 1
120.0 22.28 -2.960 1 1 1 1
120.0 24.63 -2.960 1 1 1 1
120.0 27.22 -2.960 1 1 1 1
120.0 30.08 -2.960 1 1 1 1
120.0 33.24 -2.960 1 1 1 1
120.0 36.74 -2.960 1 1 1 1
120.0 40.60 -2.960 1 1 1 1
120.0 44.87 -2.960 1 1 1 1
120.0 49.59 -2.960 1 1 1 1
120.0 54.81 -2.960 1 1 1 1
120.0 60.57 -2.960 1 1 1 1
120.0 66.94 -2.960 1 1 1 1
120.0 73.98 -2.960 1 1 1 1
120.0 81.76 -2.960 1 1 1 1
120.0 89.36 -2.960 1 1 1 1
120.0 90.36 -2.960 1 1 1 1
120.0 91.20 -2.960 1 1 1 1
120.0 92.00 -2.960 1 1 1 1
120.0 99.86 -2.960 1 1 1 1
120.0 110.4 -2.960 1 1 1 1
120.0 120.0 -2.960 1 1 1 1
120.0 130.0 -2.960 1 1 1 1
120.0 140.0 -2.960 1 1 1 1
120.0 150.0 -2.960 1 1 1 1
120.0 160.0 -2.960 1 1 1 1
120.0 170.0 -2.960 1 1 1 1
120.0 180.0 -2.960 1 1 1 1
120.0 190.0 -2.960 1 1 1 1
120.0 200.0 -2.960 1 1 1 1
120.0 210.0 -2.960 1 1 1 1
120.0 220.0 -2.960 1 1 1 1
120.0 230.0 -2.960 1 1 1 1
120.0 240.0 -2.960 1 1 1 1
120.0 250.0 -2.960 1 1 1 1
120.0 260.0 -2.960 1 1 1 1
120.0 270.0 -2.960 1 1 1 1
120.0 280.0 -2.960 1 1 1 1
120.0 290.0 -2.960 1 1 1 1
120.0 300.0 -2.960 1 1 1 1
120.0 310.0 -2.960 1 1 1 1
120.0 320.0 -2.960 1 1 1 1
120.0 330.0 -2.960 1 1 1 1
120.0 340.0 -2.960 1 1 1 1
120.0 350.0 -2.960 1 1 1 1
120.0 360.0 -2.960 1 1 1 1
120.0 370.0 -2.960 1 1 1 1
120.0 380.0 -2.960 1 1 1 1
120.0 400.0 -2.960 1 1 1 1
120.0 450.0 -2.960 1 1 1 1
120.0 500.0 -2.960 1 1 1 1
120.0 0.9106E-01 -2.400 1 1 1 1
120.0 0.1006 -2.400 1 1 1 1
120.0 0.1112 -2.400 1 1 1 1
120.0 0.1229 -2.400 1 1 1 1
120.0 0.1358 -2.400 1 1 1 1
120.0 0.1501 -2.400 1 1 1 1
120.0 0.1659 -2.400 1 1 1 1
120.0 0.1834 -2.400 1 1 1 1
120.0 0.2027 -2.400 1 1 1 1
120.0 0.2240 -2.400 1 1 1 1
120.0 0.2475 -2.400 1 1 1 1
120.0 0.2736 -2.400 1 1 1 1
120.0 0.3023 -2.400 1 1 1 1
120.0 0.3341 -2.400 1 1 1 1
120.0 0.3693 -2.400 1 1 1 1
120.0 0.4081 -2.400 1 1 1 1
120.0 0.4510 -2.400 1 1 1 1
120.0 0.4985 -2.400 1 1 1 1
120.0 0.5509 -2.400 1 1 1 1
120.0 0.6088 -2.400 1 1 1 1
120.0 0.6729 -2.400 1 1 1 1
120.0 0.7436 -2.400 1 1 1 1
120.0 0.8218 -2.400 1 1 1 1
120.0 0.9083 -2.400 1 1 1 1
120.0 1.004 -2.400 1 1 1 1
120.0 1.109 -2.400 1 1 1 1
120.0 1.226 -2.400 1 1 1 1
120.0 1.355 -2.400 1 1 1 1
120.0 1.497 -2.400 1 1 1 1
120.0 1.655 -2.400 1 1 1 1
120.0 1.829 -2.400 1 1 1 1
120.0 2.021 -2.400 1 1 1 1
120.0 2.234 -2.400 1 1 1 1
120.0 2.469 -2.400 1 1 1 1
120.0 2.729 -2.400 1 1 1 1
120.0 3.016 -2.400 1 1 1 1
120.0 3.333 -2.400 1 1 1 1
120.0 3.683 -2.400 1 1 1 1
120.0 4.071 -2.400 1 1 1 1
120.0 4.499 -2.400 1 1 1 1
120.0 4.972 -2.400 1 1 1 1
120.0 5.495 -2.400 1 1 1 1
120.0 6.073 -2.400 1 1 1 1
120.0 6.711 -2.400 1 1 1 1
120.0 7.417 -2.400 1 1 1 1
120.0 8.197 -2.400 1 1 1 1
120.0 9.059 -2.400 1 1 1 1
120.0 10.01 -2.400 1 1 1 1
120.0 11.06 -2.400 1 1 1 1
120.0 12.23 -2.400 1 1 1 1
120.0 13.51 -2.400 1 1 1 1
120.0 14.94 -2.400 1 1 1 1
120.0 16.51 -2.400 1 1 1 1
120.0 18.24 -2.400 1 1 1 1
120.0 20.16 -2.400 1 1 1 1
120.0 22.28 -2.400 1 1 1 1
120.0 24.63 -2.400 1 1 1 1
120.0 27.22 -2.400 1 1 1 1
120.0 30.08 -2.400 1 1 1 1
120.0 33.24 -2.400 1 1 1 1
120.0 36.74 -2.400 1 1 1 1
120.0 40.60 -2.400 1 1 1 1
120.0 44.87 -2.400 1 1 1 1
120.0 49.59 -2.400 1 1 1 1
120.0 54.81 -2.400 1 1 1 1
120.0 60.57 -2.400 1 1 1 1
120.0 66.94 -2.400 1 1 1 1
120.0 73.98 -2.400 1 1 1 1
120.0 81.76 -2.400 1 1 1 1
120.0 89.36 -2.400 1 1 1 1
120.0 90.36 -2.400 1 1 1 1
120.0 91.20 -2.400 1 1 1 1
120.0 92.00 -2.400 1 1 1 1
120.0 99.86 -2.400 1 1 1 1
120.0 110.4 -2.400 1 1 1 1
120.0 120.0 -2.400 1 1 1 1
120.0 130.0 -2.400 1 1 1 1
120.0 140.0 -2.400 1 1 1 1
120.0 150.0 -2.400 1 1 1 1
120.0 160.0 -2.400 1 1 1 1
120.0 170.0 -2.400 1 1 1 1
120.0 180.0 -2.400 1 1 1 1
120.0 190.0 -2.400 1 1 1 1
120.0 200.0 -2.400 1 1 1 1
120.0 210.0 -2.400 1 1 1 1
120.0 220.0 -2.400 1 1 1 1
120.0 230.0 -2.400 1 1 1 1
120.0 240.0 -2.400 1 1 1 1
120.0 250.0 -2.400 1 1 1 1
120.0 260.0 -2.400 1 1 1 1
120.0 270.0 -2.400 1 1 1 1
120.0 280.0 -2.400 1 1 1 1
120.0 290.0 -2.400 1 1 1 1
120.0 300.0 -2.400 1 1 1 1
120.0 310.0 -2.400 1 1 1 1
120.0 320.0 -2.400 1 1 1 1
120.0 330.0 -2.400 1 1 1 1
120.0 340.0 -2.400 1 1 1 1
120.0 350.0 -2.400 1 1 1 1
120.0 360.0 -2.400 1 1 1 1
120.0 370.0 -2.400 1 1 1 1
120.0 380.0 -2.400 1 1 1 1
120.0 400.0 -2.400 1 1 1 1
120.0 450.0 -2.400 1 1 1 1
120.0 500.0 -2.400 1 1 1 1
120.0 0.9106E-01 -1.200 1 1 1 1
120.0 0.1006 -1.200 1 1 1 1
120.0 0.1112 -1.200 1 1 1 1
120.0 0.1229 -1.200 1 1 1 1
120.0 0.1358 -1.200 1 1 1 1
120.0 0.1501 -1.200 1 1 1 1
120.0 0.1659 -1.200 1 1 1 1
120.0 0.1834 -1.200 1 1 1 1
120.0 0.2027 -1.200 1 1 1 1
120.0 0.2240 -1.200 1 1 1 1
120.0 0.2475 -1.200 1 1 1 1
120.0 0.2736 -1.200 1 1 1 1
120.0 0.3023 -1.200 1 1 1 1
120.0 0.3341 -1.200 1 1 1 1
120.0 0.3693 -1.200 1 1 1 1
120.0 0.4081 -1.200 1 1 1 1
120.0 0.4510 -1.200 1 1 1 1
120.0 0.4985 -1.200 1 1 1 1
120.0 0.5509 -1.200 1 1 1 1
120.0 0.6088 -1.200 1 1 1 1
120.0 0.6729 -1.200 1 1 1 1
120.0 0.7436 -1.200 1 1 1 1
120.0 0.8218 -1.200 1 1 1 1
120.0 0.9083 -1.200 1 1 1 1
120.0 1.004 -1.200 1 1 1 1
120.0 1.109 -1.200 1 1 1 1
120.0 1.226 -1.200 1 1 1 1
120.0 1.355 -1.200 1 1 1 1
120.0 1.497 -1.200 1 1 1 1
120.0 1.655 -1.200 1 1 1 1
120.0 1.829 -1.200 1 1 1 1
120.0 2.021 -1.200 1 1 1 1
120.0 2.234 -1.200 1 1 1 1
120.0 2.469 -1.200 1 1 1 1
120.0 2.729 -1.200 1 1 1 1
120.0 3.016 -1.200 1 1 1 1
120.0 3.333 -1.200 1 1 1 1
120.0 3.683 -1.200 1 1 1 1
120.0 4.071 -1.200 1 1 1 1
120.0 4.499 -1.200 1 1 1 1
120.0 4.972 -1.200 1 1 1 1
120.0 5.495 -1.200 1 1 1 1
120.0 6.073 -1.200 1 1 1 1
120.0 6.711 -1.200 1 1 1 1
120.0 7.417 -1.200 1 1 1 1
120.0 8.197 -1.200 1 1 1 1
120.0 9.059 -1.200 1 1 1 1
120.0 10.01 -1.200 1 1 1 1
120.0 11.06 -1.200 1 1 1 1
120.0 12.23 -1.200 1 1 1 1
120.0 13.51 -1.200 1 1 1 1
120.0 14.94 -1.200 1 1 1 1
120.0 16.51 -1.200 1 1 1 1
120.0 18.24 -1.200 1 1 1 1
120.0 20.16 -1.200 1 1 1 1
120.0 22.28 -1.200 1 1 1 1
120.0 24.63 -1.200 1 1 1 1
120.0 27.22 -1.200 1 1 1 1
120.0 30.08 -1.200 1 1 1 1
120.0 33.24 -1.200 1 1 1 1
120.0 36.74 -1.200 1 1 1 1
120.0 40.60 -1.200 1 1 1 1
120.0 44.87 -1.200 1 1 1 1
120.0 49.59 -1.200 1 1 1 1
120.0 54.81 -1.200 1 1 1 1
120.0 60.57 -1.200 1 1 1 1
120.0 66.94 -1.200 1 1 1 1
120.0 73.98 -1.200 1 1 1 1
120.0 81.76 -1.200 1 1 1 1
120.0 89.36 -1.200 1 1 1 1
120.0 90.36 -1.200 1 1 1 1
120.0 91.20 -1.200 1 1 1 1
120.0 92.00 -1.200 1 1 1 1
120.0 99.86 -1.200 1 1 1 1
120.0 110.4 -1.200 1 1 1 1
120.0 120.0 -1.200 1 1 1 1
120.0 130.0 -1.200 1 1 1 1
120.0 140.0 -1.200 1 1 1 1
120.0 150.0 -1.200 1 1 1 1
120.0 160.0 -1.200 1 1 1 1
120.0 170.0 -1.200 1 1 1 1
120.0 180.0 -1.200 1 1 1 1
120.0 190.0 -1.200 1 1 1 1
120.0 200.0 -1.200 1 1 1 1
120.0 210.0 -1.200 1 1 1 1
120.0 220.0 -1.200 1 1 1 1
120.0 230.0 -1.200 1 1 1 1
120.0 240.0 -1.200 1 1 1 1
120.0 250.0 -1.200 1 1 1 1
120.0 260.0 -1.200 1 1 1 1
120.0 270.0 -1.200 1 1 1 1
120.0 280.0 -1.200 1 1 1 1
120.0 290.0 -1.200 1 1 1 1
120.0 300.0 -1.200 1 1 1 1
120.0 310.0 -1.200 1 1 1 1
120.0 320.0 -1.200 1 1 1 1
120.0 330.0 -1.200 1 1 1 1
120.0 340.0 -1.200 1 1 1 1
120.0 350.0 -1.200 1 1 1 1
120.0 360.0 -1.200 1 1 1 1
120.0 370.0 -1.200 1 1 1 1
120.0 380.0 -1.200 1 1 1 1
120.0 400.0 -1.200 1 1 1 1
120.0 450.0 -1.200 1 1 1 1
120.0 500.0 -1.200 1 1 1 1
120.0 0.9106E-01 0.000 1 1 1 1
120.0 0.1006 0.000 1 1 1 1
120.0 0.1112 0.000 1 1 1 1
120.0 0.1229 0.000 1 1 1 1
120.0 0.1358 0.000 1 1 1 1
120.0 0.1501 0.000 1 1 1 1
120.0 0.1659 0.000 1 1 1 1
120.0 0.1834 0.000 1 1 1 1
120.0 0.2027 0.000 1 1 1 1
120.0 0.2240 0.000 1 1 1 1
120.0 0.2475 0.000 1 1 1 1
120.0 0.2736 0.000 1 1 1 1
120.0 0.3023 0.000 1 1 1 1
120.0 0.3341 0.000 1 1 1 1
120.0 0.3693 0.000 1 1 1 1
120.0 0.4081 0.000 1 1 1 1
120.0 0.4510 0.000 1 1 1 1
120.0 0.4985 0.000 1 1 1 1
120.0 0.5509 0.000 1 1 1 1
120.0 0.6088 0.000 1 1 1 1
120.0 0.6729 0.000 1 1 1 1
120.0 0.7436 0.000 1 1 1 1
120.0 0.8218 0.000 1 1 1 1
120.0 0.9083 0.000 1 1 1 1
120.0 1.004 0.000 1 1 1 1
120.0 1.109 0.000 1 1 1 1
120.0 1.226 0.000 1 1 1 1
120.0 1.355 0.000 1 1 1 1
120.0 1.497 0.000 1 1 1 1
120.0 1.655 0.000 1 1 1 1
120.0 1.829 0.000 1 1 1 1
120.0 2.021 0.000 1 1 1 1
120.0 2.234 0.000 1 1 1 1
120.0 2.469 0.000 1 1 1 1
120.0 2.729 0.000 1 1 1 1
120.0 3.016 0.000 1 1 1 1
120.0 3.333 0.000 1 1 1 1
120.0 3.683 0.000 1 1 1 1
120.0 4.071 0.000 1 1 1 1
120.0 4.499 0.000 1 1 1 1
120.0 4.972 0.000 1 1 1 1
120.0 5.495 0.000 1 1 1 1
120.0 6.073 0.000 1 1 1 1
120.0 6.711 0.000 1 1 1 1
120.0 7.417 0.000 1 1 1 1
120.0 8.197 0.000 1 1 1 1
120.0 9.059 0.000 1 1 1 1
120.0 10.01 0.000 1 1 1 1
120.0 11.06 0.000 1 1 1 1
120.0 12.23 0.000 1 1 1 1
120.0 13.51 0.000 1 1 1 1
120.0 14.94 0.000 1 1 1 1
120.0 16.51 0.000 1 1 1 1
120.0 18.24 0.000 1 1 1 1
120.0 20.16 0.000 1 1 1 1
120.0 22.28 0.000 1 1 1 1
120.0 24.63 0.000 1 1 1 1
120.0 27.22 0.000 1 1 1 1
120.0 30.08 0.000 1 1 1 1
120.0 33.24 0.000 1 1 1 1
120.0 36.74 0.000 1 1 1 1
120.0 40.60 0.000 1 1 1 1
120.0 44.87 0.000 1 1 1 1
120.0 49.59 0.000 1 1 1 1
120.0 54.81 0.000 1 1 1 1
120.0 60.57 0.000 1 1 1 1
120.0 66.94 0.000 1 1 1 1
120.0 73.98 0.000 1 1 1 1
120.0 81.76 0.000 1 1 1 1
120.0 89.36 0.000 1 1 1 1
120.0 90.36 0.000 1 1 1 1
120.0 91.20 0.000 1 1 1 1
120.0 92.00 0.000 1 1 1 1
120.0 99.86 0.000 1 1 1 1
120.0 110.4 0.000 1 1 1 1
120.0 120.0 0.000 1 1 1 1
120.0 130.0 0.000 1 1 1 1
120.0 140.0 0.000 1 1 1 1
120.0 150.0 0.000 1 1 1 1
120.0 160.0 0.000 1 1 1 1
120.0 170.0 0.000 1 1 1 1
120.0 180.0 0.000 1 1 1 1
120.0 190.0 0.000 1 1 1 1
120.0 200.0 0.000 1 1 1 1
120.0 210.0 0.000 1 1 1 1
120.0 220.0 0.000 1 1 1 1
120.0 230.0 0.000 1 1 1 1
120.0 240.0 0.000 1 1 1 1
120.0 250.0 0.000 1 1 1 1
120.0 260.0 0.000 1 1 1 1
120.0 270.0 0.000 1 1 1 1
120.0 280.0 0.000 1 1 1 1
120.0 290.0 0.000 1 1 1 1
120.0 300.0 0.000 1 1 1 1
120.0 310.0 0.000 1 1 1 1
120.0 320.0 0.000 1 1 1 1
120.0 330.0 0.000 1 1 1 1
120.0 340.0 0.000 1 1 1 1
120.0 350.0 0.000 1 1 1 1
120.0 360.0 0.000 1 1 1 1
120.0 370.0 0.000 1 1 1 1
120.0 380.0 0.000 1 1 1 1
120.0 400.0 0.000 1 1 1 1
120.0 450.0 0.000 1 1 1 1
120.0 500.0 0.000 1 1 1 1
120.0 0.9106E-01 1.200 1 1 1 1
120.0 0.1006 1.200 1 1 1 1
120.0 0.1112 1.200 1 1 1 1
120.0 0.1229 1.200 1 1 1 1
120.0 0.1358 1.200 1 1 1 1
120.0 0.1501 1.200 1 1 1 1
120.0 0.1659 1.200 1 1 1 1
120.0 0.1834 1.200 1 1 1 1
120.0 0.2027 1.200 1 1 1 1
120.0 0.2240 1.200 1 1 1 1
120.0 0.2475 1.200 1 1 1 1
120.0 0.2736 1.200 1 1 1 1
120.0 0.3023 1.200 1 1 1 1
120.0 0.3341 1.200 1 1 1 1
120.0 0.3693 1.200 1 1 1 1
120.0 0.4081 1.200 1 1 1 1
120.0 0.4510 1.200 1 1 1 1
120.0 0.4985 1.200 1 1 1 1
120.0 0.5509 1.200 1 1 1 1
120.0 0.6088 1.200 1 1 1 1
120.0 0.6729 1.200 1 1 1 1
120.0 0.7436 1.200 1 1 1 1
120.0 0.8218 1.200 1 1 1 1
120.0 0.9083 1.200 1 1 1 1
120.0 1.004 1.200 1 1 1 1
120.0 1.109 1.200 1 1 1 1
120.0 1.226 1.200 1 1 1 1
120.0 1.355 1.200 1 1 1 1
120.0 1.497 1.200 1 1 1 1
120.0 1.655 1.200 1 1 1 1
120.0 1.829 1.200 1 1 1 1
120.0 2.021 1.200 1 1 1 1
120.0 2.234 1.200 1 1 1 1
120.0 2.469 1.200 1 1 1 1
120.0 2.729 1.200 1 1 1 1
120.0 3.016 1.200 1 1 1 1
120.0 3.333 1.200 1 1 1 1
120.0 3.683 1.200 1 1 1 1
120.0 4.071 1.200 1 1 1 1
120.0 4.499 1.200 1 1 1 1
120.0 4.972 1.200 1 1 1 1
120.0 5.495 1.200 1 1 1 1
120.0 6.073 1.200 1 1 1 1
120.0 6.711 1.200 1 1 1 1
120.0 7.417 1.200 1 1 1 1
120.0 8.197 1.200 1 1 1 1
120.0 9.059 1.200 1 1 1 1
120.0 10.01 1.200 1 1 1 1
120.0 11.06 1.200 1 1 1 1
120.0 12.23 1.200 1 1 1 1
120.0 13.51 1.200 1 1 1 1
120.0 14.94 1.200 1 1 1 1
120.0 16.51 1.200 1 1 1 1
120.0 18.24 1.200 1 1 1 1
120.0 20.16 1.200 1 1 1 1
120.0 22.28 1.200 1 1 1 1
120.0 24.63 1.200 1 1 1 1
120.0 27.22 1.200 1 1 1 1
120.0 30.08 1.200 1 1 1 1
120.0 33.24 1.200 1 1 1 1
120.0 36.74 1.200 1 1 1 1
120.0 40.60 1.200 1 1 1 1
120.0 44.87 1.200 1 1 1 1
120.0 49.59 1.200 1 1 1 1
120.0 54.81 1.200 1 1 1 1
120.0 60.57 1.200 1 1 1 1
120.0 66.94 1.200 1 1 1 1
120.0 73.98 1.200 1 1 1 1
120.0 81.76 1.200 1 1 1 1
120.0 89.36 1.200 1 1 1 1
120.0 90.36 1.200 1 1 1 1
120.0 91.20 1.200 1 1 1 1
120.0 92.00 1.200 1 1 1 1
120.0 99.86 1.200 1 1 1 1
120.0 110.4 1.200 1 1 1 1
120.0 120.0 1.200 1 1 1 1
120.0 130.0 1.200 1 1 1 1
120.0 140.0 1.200 1 1 1 1
120.0 150.0 1.200 1 1 1 1
120.0 160.0 1.200 1 1 1 1
120.0 170.0 1.200 1 1 1 1
120.0 180.0 1.200 1 1 1 1
120.0 190.0 1.200 1 1 1 1
120.0 200.0 1.200 1 1 1 1
120.0 210.0 1.200 1 1 1 1
120.0 220.0 1.200 1 1 1 1
120.0 230.0 1.200 1 1 1 1
120.0 240.0 1.200 1 1 1 1
120.0 250.0 1.200 1 1 1 1
120.0 260.0 1.200 1 1 1 1
120.0 270.0 1.200 1 1 1 1
120.0 280.0 1.200 1 1 1 1
120.0 290.0 1.200 1 1 1 1
120.0 300.0 1.200 1 1 1 1
120.0 310.0 1.200 1 1 1 1
120.0 320.0 1.200 1 1 1 1
120.0 330.0 1.200 1 1 1 1
120.0 340.0 1.200 1 1 1 1
120.0 350.0 1.200 1 1 1 1
120.0 360.0 1.200 1 1 1 1
120.0 370.0 1.200 1 1 1 1
120.0 380.0 1.200 1 1 1 1
120.0 400.0 1.200 1 1 1 1
120.0 450.0 1.200 1 1 1 1
120.0 500.0 1.200 1 1 1 1
120.0 0.9106E-01 2.400 1 1 1 1
120.0 0.1006 2.400 1 1 1 1
120.0 0.1112 2.400 1 1 1 1
120.0 0.1229 2.400 1 1 1 1
120.0 0.1358 2.400 1 1 1 1
120.0 0.1501 2.400 1 1 1 1
120.0 0.1659 2.400 1 1 1 1
120.0 0.1834 2.400 1 1 1 1
120.0 0.2027 2.400 1 1 1 1
120.0 0.2240 2.400 1 1 1 1
120.0 0.2475 2.400 1 1 1 1
120.0 0.2736 2.400 1 1 1 1
120.0 0.3023 2.400 1 1 1 1
120.0 0.3341 2.400 1 1 1 1
120.0 0.3693 2.400 1 1 1 1
120.0 0.4081 2.400 1 1 1 1
120.0 0.4510 2.400 1 1 1 1
120.0 0.4985 2.400 1 1 1 1
120.0 0.5509 2.400 1 1 1 1
120.0 0.6088 2.400 1 1 1 1
120.0 0.6729 2.400 1 1 1 1
120.0 0.7436 2.400 1 1 1 1
120.0 0.8218 2.400 1 1 1 1
120.0 0.9083 2.400 1 1 1 1
120.0 1.004 2.400 1 1 1 1
120.0 1.109 2.400 1 1 1 1
120.0 1.226 2.400 1 1 1 1
120.0 1.355 2.400 1 1 1 1
120.0 1.497 2.400 1 1 1 1
120.0 1.655 2.400 1 1 1 1
120.0 1.829 2.400 1 1 1 1
120.0 2.021 2.400 1 1 1 1
120.0 2.234 2.400 1 1 1 1
120.0 2.469 2.400 1 1 1 1
120.0 2.729 2.400 1 1 1 1
120.0 3.016 2.400 1 1 1 1
120.0 3.333 2.400 1 1 1 1
120.0 3.683 2.400 1 1 1 1
120.0 4.071 2.400 1 1 1 1
120.0 4.499 2.400 1 1 1 1
120.0 4.972 2.400 1 1 1 1
120.0 5.495 2.400 1 1 1 1
120.0 6.073 2.400 1 1 1 1
120.0 6.711 2.400 1 1 1 1
120.0 7.417 2.400 1 1 1 1
120.0 8.197 2.400 1 1 1 1
120.0 9.059 2.400 1 1 1 1
120.0 10.01 2.400 1 1 1 1
120.0 11.06 2.400 1 1 1 1
120.0 12.23 2.400 1 1 1 1
120.0 13.51 2.400 1 1 1 1
120.0 14.94 2.400 1 1 1 1
120.0 16.51 2.400 1 1 1 1
120.0 18.24 2.400 1 1 1 1
120.0 20.16 2.400 1 1 1 1
120.0 22.28 2.400 1 1 1 1
120.0 24.63 2.400 1 1 1 1
120.0 27.22 2.400 1 1 1 1
120.0 30.08 2.400 1 1 1 1
120.0 33.24 2.400 1 1 1 1
120.0 36.74 2.400 1 1 1 1
120.0 40.60 2.400 1 1 1 1
120.0 44.87 2.400 1 1 1 1
120.0 49.59 2.400 1 1 1 1
120.0 54.81 2.400 1 1 1 1
120.0 60.57 2.400 1 1 1 1
120.0 66.94 2.400 1 1 1 1
120.0 73.98 2.400 1 1 1 1
120.0 81.76 2.400 1 1 1 1
120.0 89.36 2.400 1 1 1 1
120.0 90.36 2.400 1 1 1 1
120.0 91.20 2.400 1 1 1 1
120.0 92.00 2.400 1 1 1 1
120.0 99.86 2.400 1 1 1 1
120.0 110.4 2.400 1 1 1 1
120.0 120.0 2.400 1 1 1 1
120.0 130.0 2.400 1 1 1 1
120.0 140.0 2.400 1 1 1 1
120.0 150.0 2.400 1 1 1 1
120.0 160.0 2.400 1 1 1 1
120.0 170.0 2.400 1 1 1 1
120.0 180.0 2.400 1 1 1 1
120.0 190.0 2.400 1 1 1 1
120.0 200.0 2.400 1 1 1 1
120.0 210.0 2.400 1 1 1 1
120.0 220.0 2.400 1 1 1 1
120.0 230.0 2.400 1 1 1 1
120.0 240.0 2.400 1 1 1 1
120.0 250.0 2.400 1 1 1 1
120.0 260.0 2.400 1 1 1 1
120.0 270.0 2.400 1 1 1 1
120.0 280.0 2.400 1 1 1 1
120.0 290.0 2.400 1 1 1 1
120.0 300.0 2.400 1 1 1 1
120.0 310.0 2.400 1 1 1 1
120.0 320.0 2.400 1 1 1 1
120.0 330.0 2.400 1 1 1 1
120.0 340.0 2.400 1 1 1 1
120.0 350.0 2.400 1 1 1 1
120.0 360.0 2.400 1 1 1 1
120.0 370.0 2.400 1 1 1 1
120.0 380.0 2.400 1 1 1 1
120.0 400.0 2.400 1 1 1 1
120.0 450.0 2.400 1 1 1 1
120.0 500.0 2.400 1 1 1 1
120.0 0.9106E-01 2.960 1 1 1 1
120.0 0.1006 2.960 1 1 1 1
120.0 0.1112 2.960 1 1 1 1
120.0 0.1229 2.960 1 1 1 1
120.0 0.1358 2.960 1 1 1 1
120.0 0.1501 2.960 1 1 1 1
120.0 0.1659 2.960 1 1 1 1
120.0 0.1834 2.960 1 1 1 1
120.0 0.2027 2.960 1 1 1 1
120.0 0.2240 2.960 1 1 1 1
120.0 0.2475 2.960 1 1 1 1
120.0 0.2736 2.960 1 1 1 1
120.0 0.3023 2.960 1 1 1 1
120.0 0.3341 2.960 1 1 1 1
120.0 0.3693 2.960 1 1 1 1
120.0 0.4081 2.960 1 1 1 1
120.0 0.4510 2.960 1 1 1 1
120.0 0.4985 2.960 1 1 1 1
120.0 0.5509 2.960 1 1 1 1
120.0 0.6088 2.960 1 1 1 1
120.0 0.6729 2.960 1 1 1 1
120.0 0.7436 2.960 1 1 1 1
120.0 0.8218 2.960 1 1 1 1
120.0 0.9083 2.960 1 1 1 1
120.0 1.004 2.960 1 1 1 1
120.0 1.109 2.960 1 1 1 1
120.0 1.226 2.960 1 1 1 1
120.0 1.355 2.960 1 1 1 1
120.0 1.497 2.960 1 1 1 1
120.0 1.655 2.960 1 1 1 1
120.0 1.829 2.960 1 1 1 1
120.0 2.021 2.960 1 1 1 1
120.0 2.234 2.960 1 1 1 1
120.0 2.469 2.960 1 1 1 1
120.0 2.729 2.960 1 1 1 1
120.0 3.016 2.960 1 1 1 1
120.0 3.333 2.960 1 1 1 1
120.0 3.683 2.960 1 1 1 1
120.0 4.071 2.960 1 1 1 1
120.0 4.499 2.960 1 1 1 1
120.0 4.972 2.960 1 1 1 1
120.0 5.495 2.960 1 1 1 1
120.0 6.073 2.960 1 1 1 1
120.0 6.711 2.960 1 1 1 1
120.0 7.417 2.960 1 1 1 1
120.0 8.197 2.960 1 1 1 1
120.0 9.059 2.960 1 1 1 1
120.0 10.01 2.960 1 1 1 1
120.0 11.06 2.960 1 1 1 1
120.0 12.23 2.960 1 1 1 1
120.0 13.51 2.960 1 1 1 1
120.0 14.94 2.960 1 1 1 1
120.0 16.51 2.960 1 1 1 1
120.0 18.24 2.960 1 1 1 1
120.0 20.16 2.960 1 1 1 1
120.0 22.28 2.960 1 1 1 1
120.0 24.63 2.960 1 1 1 1
120.0 27.22 2.960 1 1 1 1
120.0 30.08 2.960 1 1 1 1
120.0 33.24 2.960 1 1 1 1
120.0 36.74 2.960 1 1 1 1
120.0 40.60 2.960 1 1 1 1
120.0 44.87 2.960 1 1 1 1
120.0 49.59 2.960 1 1 1 1
120.0 54.81 2.960 1 1 1 1
120.0 60.57 2.960 1 1 1 1
120.0 66.94 2.960 1 1 1 1
120.0 73.98 2.960 1 1 1 1
120.0 81.76 2.960 1 1 1 1
120.0 89.36 2.960 1 1 1 1
120.0 90.36 2.960 1 1 1 1
120.0 91.20 2.960 1 1 1 1
120.0 92.00 2.960 1 1 1 1
120.0 99.86 2.960 1 1 1 1
120.0 110.4 2.960 1 1 1 1
120.0 120.0 2.960 1 1 1 1
120.0 130.0 2.960 1 1 1 1
120.0 140.0 2.960 1 1 1 1
120.0 150.0 2.960 1 1 1 1
120.0 160.0 2.960 1 1 1 1
120.0 170.0 2.960 1 1 1 1
120.0 180.0 2.960 1 1 1 1
120.0 190.0 2.960 1 1 1 1
120.0 200.0 2.960 1 1 1 1
120.0 210.0 2.960 1 1 1 1
120.0 220.0 2.960 1 1 1 1
120.0 230.0 2.960 1 1 1 1
120.0 240.0 2.960 1 1 1 1
120.0 250.0 2.960 1 1 1 1
120.0 260.0 2.960 1 1 1 1
120.0 270.0 2.960 1 1 1 1
120.0 280.0 2.960 1 1 1 1
120.0 290.0 2.960 1 1 1 1
120.0 300.0 2.960 1 1 1 1
120.0 310.0 2.960 1 1 1 1
120.0 320.0 2.960 1 1 1 1
120.0 330.0 2.960 1 1 1 1
120.0 340.0 2.960 1 1 1 1
120.0 350.0 2.960 1 1 1 1
120.0 360.0 2.960 1 1 1 1
120.0 370.0 2.960 1 1 1 1
120.0 380.0 2.960 1 1 1 1
120.0 400.0 2.960 1 1 1 1
120.0 450.0 2.960 1 1 1 1
120.0 500.0 2.960 1 1 1 1
120.0 0.9106E-01 3.200 1 1 1 1
120.0 0.1006 3.200 1 1 1 1
120.0 0.1112 3.200 1 1 1 1
120.0 0.1229 3.200 1 1 1 1
120.0 0.1358 3.200 1 1 1 1
120.0 0.1501 3.200 1 1 1 1
120.0 0.1659 3.200 1 1 1 1
120.0 0.1834 3.200 1 1 1 1
120.0 0.2027 3.200 1 1 1 1
120.0 0.2240 3.200 1 1 1 1
120.0 0.2475 3.200 1 1 1 1
120.0 0.2736 3.200 1 1 1 1
120.0 0.3023 3.200 1 1 1 1
120.0 0.3341 3.200 1 1 1 1
120.0 0.3693 3.200 1 1 1 1
120.0 0.4081 3.200 1 1 1 1
120.0 0.4510 3.200 1 1 1 1
120.0 0.4985 3.200 1 1 1 1
120.0 0.5509 3.200 1 1 1 1
120.0 0.6088 3.200 1 1 1 1
120.0 0.6729 3.200 1 1 1 1
120.0 0.7436 3.200 1 1 1 1
120.0 0.8218 3.200 1 1 1 1
120.0 0.9083 3.200 1 1 1 1
120.0 1.004 3.200 1 1 1 1
120.0 1.109 3.200 1 1 1 1
120.0 1.226 3.200 1 1 1 1
120.0 1.355 3.200 1 1 1 1
120.0 1.497 3.200 1 1 1 1
120.0 1.655 3.200 1 1 1 1
120.0 1.829 3.200 1 1 1 1
120.0 2.021 3.200 1 1 1 1
120.0 2.234 3.200 1 1 1 1
120.0 2.469 3.200 1 1 1 1
120.0 2.729 3.200 1 1 1 1
120.0 3.016 3.200 1 1 1 1
120.0 3.333 3.200 1 1 1 1
120.0 3.683 3.200 1 1 1 1
120.0 4.071 3.200 1 1 1 1
120.0 4.499 3.200 1 1 1 1
120.0 4.972 3.200 1 1 1 1
120.0 5.495 3.200 1 1 1 1
120.0 6.073 3.200 1 1 1 1
120.0 6.711 3.200 1 1 1 1
120.0 7.417 3.200 1 1 1 1
120.0 8.197 3.200 1 1 1 1
120.0 9.059 3.200 1 1 1 1
120.0 10.01 3.200 1 1 1 1
120.0 11.06 3.200 1 1 1 1
120.0 12.23 3.200 1 1 1 1
120.0 13.51 3.200 1 1 1 1
120.0 14.94 3.200 1 1 1 1
120.0 16.51 3.200 1 1 1 1
120.0 18.24 3.200 1 1 1 1
120.0 20.16 3.200 1 1 1 1
120.0 22.28 3.200 1 1 1 1
120.0 24.63 3.200 1 1 1 1
120.0 27.22 3.200 1 1 1 1
120.0 30.08 3.200 1 1 1 1
120.0 33.24 3.200 1 1 1 1
120.0 36.74 3.200 1 1 1 1
120.0 40.60 3.200 1 1 1 1
120.0 44.87 3.200 1 1 1 1
120.0 49.59 3.200 1 1 1 1
120.0 54.81 3.200 1 1 1 1
120.0 60.57 3.200 1 1 1 1
120.0 66.94 3.200 1 1 1 1
120.0 73.98 3.200 1 1 1 1
120.0 81.76 3.200 1 1 1 1
120.0 89.36 3.200 1 1 1 1
120.0 90.36 3.200 1 1 1 1
120.0 91.20 3.200 1 1 1 1
120.0 92.00 3.200 1 1 1 1
120.0 99.86 3.200 1 1 1 1
120.0 110.4 3.200 1 1 1 1
120.0 120.0 3.200 1 1 1 1
120.0 130.0 3.200 1 1 1 1
120.0 140.0 3.200 1 1 1 1
120.0 150.0 3.200 1 1 1 1
120.0 160.0 3.200 1 1 1 1
120.0 170.0 3.200 1 1 1 1
120.0 180.0 3.200 1 1 1 1
120.0 190.0 3.200 1 1 1 1
120.0 200.0 3.200 1 1 1 1
120.0 210.0 3.200 1 1 1 1
120.0 220.0 3.200 1 1 1 1
120.0 230.0 3.200 1 1 1 1
120.0 240.0 3.200 1 1 1 1
120.0 250.0 3.200 1 1 1 1
120.0 260.0 3.200 1 1 1 1
120.0 270.0 3.200 1 1 1 1
120.0 280.0 3.200 1 1 1 1
120.0 290.0 3.200 1 1 1 1
120.0 300.0 3.200 1 1 1 1
120.0 310.0 3.200 1 1 1 1
120.0 320.0 3.200 1 1 1 1
120.0 330.0 3.200 1 1 1 1
120.0 340.0 3.200 1 1 1 1
120.0 350.0 3.200 1 1 1 1
120.0 360.0 3.200 1 1 1 1
120.0 370.0 3.200 1 1 1 1
120.0 380.0 3.200 1 1 1 1
120.0 400.0 3.200 1 1 1 1
120.0 450.0 3.200 1 1 1 1
120.0 500.0 3.200 1 1 1 1
120.0 0.9106E-01 3.900 1 1 1 1
120.0 0.1006 3.900 1 1 1 1
120.0 0.1112 3.900 1 1 1 1
120.0 0.1229 3.900 1 1 1 1
120.0 0.1358 3.900 1 1 1 1
120.0 0.1501 3.900 1 1 1 1
120.0 0.1659 3.900 1 1 1 1
120.0 0.1834 3.900 1 1 1 1
120.0 0.2027 3.900 1 1 1 1
120.0 0.2240 3.900 1 1 1 1
120.0 0.2475 3.900 1 1 1 1
120.0 0.2736 3.900 1 1 1 1
120.0 0.3023 3.900 1 1 1 1
120.0 0.3341 3.900 1 1 1 1
120.0 0.3693 3.900 1 1 1 1
120.0 0.4081 3.900 1 1 1 1
120.0 0.4510 3.900 1 1 1 1
120.0 0.4985 3.900 1 1 1 1
120.0 0.5509 3.900 1 1 1 1
120.0 0.6088 3.900 1 1 1 1
120.0 0.6729 3.900 1 1 1 1
120.0 0.7436 3.900 1 1 1 1
120.0 0.8218 3.900 1 1 1 1
120.0 0.9083 3.900 1 1 1 1
120.0 1.004 3.900 1 1 1 1
120.0 1.109 3.900 1 1 1 1
120.0 1.226 3.900 1 1 1 1
120.0 1.355 3.900 1 1 1 1
120.0 1.497 3.900 1 1 1 1
120.0 1.655 3.900 1 1 1 1
120.0 1.829 3.900 1 1 1 1
120.0 2.021 3.900 1 1 1 1
120.0 2.234 3.900 1 1 1 1
120.0 2.469 3.900 1 1 1 1
120.0 2.729 3.900 1 1 1 1
120.0 3.016 3.900 1 1 1 1
120.0 3.333 3.900 1 1 1 1
120.0 3.683 3.900 1 1 1 1
120.0 4.071 3.900 1 1 1 1
120.0 4.499 3.900 1 1 1 1
120.0 4.972 3.900 1 1 1 1
120.0 5.495 3.900 1 1 1 1
120.0 6.073 3.900 1 1 1 1
120.0 6.711 3.900 1 1 1 1
120.0 7.417 3.900 1 1 1 1
120.0 8.197 3.900 1 1 1 1
120.0 9.059 3.900 1 1 1 1
120.0 10.01 3.900 1 1 1 1
120.0 11.06 3.900 1 1 1 1
120.0 12.23 3.900 1 1 1 1
120.0 13.51 3.900 1 1 1 1
120.0 14.94 3.900 1 1 1 1
120.0 16.51 3.900 1 1 1 1
120.0 18.24 3.900 1 1 1 1
120.0 20.16 3.900 1 1 1 1
120.0 22.28 3.900 1 1 1 1
120.0 24.63 3.900 1 1 1 1
120.0 27.22 3.900 1 1 1 1
120.0 30.08 3.900 1 1 1 1
120.0 33.24 3.900 1 1 1 1
120.0 36.74 3.900 1 1 1 1
120.0 40.60 3.900 1 1 1 1
120.0 44.87 3.900 1 1 1 1
120.0 49.59 3.900 1 1 1 1
120.0 54.81 3.900 1 1 1 1
120.0 60.57 3.900 1 1 1 1
120.0 66.94 3.900 1 1 1 1
120.0 73.98 3.900 1 1 1 1
120.0 81.76 3.900 1 1 1 1
120.0 89.36 3.900 1 1 1 1
120.0 90.36 3.900 1 1 1 1
120.0 91.20 3.900 1 1 1 1
120.0 92.00 3.900 1 1 1 1
120.0 99.86 3.900 1 1 1 1
120.0 110.4 3.900 1 1 1 1
120.0 120.0 3.900 1 1 1 1
120.0 130.0 3.900 1 1 1 1
120.0 140.0 3.900 1 1 1 1
120.0 150.0 3.900 1 1 1 1
120.0 160.0 3.900 1 1 1 1
120.0 170.0 3.900 1 1 1 1
120.0 180.0 3.900 1 1 1 1
120.0 190.0 3.900 1 1 1 1
120.0 200.0 3.900 1 1 1 1
120.0 210.0 3.900 1 1 1 1
120.0 220.0 3.900 1 1 1 1
120.0 230.0 3.900 1 1 1 1
120.0 240.0 3.900 1 1 1 1
120.0 250.0 3.900 1 1 1 1
120.0 260.0 3.900 1 1 1 1
120.0 270.0 3.900 1 1 1 1
120.0 280.0 3.900 1 1 1 1
120.0 290.0 3.900 1 1 1 1
120.0 300.0 3.900 1 1 1 1
120.0 310.0 3.900 1 1 1 1
120.0 320.0 3.900 1 1 1 1
120.0 330.0 3.900 1 1 1 1
120.0 340.0 3.900 1 1 1 1
120.0 350.0 3.900 1 1 1 1
120.0 360.0 3.900 1 1 1 1
120.0 370.0 3.900 1 1 1 1
120.0 380.0 3.900 1 1 1 1
120.0 400.0 3.900 1 1 1 1
120.0 450.0 3.900 1 1 1 1
120.0 500.0 3.900 1 1 1 1
