 iset =        11900
 ECM, IBEAM, JWTYPE_IN, NORDER, IDO_CBAR, JZ_TYPE, scale_fac_muR, scale_fac_muF, iscale=    1960.0000000000000               -1           1           2           0           0   1.0000000000000000        1.0000000000000000                0

  Q,qT,y, pertL0_1, pertA3_1,  pertL0_1+pertL0_2 pertA3_1+pertA3_2 
  60.00      0.9106E-01  -3.900        0.000000       -999.0000        0.000000       -999.0000    
  60.00      0.1006      -3.900        0.000000       -999.0000        0.000000       -999.0000    
  60.00      0.1112      -3.900        0.000000       -999.0000        0.000000       -999.0000    
  60.00      0.1229      -3.900        0.000000       -999.0000        0.000000       -999.0000    
  60.00      0.1358      -3.900        0.000000       -999.0000        0.000000       -999.0000    
  60.00      0.1501      -3.900        0.000000       -999.0000        0.000000       -999.0000    
  60.00      0.1659      -3.900        0.000000       -999.0000        0.000000       -999.0000    
  60.00      0.1834      -3.900        0.000000       -999.0000        0.000000       -999.0000    
  60.00      0.2027      -3.900        0.000000       -999.0000        0.000000       -999.0000    
  60.00      0.2240      -3.900        0.000000       -999.0000        0.000000       -999.0000    
  60.00      0.2475      -3.900        0.000000       -999.0000        0.000000       -999.0000    
  60.00      0.2736      -3.900        0.000000       -999.0000        0.000000       -999.0000    
  60.00      0.3023      -3.900        0.000000       -999.0000        0.000000       -999.0000    
  60.00      0.3341      -3.900        0.000000       -999.0000        0.000000       -999.0000    
  60.00      0.3693      -3.900        0.000000       -999.0000        0.000000       -999.0000    
  60.00      0.4081      -3.900        0.000000       -999.0000        0.000000       -999.0000    
  60.00      0.4510      -3.900        0.000000       -999.0000        0.000000       -999.0000    
  60.00      0.4985      -3.900        0.000000       -999.0000        0.000000       -999.0000    
  60.00      0.5509      -3.900        0.000000       -999.0000        0.000000       -999.0000    
  60.00      0.6088      -3.900        0.000000       -999.0000        0.000000       -999.0000    
  60.00      0.6729      -3.900        0.000000       -999.0000        0.000000       -999.0000    
  60.00      0.7436      -3.900        0.000000       -999.0000        0.000000       -999.0000    
  60.00      0.8218      -3.900        0.000000       -999.0000        0.000000       -999.0000    
  60.00      0.9083      -3.900        0.000000       -999.0000        0.000000       -999.0000    
  60.00       1.004      -3.900        0.000000       -999.0000        0.000000       -999.0000    
  60.00       1.109      -3.900        0.000000       -999.0000        0.000000       -999.0000    
  60.00       1.226      -3.900        0.000000       -999.0000        0.000000       -999.0000    
  60.00       1.355      -3.900        0.000000       -999.0000        0.000000       -999.0000    
  60.00       1.497      -3.900        0.000000       -999.0000        0.000000       -999.0000    
  60.00       1.655      -3.900        0.000000       -999.0000        0.000000       -999.0000    
  60.00       1.829      -3.900        0.000000       -999.0000        0.000000       -999.0000    
  60.00       2.021      -3.900        0.000000       -999.0000        0.000000       -999.0000    
  60.00       2.234      -3.900        0.000000       -999.0000        0.000000       -999.0000    
  60.00       2.469      -3.900        0.000000       -999.0000        0.000000       -999.0000    
  60.00       2.729      -3.900        0.000000       -999.0000        0.000000       -999.0000    
  60.00       3.016      -3.900        0.000000       -999.0000        0.000000       -999.0000    
  60.00       3.333      -3.900        0.000000       -999.0000        0.000000       -999.0000    
  60.00       3.683      -3.900        0.000000       -999.0000        0.000000       -999.0000    
  60.00       4.071      -3.900        0.000000       -999.0000        0.000000       -999.0000    
  60.00       4.499      -3.900        0.000000       -999.0000        0.000000       -999.0000    
  60.00       4.972      -3.900        0.000000       -999.0000        0.000000       -999.0000    
  60.00       5.495      -3.900        0.000000       -999.0000        0.000000       -999.0000    
  60.00       6.073      -3.900        0.000000       -999.0000        0.000000       -999.0000    
  60.00       6.711      -3.900        0.000000       -999.0000        0.000000       -999.0000    
  60.00       7.417      -3.900        0.000000       -999.0000        0.000000       -999.0000    
  60.00       8.197      -3.900        0.000000       -999.0000        0.000000       -999.0000    
  60.00       9.059      -3.900        0.000000       -999.0000        0.000000       -999.0000    
  60.00       10.01      -3.900        0.000000       -999.0000        0.000000       -999.0000    
  60.00       11.06      -3.900        0.000000       -999.0000        0.000000       -999.0000    
  60.00       12.23      -3.900        0.000000       -999.0000        0.000000       -999.0000    
  60.00       13.51      -3.900        0.000000       -999.0000        0.000000       -999.0000    
  60.00       14.94      -3.900        0.000000       -999.0000        0.000000       -999.0000    
  60.00       16.51      -3.900        0.000000       -999.0000        0.000000       -999.0000    
  60.00       18.24      -3.900        0.000000       -999.0000        0.000000       -999.0000    
  60.00       20.16      -3.900        0.000000       -999.0000        0.000000       -999.0000    
  60.00       22.28      -3.900        0.000000       -999.0000        0.000000       -999.0000    
  60.00       24.63      -3.900        0.000000       -999.0000        0.000000       -999.0000    
  60.00       27.22      -3.900        0.000000       -999.0000        0.000000       -999.0000    
  60.00       30.08      -3.900        0.000000       -999.0000        0.000000       -999.0000    
  60.00       33.24      -3.900        0.000000       -999.0000        0.000000       -999.0000    
  60.00       36.74      -3.900        0.000000       -999.0000        0.000000       -999.0000    
  60.00       40.60      -3.900        0.000000       -999.0000        0.000000       -999.0000    
  60.00       44.87      -3.900        0.000000       -999.0000        0.000000       -999.0000    
  60.00       49.59      -3.900        0.000000       -999.0000        0.000000       -999.0000    
  60.00       54.81      -3.900        0.000000       -999.0000        0.000000       -999.0000    
  60.00       60.57      -3.900        0.000000       -999.0000        0.000000       -999.0000    
  60.00       66.94      -3.900        0.000000       -999.0000        0.000000       -999.0000    
  60.00       73.98      -3.900        0.000000       -999.0000        0.000000       -999.0000    
  60.00       81.76      -3.900        0.000000       -999.0000        0.000000       -999.0000    
  60.00       89.36      -3.900        0.000000       -999.0000        0.000000       -999.0000    
  60.00       90.36      -3.900        0.000000       -999.0000        0.000000       -999.0000    
  60.00       91.20      -3.900        0.000000       -999.0000        0.000000       -999.0000    
  60.00       92.00      -3.900        0.000000       -999.0000        0.000000       -999.0000    
  60.00       99.86      -3.900        0.000000       -999.0000        0.000000       -999.0000    
  60.00       110.4      -3.900        0.000000       -999.0000        0.000000       -999.0000    
  60.00       120.0      -3.900        0.000000       -999.0000        0.000000       -999.0000    
  60.00       130.0      -3.900        0.000000       -999.0000        0.000000       -999.0000    
  60.00       140.0      -3.900        0.000000       -999.0000        0.000000       -999.0000    
  60.00       150.0      -3.900        0.000000       -999.0000        0.000000       -999.0000    
  60.00       160.0      -3.900        0.000000       -999.0000        0.000000       -999.0000    
  60.00       170.0      -3.900        0.000000       -999.0000        0.000000       -999.0000    
  60.00       180.0      -3.900        0.000000       -999.0000        0.000000       -999.0000    
  60.00       190.0      -3.900        0.000000       -999.0000        0.000000       -999.0000    
  60.00       200.0      -3.900        0.000000       -999.0000        0.000000       -999.0000    
  60.00       210.0      -3.900        0.000000       -999.0000        0.000000       -999.0000    
  60.00       220.0      -3.900        0.000000       -999.0000        0.000000       -999.0000    
  60.00       230.0      -3.900        0.000000       -999.0000        0.000000       -999.0000    
  60.00       240.0      -3.900        0.000000       -999.0000        0.000000       -999.0000    
  60.00       250.0      -3.900        0.000000       -999.0000        0.000000       -999.0000    
  60.00       260.0      -3.900        0.000000       -999.0000        0.000000       -999.0000    
  60.00       270.0      -3.900        0.000000       -999.0000        0.000000       -999.0000    
  60.00       280.0      -3.900        0.000000       -999.0000        0.000000       -999.0000    
  60.00       290.0      -3.900        0.000000       -999.0000        0.000000       -999.0000    
  60.00       300.0      -3.900        0.000000       -999.0000        0.000000       -999.0000    
  60.00       310.0      -3.900        0.000000       -999.0000        0.000000       -999.0000    
  60.00       320.0      -3.900        0.000000       -999.0000        0.000000       -999.0000    
  60.00       330.0      -3.900        0.000000       -999.0000        0.000000       -999.0000    
  60.00       340.0      -3.900        0.000000       -999.0000        0.000000       -999.0000    
  60.00       350.0      -3.900        0.000000       -999.0000        0.000000       -999.0000    
  60.00       360.0      -3.900        0.000000       -999.0000        0.000000       -999.0000    
  60.00       370.0      -3.900        0.000000       -999.0000        0.000000       -999.0000    
  60.00       380.0      -3.900        0.000000       -999.0000        0.000000       -999.0000    
  60.00       400.0      -3.900        0.000000       -999.0000        0.000000       -999.0000    
  60.00       450.0      -3.900        0.000000       -999.0000        0.000000       -999.0000    
  60.00       500.0      -3.900        0.000000       -999.0000        0.000000       -999.0000    
  60.00      0.9106E-01  -3.200        259.3543       -999.0000       -61.01691       -999.0000    
  60.00      0.1006      -3.200        230.0753       -999.0000       -33.17025       -999.0000    
  60.00      0.1112      -3.200        203.8880       -999.0000       -11.18720       -999.0000    
  60.00      0.1229      -3.200        180.6329       -999.0000        5.818092       -999.0000    
  60.00      0.1358      -3.200        160.0009       -999.0000        18.72411       -999.0000    
  60.00      0.1501      -3.200        141.6052       -999.0000        28.32445       -999.0000    
  60.00      0.1659      -3.200        125.2679       -999.0000        35.18910       -999.0000    
  60.00      0.1834      -3.200        110.7310       -999.0000        39.84238       -999.0000    
  60.00      0.2027      -3.200        97.85607       -999.0000        42.70558       -999.0000    
  60.00      0.2240      -3.200        86.44344       -999.0000        44.14710       -999.0000    
  60.00      0.2475      -3.200        76.33005       -999.0000        44.48933       -999.0000    
  60.00      0.2736      -3.200        67.31391       -999.0000        43.98275       -999.0000    
  60.00      0.3023      -3.200        59.36100       -999.0000        42.83453       -999.0000    
  60.00      0.3341      -3.200        52.29453       -999.0000        41.19814       -999.0000    
  60.00      0.3693      -3.200        46.02716       -999.0000        39.21264       -999.0000    
  60.00      0.4081      -3.200        40.49183       -999.0000        37.00001       -999.0000    
  60.00      0.4510      -3.200        35.59072       -999.0000        34.65289       -999.0000    
  60.00      0.4985      -3.200        31.24753       -999.0000        32.23799       -999.0000    
  60.00      0.5509      -3.200        27.41479       -999.0000        29.81652       -999.0000    
  60.00      0.6088      -3.200        24.02727       -999.0000        27.42496       -999.0000    
  60.00      0.6729      -3.200        21.03133       -999.0000        25.09459       -999.0000    
  60.00      0.7436      -3.200        18.39344       -999.0000        22.86088       -999.0000    
  60.00      0.8218      -3.200        16.06501       -999.0000        20.73398       -999.0000    
  60.00      0.9083      -3.200        14.01119       -999.0000        18.72529       -999.0000    
  60.00       1.004      -3.200        12.20043       -999.0000        16.84094       -999.0000    
  60.00       1.109      -3.200        10.61746       -999.0000        15.09915       -999.0000    
  60.00       1.226      -3.200        9.213632       -999.0000        13.47179       -999.0000    
  60.00       1.355      -3.200        7.983932       -999.0000        11.97797       -999.0000    
  60.00       1.497      -3.200        6.908489       -999.0000        10.61399       -999.0000    
  60.00       1.655      -3.200        5.958947       -999.0000        9.360618       -999.0000    
  60.00       1.829      -3.200        5.130591       -999.0000        8.226558       -999.0000    
  60.00       2.021      -3.200        4.407143       -999.0000        7.202370       -999.0000    
  60.00       2.234      -3.200        3.772848       -999.0000        6.275996       -999.0000    
  60.00       2.469      -3.200        3.220713       -999.0000        5.446005       -999.0000    
  60.00       2.729      -3.200        2.739587       -999.0000        4.703395       -999.0000    
  60.00       3.016      -3.200        2.322059       -999.0000        4.043079       -999.0000    
  60.00       3.333      -3.200        1.960216       -999.0000        3.457756       -999.0000    
  60.00       3.683      -3.200        1.647297       -999.0000        2.940970       -999.0000    
  60.00       4.071      -3.200        1.376543       -999.0000        2.485186       -999.0000    
  60.00       4.499      -3.200        1.144305       -999.0000        2.087201       -999.0000    
  60.00       4.972      -3.200       0.9454867       -999.0000        1.740859       -999.0000    
  60.00       5.495      -3.200       0.7757977       -999.0000        1.440841       -999.0000    
  60.00       6.073      -3.200       0.6315890       -999.0000        1.182281       -999.0000    
  60.00       6.711      -3.200       0.5099213       -999.0000       0.9612246       -999.0000    
  60.00       7.417      -3.200       0.4077321       -999.0000       0.7734344       -999.0000    
  60.00       8.197      -3.200       0.3225583       -999.0000       0.6152516       -999.0000    
  60.00       9.059      -3.200       0.2520669       -999.0000       0.4830683       -999.0000    
  60.00       10.01      -3.200       0.1943603       -999.0000       0.3738641       -999.0000    
  60.00       11.06      -3.200       0.1476019       -999.0000       0.2847626       -999.0000    
  60.00       12.23      -3.200       0.1097957       -999.0000       0.2122254       -999.0000    
  60.00       13.51      -3.200       0.8015371E-01   -999.0000       0.1551227       -999.0000    
  60.00       14.94      -3.200       0.5684287E-01   -999.0000       0.1100441       -999.0000    
  60.00       16.51      -3.200       0.3918823E-01   -999.0000       0.7582020E-01   -999.0000    
  60.00       18.24      -3.200       0.2605010E-01   -999.0000       0.5033523E-01   -999.0000    
  60.00       20.16      -3.200       0.1650847E-01   -999.0000       0.3183746E-01   -999.0000    
  60.00       22.28      -3.200       0.9876164E-02   -999.0000       0.1900047E-01   -999.0000    
  60.00       24.63      -3.200       0.5476691E-02   -999.0000       0.1050806E-01   -999.0000    
  60.00       27.22      -3.200       0.2763375E-02   -999.0000       0.5285585E-02   -999.0000    
  60.00       30.08      -3.200       0.1226681E-02   -999.0000       0.2337934E-02   -999.0000    
  60.00       33.24      -3.200       0.4550780E-03   -999.0000       0.8638042E-03   -999.0000    
  60.00       36.74      -3.200       0.1288803E-03   -999.0000       0.2432696E-03   -999.0000    
  60.00       40.60      -3.200       0.2356895E-04   -999.0000       0.4409100E-04   -999.0000    
  60.00       44.87      -3.200       0.1802908E-05   -999.0000       0.3312830E-05   -999.0000    
  60.00       49.59      -3.200       0.9456896E-08   -999.0000       0.1654424E-07   -999.0000    
  60.00       54.81      -3.200        0.000000       -999.0000        0.000000       -999.0000    
  60.00       60.57      -3.200        0.000000       -999.0000        0.000000       -999.0000    
  60.00       66.94      -3.200        0.000000       -999.0000        0.000000       -999.0000    
  60.00       73.98      -3.200        0.000000       -999.0000        0.000000       -999.0000    
  60.00       81.76      -3.200        0.000000       -999.0000        0.000000       -999.0000    
  60.00       89.36      -3.200        0.000000       -999.0000        0.000000       -999.0000    
  60.00       90.36      -3.200        0.000000       -999.0000        0.000000       -999.0000    
  60.00       91.20      -3.200        0.000000       -999.0000        0.000000       -999.0000    
  60.00       92.00      -3.200        0.000000       -999.0000        0.000000       -999.0000    
  60.00       99.86      -3.200        0.000000       -999.0000        0.000000       -999.0000    
  60.00       110.4      -3.200        0.000000       -999.0000        0.000000       -999.0000    
  60.00       120.0      -3.200        0.000000       -999.0000        0.000000       -999.0000    
  60.00       130.0      -3.200        0.000000       -999.0000        0.000000       -999.0000    
  60.00       140.0      -3.200        0.000000       -999.0000        0.000000       -999.0000    
  60.00       150.0      -3.200        0.000000       -999.0000        0.000000       -999.0000    
  60.00       160.0      -3.200        0.000000       -999.0000        0.000000       -999.0000    
  60.00       170.0      -3.200        0.000000       -999.0000        0.000000       -999.0000    
  60.00       180.0      -3.200        0.000000       -999.0000        0.000000       -999.0000    
  60.00       190.0      -3.200        0.000000       -999.0000        0.000000       -999.0000    
  60.00       200.0      -3.200        0.000000       -999.0000        0.000000       -999.0000    
  60.00       210.0      -3.200        0.000000       -999.0000        0.000000       -999.0000    
  60.00       220.0      -3.200        0.000000       -999.0000        0.000000       -999.0000    
  60.00       230.0      -3.200        0.000000       -999.0000        0.000000       -999.0000    
  60.00       240.0      -3.200        0.000000       -999.0000        0.000000       -999.0000    
  60.00       250.0      -3.200        0.000000       -999.0000        0.000000       -999.0000    
  60.00       260.0      -3.200        0.000000       -999.0000        0.000000       -999.0000    
  60.00       270.0      -3.200        0.000000       -999.0000        0.000000       -999.0000    
  60.00       280.0      -3.200        0.000000       -999.0000        0.000000       -999.0000    
  60.00       290.0      -3.200        0.000000       -999.0000        0.000000       -999.0000    
  60.00       300.0      -3.200        0.000000       -999.0000        0.000000       -999.0000    
  60.00       310.0      -3.200        0.000000       -999.0000        0.000000       -999.0000    
  60.00       320.0      -3.200        0.000000       -999.0000        0.000000       -999.0000    
  60.00       330.0      -3.200        0.000000       -999.0000        0.000000       -999.0000    
  60.00       340.0      -3.200        0.000000       -999.0000        0.000000       -999.0000    
  60.00       350.0      -3.200        0.000000       -999.0000        0.000000       -999.0000    
  60.00       360.0      -3.200        0.000000       -999.0000        0.000000       -999.0000    
  60.00       370.0      -3.200        0.000000       -999.0000        0.000000       -999.0000    
  60.00       380.0      -3.200        0.000000       -999.0000        0.000000       -999.0000    
  60.00       400.0      -3.200        0.000000       -999.0000        0.000000       -999.0000    
  60.00       450.0      -3.200        0.000000       -999.0000        0.000000       -999.0000    
  60.00       500.0      -3.200        0.000000       -999.0000        0.000000       -999.0000    
  60.00      0.9106E-01  -2.960        2362.412       -999.0000       -1429.224       -999.0000    
  60.00      0.1006      -2.960        2097.958       -999.0000       -1066.656       -999.0000    
  60.00      0.1112      -2.960        1861.198       -999.0000       -769.5766       -999.0000    
  60.00      0.1229      -2.960        1650.765       -999.0000       -529.4609       -999.0000    
  60.00      0.1358      -2.960        1463.909       -999.0000       -337.1664       -999.0000    
  60.00      0.1501      -2.960        1297.189       -999.0000       -183.8076       -999.0000    
  60.00      0.1659      -2.960        1149.047       -999.0000       -63.33981       -999.0000    
  60.00      0.1834      -2.960        1017.075       -999.0000        29.89422       -999.0000    
  60.00      0.2027      -2.960        900.0791       -999.0000        100.4475       -999.0000    
  60.00      0.2240      -2.960        796.2768       -999.0000        152.5558       -999.0000    
  60.00      0.2475      -2.960        704.2061       -999.0000        189.6968       -999.0000    
  60.00      0.2736      -2.960        622.0606       -999.0000        214.8989       -999.0000    
  60.00      0.3023      -2.960        549.5252       -999.0000        230.2761       -999.0000    
  60.00      0.3341      -2.960        484.9881       -999.0000        237.9942       -999.0000    
  60.00      0.3693      -2.960        427.6692       -999.0000        239.7046       -999.0000    
  60.00      0.4081      -2.960        376.9982       -999.0000        236.7535       -999.0000    
  60.00      0.4510      -2.960        332.0756       -999.0000        230.2767       -999.0000    
  60.00      0.4985      -2.960        292.2247       -999.0000        221.1843       -999.0000    
  60.00      0.5509      -2.960        256.9995       -999.0000        210.2526       -999.0000    
  60.00      0.6088      -2.960        225.8376       -999.0000        198.1160       -999.0000    
  60.00      0.6729      -2.960        198.2357       -999.0000        185.2592       -999.0000    
  60.00      0.7436      -2.960        173.8863       -999.0000        172.0958       -999.0000    
  60.00      0.8218      -2.960        152.3503       -999.0000        158.8699       -999.0000    
  60.00      0.9083      -2.960        133.3222       -999.0000        145.8349       -999.0000    
  60.00       1.004      -2.960        116.5236       -999.0000        133.1744       -999.0000    
  60.00       1.109      -2.960        101.8145       -999.0000        121.1230       -999.0000    
  60.00       1.226      -2.960        88.74275       -999.0000        109.5810       -999.0000    
  60.00       1.355      -2.960        77.26062       -999.0000        98.73078       -999.0000    
  60.00       1.497      -2.960        67.19039       -999.0000        88.61340       -999.0000    
  60.00       1.655      -2.960        58.28025       -999.0000        79.15175       -999.0000    
  60.00       1.829      -2.960        50.48782       -999.0000        70.44976       -999.0000    
  60.00       2.021      -2.960        43.66120       -999.0000        62.46293       -999.0000    
  60.00       2.234      -2.960        37.65473       -999.0000        55.13181       -999.0000    
  60.00       2.469      -2.960        32.40575       -999.0000        48.47143       -999.0000    
  60.00       2.729      -2.960        27.81270       -999.0000        42.43237       -999.0000    
  60.00       3.016      -2.960        23.80865       -999.0000        36.99249       -999.0000    
  60.00       3.333      -2.960        20.32046       -999.0000        32.10760       -999.0000    
  60.00       3.683      -2.960        17.28651       -999.0000        27.73928       -999.0000    
  60.00       4.071      -2.960        14.64269       -999.0000        23.83493       -999.0000    
  60.00       4.499      -2.960        12.35720       -999.0000        20.37959       -999.0000    
  60.00       4.972      -2.960        10.38170       -999.0000        17.32781       -999.0000    
  60.00       5.495      -2.960        8.678409       -999.0000        14.64347       -999.0000    
  60.00       6.073      -2.960        7.215277       -999.0000        12.29614       -999.0000    
  60.00       6.711      -2.960        5.964273       -999.0000        10.25545       -999.0000    
  60.00       7.417      -2.960        4.895481       -999.0000        8.485196       -999.0000    
  60.00       8.197      -2.960        3.988720       -999.0000        6.962589       -999.0000    
  60.00       9.059      -2.960        3.223351       -999.0000        5.661376       -999.0000    
  60.00       10.01      -2.960        2.582378       -999.0000        4.559262       -999.0000    
  60.00       11.06      -2.960        2.048074       -999.0000        3.631530       -999.0000    
  60.00       12.23      -2.960        1.602260       -999.0000        2.850561       -999.0000    
  60.00       13.51      -2.960        1.240406       -999.0000        2.212062       -999.0000    
  60.00       14.94      -2.960       0.9432132       -999.0000        1.684335       -999.0000    
  60.00       16.51      -2.960       0.7060920       -999.0000        1.261425       -999.0000    
  60.00       18.24      -2.960       0.5183962       -999.0000       0.9256392       -999.0000    
  60.00       20.16      -2.960       0.3712185       -999.0000       0.6618914       -999.0000    
  60.00       22.28      -2.960       0.2584817       -999.0000       0.4597970       -999.0000    
  60.00       24.63      -2.960       0.1737203       -999.0000       0.3080419       -999.0000    
  60.00       27.22      -2.960       0.1121930       -999.0000       0.1981903       -999.0000    
  60.00       30.08      -2.960       0.6898117E-01   -999.0000       0.1212761       -999.0000    
  60.00       33.24      -2.960       0.3989489E-01   -999.0000       0.6976994E-01   -999.0000    
  60.00       36.74      -2.960       0.2135686E-01   -999.0000       0.3711095E-01   -999.0000    
  60.00       40.60      -2.960       0.1040036E-01   -999.0000       0.1793671E-01   -999.0000    
  60.00       44.87      -2.960       0.4471677E-02   -999.0000       0.7638954E-02   -999.0000    
  60.00       49.59      -2.960       0.1627994E-02   -999.0000       0.2747048E-02   -999.0000    
  60.00       54.81      -2.960       0.4680593E-03   -999.0000       0.7765845E-03   -999.0000    
  60.00       60.57      -2.960       0.9384692E-04   -999.0000       0.1518990E-03   -999.0000    
  60.00       66.94      -2.960       0.9834166E-05   -999.0000       0.1528337E-04   -999.0000    
  60.00       73.98      -2.960       0.2135153E-06   -999.0000       0.3064080E-06   -999.0000    
  60.00       81.76      -2.960        0.000000       -999.0000        0.000000       -999.0000    
  60.00       89.36      -2.960        0.000000       -999.0000        0.000000       -999.0000    
  60.00       90.36      -2.960        0.000000       -999.0000        0.000000       -999.0000    
  60.00       91.20      -2.960        0.000000       -999.0000        0.000000       -999.0000    
  60.00       92.00      -2.960        0.000000       -999.0000        0.000000       -999.0000    
  60.00       99.86      -2.960        0.000000       -999.0000        0.000000       -999.0000    
  60.00       110.4      -2.960        0.000000       -999.0000        0.000000       -999.0000    
  60.00       120.0      -2.960        0.000000       -999.0000        0.000000       -999.0000    
  60.00       130.0      -2.960        0.000000       -999.0000        0.000000       -999.0000    
  60.00       140.0      -2.960        0.000000       -999.0000        0.000000       -999.0000    
  60.00       150.0      -2.960        0.000000       -999.0000        0.000000       -999.0000    
  60.00       160.0      -2.960        0.000000       -999.0000        0.000000       -999.0000    
  60.00       170.0      -2.960        0.000000       -999.0000        0.000000       -999.0000    
  60.00       180.0      -2.960        0.000000       -999.0000        0.000000       -999.0000    
  60.00       190.0      -2.960        0.000000       -999.0000        0.000000       -999.0000    
  60.00       200.0      -2.960        0.000000       -999.0000        0.000000       -999.0000    
  60.00       210.0      -2.960        0.000000       -999.0000        0.000000       -999.0000    
  60.00       220.0      -2.960        0.000000       -999.0000        0.000000       -999.0000    
  60.00       230.0      -2.960        0.000000       -999.0000        0.000000       -999.0000    
  60.00       240.0      -2.960        0.000000       -999.0000        0.000000       -999.0000    
  60.00       250.0      -2.960        0.000000       -999.0000        0.000000       -999.0000    
  60.00       260.0      -2.960        0.000000       -999.0000        0.000000       -999.0000    
  60.00       270.0      -2.960        0.000000       -999.0000        0.000000       -999.0000    
  60.00       280.0      -2.960        0.000000       -999.0000        0.000000       -999.0000    
  60.00       290.0      -2.960        0.000000       -999.0000        0.000000       -999.0000    
  60.00       300.0      -2.960        0.000000       -999.0000        0.000000       -999.0000    
  60.00       310.0      -2.960        0.000000       -999.0000        0.000000       -999.0000    
  60.00       320.0      -2.960        0.000000       -999.0000        0.000000       -999.0000    
  60.00       330.0      -2.960        0.000000       -999.0000        0.000000       -999.0000    
  60.00       340.0      -2.960        0.000000       -999.0000        0.000000       -999.0000    
  60.00       350.0      -2.960        0.000000       -999.0000        0.000000       -999.0000    
  60.00       360.0      -2.960        0.000000       -999.0000        0.000000       -999.0000    
  60.00       370.0      -2.960        0.000000       -999.0000        0.000000       -999.0000    
  60.00       380.0      -2.960        0.000000       -999.0000        0.000000       -999.0000    
  60.00       400.0      -2.960        0.000000       -999.0000        0.000000       -999.0000    
  60.00       450.0      -2.960        0.000000       -999.0000        0.000000       -999.0000    
  60.00       500.0      -2.960        0.000000       -999.0000        0.000000       -999.0000    
  60.00      0.9106E-01  -2.400        19627.44       -999.0000       -20815.41       -999.0000    
  60.00      0.1006      -2.400        17450.53       -999.0000       -16698.63       -999.0000    
  60.00      0.1112      -2.400        15499.92       -999.0000       -13249.65       -999.0000    
  60.00      0.1229      -2.400        13764.87       -999.0000       -10392.42       -999.0000    
  60.00      0.1358      -2.400        12223.03       -999.0000       -8036.783       -999.0000    
  60.00      0.1501      -2.400        10845.86       -999.0000       -6093.487       -999.0000    
  60.00      0.1659      -2.400        9620.600       -999.0000       -4505.534       -999.0000    
  60.00      0.1834      -2.400        8528.315       -999.0000       -3213.350       -999.0000    
  60.00      0.2027      -2.400        7558.959       -999.0000       -2173.596       -999.0000    
  60.00      0.2240      -2.400        6697.931       -999.0000       -1343.168       -999.0000    
  60.00      0.2475      -2.400        5933.425       -999.0000       -686.7811       -999.0000    
  60.00      0.2736      -2.400        5250.612       -999.0000       -171.4194       -999.0000    
  60.00      0.3023      -2.400        4646.984       -999.0000        222.7153       -999.0000    
  60.00      0.3341      -2.400        4109.283       -999.0000        520.2396       -999.0000    
  60.00      0.3693      -2.400        3631.103       -999.0000        738.1103       -999.0000    
  60.00      0.4081      -2.400        3207.715       -999.0000        890.5076       -999.0000    
  60.00      0.4510      -2.400        2831.818       -999.0000        990.9079       -999.0000    
  60.00      0.4985      -2.400        2497.894       -999.0000        1049.896       -999.0000    
  60.00      0.5509      -2.400        2202.524       -999.0000        1075.914       -999.0000    
  60.00      0.6088      -2.400        1940.689       -999.0000        1076.081       -999.0000    
  60.00      0.6729      -2.400        1708.363       -999.0000        1056.652       -999.0000    
  60.00      0.7436      -2.400        1503.066       -999.0000        1022.537       -999.0000    
  60.00      0.8218      -2.400        1321.212       -999.0000        977.8318       -999.0000    
  60.00      0.9083      -2.400        1160.218       -999.0000        925.7544       -999.0000    
  60.00       1.004      -2.400        1017.782       -999.0000        868.8695       -999.0000    
  60.00       1.109      -2.400        892.7756       -999.0000        809.7586       -999.0000    
  60.00       1.226      -2.400        781.4472       -999.0000        749.1745       -999.0000    
  60.00       1.355      -2.400        683.4689       -999.0000        689.0615       -999.0000    
  60.00       1.497      -2.400        597.3617       -999.0000        630.4947       -999.0000    
  60.00       1.655      -2.400        520.9638       -999.0000        573.5930       -999.0000    
  60.00       1.829      -2.400        453.9516       -999.0000        519.4957       -999.0000    
  60.00       2.021      -2.400        395.0566       -999.0000        468.4244       -999.0000    
  60.00       2.234      -2.400        343.0718       -999.0000        420.3128       -999.0000    
  60.00       2.469      -2.400        297.4995       -999.0000        375.5893       -999.0000    
  60.00       2.729      -2.400        257.4670       -999.0000        334.1660       -999.0000    
  60.00       3.016      -2.400        222.4204       -999.0000        296.1101       -999.0000    
  60.00       3.333      -2.400        191.7406       -999.0000        261.3043       -999.0000    
  60.00       3.683      -2.400        164.9151       -999.0000        229.6128       -999.0000    
  60.00       4.071      -2.400        141.4145       -999.0000        200.8290       -999.0000    
  60.00       4.499      -2.400        120.9671       -999.0000        174.9061       -999.0000    
  60.00       4.972      -2.400        103.1703       -999.0000        151.6395       -999.0000    
  60.00       5.495      -2.400        87.69653       -999.0000        130.8339       -999.0000    
  60.00       6.073      -2.400        74.27128       -999.0000        112.3133       -999.0000    
  60.00       6.711      -2.400        62.66330       -999.0000        95.91972       -999.0000    
  60.00       7.417      -2.400        52.63288       -999.0000        81.44755       -999.0000    
  60.00       8.197      -2.400        44.00395       -999.0000        68.75430       -999.0000    
  60.00       9.059      -2.400        36.60171       -999.0000        57.67500       -999.0000    
  60.00       10.01      -2.400        30.28079       -999.0000        48.06192       -999.0000    
  60.00       11.06      -2.400        24.90060       -999.0000        39.76495       -999.0000    
  60.00       12.23      -2.400        20.30498       -999.0000        32.59209       -999.0000    
  60.00       13.51      -2.400        16.46668       -999.0000        26.53749       -999.0000    
  60.00       14.94      -2.400        13.20802       -999.0000        21.34936       -999.0000    
  60.00       16.51      -2.400        10.50991       -999.0000        17.02124       -999.0000    
  60.00       18.24      -2.400        8.281237       -999.0000        13.42503       -999.0000    
  60.00       20.16      -2.400        6.440199       -999.0000        10.44104       -999.0000    
  60.00       22.28      -2.400        4.939644       -999.0000        8.001876       -999.0000    
  60.00       24.63      -2.400        3.725276       -999.0000        6.024560       -999.0000    
  60.00       27.22      -2.400        2.761333       -999.0000        4.454918       -999.0000    
  60.00       30.08      -2.400        2.004443       -999.0000        3.223902       -999.0000    
  60.00       33.24      -2.400        1.419493       -999.0000        2.274404       -999.0000    
  60.00       36.74      -2.400       0.9761966       -999.0000        1.556993       -999.0000    
  60.00       40.60      -2.400       0.6504025       -999.0000        1.031767       -999.0000    
  60.00       44.87      -2.400       0.4168163       -999.0000       0.6569526       -999.0000    
  60.00       49.59      -2.400       0.2555807       -999.0000       0.3997299       -999.0000    
  60.00       54.81      -2.400       0.1489247       -999.0000       0.2307190       -999.0000    
  60.00       60.57      -2.400       0.8181230E-01   -999.0000       0.1252705       -999.0000    
  60.00       66.94      -2.400       0.4189244E-01   -999.0000       0.6320713E-01   -999.0000    
  60.00       73.98      -2.400       0.1974269E-01   -999.0000       0.2923411E-01   -999.0000    
  60.00       81.76      -2.400       0.8402045E-02   -999.0000       0.1214756E-01   -999.0000    
  60.00       89.36      -2.400       0.3537708E-02   -999.0000       0.4977857E-02   -999.0000    
  60.00       90.36      -2.400       0.3147936E-02   -999.0000       0.4412360E-02   -999.0000    
  60.00       91.20      -2.400       0.2852477E-02   -999.0000       0.3985004E-02   -999.0000    
  60.00       92.00      -2.400       0.2595817E-02   -999.0000       0.3614905E-02   -999.0000    
  60.00       99.86      -2.400       0.9990258E-03   -999.0000       0.1344721E-02   -999.0000    
  60.00       110.4      -2.400       0.2502400E-03   -999.0000       0.3190502E-03   -999.0000    
  60.00       120.0      -2.400       0.6101571E-04   -999.0000       0.7323336E-04   -999.0000    
  60.00       130.0      -2.400       0.1103359E-04   -999.0000       0.1224567E-04   -999.0000    
  60.00       140.0      -2.400       0.1303028E-05   -999.0000       0.1306566E-05   -999.0000    
  60.00       150.0      -2.400       0.6213406E-07   -999.0000       0.5419627E-07   -999.0000    
  60.00       160.0      -2.400       0.1310873E-09   -999.0000       0.9322979E-10   -999.0000    
  60.00       170.0      -2.400        0.000000       -999.0000        0.000000       -999.0000    
  60.00       180.0      -2.400        0.000000       -999.0000        0.000000       -999.0000    
  60.00       190.0      -2.400        0.000000       -999.0000        0.000000       -999.0000    
  60.00       200.0      -2.400        0.000000       -999.0000        0.000000       -999.0000    
  60.00       210.0      -2.400        0.000000       -999.0000        0.000000       -999.0000    
  60.00       220.0      -2.400        0.000000       -999.0000        0.000000       -999.0000    
  60.00       230.0      -2.400        0.000000       -999.0000        0.000000       -999.0000    
  60.00       240.0      -2.400        0.000000       -999.0000        0.000000       -999.0000    
  60.00       250.0      -2.400        0.000000       -999.0000        0.000000       -999.0000    
  60.00       260.0      -2.400        0.000000       -999.0000        0.000000       -999.0000    
  60.00       270.0      -2.400        0.000000       -999.0000        0.000000       -999.0000    
  60.00       280.0      -2.400        0.000000       -999.0000        0.000000       -999.0000    
  60.00       290.0      -2.400        0.000000       -999.0000        0.000000       -999.0000    
  60.00       300.0      -2.400        0.000000       -999.0000        0.000000       -999.0000    
  60.00       310.0      -2.400        0.000000       -999.0000        0.000000       -999.0000    
  60.00       320.0      -2.400        0.000000       -999.0000        0.000000       -999.0000    
  60.00       330.0      -2.400        0.000000       -999.0000        0.000000       -999.0000    
  60.00       340.0      -2.400        0.000000       -999.0000        0.000000       -999.0000    
  60.00       350.0      -2.400        0.000000       -999.0000        0.000000       -999.0000    
  60.00       360.0      -2.400        0.000000       -999.0000        0.000000       -999.0000    
  60.00       370.0      -2.400        0.000000       -999.0000        0.000000       -999.0000    
  60.00       380.0      -2.400        0.000000       -999.0000        0.000000       -999.0000    
  60.00       400.0      -2.400        0.000000       -999.0000        0.000000       -999.0000    
  60.00       450.0      -2.400        0.000000       -999.0000        0.000000       -999.0000    
  60.00       500.0      -2.400        0.000000       -999.0000        0.000000       -999.0000    
  60.00      0.9106E-01  -1.200        60844.98       -999.0000       -88200.80       -999.0000    
  60.00      0.1006      -1.200        54145.31       -999.0000       -72547.35       -999.0000    
  60.00      0.1112      -1.200        48138.43       -999.0000       -59291.62       -999.0000    
  60.00      0.1229      -1.200        42791.75       -999.0000       -48175.94       -999.0000    
  60.00      0.1358      -1.200        38037.03       -999.0000       -38885.76       -999.0000    
  60.00      0.1501      -1.200        33787.05       -999.0000       -31104.49       -999.0000    
  60.00      0.1659      -1.200        30002.81       -999.0000       -24630.87       -999.0000    
  60.00      0.1834      -1.200        26626.41       -999.0000       -19256.72       -999.0000    
  60.00      0.2027      -1.200        23627.61       -999.0000       -14834.08       -999.0000    
  60.00      0.2240      -1.200        20962.11       -999.0000       -11209.48       -999.0000    
  60.00      0.2475      -1.200        18593.83       -999.0000       -8254.423       -999.0000    
  60.00      0.2736      -1.200        16476.09       -999.0000       -5846.412       -999.0000    
  60.00      0.3023      -1.200        14602.02       -999.0000       -3918.244       -999.0000    
  60.00      0.3341      -1.200        12931.10       -999.0000       -2375.041       -999.0000    
  60.00      0.3693      -1.200        11443.94       -999.0000       -1155.631       -999.0000    
  60.00      0.4081      -1.200        10126.14       -999.0000       -208.6094       -999.0000    
  60.00      0.4510      -1.200        8954.935       -999.0000        517.0155       -999.0000    
  60.00      0.4985      -1.200        7913.118       -999.0000        1061.040       -999.0000    
  60.00      0.5509      -1.200        6990.082       -999.0000        1455.300       -999.0000    
  60.00      0.6088      -1.200        6171.090       -999.0000        1728.355       -999.0000    
  60.00      0.6729      -1.200        5443.404       -999.0000        1904.552       -999.0000    
  60.00      0.7436      -1.200        4799.637       -999.0000        2004.597       -999.0000    
  60.00      0.8218      -1.200        4228.671       -999.0000        2043.628       -999.0000    
  60.00      0.9083      -1.200        3722.544       -999.0000        2034.883       -999.0000    
  60.00       1.004      -1.200        3274.095       -999.0000        1991.480       -999.0000    
  60.00       1.109      -1.200        2879.955       -999.0000        1921.761       -999.0000    
  60.00       1.226      -1.200        2528.362       -999.0000        1832.262       -999.0000    
  60.00       1.355      -1.200        2218.361       -999.0000        1729.850       -999.0000    
  60.00       1.497      -1.200        1945.420       -999.0000        1619.670       -999.0000    
  60.00       1.655      -1.200        1702.750       -999.0000        1504.515       -999.0000    
  60.00       1.829      -1.200        1489.462       -999.0000        1388.660       -999.0000    
  60.00       2.021      -1.200        1301.632       -999.0000        1274.220       -999.0000    
  60.00       2.234      -1.200        1135.476       -999.0000        1162.335       -999.0000    
  60.00       2.469      -1.200        989.4563       -999.0000        1054.912       -999.0000    
  60.00       2.729      -1.200        860.8567       -999.0000        952.6056       -999.0000    
  60.00       3.016      -1.200        747.9481       -999.0000        856.2956       -999.0000    
  60.00       3.333      -1.200        648.8430       -999.0000        766.3146       -999.0000    
  60.00       3.683      -1.200        561.9431       -999.0000        682.8292       -999.0000    
  60.00       4.071      -1.200        485.5542       -999.0000        605.5933       -999.0000    
  60.00       4.499      -1.200        418.8169       -999.0000        534.9213       -999.0000    
  60.00       4.972      -1.200        360.4592       -999.0000        470.3924       -999.0000    
  60.00       5.495      -1.200        309.4605       -999.0000        411.8365       -999.0000    
  60.00       6.073      -1.200        264.9974       -999.0000        358.9562       -999.0000    
  60.00       6.711      -1.200        226.3480       -999.0000        311.4969       -999.0000    
  60.00       7.417      -1.200        192.7330       -999.0000        269.0061       -999.0000    
  60.00       8.197      -1.200        163.6055       -999.0000        231.2130       -999.0000    
  60.00       9.059      -1.200        138.4076       -999.0000        197.7400       -999.0000    
  60.00       10.01      -1.200        116.6867       -999.0000        168.2566       -999.0000    
  60.00       11.06      -1.200        97.99322       -999.0000        142.4071       -999.0000    
  60.00       12.23      -1.200        81.81868       -999.0000        119.6715       -999.0000    
  60.00       13.51      -1.200        68.12264       -999.0000        100.1474       -999.0000    
  60.00       14.94      -1.200        56.31975       -999.0000        83.10398       -999.0000    
  60.00       16.51      -1.200        46.36124       -999.0000        68.57825       -999.0000    
  60.00       18.24      -1.200        37.94684       -999.0000        56.20469       -999.0000    
  60.00       20.16      -1.200        30.81749       -999.0000        45.65714       -999.0000    
  60.00       22.28      -1.200        24.84294       -999.0000        36.77898       -999.0000    
  60.00       24.63      -1.200        19.84396       -999.0000        29.33075       -999.0000    
  60.00       27.22      -1.200        15.70812       -999.0000        23.16582       -999.0000    
  60.00       30.08      -1.200        12.30058       -999.0000        18.08617       -999.0000    
  60.00       33.24      -1.200        9.515750       -999.0000        13.94165       -999.0000    
  60.00       36.74      -1.200        7.258833       -999.0000        10.59105       -999.0000    
  60.00       40.60      -1.200        5.456685       -999.0000        7.923742       -999.0000    
  60.00       44.87      -1.200        4.032305       -999.0000        5.823853       -999.0000    
  60.00       49.59      -1.200        2.926674       -999.0000        4.200821       -999.0000    
  60.00       54.81      -1.200        2.082980       -999.0000        2.968278       -999.0000    
  60.00       60.57      -1.200        1.452515       -999.0000        2.052352       -999.0000    
  60.00       66.94      -1.200       0.9907546       -999.0000        1.385824       -999.0000    
  60.00       73.98      -1.200       0.6605980       -999.0000       0.9129384       -999.0000    
  60.00       81.76      -1.200       0.4299238       -999.0000       0.5856428       -999.0000    
  60.00       89.36      -1.200       0.2873811       -999.0000       0.3855645       -999.0000    
  60.00       90.36      -1.200       0.2728560       -999.0000       0.3653159       -999.0000    
  60.00       91.20      -1.200       0.2612752       -999.0000       0.3491948       -999.0000    
  60.00       92.00      -1.200       0.2507440       -999.0000       0.3345534       -999.0000    
  60.00       99.86      -1.200       0.1686952       -999.0000       0.2212528       -999.0000    
  60.00       110.4      -1.200       0.1012160       -999.0000       0.1295317       -999.0000    
  60.00       120.0      -1.200       0.6471336E-01   -999.0000       0.8087187E-01   -999.0000    
  60.00       130.0      -1.200       0.4123608E-01   -999.0000       0.5020672E-01   -999.0000    
  60.00       140.0      -1.200       0.2662763E-01   -999.0000       0.3154863E-01   -999.0000    
  60.00       150.0      -1.200       0.1739336E-01   -999.0000       0.2003050E-01   -999.0000    
  60.00       160.0      -1.200       0.1146701E-01   -999.0000       0.1282183E-01   -999.0000    
  60.00       170.0      -1.200       0.7616631E-02   -999.0000       0.8260809E-02   -999.0000    
  60.00       180.0      -1.200       0.5090441E-02   -999.0000       0.5350049E-02   -999.0000    
  60.00       190.0      -1.200       0.3418728E-02   -999.0000       0.3478595E-02   -999.0000    
  60.00       200.0      -1.200       0.2303731E-02   -999.0000       0.2267172E-02   -999.0000    
  60.00       210.0      -1.200       0.1555616E-02   -999.0000       0.1479456E-02   -999.0000    
  60.00       220.0      -1.200       0.1051375E-02   -999.0000       0.9652270E-03   -999.0000    
  60.00       230.0      -1.200       0.7103754E-03   -999.0000       0.6289292E-03   -999.0000    
  60.00       240.0      -1.200       0.4794606E-03   -999.0000       0.4089289E-03   -999.0000    
  60.00       250.0      -1.200       0.3228625E-03   -999.0000       0.2649465E-03   -999.0000    
  60.00       260.0      -1.200       0.2166746E-03   -999.0000       0.1708700E-03   -999.0000    
  60.00       270.0      -1.200       0.1447707E-03   -999.0000       0.1095591E-03   -999.0000    
  60.00       280.0      -1.200       0.9619449E-04   -999.0000       0.6975686E-04   -999.0000    
  60.00       290.0      -1.200       0.6349283E-04   -999.0000       0.4404086E-04   -999.0000    
  60.00       300.0      -1.200       0.4158143E-04   -999.0000       0.2753610E-04   -999.0000    
  60.00       310.0      -1.200       0.2698380E-04   -999.0000       0.1702285E-04   -999.0000    
  60.00       320.0      -1.200       0.1732832E-04   -999.0000       0.1038684E-04   -999.0000    
  60.00       330.0      -1.200       0.1099454E-04   -999.0000       0.6244584E-05   -999.0000    
  60.00       340.0      -1.200       0.6880951E-05   -999.0000       0.3690999E-05   -999.0000    
  60.00       350.0      -1.200       0.4239471E-05   -999.0000       0.2139346E-05   -999.0000    
  60.00       360.0      -1.200       0.2565848E-05   -999.0000       0.1212592E-05   -999.0000    
  60.00       370.0      -1.200       0.1521602E-05   -999.0000       0.6697315E-06   -999.0000    
  60.00       380.0      -1.200       0.8814141E-06   -999.0000       0.3589587E-06   -999.0000    
  60.00       400.0      -1.200       0.2714961E-06   -999.0000       0.9220445E-07   -999.0000    
  60.00       450.0      -1.200       0.6420782E-08   -999.0000       0.9790727E-09   -999.0000    
  60.00       500.0      -1.200       0.7396385E-11   -999.0000      -0.6415141E-12   -999.0000    
  60.00      0.9106E-01   0.000        79358.37       -999.0000       -123123.1       -999.0000    
  60.00      0.1006       0.000        70635.71       -999.0000       -101713.5       -999.0000    
  60.00      0.1112       0.000        62815.09       -999.0000       -83541.58       -999.0000    
  60.00      0.1229       0.000        55851.63       -999.0000       -68269.49       -999.0000    
  60.00      0.1358       0.000        49658.32       -999.0000       -55473.43       -999.0000    
  60.00      0.1501       0.000        44121.65       -999.0000       -44726.10       -999.0000    
  60.00      0.1659       0.000        39191.28       -999.0000       -35760.72       -999.0000    
  60.00      0.1834       0.000        34791.51       -999.0000       -28292.39       -999.0000    
  60.00      0.2027       0.000        30882.83       -999.0000       -22121.64       -999.0000    
  60.00      0.2240       0.000        27407.40       -999.0000       -17038.73       -999.0000    
  60.00      0.2475       0.000        24318.29       -999.0000       -12870.69       -999.0000    
  60.00      0.2736       0.000        21555.96       -999.0000       -9451.341       -999.0000    
  60.00      0.3023       0.000        19111.00       -999.0000       -6693.800       -999.0000    
  60.00      0.3341       0.000        16930.47       -999.0000       -4468.301       -999.0000    
  60.00      0.3693       0.000        14988.94       -999.0000       -2692.001       -999.0000    
  60.00      0.4081       0.000        13268.00       -999.0000       -1294.956       -999.0000    
  60.00      0.4510       0.000        11738.11       -999.0000       -207.5308       -999.0000    
  60.00      0.4985       0.000        10376.96       -999.0000        624.9519       -999.0000    
  60.00      0.5509       0.000        9170.778       -999.0000        1246.291       -999.0000    
  60.00      0.6088       0.000        8100.299       -999.0000        1696.150       -999.0000    
  60.00      0.6729       0.000        7148.910       -999.0000        2007.782       -999.0000    
  60.00      0.7436       0.000        6306.807       -999.0000        2207.564       -999.0000    
  60.00      0.8218       0.000        5559.513       -999.0000        2319.297       -999.0000    
  60.00      0.9083       0.000        4896.861       -999.0000        2361.413       -999.0000    
  60.00       1.004       0.000        4309.513       -999.0000        2350.260       -999.0000    
  60.00       1.109       0.000        3793.112       -999.0000        2297.124       -999.0000    
  60.00       1.226       0.000        3332.247       -999.0000        2214.240       -999.0000    
  60.00       1.355       0.000        2925.790       -999.0000        2109.812       -999.0000    
  60.00       1.497       0.000        2567.836       -999.0000        1991.027       -999.0000    
  60.00       1.655       0.000        2249.496       -999.0000        1862.341       -999.0000    
  60.00       1.829       0.000        1969.545       -999.0000        1729.472       -999.0000    
  60.00       2.021       0.000        1722.851       -999.0000        1595.573       -999.0000    
  60.00       2.234       0.000        1504.521       -999.0000        1462.723       -999.0000    
  60.00       2.469       0.000        1312.527       -999.0000        1333.646       -999.0000    
  60.00       2.729       0.000        1143.317       -999.0000        1209.484       -999.0000    
  60.00       3.016       0.000        994.6111       -999.0000        1091.572       -999.0000    
  60.00       3.333       0.000        863.9576       -999.0000        980.5609       -999.0000    
  60.00       3.683       0.000        749.3114       -999.0000        877.1509       -999.0000    
  60.00       4.071       0.000        648.4618       -999.0000        780.6992       -999.0000    
  60.00       4.499       0.000        560.2973       -999.0000        691.9781       -999.0000    
  60.00       4.972       0.000        483.1462       -999.0000        610.6799       -999.0000    
  60.00       5.495       0.000        415.6882       -999.0000        536.5593       -999.0000    
  60.00       6.073       0.000        356.8179       -999.0000        469.3802       -999.0000    
  60.00       6.711       0.000        305.5680       -999.0000        408.8369       -999.0000    
  60.00       7.417       0.000        260.8981       -999.0000        354.4184       -999.0000    
  60.00       8.197       0.000        222.1169       -999.0000        305.8337       -999.0000    
  60.00       9.059       0.000        188.5173       -999.0000        262.5971       -999.0000    
  60.00       10.01       0.000        159.5111       -999.0000        224.4091       -999.0000    
  60.00       11.06       0.000        134.5130       -999.0000        190.8203       -999.0000    
  60.00       12.23       0.000        112.8389       -999.0000        161.1635       -999.0000    
  60.00       13.51       0.000        94.43509       -999.0000        135.5857       -999.0000    
  60.00       14.94       0.000        78.51335       -999.0000        113.1615       -999.0000    
  60.00       16.51       0.000        65.03495       -999.0000        93.96952       -999.0000    
  60.00       18.24       0.000        53.60379       -999.0000        77.54921       -999.0000    
  60.00       20.16       0.000        43.88608       -999.0000        63.49329       -999.0000    
  60.00       22.28       0.000        35.70322       -999.0000        51.60116       -999.0000    
  60.00       24.63       0.000        28.81310       -999.0000        41.55992       -999.0000    
  60.00       27.22       0.000        23.07398       -999.0000        33.18955       -999.0000    
  60.00       30.08       0.000        18.30776       -999.0000        26.24096       -999.0000    
  60.00       33.24       0.000        14.38016       -999.0000        20.52569       -999.0000    
  60.00       36.74       0.000        11.16178       -999.0000        15.85579       -999.0000    
  60.00       40.60       0.000        8.558852       -999.0000        12.09311       -999.0000    
  60.00       44.87       0.000        6.470971       -999.0000        9.089005       -999.0000    
  60.00       49.59       0.000        4.822680       -999.0000        6.728734       -999.0000    
  60.00       54.81       0.000        3.539174       -999.0000        4.900598       -999.0000    
  60.00       60.57       0.000        2.556332       -999.0000        3.509385       -999.0000    
  60.00       66.94       0.000        1.815833       -999.0000        2.468345       -999.0000    
  60.00       73.98       0.000        1.268670       -999.0000        1.704942       -999.0000    
  60.00       81.76       0.000       0.8714349       -999.0000        1.155715       -999.0000    
  60.00       89.36       0.000       0.6152758       -999.0000       0.8050579       -999.0000    
  60.00       90.36       0.000       0.5884920       -999.0000       0.7686223       -999.0000    
  60.00       91.20       0.000       0.5670200       -999.0000       0.7394532       -999.0000    
  60.00       92.00       0.000       0.5473965       -999.0000       0.7128144       -999.0000    
  60.00       99.86       0.000       0.3907851       -999.0000       0.5014608       -999.0000    
  60.00       110.4       0.000       0.2546596       -999.0000       0.3201717       -999.0000    
  60.00       120.0       0.000       0.1760278       -999.0000       0.2170905       -999.0000    
  60.00       130.0       0.000       0.1220341       -999.0000       0.1474298       -999.0000    
  60.00       140.0       0.000       0.8599449E-01   -999.0000       0.1017171       -999.0000    
  60.00       150.0       0.000       0.6147299E-01   -999.0000       0.7116153E-01   -999.0000    
  60.00       160.0       0.000       0.4449965E-01   -999.0000       0.5039304E-01   -999.0000    
  60.00       170.0       0.000       0.3256883E-01   -999.0000       0.3606625E-01   -999.0000    
  60.00       180.0       0.000       0.2406845E-01   -999.0000       0.2605465E-01   -999.0000    
  60.00       190.0       0.000       0.1793890E-01   -999.0000       0.1897711E-01   -999.0000    
  60.00       200.0       0.000       0.1347060E-01   -999.0000       0.1392133E-01   -999.0000    
  60.00       210.0       0.000       0.1018177E-01   -999.0000       0.1027641E-01   -999.0000    
  60.00       220.0       0.000       0.7740479E-02   -999.0000       0.7627219E-02   -999.0000    
  60.00       230.0       0.000       0.5914302E-02   -999.0000       0.5687804E-02   -999.0000    
  60.00       240.0       0.000       0.4538987E-02   -999.0000       0.4258976E-02   -999.0000    
  60.00       250.0       0.000       0.3497027E-02   -999.0000       0.3200390E-02   -999.0000    
  60.00       260.0       0.000       0.2703211E-02   -999.0000       0.2412051E-02   -999.0000    
  60.00       270.0       0.000       0.2095620E-02   -999.0000       0.1822498E-02   -999.0000    
  60.00       280.0       0.000       0.1628562E-02   -999.0000       0.1379870E-02   -999.0000    
  60.00       290.0       0.000       0.1268222E-02   -999.0000       0.1046501E-02   -999.0000    
  60.00       300.0       0.000       0.9893361E-03   -999.0000       0.7947317E-03   -999.0000    
  60.00       310.0       0.000       0.7728096E-03   -999.0000       0.6040631E-03   -999.0000    
  60.00       320.0       0.000       0.6043370E-03   -999.0000       0.4594435E-03   -999.0000    
  60.00       330.0       0.000       0.4729765E-03   -999.0000       0.3495487E-03   -999.0000    
  60.00       340.0       0.000       0.3703543E-03   -999.0000       0.2659366E-03   -999.0000    
  60.00       350.0       0.000       0.2900830E-03   -999.0000       0.2022684E-03   -999.0000    
  60.00       360.0       0.000       0.2272258E-03   -999.0000       0.1537632E-03   -999.0000    
  60.00       370.0       0.000       0.1779539E-03   -999.0000       0.1167910E-03   -999.0000    
  60.00       380.0       0.000       0.1393192E-03   -999.0000       0.8861818E-04   -999.0000    
  60.00       400.0       0.000       0.8521504E-04   -999.0000       0.5080197E-04   -999.0000    
  60.00       450.0       0.000       0.2443073E-04   -999.0000       0.1219043E-04   -999.0000    
  60.00       500.0       0.000       0.6676610E-05   -999.0000       0.2700597E-05   -999.0000    
  60.00      0.9106E-01   1.200        85752.54       -999.0000       -130666.2       -999.0000    
  60.00      0.1006       1.200        76321.90       -999.0000       -107828.0       -999.0000    
  60.00      0.1112       1.200        67865.53       -999.0000       -88458.24       -999.0000    
  60.00      0.1229       1.200        60337.67       -999.0000       -72185.92       -999.0000    
  60.00      0.1358       1.200        53642.43       -999.0000       -58559.26       -999.0000    
  60.00      0.1501       1.200        47657.17       -999.0000       -47120.37       -999.0000    
  60.00      0.1659       1.200        42327.12       -999.0000       -37587.11       -999.0000    
  60.00      0.1834       1.200        37570.88       -999.0000       -29653.88       -999.0000    
  60.00      0.2027       1.200        33345.98       -999.0000       -23103.08       -999.0000    
  60.00      0.2240       1.200        29590.14       -999.0000       -17714.73       -999.0000    
  60.00      0.2475       1.200        26252.09       -999.0000       -13303.40       -999.0000    
  60.00      0.2736       1.200        23267.77       -999.0000       -9690.311       -999.0000    
  60.00      0.3023       1.200        20625.91       -999.0000       -6782.110       -999.0000    
  60.00      0.3341       1.200        18270.06       -999.0000       -4440.041       -999.0000    
  60.00      0.3693       1.200        16172.96       -999.0000       -2556.635       -999.0000    
  60.00      0.4081       1.200        14314.37       -999.0000       -1096.991       -999.0000    
  60.00      0.4510       1.200        12662.23       -999.0000        34.94494       -999.0000    
  60.00      0.4985       1.200        11192.34       -999.0000        897.3372       -999.0000    
  60.00      0.5509       1.200        9889.797       -999.0000        1536.084       -999.0000    
  60.00      0.6088       1.200        8733.856       -999.0000        1994.291       -999.0000    
  60.00      0.6729       1.200        7706.571       -999.0000        2306.970       -999.0000    
  60.00      0.7436       1.200        6797.565       -999.0000        2502.263       -999.0000    
  60.00      0.8218       1.200        5991.179       -999.0000        2605.197       -999.0000    
  60.00      0.9083       1.200        5276.410       -999.0000        2635.760       -999.0000    
  60.00       1.004       1.200        4642.623       -999.0000        2609.903       -999.0000    
  60.00       1.109       1.200        4085.509       -999.0000        2542.228       -999.0000    
  60.00       1.226       1.200        3588.463       -999.0000        2442.825       -999.0000    
  60.00       1.355       1.200        3150.093       -999.0000        2321.438       -999.0000    
  60.00       1.497       1.200        2764.018       -999.0000        2186.491       -999.0000    
  60.00       1.655       1.200        2420.666       -999.0000        2041.095       -999.0000    
  60.00       1.829       1.200        2118.789       -999.0000        1892.174       -999.0000    
  60.00       2.021       1.200        1852.859       -999.0000        1743.284       -999.0000    
  60.00       2.234       1.200        1617.530       -999.0000        1596.009       -999.0000    
  60.00       2.469       1.200        1410.644       -999.0000        1453.381       -999.0000    
  60.00       2.729       1.200        1228.365       -999.0000        1316.633       -999.0000    
  60.00       3.016       1.200        1068.260       -999.0000        1187.096       -999.0000    
  60.00       3.333       1.200        927.6645       -999.0000        1065.434       -999.0000    
  60.00       3.683       1.200        804.3244       -999.0000        952.0577       -999.0000    
  60.00       4.071       1.200        695.8455       -999.0000        846.7274       -999.0000    
  60.00       4.499       1.200        601.0189       -999.0000        749.9605       -999.0000    
  60.00       4.972       1.200        518.0461       -999.0000        661.3969       -999.0000    
  60.00       5.495       1.200        445.4850       -999.0000        580.7210       -999.0000    
  60.00       6.073       1.200        382.1750       -999.0000        507.6589       -999.0000    
  60.00       6.711       1.200        327.0964       -999.0000        441.9072       -999.0000    
  60.00       7.417       1.200        279.1446       -999.0000        382.8714       -999.0000    
  60.00       8.197       1.200        237.5491       -999.0000        330.2117       -999.0000    
  60.00       9.059       1.200        201.5208       -999.0000        283.4368       -999.0000    
  60.00       10.01       1.200        170.4198       -999.0000        242.1391       -999.0000    
  60.00       11.06       1.200        143.6111       -999.0000        205.8188       -999.0000    
  60.00       12.23       1.200        120.3713       -999.0000        173.7685       -999.0000    
  60.00       13.51       1.200        100.6510       -999.0000        146.1445       -999.0000    
  60.00       14.94       1.200        83.61534       -999.0000        121.9566       -999.0000    
  60.00       16.51       1.200        69.20087       -999.0000        101.2592       -999.0000    
  60.00       18.24       1.200        56.98151       -999.0000        83.55525       -999.0000    
  60.00       20.16       1.200        46.58860       -999.0000        68.39167       -999.0000    
  60.00       22.28       1.200        37.84037       -999.0000        55.55855       -999.0000    
  60.00       24.63       1.200        30.48245       -999.0000        44.72672       -999.0000    
  60.00       27.22       1.200        24.35747       -999.0000        35.69244       -999.0000    
  60.00       30.08       1.200        19.27438       -999.0000        28.19168       -999.0000    
  60.00       33.24       1.200        15.08514       -999.0000        22.01402       -999.0000    
  60.00       36.74       1.200        11.65652       -999.0000        16.96383       -999.0000    
  60.00       40.60       1.200        8.887627       -999.0000        12.89325       -999.0000    
  60.00       44.87       1.200        6.670399       -999.0000        9.642148       -999.0000    
  60.00       49.59       1.200        4.923796       -999.0000        7.087626       -999.0000    
  60.00       54.81       1.200        3.568676       -999.0000        5.111459       -999.0000    
  60.00       60.57       1.200        2.537173       -999.0000        3.612695       -999.0000    
  60.00       66.94       1.200        1.766376       -999.0000        2.497275       -999.0000    
  60.00       73.98       1.200        1.203190       -999.0000        1.686290       -999.0000    
  60.00       81.76       1.200       0.8004820       -999.0000        1.110073       -999.0000    
  60.00       89.36       1.200       0.5458568       -999.0000       0.7484579       -999.0000    
  60.00       90.36       1.200       0.5195700       -999.0000       0.7113051       -999.0000    
  60.00       91.20       1.200       0.4985581       -999.0000       0.6816385       -999.0000    
  60.00       92.00       1.200       0.4794077       -999.0000       0.6546258       -999.0000    
  60.00       99.86       1.200       0.3285559       -999.0000       0.4428854       -999.0000    
  60.00       110.4       1.200       0.2015985       -999.0000       0.2667173       -999.0000    
  60.00       120.0       1.200       0.1312718       -999.0000       0.1705260       -999.0000    
  60.00       130.0       1.200       0.8508578E-01   -999.0000       0.1083217       -999.0000    
  60.00       140.0       1.200       0.5578608E-01   -999.0000       0.6953222E-01   -999.0000    
  60.00       150.0       1.200       0.3694375E-01   -999.0000       0.4503453E-01   -999.0000    
  60.00       160.0       1.200       0.2465921E-01   -999.0000       0.2937100E-01   -999.0000    
  60.00       170.0       1.200       0.1656310E-01   -999.0000       0.1925768E-01   -999.0000    
  60.00       180.0       1.200       0.1118326E-01   -999.0000       0.1268088E-01   -999.0000    
  60.00       190.0       1.200       0.7582245E-02   -999.0000       0.8377117E-02   -999.0000    
  60.00       200.0       1.200       0.5154984E-02   -999.0000       0.5543986E-02   -999.0000    
  60.00       210.0       1.200       0.3510061E-02   -999.0000       0.3671122E-02   -999.0000    
  60.00       220.0       1.200       0.2390830E-02   -999.0000       0.2429300E-02   -999.0000    
  60.00       230.0       1.200       0.1627676E-02   -999.0000       0.1605104E-02   -999.0000    
  60.00       240.0       1.200       0.1106588E-02   -999.0000       0.1057749E-02   -999.0000    
  60.00       250.0       1.200       0.7504434E-03   -999.0000       0.6946054E-03   -999.0000    
  60.00       260.0       1.200       0.5071037E-03   -999.0000       0.4539247E-03   -999.0000    
  60.00       270.0       1.200       0.3410701E-03   -999.0000       0.2948418E-03   -999.0000    
  60.00       280.0       1.200       0.2280707E-03   -999.0000       0.1901150E-03   -999.0000    
  60.00       290.0       1.200       0.1514517E-03   -999.0000       0.1215360E-03   -999.0000    
  60.00       300.0       1.200       0.9975356E-04   -999.0000       0.7692539E-04   -999.0000    
  60.00       310.0       1.200       0.6507257E-04   -999.0000       0.4812547E-04   -999.0000    
  60.00       320.0       1.200       0.4198077E-04   -999.0000       0.2970910E-04   -999.0000    
  60.00       330.0       1.200       0.2673813E-04   -999.0000       0.1805921E-04   -999.0000    
  60.00       340.0       1.200       0.1678195E-04   -999.0000       0.1078928E-04   -999.0000    
  60.00       350.0       1.200       0.1035686E-04   -999.0000       0.6316001E-05   -999.0000    
  60.00       360.0       1.200       0.6269578E-05   -999.0000       0.3613703E-05   -999.0000    
  60.00       370.0       1.200       0.3712019E-05   -999.0000       0.2013268E-05   -999.0000    
  60.00       380.0       1.200       0.2142296E-05   -999.0000       0.1087871E-05   -999.0000    
  60.00       400.0       1.200       0.6497239E-06   -999.0000       0.2835056E-06   -999.0000    
  60.00       450.0       1.200       0.1371270E-07   -999.0000       0.3265164E-08   -999.0000    
  60.00       500.0       1.200       0.1137267E-10   -999.0000      -0.2235798E-12   -999.0000    
  60.00      0.9106E-01   2.400        49991.90       -999.0000       -58831.72       -999.0000    
  60.00      0.1006       2.400        44459.49       -999.0000       -47631.41       -999.0000    
  60.00      0.1112       2.400        39501.17       -999.0000       -38213.22       -999.0000    
  60.00      0.1229       2.400        35089.88       -999.0000       -30377.29       -999.0000    
  60.00      0.1358       2.400        31168.99       -999.0000       -23886.05       -999.0000    
  60.00      0.1501       2.400        27666.09       -999.0000       -18504.12       -999.0000    
  60.00      0.1659       2.400        24548.84       -999.0000       -14079.27       -999.0000    
  60.00      0.1834       2.400        21769.26       -999.0000       -10446.30       -999.0000    
  60.00      0.2027       2.400        19301.90       -999.0000       -7501.302       -999.0000    
  60.00      0.2240       2.400        17109.71       -999.0000       -5131.195       -999.0000    
  60.00      0.2475       2.400        15162.77       -999.0000       -3234.208       -999.0000    
  60.00      0.2736       2.400        13423.40       -999.0000       -1722.699       -999.0000    
  60.00      0.3023       2.400        11885.31       -999.0000       -545.2473       -999.0000    
  60.00      0.3341       2.400        10514.81       -999.0000        364.3659       -999.0000    
  60.00      0.3693       2.400        9295.632       -999.0000        1051.852       -999.0000    
  60.00      0.4081       2.400        8215.812       -999.0000        1555.747       -999.0000    
  60.00      0.4510       2.400        7256.798       -999.0000        1912.260       -999.0000    
  60.00      0.4985       2.400        6404.584       -999.0000        2150.075       -999.0000    
  60.00      0.5509       2.400        5650.504       -999.0000        2293.071       -999.0000    
  60.00      0.6088       2.400        4981.790       -999.0000        2359.438       -999.0000    
  60.00      0.6729       2.400        4388.214       -999.0000        2367.385       -999.0000    
  60.00      0.7436       2.400        3863.488       -999.0000        2330.365       -999.0000    
  60.00      0.8218       2.400        3398.486       -999.0000        2259.511       -999.0000    
  60.00      0.9083       2.400        2986.648       -999.0000        2163.732       -999.0000    
  60.00       1.004       2.400        2622.118       -999.0000        2050.623       -999.0000    
  60.00       1.109       2.400        2302.040       -999.0000        1927.201       -999.0000    
  60.00       1.226       2.400        2016.839       -999.0000        1796.536       -999.0000    
  60.00       1.355       2.400        1765.704       -999.0000        1663.452       -999.0000    
  60.00       1.497       2.400        1544.869       -999.0000        1531.244       -999.0000    
  60.00       1.655       2.400        1348.819       -999.0000        1400.828       -999.0000    
  60.00       1.829       2.400        1176.745       -999.0000        1275.278       -999.0000    
  60.00       2.021       2.400        1025.412       -999.0000        1155.455       -999.0000    
  60.00       2.234       2.400        891.7394       -999.0000        1041.603       -999.0000    
  60.00       2.469       2.400        774.4659       -999.0000        934.9343       -999.0000    
  60.00       2.729       2.400        671.3639       -999.0000        835.4492       -999.0000    
  60.00       3.016       2.400        581.0226       -999.0000        743.4736       -999.0000    
  60.00       3.333       2.400        501.8596       -999.0000        658.8454       -999.0000    
  60.00       3.683       2.400        432.5668       -999.0000        581.3986       -999.0000    
  60.00       4.071       2.400        371.7913       -999.0000        510.6615       -999.0000    
  60.00       4.499       2.400        318.8425       -999.0000        446.6983       -999.0000    
  60.00       4.972       2.400        272.6912       -999.0000        389.0332       -999.0000    
  60.00       5.495       2.400        232.5007       -999.0000        337.2132       -999.0000    
  60.00       6.073       2.400        197.5690       -999.0000        290.8847       -999.0000    
  60.00       6.711       2.400        167.3048       -999.0000        249.6996       -999.0000    
  60.00       7.417       2.400        141.0941       -999.0000        213.1765       -999.0000    
  60.00       8.197       2.400        118.4877       -999.0000        180.9937       -999.0000    
  60.00       9.059       2.400        99.03932       -999.0000        152.7584       -999.0000    
  60.00       10.01       2.400        82.37847       -999.0000        128.1405       -999.0000    
  60.00       11.06       2.400        68.14506       -999.0000        106.7822       -999.0000    
  60.00       12.23       2.400        55.93643       -999.0000        88.20273       -999.0000    
  60.00       13.51       2.400        45.69168       -999.0000        72.41860       -999.0000    
  60.00       14.94       2.400        36.94801       -999.0000        58.80846       -999.0000    
  60.00       16.51       2.400        29.66420       -999.0000        47.36781       -999.0000    
  60.00       18.24       2.400        23.60655       -999.0000        37.77738       -999.0000    
  60.00       20.16       2.400        18.56376       -999.0000        29.74609       -999.0000    
  60.00       22.28       2.400        14.41633       -999.0000        23.11314       -999.0000    
  60.00       24.63       2.400        11.02530       -999.0000        17.67413       -999.0000    
  60.00       27.22       2.400        8.301343       -999.0000        13.29552       -999.0000    
  60.00       30.08       2.400        6.132878       -999.0000        9.807557       -999.0000    
  60.00       33.24       2.400        4.429860       -999.0000        7.069644       -999.0000    
  60.00       36.74       2.400        3.115182       -999.0000        4.958653       -999.0000    
  60.00       40.60       2.400        2.127821       -999.0000        3.375983       -999.0000    
  60.00       44.87       2.400        1.402296       -999.0000        2.215978       -999.0000    
  60.00       49.59       2.400       0.8870045       -999.0000        1.394744       -999.0000    
  60.00       54.81       2.400       0.5349731       -999.0000       0.8359978       -999.0000    
  60.00       60.57       2.400       0.3052510       -999.0000       0.4731752       -999.0000    
  60.00       66.94       2.400       0.1629177       -999.0000       0.2500188       -999.0000    
  60.00       73.98       2.400       0.8029375E-01   -999.0000       0.1216230       -999.0000    
  60.00       81.76       2.400       0.3583265E-01   -999.0000       0.5335962E-01   -999.0000    
  60.00       89.36       2.400       0.1575931E-01   -999.0000       0.2301120E-01   -999.0000    
  60.00       90.36       2.400       0.1409956E-01   -999.0000       0.2053043E-01   -999.0000    
  60.00       91.20       2.400       0.1283421E-01   -999.0000       0.1864344E-01   -999.0000    
  60.00       92.00       2.400       0.1172928E-01   -999.0000       0.1699879E-01   -999.0000    
  60.00       99.86       2.400       0.4693591E-02   -999.0000       0.6634384E-02   -999.0000    
  60.00       110.4       2.400       0.1225058E-02   -999.0000       0.1663163E-02   -999.0000    
  60.00       120.0       2.400       0.3049897E-03   -999.0000       0.3956092E-03   -999.0000    
  60.00       130.0       2.400       0.5487385E-04   -999.0000       0.6703343E-04   -999.0000    
  60.00       140.0       2.400       0.6170113E-05   -999.0000       0.6961051E-05   -999.0000    
  60.00       150.0       2.400       0.2586683E-06   -999.0000       0.2605255E-06   -999.0000    
  60.00       160.0       2.400       0.3899591E-09   -999.0000       0.3285694E-09   -999.0000    
  60.00       170.0       2.400        0.000000       -999.0000        0.000000       -999.0000    
  60.00       180.0       2.400        0.000000       -999.0000        0.000000       -999.0000    
  60.00       190.0       2.400        0.000000       -999.0000        0.000000       -999.0000    
  60.00       200.0       2.400        0.000000       -999.0000        0.000000       -999.0000    
  60.00       210.0       2.400        0.000000       -999.0000        0.000000       -999.0000    
  60.00       220.0       2.400        0.000000       -999.0000        0.000000       -999.0000    
  60.00       230.0       2.400        0.000000       -999.0000        0.000000       -999.0000    
  60.00       240.0       2.400        0.000000       -999.0000        0.000000       -999.0000    
  60.00       250.0       2.400        0.000000       -999.0000        0.000000       -999.0000    
  60.00       260.0       2.400        0.000000       -999.0000        0.000000       -999.0000    
  60.00       270.0       2.400        0.000000       -999.0000        0.000000       -999.0000    
  60.00       280.0       2.400        0.000000       -999.0000        0.000000       -999.0000    
  60.00       290.0       2.400        0.000000       -999.0000        0.000000       -999.0000    
  60.00       300.0       2.400        0.000000       -999.0000        0.000000       -999.0000    
  60.00       310.0       2.400        0.000000       -999.0000        0.000000       -999.0000    
  60.00       320.0       2.400        0.000000       -999.0000        0.000000       -999.0000    
  60.00       330.0       2.400        0.000000       -999.0000        0.000000       -999.0000    
  60.00       340.0       2.400        0.000000       -999.0000        0.000000       -999.0000    
  60.00       350.0       2.400        0.000000       -999.0000        0.000000       -999.0000    
  60.00       360.0       2.400        0.000000       -999.0000        0.000000       -999.0000    
  60.00       370.0       2.400        0.000000       -999.0000        0.000000       -999.0000    
  60.00       380.0       2.400        0.000000       -999.0000        0.000000       -999.0000    
  60.00       400.0       2.400        0.000000       -999.0000        0.000000       -999.0000    
  60.00       450.0       2.400        0.000000       -999.0000        0.000000       -999.0000    
  60.00       500.0       2.400        0.000000       -999.0000        0.000000       -999.0000    
  60.00      0.9106E-01   2.960        9743.717       -999.0000       -7046.498       -999.0000    
  60.00      0.1006       2.960        8655.804       -999.0000       -5406.028       -999.0000    
  60.00      0.1112       2.960        7681.587       -999.0000       -4052.812       -999.0000    
  60.00      0.1229       2.960        6815.495       -999.0000       -2949.897       -999.0000    
  60.00      0.1358       2.960        6046.244       -999.0000       -2057.711       -999.0000    
  60.00      0.1501       2.960        5359.714       -999.0000       -1339.072       -999.0000    
  60.00      0.1659       2.960        4749.525       -999.0000       -766.4173       -999.0000    
  60.00      0.1834       2.960        4205.786       -999.0000       -315.0695       -999.0000    
  60.00      0.2027       2.960        3723.609       -999.0000        34.35502       -999.0000    
  60.00      0.2240       2.960        3295.680       -999.0000        300.4325       -999.0000    
  60.00      0.2475       2.960        2915.996       -999.0000        498.4361       -999.0000    
  60.00      0.2736       2.960        2577.134       -999.0000        641.6157       -999.0000    
  60.00      0.3023       2.960        2277.815       -999.0000        739.2841       -999.0000    
  60.00      0.3341       2.960        2011.409       -999.0000        800.9090       -999.0000    
  60.00      0.3693       2.960        1774.713       -999.0000        833.8491       -999.0000    
  60.00      0.4081       2.960        1565.391       -999.0000        844.1526       -999.0000    
  60.00      0.4510       2.960        1379.744       -999.0000        837.0161       -999.0000    
  60.00      0.4985       2.960        1214.989       -999.0000        816.6564       -999.0000    
  60.00      0.5509       2.960        1069.294       -999.0000        786.2801       -999.0000    
  60.00      0.6088       2.960        940.3481       -999.0000        748.9411       -999.0000    
  60.00      0.6729       2.960        826.0799       -999.0000        706.8390       -999.0000    
  60.00      0.7436       2.960        725.2265       -999.0000        661.9003       -999.0000    
  60.00      0.8218       2.960        635.9795       -999.0000        615.4295       -999.0000    
  60.00      0.9083       2.960        557.0824       -999.0000        568.6101       -999.0000    
  60.00       1.004       2.960        487.3895       -999.0000        522.3365       -999.0000    
  60.00       1.109       2.960        426.3282       -999.0000        477.6420       -999.0000    
  60.00       1.226       2.960        372.0290       -999.0000        434.3413       -999.0000    
  60.00       1.355       2.960        324.2996       -999.0000        393.2020       -999.0000    
  60.00       1.497       2.960        282.4081       -999.0000        354.5051       -999.0000    
  60.00       1.655       2.960        245.3134       -999.0000        318.0420       -999.0000    
  60.00       1.829       2.960        212.8446       -999.0000        284.2693       -999.0000    
  60.00       2.021       2.960        184.3740       -999.0000        253.0792       -999.0000    
  60.00       2.234       2.960        159.2989       -999.0000        224.3018       -999.0000    
  60.00       2.469       2.960        137.3623       -999.0000        198.0123       -999.0000    
  60.00       2.729       2.960        118.1444       -999.0000        174.0506       -999.0000    
  60.00       3.016       2.960        101.3693       -999.0000        152.3662       -999.0000    
  60.00       3.333       2.960        86.73452       -999.0000        132.8067       -999.0000    
  60.00       3.683       2.960        73.98539       -999.0000        115.2379       -999.0000    
  60.00       4.071       2.960        62.85615       -999.0000        99.46293       -999.0000    
  60.00       4.499       2.960        53.21645       -999.0000        85.44056       -999.0000    
  60.00       4.972       2.960        44.86612       -999.0000        73.00184       -999.0000    
  60.00       5.495       2.960        37.64910       -999.0000        62.01248       -999.0000    
  60.00       6.073       2.960        31.43263       -999.0000        52.35443       -999.0000    
  60.00       6.711       2.960        26.10126       -999.0000        43.91887       -999.0000    
  60.00       7.417       2.960        21.53097       -999.0000        36.56289       -999.0000    
  60.00       8.197       2.960        17.63876       -999.0000        30.20118       -999.0000    
  60.00       9.059       2.960        14.33947       -999.0000        24.73307       -999.0000    
  60.00       10.01       2.960        11.56336       -999.0000        20.07152       -999.0000    
  60.00       11.06       2.960        9.237112       -999.0000        16.12092       -999.0000    
  60.00       12.23       2.960        7.284595       -999.0000        12.77132       -999.0000    
  60.00       13.51       2.960        5.689328       -999.0000        10.00948       -999.0000    
  60.00       14.94       2.960        4.369418       -999.0000        7.707326       -999.0000    
  60.00       16.51       2.960        3.307365       -999.0000        5.843642       -999.0000    
  60.00       18.24       2.960        2.458630       -999.0000        4.347568       -999.0000    
  60.00       20.16       2.960        1.785735       -999.0000        3.157359       -999.0000    
  60.00       22.28       2.960        1.263601       -999.0000        2.231918       -999.0000    
  60.00       24.63       2.960       0.8650003       -999.0000        1.525008       -999.0000    
  60.00       27.22       2.960       0.5704164       -999.0000        1.003599       -999.0000    
  60.00       30.08       2.960       0.3591161       -999.0000       0.6300098       -999.0000    
  60.00       33.24       2.960       0.2133007       -999.0000       0.3730061       -999.0000    
  60.00       36.74       2.960       0.1176376       -999.0000       0.2049135       -999.0000    
  60.00       40.60       2.960       0.5918408E-01   -999.0000       0.1026305       -999.0000    
  60.00       44.87       2.960       0.2634680E-01   -999.0000       0.4542618E-01   -999.0000    
  60.00       49.59       2.960       0.9936769E-02   -999.0000       0.1700690E-01   -999.0000    
  60.00       54.81       2.960       0.2950186E-02   -999.0000       0.4998046E-02   -999.0000    
  60.00       60.57       2.960       0.6040736E-03   -999.0000       0.1008078E-02   -999.0000    
  60.00       66.94       2.960       0.6270640E-04   -999.0000       0.1020805E-03   -999.0000    
  60.00       73.98       2.960       0.1224094E-05   -999.0000       0.1897679E-05   -999.0000    
  60.00       81.76       2.960        0.000000       -999.0000        0.000000       -999.0000    
  60.00       89.36       2.960        0.000000       -999.0000        0.000000       -999.0000    
  60.00       90.36       2.960        0.000000       -999.0000        0.000000       -999.0000    
  60.00       91.20       2.960        0.000000       -999.0000        0.000000       -999.0000    
  60.00       92.00       2.960        0.000000       -999.0000        0.000000       -999.0000    
  60.00       99.86       2.960        0.000000       -999.0000        0.000000       -999.0000    
  60.00       110.4       2.960        0.000000       -999.0000        0.000000       -999.0000    
  60.00       120.0       2.960        0.000000       -999.0000        0.000000       -999.0000    
  60.00       130.0       2.960        0.000000       -999.0000        0.000000       -999.0000    
  60.00       140.0       2.960        0.000000       -999.0000        0.000000       -999.0000    
  60.00       150.0       2.960        0.000000       -999.0000        0.000000       -999.0000    
  60.00       160.0       2.960        0.000000       -999.0000        0.000000       -999.0000    
  60.00       170.0       2.960        0.000000       -999.0000        0.000000       -999.0000    
  60.00       180.0       2.960        0.000000       -999.0000        0.000000       -999.0000    
  60.00       190.0       2.960        0.000000       -999.0000        0.000000       -999.0000    
  60.00       200.0       2.960        0.000000       -999.0000        0.000000       -999.0000    
  60.00       210.0       2.960        0.000000       -999.0000        0.000000       -999.0000    
  60.00       220.0       2.960        0.000000       -999.0000        0.000000       -999.0000    
  60.00       230.0       2.960        0.000000       -999.0000        0.000000       -999.0000    
  60.00       240.0       2.960        0.000000       -999.0000        0.000000       -999.0000    
  60.00       250.0       2.960        0.000000       -999.0000        0.000000       -999.0000    
  60.00       260.0       2.960        0.000000       -999.0000        0.000000       -999.0000    
  60.00       270.0       2.960        0.000000       -999.0000        0.000000       -999.0000    
  60.00       280.0       2.960        0.000000       -999.0000        0.000000       -999.0000    
  60.00       290.0       2.960        0.000000       -999.0000        0.000000       -999.0000    
  60.00       300.0       2.960        0.000000       -999.0000        0.000000       -999.0000    
  60.00       310.0       2.960        0.000000       -999.0000        0.000000       -999.0000    
  60.00       320.0       2.960        0.000000       -999.0000        0.000000       -999.0000    
  60.00       330.0       2.960        0.000000       -999.0000        0.000000       -999.0000    
  60.00       340.0       2.960        0.000000       -999.0000        0.000000       -999.0000    
  60.00       350.0       2.960        0.000000       -999.0000        0.000000       -999.0000    
  60.00       360.0       2.960        0.000000       -999.0000        0.000000       -999.0000    
  60.00       370.0       2.960        0.000000       -999.0000        0.000000       -999.0000    
  60.00       380.0       2.960        0.000000       -999.0000        0.000000       -999.0000    
  60.00       400.0       2.960        0.000000       -999.0000        0.000000       -999.0000    
  60.00       450.0       2.960        0.000000       -999.0000        0.000000       -999.0000    
  60.00       500.0       2.960        0.000000       -999.0000        0.000000       -999.0000    
  60.00      0.9106E-01   3.200        1464.001       -999.0000       -481.7838       -999.0000    
  60.00      0.1006       3.200        1299.136       -999.0000       -307.2143       -999.0000    
  60.00      0.1112       3.200        1151.627       -999.0000       -167.5334       -999.0000    
  60.00      0.1229       3.200        1020.605       -999.0000       -57.95335       -999.0000    
  60.00      0.1358       3.200        904.3357       -999.0000        26.82262       -999.0000    
  60.00      0.1501       3.200        800.6441       -999.0000        91.40136       -999.0000    
  60.00      0.1659       3.200        708.5326       -999.0000        139.3265       -999.0000    
  60.00      0.1834       3.200        626.5507       -999.0000        173.6823       -999.0000    
  60.00      0.2027       3.200        553.9235       -999.0000        196.8710       -999.0000    
  60.00      0.2240       3.200        489.5273       -999.0000        211.1785       -999.0000    
  60.00      0.2475       3.200        432.4457       -999.0000        218.4716       -999.0000    
  60.00      0.2736       3.200        381.5419       -999.0000        220.2632       -999.0000    
  60.00      0.3023       3.200        336.6271       -999.0000        217.8489       -999.0000    
  60.00      0.3341       3.200        296.7061       -999.0000        212.1341       -999.0000    
  60.00      0.3693       3.200        261.2879       -999.0000        204.0023       -999.0000    
  60.00      0.4081       3.200        229.9956       -999.0000        194.1794       -999.0000    
  60.00      0.4510       3.200        202.2786       -999.0000        183.2201       -999.0000    
  60.00      0.4985       3.200        177.7075       -999.0000        171.5559       -999.0000    
  60.00      0.5509       3.200        156.0156       -999.0000        159.5816       -999.0000    
  60.00      0.6088       3.200        136.8352       -999.0000        147.5435       -999.0000    
  60.00      0.6729       3.200        119.8644       -999.0000        135.6485       -999.0000    
  60.00      0.7436       3.200        104.9149       -999.0000        124.1145       -999.0000    
  60.00      0.8218       3.200        91.71270       -999.0000        113.0280       -999.0000    
  60.00      0.9083       3.200        80.06126       -999.0000        102.4638       -999.0000    
  60.00       1.004       3.200        69.78269       -999.0000        92.48781       -999.0000    
  60.00       1.109       3.200        60.79168       -999.0000        83.19924       -999.0000    
  60.00       1.226       3.200        52.81301       -999.0000        74.47991       -999.0000    
  60.00       1.355       3.200        45.81916       -999.0000        66.43431       -999.0000    
  60.00       1.497       3.200        39.69814       -999.0000        59.05394       -999.0000    
  60.00       1.655       3.200        34.28935       -999.0000        52.24671       -999.0000    
  60.00       1.829       3.200        29.56671       -999.0000        46.06044       -999.0000    
  60.00       2.021       3.200        25.43828       -999.0000        40.45304       -999.0000    
  60.00       2.234       3.200        21.81482       -999.0000        35.36126       -999.0000    
  60.00       2.469       3.200        18.65701       -999.0000        30.78337       -999.0000    
  60.00       2.729       3.200        15.90183       -999.0000        26.67328       -999.0000    
  60.00       3.016       3.200        13.50757       -999.0000        23.00636       -999.0000    
  60.00       3.333       3.200        11.42941       -999.0000        19.74472       -999.0000    
  60.00       3.683       3.200        9.629150       -999.0000        16.85501       -999.0000    
  60.00       4.071       3.200        8.068536       -999.0000        14.29716       -999.0000    
  60.00       4.499       3.200        6.727150       -999.0000        12.05563       -999.0000    
  60.00       4.972       3.200        5.576071       -999.0000        10.09716       -999.0000    
  60.00       5.495       3.200        4.591096       -999.0000        8.393611       -999.0000    
  60.00       6.073       3.200        3.751699       -999.0000        6.919895       -999.0000    
  60.00       6.711       3.200        3.041323       -999.0000        5.654856       -999.0000    
  60.00       7.417       3.200        2.442532       -999.0000        4.574316       -999.0000    
  60.00       8.197       3.200        1.941536       -999.0000        3.659530       -999.0000    
  60.00       9.059       3.200        1.525216       -999.0000        2.891260       -999.0000    
  60.00       10.01       3.200        1.182852       -999.0000        2.252941       -999.0000    
  60.00       11.06       3.200       0.9039711       -999.0000        1.728453       -999.0000    
  60.00       12.23       3.200       0.6772154       -999.0000        1.298417       -999.0000    
  60.00       13.51       3.200       0.4982922       -999.0000       0.9576625       -999.0000    
  60.00       14.94       3.200       0.3565157       -999.0000       0.6861523       -999.0000    
  60.00       16.51       3.200       0.2482453       -999.0000       0.4780167       -999.0000    
  60.00       18.24       3.200       0.1668640       -999.0000       0.3212624       -999.0000    
  60.00       20.16       3.200       0.1070756       -999.0000       0.2060208       -999.0000    
  60.00       22.28       3.200       0.6493853E-01   -999.0000       0.1248328       -999.0000    
  60.00       24.63       3.200       0.3657056E-01   -999.0000       0.7021811E-01   -999.0000    
  60.00       27.22       3.200       0.1874697E-01   -999.0000       0.3595908E-01   -999.0000    
  60.00       30.08       3.200       0.8457083E-02   -999.0000       0.1620511E-01   -999.0000    
  60.00       33.24       3.200       0.3183847E-02   -999.0000       0.6095643E-02   -999.0000    
  60.00       36.74       3.200       0.9108307E-03   -999.0000       0.1742579E-02   -999.0000    
  60.00       40.60       3.200       0.1662789E-03   -999.0000       0.3176307E-03   -999.0000    
  60.00       44.87       3.200       0.1229295E-04   -999.0000       0.2338526E-04   -999.0000    
  60.00       49.59       3.200       0.5448789E-07   -999.0000       0.1020225E-06   -999.0000    
  60.00       54.81       3.200        0.000000       -999.0000        0.000000       -999.0000    
  60.00       60.57       3.200        0.000000       -999.0000        0.000000       -999.0000    
  60.00       66.94       3.200        0.000000       -999.0000        0.000000       -999.0000    
  60.00       73.98       3.200        0.000000       -999.0000        0.000000       -999.0000    
  60.00       81.76       3.200        0.000000       -999.0000        0.000000       -999.0000    
  60.00       89.36       3.200        0.000000       -999.0000        0.000000       -999.0000    
  60.00       90.36       3.200        0.000000       -999.0000        0.000000       -999.0000    
  60.00       91.20       3.200        0.000000       -999.0000        0.000000       -999.0000    
  60.00       92.00       3.200        0.000000       -999.0000        0.000000       -999.0000    
  60.00       99.86       3.200        0.000000       -999.0000        0.000000       -999.0000    
  60.00       110.4       3.200        0.000000       -999.0000        0.000000       -999.0000    
  60.00       120.0       3.200        0.000000       -999.0000        0.000000       -999.0000    
  60.00       130.0       3.200        0.000000       -999.0000        0.000000       -999.0000    
  60.00       140.0       3.200        0.000000       -999.0000        0.000000       -999.0000    
  60.00       150.0       3.200        0.000000       -999.0000        0.000000       -999.0000    
  60.00       160.0       3.200        0.000000       -999.0000        0.000000       -999.0000    
  60.00       170.0       3.200        0.000000       -999.0000        0.000000       -999.0000    
  60.00       180.0       3.200        0.000000       -999.0000        0.000000       -999.0000    
  60.00       190.0       3.200        0.000000       -999.0000        0.000000       -999.0000    
  60.00       200.0       3.200        0.000000       -999.0000        0.000000       -999.0000    
  60.00       210.0       3.200        0.000000       -999.0000        0.000000       -999.0000    
  60.00       220.0       3.200        0.000000       -999.0000        0.000000       -999.0000    
  60.00       230.0       3.200        0.000000       -999.0000        0.000000       -999.0000    
  60.00       240.0       3.200        0.000000       -999.0000        0.000000       -999.0000    
  60.00       250.0       3.200        0.000000       -999.0000        0.000000       -999.0000    
  60.00       260.0       3.200        0.000000       -999.0000        0.000000       -999.0000    
  60.00       270.0       3.200        0.000000       -999.0000        0.000000       -999.0000    
  60.00       280.0       3.200        0.000000       -999.0000        0.000000       -999.0000    
  60.00       290.0       3.200        0.000000       -999.0000        0.000000       -999.0000    
  60.00       300.0       3.200        0.000000       -999.0000        0.000000       -999.0000    
  60.00       310.0       3.200        0.000000       -999.0000        0.000000       -999.0000    
  60.00       320.0       3.200        0.000000       -999.0000        0.000000       -999.0000    
  60.00       330.0       3.200        0.000000       -999.0000        0.000000       -999.0000    
  60.00       340.0       3.200        0.000000       -999.0000        0.000000       -999.0000    
  60.00       350.0       3.200        0.000000       -999.0000        0.000000       -999.0000    
  60.00       360.0       3.200        0.000000       -999.0000        0.000000       -999.0000    
  60.00       370.0       3.200        0.000000       -999.0000        0.000000       -999.0000    
  60.00       380.0       3.200        0.000000       -999.0000        0.000000       -999.0000    
  60.00       400.0       3.200        0.000000       -999.0000        0.000000       -999.0000    
  60.00       450.0       3.200        0.000000       -999.0000        0.000000       -999.0000    
  60.00       500.0       3.200        0.000000       -999.0000        0.000000       -999.0000    
  60.00      0.9106E-01   3.900        0.000000       -999.0000        0.000000       -999.0000    
  60.00      0.1006       3.900        0.000000       -999.0000        0.000000       -999.0000    
  60.00      0.1112       3.900        0.000000       -999.0000        0.000000       -999.0000    
  60.00      0.1229       3.900        0.000000       -999.0000        0.000000       -999.0000    
  60.00      0.1358       3.900        0.000000       -999.0000        0.000000       -999.0000    
  60.00      0.1501       3.900        0.000000       -999.0000        0.000000       -999.0000    
  60.00      0.1659       3.900        0.000000       -999.0000        0.000000       -999.0000    
  60.00      0.1834       3.900        0.000000       -999.0000        0.000000       -999.0000    
  60.00      0.2027       3.900        0.000000       -999.0000        0.000000       -999.0000    
  60.00      0.2240       3.900        0.000000       -999.0000        0.000000       -999.0000    
  60.00      0.2475       3.900        0.000000       -999.0000        0.000000       -999.0000    
  60.00      0.2736       3.900        0.000000       -999.0000        0.000000       -999.0000    
  60.00      0.3023       3.900        0.000000       -999.0000        0.000000       -999.0000    
  60.00      0.3341       3.900        0.000000       -999.0000        0.000000       -999.0000    
  60.00      0.3693       3.900        0.000000       -999.0000        0.000000       -999.0000    
  60.00      0.4081       3.900        0.000000       -999.0000        0.000000       -999.0000    
  60.00      0.4510       3.900        0.000000       -999.0000        0.000000       -999.0000    
  60.00      0.4985       3.900        0.000000       -999.0000        0.000000       -999.0000    
  60.00      0.5509       3.900        0.000000       -999.0000        0.000000       -999.0000    
  60.00      0.6088       3.900        0.000000       -999.0000        0.000000       -999.0000    
  60.00      0.6729       3.900        0.000000       -999.0000        0.000000       -999.0000    
  60.00      0.7436       3.900        0.000000       -999.0000        0.000000       -999.0000    
  60.00      0.8218       3.900        0.000000       -999.0000        0.000000       -999.0000    
  60.00      0.9083       3.900        0.000000       -999.0000        0.000000       -999.0000    
  60.00       1.004       3.900        0.000000       -999.0000        0.000000       -999.0000    
  60.00       1.109       3.900        0.000000       -999.0000        0.000000       -999.0000    
  60.00       1.226       3.900        0.000000       -999.0000        0.000000       -999.0000    
  60.00       1.355       3.900        0.000000       -999.0000        0.000000       -999.0000    
  60.00       1.497       3.900        0.000000       -999.0000        0.000000       -999.0000    
  60.00       1.655       3.900        0.000000       -999.0000        0.000000       -999.0000    
  60.00       1.829       3.900        0.000000       -999.0000        0.000000       -999.0000    
  60.00       2.021       3.900        0.000000       -999.0000        0.000000       -999.0000    
  60.00       2.234       3.900        0.000000       -999.0000        0.000000       -999.0000    
  60.00       2.469       3.900        0.000000       -999.0000        0.000000       -999.0000    
  60.00       2.729       3.900        0.000000       -999.0000        0.000000       -999.0000    
  60.00       3.016       3.900        0.000000       -999.0000        0.000000       -999.0000    
  60.00       3.333       3.900        0.000000       -999.0000        0.000000       -999.0000    
  60.00       3.683       3.900        0.000000       -999.0000        0.000000       -999.0000    
  60.00       4.071       3.900        0.000000       -999.0000        0.000000       -999.0000    
  60.00       4.499       3.900        0.000000       -999.0000        0.000000       -999.0000    
  60.00       4.972       3.900        0.000000       -999.0000        0.000000       -999.0000    
  60.00       5.495       3.900        0.000000       -999.0000        0.000000       -999.0000    
  60.00       6.073       3.900        0.000000       -999.0000        0.000000       -999.0000    
  60.00       6.711       3.900        0.000000       -999.0000        0.000000       -999.0000    
  60.00       7.417       3.900        0.000000       -999.0000        0.000000       -999.0000    
  60.00       8.197       3.900        0.000000       -999.0000        0.000000       -999.0000    
  60.00       9.059       3.900        0.000000       -999.0000        0.000000       -999.0000    
  60.00       10.01       3.900        0.000000       -999.0000        0.000000       -999.0000    
  60.00       11.06       3.900        0.000000       -999.0000        0.000000       -999.0000    
  60.00       12.23       3.900        0.000000       -999.0000        0.000000       -999.0000    
  60.00       13.51       3.900        0.000000       -999.0000        0.000000       -999.0000    
  60.00       14.94       3.900        0.000000       -999.0000        0.000000       -999.0000    
  60.00       16.51       3.900        0.000000       -999.0000        0.000000       -999.0000    
  60.00       18.24       3.900        0.000000       -999.0000        0.000000       -999.0000    
  60.00       20.16       3.900        0.000000       -999.0000        0.000000       -999.0000    
  60.00       22.28       3.900        0.000000       -999.0000        0.000000       -999.0000    
  60.00       24.63       3.900        0.000000       -999.0000        0.000000       -999.0000    
  60.00       27.22       3.900        0.000000       -999.0000        0.000000       -999.0000    
  60.00       30.08       3.900        0.000000       -999.0000        0.000000       -999.0000    
  60.00       33.24       3.900        0.000000       -999.0000        0.000000       -999.0000    
  60.00       36.74       3.900        0.000000       -999.0000        0.000000       -999.0000    
  60.00       40.60       3.900        0.000000       -999.0000        0.000000       -999.0000    
  60.00       44.87       3.900        0.000000       -999.0000        0.000000       -999.0000    
  60.00       49.59       3.900        0.000000       -999.0000        0.000000       -999.0000    
  60.00       54.81       3.900        0.000000       -999.0000        0.000000       -999.0000    
  60.00       60.57       3.900        0.000000       -999.0000        0.000000       -999.0000    
  60.00       66.94       3.900        0.000000       -999.0000        0.000000       -999.0000    
  60.00       73.98       3.900        0.000000       -999.0000        0.000000       -999.0000    
  60.00       81.76       3.900        0.000000       -999.0000        0.000000       -999.0000    
  60.00       89.36       3.900        0.000000       -999.0000        0.000000       -999.0000    
  60.00       90.36       3.900        0.000000       -999.0000        0.000000       -999.0000    
  60.00       91.20       3.900        0.000000       -999.0000        0.000000       -999.0000    
  60.00       92.00       3.900        0.000000       -999.0000        0.000000       -999.0000    
  60.00       99.86       3.900        0.000000       -999.0000        0.000000       -999.0000    
  60.00       110.4       3.900        0.000000       -999.0000        0.000000       -999.0000    
  60.00       120.0       3.900        0.000000       -999.0000        0.000000       -999.0000    
  60.00       130.0       3.900        0.000000       -999.0000        0.000000       -999.0000    
  60.00       140.0       3.900        0.000000       -999.0000        0.000000       -999.0000    
  60.00       150.0       3.900        0.000000       -999.0000        0.000000       -999.0000    
  60.00       160.0       3.900        0.000000       -999.0000        0.000000       -999.0000    
  60.00       170.0       3.900        0.000000       -999.0000        0.000000       -999.0000    
  60.00       180.0       3.900        0.000000       -999.0000        0.000000       -999.0000    
  60.00       190.0       3.900        0.000000       -999.0000        0.000000       -999.0000    
  60.00       200.0       3.900        0.000000       -999.0000        0.000000       -999.0000    
  60.00       210.0       3.900        0.000000       -999.0000        0.000000       -999.0000    
  60.00       220.0       3.900        0.000000       -999.0000        0.000000       -999.0000    
  60.00       230.0       3.900        0.000000       -999.0000        0.000000       -999.0000    
  60.00       240.0       3.900        0.000000       -999.0000        0.000000       -999.0000    
  60.00       250.0       3.900        0.000000       -999.0000        0.000000       -999.0000    
  60.00       260.0       3.900        0.000000       -999.0000        0.000000       -999.0000    
  60.00       270.0       3.900        0.000000       -999.0000        0.000000       -999.0000    
  60.00       280.0       3.900        0.000000       -999.0000        0.000000       -999.0000    
  60.00       290.0       3.900        0.000000       -999.0000        0.000000       -999.0000    
  60.00       300.0       3.900        0.000000       -999.0000        0.000000       -999.0000    
  60.00       310.0       3.900        0.000000       -999.0000        0.000000       -999.0000    
  60.00       320.0       3.900        0.000000       -999.0000        0.000000       -999.0000    
  60.00       330.0       3.900        0.000000       -999.0000        0.000000       -999.0000    
  60.00       340.0       3.900        0.000000       -999.0000        0.000000       -999.0000    
  60.00       350.0       3.900        0.000000       -999.0000        0.000000       -999.0000    
  60.00       360.0       3.900        0.000000       -999.0000        0.000000       -999.0000    
  60.00       370.0       3.900        0.000000       -999.0000        0.000000       -999.0000    
  60.00       380.0       3.900        0.000000       -999.0000        0.000000       -999.0000    
  60.00       400.0       3.900        0.000000       -999.0000        0.000000       -999.0000    
  60.00       450.0       3.900        0.000000       -999.0000        0.000000       -999.0000    
  60.00       500.0       3.900        0.000000       -999.0000        0.000000       -999.0000    
  80.00      0.9106E-01  -3.900        0.000000       -999.0000        0.000000       -999.0000    
  80.00      0.1006      -3.900        0.000000       -999.0000        0.000000       -999.0000    
  80.00      0.1112      -3.900        0.000000       -999.0000        0.000000       -999.0000    
  80.00      0.1229      -3.900        0.000000       -999.0000        0.000000       -999.0000    
  80.00      0.1358      -3.900        0.000000       -999.0000        0.000000       -999.0000    
  80.00      0.1501      -3.900        0.000000       -999.0000        0.000000       -999.0000    
  80.00      0.1659      -3.900        0.000000       -999.0000        0.000000       -999.0000    
  80.00      0.1834      -3.900        0.000000       -999.0000        0.000000       -999.0000    
  80.00      0.2027      -3.900        0.000000       -999.0000        0.000000       -999.0000    
  80.00      0.2240      -3.900        0.000000       -999.0000        0.000000       -999.0000    
  80.00      0.2475      -3.900        0.000000       -999.0000        0.000000       -999.0000    
  80.00      0.2736      -3.900        0.000000       -999.0000        0.000000       -999.0000    
  80.00      0.3023      -3.900        0.000000       -999.0000        0.000000       -999.0000    
  80.00      0.3341      -3.900        0.000000       -999.0000        0.000000       -999.0000    
  80.00      0.3693      -3.900        0.000000       -999.0000        0.000000       -999.0000    
  80.00      0.4081      -3.900        0.000000       -999.0000        0.000000       -999.0000    
  80.00      0.4510      -3.900        0.000000       -999.0000        0.000000       -999.0000    
  80.00      0.4985      -3.900        0.000000       -999.0000        0.000000       -999.0000    
  80.00      0.5509      -3.900        0.000000       -999.0000        0.000000       -999.0000    
  80.00      0.6088      -3.900        0.000000       -999.0000        0.000000       -999.0000    
  80.00      0.6729      -3.900        0.000000       -999.0000        0.000000       -999.0000    
  80.00      0.7436      -3.900        0.000000       -999.0000        0.000000       -999.0000    
  80.00      0.8218      -3.900        0.000000       -999.0000        0.000000       -999.0000    
  80.00      0.9083      -3.900        0.000000       -999.0000        0.000000       -999.0000    
  80.00       1.004      -3.900        0.000000       -999.0000        0.000000       -999.0000    
  80.00       1.109      -3.900        0.000000       -999.0000        0.000000       -999.0000    
  80.00       1.226      -3.900        0.000000       -999.0000        0.000000       -999.0000    
  80.00       1.355      -3.900        0.000000       -999.0000        0.000000       -999.0000    
  80.00       1.497      -3.900        0.000000       -999.0000        0.000000       -999.0000    
  80.00       1.655      -3.900        0.000000       -999.0000        0.000000       -999.0000    
  80.00       1.829      -3.900        0.000000       -999.0000        0.000000       -999.0000    
  80.00       2.021      -3.900        0.000000       -999.0000        0.000000       -999.0000    
  80.00       2.234      -3.900        0.000000       -999.0000        0.000000       -999.0000    
  80.00       2.469      -3.900        0.000000       -999.0000        0.000000       -999.0000    
  80.00       2.729      -3.900        0.000000       -999.0000        0.000000       -999.0000    
  80.00       3.016      -3.900        0.000000       -999.0000        0.000000       -999.0000    
  80.00       3.333      -3.900        0.000000       -999.0000        0.000000       -999.0000    
  80.00       3.683      -3.900        0.000000       -999.0000        0.000000       -999.0000    
  80.00       4.071      -3.900        0.000000       -999.0000        0.000000       -999.0000    
  80.00       4.499      -3.900        0.000000       -999.0000        0.000000       -999.0000    
  80.00       4.972      -3.900        0.000000       -999.0000        0.000000       -999.0000    
  80.00       5.495      -3.900        0.000000       -999.0000        0.000000       -999.0000    
  80.00       6.073      -3.900        0.000000       -999.0000        0.000000       -999.0000    
  80.00       6.711      -3.900        0.000000       -999.0000        0.000000       -999.0000    
  80.00       7.417      -3.900        0.000000       -999.0000        0.000000       -999.0000    
  80.00       8.197      -3.900        0.000000       -999.0000        0.000000       -999.0000    
  80.00       9.059      -3.900        0.000000       -999.0000        0.000000       -999.0000    
  80.00       10.01      -3.900        0.000000       -999.0000        0.000000       -999.0000    
  80.00       11.06      -3.900        0.000000       -999.0000        0.000000       -999.0000    
  80.00       12.23      -3.900        0.000000       -999.0000        0.000000       -999.0000    
  80.00       13.51      -3.900        0.000000       -999.0000        0.000000       -999.0000    
  80.00       14.94      -3.900        0.000000       -999.0000        0.000000       -999.0000    
  80.00       16.51      -3.900        0.000000       -999.0000        0.000000       -999.0000    
  80.00       18.24      -3.900        0.000000       -999.0000        0.000000       -999.0000    
  80.00       20.16      -3.900        0.000000       -999.0000        0.000000       -999.0000    
  80.00       22.28      -3.900        0.000000       -999.0000        0.000000       -999.0000    
  80.00       24.63      -3.900        0.000000       -999.0000        0.000000       -999.0000    
  80.00       27.22      -3.900        0.000000       -999.0000        0.000000       -999.0000    
  80.00       30.08      -3.900        0.000000       -999.0000        0.000000       -999.0000    
  80.00       33.24      -3.900        0.000000       -999.0000        0.000000       -999.0000    
  80.00       36.74      -3.900        0.000000       -999.0000        0.000000       -999.0000    
  80.00       40.60      -3.900        0.000000       -999.0000        0.000000       -999.0000    
  80.00       44.87      -3.900        0.000000       -999.0000        0.000000       -999.0000    
  80.00       49.59      -3.900        0.000000       -999.0000        0.000000       -999.0000    
  80.00       54.81      -3.900        0.000000       -999.0000        0.000000       -999.0000    
  80.00       60.57      -3.900        0.000000       -999.0000        0.000000       -999.0000    
  80.00       66.94      -3.900        0.000000       -999.0000        0.000000       -999.0000    
  80.00       73.98      -3.900        0.000000       -999.0000        0.000000       -999.0000    
  80.00       81.76      -3.900        0.000000       -999.0000        0.000000       -999.0000    
  80.00       89.36      -3.900        0.000000       -999.0000        0.000000       -999.0000    
  80.00       90.36      -3.900        0.000000       -999.0000        0.000000       -999.0000    
  80.00       91.20      -3.900        0.000000       -999.0000        0.000000       -999.0000    
  80.00       92.00      -3.900        0.000000       -999.0000        0.000000       -999.0000    
  80.00       99.86      -3.900        0.000000       -999.0000        0.000000       -999.0000    
  80.00       110.4      -3.900        0.000000       -999.0000        0.000000       -999.0000    
  80.00       120.0      -3.900        0.000000       -999.0000        0.000000       -999.0000    
  80.00       130.0      -3.900        0.000000       -999.0000        0.000000       -999.0000    
  80.00       140.0      -3.900        0.000000       -999.0000        0.000000       -999.0000    
  80.00       150.0      -3.900        0.000000       -999.0000        0.000000       -999.0000    
  80.00       160.0      -3.900        0.000000       -999.0000        0.000000       -999.0000    
  80.00       170.0      -3.900        0.000000       -999.0000        0.000000       -999.0000    
  80.00       180.0      -3.900        0.000000       -999.0000        0.000000       -999.0000    
  80.00       190.0      -3.900        0.000000       -999.0000        0.000000       -999.0000    
  80.00       200.0      -3.900        0.000000       -999.0000        0.000000       -999.0000    
  80.00       210.0      -3.900        0.000000       -999.0000        0.000000       -999.0000    
  80.00       220.0      -3.900        0.000000       -999.0000        0.000000       -999.0000    
  80.00       230.0      -3.900        0.000000       -999.0000        0.000000       -999.0000    
  80.00       240.0      -3.900        0.000000       -999.0000        0.000000       -999.0000    
  80.00       250.0      -3.900        0.000000       -999.0000        0.000000       -999.0000    
  80.00       260.0      -3.900        0.000000       -999.0000        0.000000       -999.0000    
  80.00       270.0      -3.900        0.000000       -999.0000        0.000000       -999.0000    
  80.00       280.0      -3.900        0.000000       -999.0000        0.000000       -999.0000    
  80.00       290.0      -3.900        0.000000       -999.0000        0.000000       -999.0000    
  80.00       300.0      -3.900        0.000000       -999.0000        0.000000       -999.0000    
  80.00       310.0      -3.900        0.000000       -999.0000        0.000000       -999.0000    
  80.00       320.0      -3.900        0.000000       -999.0000        0.000000       -999.0000    
  80.00       330.0      -3.900        0.000000       -999.0000        0.000000       -999.0000    
  80.00       340.0      -3.900        0.000000       -999.0000        0.000000       -999.0000    
  80.00       350.0      -3.900        0.000000       -999.0000        0.000000       -999.0000    
  80.00       360.0      -3.900        0.000000       -999.0000        0.000000       -999.0000    
  80.00       370.0      -3.900        0.000000       -999.0000        0.000000       -999.0000    
  80.00       380.0      -3.900        0.000000       -999.0000        0.000000       -999.0000    
  80.00       400.0      -3.900        0.000000       -999.0000        0.000000       -999.0000    
  80.00       450.0      -3.900        0.000000       -999.0000        0.000000       -999.0000    
  80.00       500.0      -3.900        0.000000       -999.0000        0.000000       -999.0000    
  80.00      0.9106E-01  -3.200        0.000000       -999.0000        0.000000       -999.0000    
  80.00      0.1006      -3.200        0.000000       -999.0000        0.000000       -999.0000    
  80.00      0.1112      -3.200        0.000000       -999.0000        0.000000       -999.0000    
  80.00      0.1229      -3.200        0.000000       -999.0000        0.000000       -999.0000    
  80.00      0.1358      -3.200        0.000000       -999.0000        0.000000       -999.0000    
  80.00      0.1501      -3.200        0.000000       -999.0000        0.000000       -999.0000    
  80.00      0.1659      -3.200        0.000000       -999.0000        0.000000       -999.0000    
  80.00      0.1834      -3.200        0.000000       -999.0000        0.000000       -999.0000    
  80.00      0.2027      -3.200        0.000000       -999.0000        0.000000       -999.0000    
  80.00      0.2240      -3.200        0.000000       -999.0000        0.000000       -999.0000    
  80.00      0.2475      -3.200        0.000000       -999.0000        0.000000       -999.0000    
  80.00      0.2736      -3.200        0.000000       -999.0000        0.000000       -999.0000    
  80.00      0.3023      -3.200        0.000000       -999.0000        0.000000       -999.0000    
  80.00      0.3341      -3.200        0.000000       -999.0000        0.000000       -999.0000    
  80.00      0.3693      -3.200        0.000000       -999.0000        0.000000       -999.0000    
  80.00      0.4081      -3.200        0.000000       -999.0000        0.000000       -999.0000    
  80.00      0.4510      -3.200        0.000000       -999.0000        0.000000       -999.0000    
  80.00      0.4985      -3.200        0.000000       -999.0000        0.000000       -999.0000    
  80.00      0.5509      -3.200        0.000000       -999.0000        0.000000       -999.0000    
  80.00      0.6088      -3.200        0.000000       -999.0000        0.000000       -999.0000    
  80.00      0.6729      -3.200        0.000000       -999.0000        0.000000       -999.0000    
  80.00      0.7436      -3.200        0.000000       -999.0000        0.000000       -999.0000    
  80.00      0.8218      -3.200        0.000000       -999.0000        0.000000       -999.0000    
  80.00      0.9083      -3.200        0.000000       -999.0000        0.000000       -999.0000    
  80.00       1.004      -3.200        0.000000       -999.0000        0.000000       -999.0000    
  80.00       1.109      -3.200        0.000000       -999.0000        0.000000       -999.0000    
  80.00       1.226      -3.200        0.000000       -999.0000        0.000000       -999.0000    
  80.00       1.355      -3.200        0.000000       -999.0000        0.000000       -999.0000    
  80.00       1.497      -3.200        0.000000       -999.0000        0.000000       -999.0000    
  80.00       1.655      -3.200        0.000000       -999.0000        0.000000       -999.0000    
  80.00       1.829      -3.200        0.000000       -999.0000        0.000000       -999.0000    
  80.00       2.021      -3.200        0.000000       -999.0000        0.000000       -999.0000    
  80.00       2.234      -3.200        0.000000       -999.0000        0.000000       -999.0000    
  80.00       2.469      -3.200        0.000000       -999.0000        0.000000       -999.0000    
  80.00       2.729      -3.200        0.000000       -999.0000        0.000000       -999.0000    
  80.00       3.016      -3.200        0.000000       -999.0000        0.000000       -999.0000    
  80.00       3.333      -3.200        0.000000       -999.0000        0.000000       -999.0000    
  80.00       3.683      -3.200        0.000000       -999.0000        0.000000       -999.0000    
  80.00       4.071      -3.200        0.000000       -999.0000        0.000000       -999.0000    
  80.00       4.499      -3.200        0.000000       -999.0000        0.000000       -999.0000    
  80.00       4.972      -3.200        0.000000       -999.0000        0.000000       -999.0000    
  80.00       5.495      -3.200        0.000000       -999.0000        0.000000       -999.0000    
  80.00       6.073      -3.200        0.000000       -999.0000        0.000000       -999.0000    
  80.00       6.711      -3.200        0.000000       -999.0000        0.000000       -999.0000    
  80.00       7.417      -3.200        0.000000       -999.0000        0.000000       -999.0000    
  80.00       8.197      -3.200        0.000000       -999.0000        0.000000       -999.0000    
  80.00       9.059      -3.200        0.000000       -999.0000        0.000000       -999.0000    
  80.00       10.01      -3.200        0.000000       -999.0000        0.000000       -999.0000    
  80.00       11.06      -3.200        0.000000       -999.0000        0.000000       -999.0000    
  80.00       12.23      -3.200        0.000000       -999.0000        0.000000       -999.0000    
  80.00       13.51      -3.200        0.000000       -999.0000        0.000000       -999.0000    
  80.00       14.94      -3.200        0.000000       -999.0000        0.000000       -999.0000    
  80.00       16.51      -3.200        0.000000       -999.0000        0.000000       -999.0000    
  80.00       18.24      -3.200        0.000000       -999.0000        0.000000       -999.0000    
  80.00       20.16      -3.200        0.000000       -999.0000        0.000000       -999.0000    
  80.00       22.28      -3.200        0.000000       -999.0000        0.000000       -999.0000    
  80.00       24.63      -3.200        0.000000       -999.0000        0.000000       -999.0000    
  80.00       27.22      -3.200        0.000000       -999.0000        0.000000       -999.0000    
  80.00       30.08      -3.200        0.000000       -999.0000        0.000000       -999.0000    
  80.00       33.24      -3.200        0.000000       -999.0000        0.000000       -999.0000    
  80.00       36.74      -3.200        0.000000       -999.0000        0.000000       -999.0000    
  80.00       40.60      -3.200        0.000000       -999.0000        0.000000       -999.0000    
  80.00       44.87      -3.200        0.000000       -999.0000        0.000000       -999.0000    
  80.00       49.59      -3.200        0.000000       -999.0000        0.000000       -999.0000    
  80.00       54.81      -3.200        0.000000       -999.0000        0.000000       -999.0000    
  80.00       60.57      -3.200        0.000000       -999.0000        0.000000       -999.0000    
  80.00       66.94      -3.200        0.000000       -999.0000        0.000000       -999.0000    
  80.00       73.98      -3.200        0.000000       -999.0000        0.000000       -999.0000    
  80.00       81.76      -3.200        0.000000       -999.0000        0.000000       -999.0000    
  80.00       89.36      -3.200        0.000000       -999.0000        0.000000       -999.0000    
  80.00       90.36      -3.200        0.000000       -999.0000        0.000000       -999.0000    
  80.00       91.20      -3.200        0.000000       -999.0000        0.000000       -999.0000    
  80.00       92.00      -3.200        0.000000       -999.0000        0.000000       -999.0000    
  80.00       99.86      -3.200        0.000000       -999.0000        0.000000       -999.0000    
  80.00       110.4      -3.200        0.000000       -999.0000        0.000000       -999.0000    
  80.00       120.0      -3.200        0.000000       -999.0000        0.000000       -999.0000    
  80.00       130.0      -3.200        0.000000       -999.0000        0.000000       -999.0000    
  80.00       140.0      -3.200        0.000000       -999.0000        0.000000       -999.0000    
  80.00       150.0      -3.200        0.000000       -999.0000        0.000000       -999.0000    
  80.00       160.0      -3.200        0.000000       -999.0000        0.000000       -999.0000    
  80.00       170.0      -3.200        0.000000       -999.0000        0.000000       -999.0000    
  80.00       180.0      -3.200        0.000000       -999.0000        0.000000       -999.0000    
  80.00       190.0      -3.200        0.000000       -999.0000        0.000000       -999.0000    
  80.00       200.0      -3.200        0.000000       -999.0000        0.000000       -999.0000    
  80.00       210.0      -3.200        0.000000       -999.0000        0.000000       -999.0000    
  80.00       220.0      -3.200        0.000000       -999.0000        0.000000       -999.0000    
  80.00       230.0      -3.200        0.000000       -999.0000        0.000000       -999.0000    
  80.00       240.0      -3.200        0.000000       -999.0000        0.000000       -999.0000    
  80.00       250.0      -3.200        0.000000       -999.0000        0.000000       -999.0000    
  80.00       260.0      -3.200        0.000000       -999.0000        0.000000       -999.0000    
  80.00       270.0      -3.200        0.000000       -999.0000        0.000000       -999.0000    
  80.00       280.0      -3.200        0.000000       -999.0000        0.000000       -999.0000    
  80.00       290.0      -3.200        0.000000       -999.0000        0.000000       -999.0000    
  80.00       300.0      -3.200        0.000000       -999.0000        0.000000       -999.0000    
  80.00       310.0      -3.200        0.000000       -999.0000        0.000000       -999.0000    
  80.00       320.0      -3.200        0.000000       -999.0000        0.000000       -999.0000    
  80.00       330.0      -3.200        0.000000       -999.0000        0.000000       -999.0000    
  80.00       340.0      -3.200        0.000000       -999.0000        0.000000       -999.0000    
  80.00       350.0      -3.200        0.000000       -999.0000        0.000000       -999.0000    
  80.00       360.0      -3.200        0.000000       -999.0000        0.000000       -999.0000    
  80.00       370.0      -3.200        0.000000       -999.0000        0.000000       -999.0000    
  80.00       380.0      -3.200        0.000000       -999.0000        0.000000       -999.0000    
  80.00       400.0      -3.200        0.000000       -999.0000        0.000000       -999.0000    
  80.00       450.0      -3.200        0.000000       -999.0000        0.000000       -999.0000    
  80.00       500.0      -3.200        0.000000       -999.0000        0.000000       -999.0000    
  80.00      0.9106E-01  -2.960        57.20643       -999.0000       -11.73257       -999.0000    
  80.00      0.1006      -2.960        50.77519       -999.0000       -5.871512       -999.0000    
  80.00      0.1112      -2.960        45.01962       -999.0000       -1.245247       -999.0000    
  80.00      0.1229      -2.960        39.90659       -999.0000        2.319057       -999.0000    
  80.00      0.1358      -2.960        35.36886       -999.0000        5.012100       -999.0000    
  80.00      0.1501      -2.960        31.32091       -999.0000        7.001228       -999.0000    
  80.00      0.1659      -2.960        27.72424       -999.0000        8.409267       -999.0000    
  80.00      0.1834      -2.960        24.52295       -999.0000        9.348699       -999.0000    
  80.00      0.2027      -2.960        21.68650       -999.0000        9.909542       -999.0000    
  80.00      0.2240      -2.960        19.17123       -999.0000        10.17102       -999.0000    
  80.00      0.2475      -2.960        16.94152       -999.0000        10.20035       -999.0000    
  80.00      0.2736      -2.960        14.95300       -999.0000        10.04787       -999.0000    
  80.00      0.3023      -2.960        13.19756       -999.0000        9.758756       -999.0000    
  80.00      0.3341      -2.960        11.63698       -999.0000        9.369441       -999.0000    
  80.00      0.3693      -2.960        10.25186       -999.0000        8.908406       -999.0000    
  80.00      0.4081      -2.960        9.028008       -999.0000        8.401859       -999.0000    
  80.00      0.4510      -2.960        7.943573       -999.0000        7.867609       -999.0000    
  80.00      0.4985      -2.960        6.982123       -999.0000        7.319545       -999.0000    
  80.00      0.5509      -2.960        6.133293       -999.0000        6.771809       -999.0000    
  80.00      0.6088      -2.960        5.382827       -999.0000        6.232783       -999.0000    
  80.00      0.6729      -2.960        4.718363       -999.0000        5.708445       -999.0000    
  80.00      0.7436      -2.960        4.132832       -999.0000        5.206150       -999.0000    
  80.00      0.8218      -2.960        3.615504       -999.0000        4.728065       -999.0000    
  80.00      0.9083      -2.960        3.158755       -999.0000        4.276613       -999.0000    
  80.00       1.004      -2.960        2.755836       -999.0000        3.853198       -999.0000    
  80.00       1.109      -2.960        2.403331       -999.0000        3.461336       -999.0000    
  80.00       1.226      -2.960        2.090396       -999.0000        3.095243       -999.0000    
  80.00       1.355      -2.960        1.815906       -999.0000        2.758766       -999.0000    
  80.00       1.497      -2.960        1.575554       -999.0000        2.451343       -999.0000    
  80.00       1.655      -2.960        1.363121       -999.0000        2.168688       -999.0000    
  80.00       1.829      -2.960        1.177515       -999.0000        1.912426       -999.0000    
  80.00       2.021      -2.960        1.015152       -999.0000        1.680476       -999.0000    
  80.00       2.234      -2.960       0.8725868       -999.0000        1.470336       -999.0000    
  80.00       2.469      -2.960       0.7482656       -999.0000        1.281724       -999.0000    
  80.00       2.729      -2.960       0.6396838       -999.0000        1.112574       -999.0000    
  80.00       3.016      -2.960       0.5451657       -999.0000       0.9616603       -999.0000    
  80.00       3.333      -2.960       0.4629902       -999.0000       0.8274443       -999.0000    
  80.00       3.683      -2.960       0.3917517       -999.0000       0.7085692       -999.0000    
  80.00       4.071      -2.960       0.3298900       -999.0000       0.6033442       -999.0000    
  80.00       4.499      -2.960       0.2765775       -999.0000       0.5110190       -999.0000    
  80.00       4.972      -2.960       0.2306540       -999.0000       0.4301763       -999.0000    
  80.00       5.495      -2.960       0.1912288       -999.0000       0.3597080       -999.0000    
  80.00       6.073      -2.960       0.1575285       -999.0000       0.2986322       -999.0000    
  80.00       6.711      -2.960       0.1288832       -999.0000       0.2460439       -999.0000    
  80.00       7.417      -2.960       0.1045786       -999.0000       0.2009128       -999.0000    
  80.00       8.197      -2.960       0.8410749E-01   -999.0000       0.1624969       -999.0000    
  80.00       9.059      -2.960       0.6697504E-01   -999.0000       0.1300270       -999.0000    
  80.00       10.01      -2.960       0.5276629E-01   -999.0000       0.1028659       -999.0000    
  80.00       11.06      -2.960       0.4106448E-01   -999.0000       0.8031750E-01   -999.0000    
  80.00       12.23      -2.960       0.3143889E-01   -999.0000       0.6164965E-01   -999.0000    
  80.00       13.51      -2.960       0.2374369E-01   -999.0000       0.4663931E-01   -999.0000    
  80.00       14.94      -2.960       0.1753734E-01   -999.0000       0.3447700E-01   -999.0000    
  80.00       16.51      -2.960       0.1269401E-01   -999.0000       0.2495304E-01   -999.0000    
  80.00       18.24      -2.960       0.8957607E-02   -999.0000       0.1759298E-01   -999.0000    
  80.00       20.16      -2.960       0.6113550E-02   -999.0000       0.1198709E-01   -999.0000    
  80.00       22.28      -2.960       0.4014172E-02   -999.0000       0.7850061E-02   -999.0000    
  80.00       24.63      -2.960       0.2507195E-02   -999.0000       0.4887913E-02   -999.0000    
  80.00       27.22      -2.960       0.1475292E-02   -999.0000       0.2864726E-02   -999.0000    
  80.00       30.08      -2.960       0.8025952E-03   -999.0000       0.1551844E-02   -999.0000    
  80.00       33.24      -2.960       0.3939373E-03   -999.0000       0.7579901E-03   -999.0000    
  80.00       36.74      -2.960       0.1676314E-03   -999.0000       0.3207496E-03   -999.0000    
  80.00       40.60      -2.960       0.5846805E-04   -999.0000       0.1111203E-03   -999.0000    
  80.00       44.87      -2.960       0.1497886E-04   -999.0000       0.2822065E-04   -999.0000    
  80.00       49.59      -2.960       0.2255245E-05   -999.0000       0.4192584E-05   -999.0000    
  80.00       54.81      -2.960       0.1069727E-06   -999.0000       0.1942621E-06   -999.0000    
  80.00       60.57      -2.960       0.7744097E-10   -999.0000       0.1349634E-09   -999.0000    
  80.00       66.94      -2.960        0.000000       -999.0000        0.000000       -999.0000    
  80.00       73.98      -2.960        0.000000       -999.0000        0.000000       -999.0000    
  80.00       81.76      -2.960        0.000000       -999.0000        0.000000       -999.0000    
  80.00       89.36      -2.960        0.000000       -999.0000        0.000000       -999.0000    
  80.00       90.36      -2.960        0.000000       -999.0000        0.000000       -999.0000    
  80.00       91.20      -2.960        0.000000       -999.0000        0.000000       -999.0000    
  80.00       92.00      -2.960        0.000000       -999.0000        0.000000       -999.0000    
  80.00       99.86      -2.960        0.000000       -999.0000        0.000000       -999.0000    
  80.00       110.4      -2.960        0.000000       -999.0000        0.000000       -999.0000    
  80.00       120.0      -2.960        0.000000       -999.0000        0.000000       -999.0000    
  80.00       130.0      -2.960        0.000000       -999.0000        0.000000       -999.0000    
  80.00       140.0      -2.960        0.000000       -999.0000        0.000000       -999.0000    
  80.00       150.0      -2.960        0.000000       -999.0000        0.000000       -999.0000    
  80.00       160.0      -2.960        0.000000       -999.0000        0.000000       -999.0000    
  80.00       170.0      -2.960        0.000000       -999.0000        0.000000       -999.0000    
  80.00       180.0      -2.960        0.000000       -999.0000        0.000000       -999.0000    
  80.00       190.0      -2.960        0.000000       -999.0000        0.000000       -999.0000    
  80.00       200.0      -2.960        0.000000       -999.0000        0.000000       -999.0000    
  80.00       210.0      -2.960        0.000000       -999.0000        0.000000       -999.0000    
  80.00       220.0      -2.960        0.000000       -999.0000        0.000000       -999.0000    
  80.00       230.0      -2.960        0.000000       -999.0000        0.000000       -999.0000    
  80.00       240.0      -2.960        0.000000       -999.0000        0.000000       -999.0000    
  80.00       250.0      -2.960        0.000000       -999.0000        0.000000       -999.0000    
  80.00       260.0      -2.960        0.000000       -999.0000        0.000000       -999.0000    
  80.00       270.0      -2.960        0.000000       -999.0000        0.000000       -999.0000    
  80.00       280.0      -2.960        0.000000       -999.0000        0.000000       -999.0000    
  80.00       290.0      -2.960        0.000000       -999.0000        0.000000       -999.0000    
  80.00       300.0      -2.960        0.000000       -999.0000        0.000000       -999.0000    
  80.00       310.0      -2.960        0.000000       -999.0000        0.000000       -999.0000    
  80.00       320.0      -2.960        0.000000       -999.0000        0.000000       -999.0000    
  80.00       330.0      -2.960        0.000000       -999.0000        0.000000       -999.0000    
  80.00       340.0      -2.960        0.000000       -999.0000        0.000000       -999.0000    
  80.00       350.0      -2.960        0.000000       -999.0000        0.000000       -999.0000    
  80.00       360.0      -2.960        0.000000       -999.0000        0.000000       -999.0000    
  80.00       370.0      -2.960        0.000000       -999.0000        0.000000       -999.0000    
  80.00       380.0      -2.960        0.000000       -999.0000        0.000000       -999.0000    
  80.00       400.0      -2.960        0.000000       -999.0000        0.000000       -999.0000    
  80.00       450.0      -2.960        0.000000       -999.0000        0.000000       -999.0000    
  80.00       500.0      -2.960        0.000000       -999.0000        0.000000       -999.0000    
  80.00      0.9106E-01  -2.400        4019.566       -999.0000       -3776.389       -999.0000    
  80.00      0.1006      -2.400        3574.314       -999.0000       -3000.086       -999.0000    
  80.00      0.1112      -2.400        3175.340       -999.0000       -2352.097       -999.0000    
  80.00      0.1229      -2.400        2820.423       -999.0000       -1817.468       -999.0000    
  80.00      0.1358      -2.400        2504.981       -999.0000       -1378.230       -999.0000    
  80.00      0.1501      -2.400        2223.200       -999.0000       -1017.695       -999.0000    
  80.00      0.1659      -2.400        1972.448       -999.0000       -724.5963       -999.0000    
  80.00      0.1834      -2.400        1748.867       -999.0000       -487.5041       -999.0000    
  80.00      0.2027      -2.400        1550.413       -999.0000       -298.2003       -999.0000    
  80.00      0.2240      -2.400        1374.134       -999.0000       -148.5188       -999.0000    
  80.00      0.2475      -2.400        1217.597       -999.0000       -31.69228       -999.0000    
  80.00      0.2736      -2.400        1077.747       -999.0000        58.63935       -999.0000    
  80.00      0.3023      -2.400        954.0850       -999.0000        126.3496       -999.0000    
  80.00      0.3341      -2.400        843.9102       -999.0000        176.1080       -999.0000    
  80.00      0.3693      -2.400        745.9096       -999.0000        211.1161       -999.0000    
  80.00      0.4081      -2.400        659.1629       -999.0000        234.1660       -999.0000    
  80.00      0.4510      -2.400        582.1334       -999.0000        247.6428       -999.0000    
  80.00      0.4985      -2.400        513.6742       -999.0000        253.5844       -999.0000    
  80.00      0.5509      -2.400        453.0702       -999.0000        253.6224       -999.0000    
  80.00      0.6088      -2.400        399.3555       -999.0000        249.1746       -999.0000    
  80.00      0.6729      -2.400        351.6896       -999.0000        241.3419       -999.0000    
  80.00      0.7436      -2.400        309.5657       -999.0000        231.0707       -999.0000    
  80.00      0.8218      -2.400        272.2442       -999.0000        219.0683       -999.0000    
  80.00      0.9083      -2.400        239.1951       -999.0000        205.9287       -999.0000    
  80.00       1.004      -2.400        209.9401       -999.0000        192.1397       -999.0000    
  80.00       1.109      -2.400        184.2497       -999.0000        178.2035       -999.0000    
  80.00       1.226      -2.400        161.3630       -999.0000        164.2112       -999.0000    
  80.00       1.355      -2.400        141.2185       -999.0000        150.5510       -999.0000    
  80.00       1.497      -2.400        123.5145       -999.0000        137.3958       -999.0000    
  80.00       1.655      -2.400        107.8011       -999.0000        124.7237       -999.0000    
  80.00       1.829      -2.400        94.00988       -999.0000        112.7503       -999.0000    
  80.00       2.021      -2.400        81.88289       -999.0000        101.5191       -999.0000    
  80.00       2.234      -2.400        71.17505       -999.0000        90.99805       -999.0000    
  80.00       2.469      -2.400        61.78207       -999.0000        81.26119       -999.0000    
  80.00       2.729      -2.400        53.52718       -999.0000        72.27167       -999.0000    
  80.00       3.016      -2.400        46.29569       -999.0000        64.03263       -999.0000    
  80.00       3.333      -2.400        39.96055       -999.0000        56.51095       -999.0000    
  80.00       3.683      -2.400        34.41865       -999.0000        49.67917       -999.0000    
  80.00       4.071      -2.400        29.56028       -999.0000        43.47928       -999.0000    
  80.00       4.499      -2.400        25.32819       -999.0000        37.90434       -999.0000    
  80.00       4.972      -2.400        21.63961       -999.0000        32.90018       -999.0000    
  80.00       5.495      -2.400        18.42863       -999.0000        28.42490       -999.0000    
  80.00       6.073      -2.400        15.64019       -999.0000        24.44314       -999.0000    
  80.00       6.711      -2.400        13.22641       -999.0000        20.91627       -999.0000    
  80.00       7.417      -2.400        11.13599       -999.0000        17.79958       -999.0000    
  80.00       8.197      -2.400        9.333653       -999.0000        15.06188       -999.0000    
  80.00       9.059      -2.400        7.784116       -999.0000        12.66783       -999.0000    
  80.00       10.01      -2.400        6.458842       -999.0000        10.58852       -999.0000    
  80.00       11.06      -2.400        5.328267       -999.0000        8.789950       -999.0000    
  80.00       12.23      -2.400        4.359348       -999.0000        7.230094       -999.0000    
  80.00       13.51      -2.400        3.547691       -999.0000        5.908964       -999.0000    
  80.00       14.94      -2.400        2.857294       -999.0000        4.774508       -999.0000    
  80.00       16.51      -2.400        2.283828       -999.0000        3.825066       -999.0000    
  80.00       18.24      -2.400        1.808461       -999.0000        3.032608       -999.0000    
  80.00       20.16      -2.400        1.414414       -999.0000        2.372480       -999.0000    
  80.00       22.28      -2.400        1.092421       -999.0000        1.831015       -999.0000    
  80.00       24.63      -2.400       0.8308520       -999.0000        1.390148       -999.0000    
  80.00       27.22      -2.400       0.6218146       -999.0000        1.037591       -999.0000    
  80.00       30.08      -2.400       0.4565176       -999.0000       0.7589644       -999.0000    
  80.00       33.24      -2.400       0.3277774       -999.0000       0.5424367       -999.0000    
  80.00       36.74      -2.400       0.2290425       -999.0000       0.3769497       -999.0000    
  80.00       40.60      -2.400       0.1552357       -999.0000       0.2538305       -999.0000    
  80.00       44.87      -2.400       0.1013912       -999.0000       0.1645526       -999.0000    
  80.00       49.59      -2.400       0.6342713E-01   -999.0000       0.1020595       -999.0000    
  80.00       54.81      -2.400       0.3766526E-01   -999.0000       0.6000612E-01   -999.0000    
  80.00       60.57      -2.400       0.2104135E-01   -999.0000       0.3313415E-01   -999.0000    
  80.00       66.94      -2.400       0.1091330E-01   -999.0000       0.1694921E-01   -999.0000    
  80.00       73.98      -2.400       0.5167453E-02   -999.0000       0.7892047E-02   -999.0000    
  80.00       81.76      -2.400       0.2184565E-02   -999.0000       0.3267954E-02   -999.0000    
  80.00       89.36      -2.400       0.8998248E-03   -999.0000       0.1315586E-02   -999.0000    
  80.00       90.36      -2.400       0.7975704E-03   -999.0000       0.1162377E-02   -999.0000    
  80.00       91.20      -2.400       0.7200709E-03   -999.0000       0.1046551E-02   -999.0000    
  80.00       92.00      -2.400       0.6527871E-03   -999.0000       0.9461973E-03   -999.0000    
  80.00       99.86      -2.400       0.2390374E-03   -999.0000       0.3368215E-03   -999.0000    
  80.00       110.4      -2.400       0.5346763E-04   -999.0000       0.7203881E-04   -999.0000    
  80.00       120.0      -2.400       0.1090974E-04   -999.0000       0.1398662E-04   -999.0000    
  80.00       130.0      -2.400       0.1412077E-05   -999.0000       0.1698147E-05   -999.0000    
  80.00       140.0      -2.400       0.8192848E-07   -999.0000       0.9088738E-07   -999.0000    
  80.00       150.0      -2.400       0.4092875E-09   -999.0000       0.4125764E-09   -999.0000    
  80.00       160.0      -2.400        0.000000       -999.0000        0.000000       -999.0000    
  80.00       170.0      -2.400        0.000000       -999.0000        0.000000       -999.0000    
  80.00       180.0      -2.400        0.000000       -999.0000        0.000000       -999.0000    
  80.00       190.0      -2.400        0.000000       -999.0000        0.000000       -999.0000    
  80.00       200.0      -2.400        0.000000       -999.0000        0.000000       -999.0000    
  80.00       210.0      -2.400        0.000000       -999.0000        0.000000       -999.0000    
  80.00       220.0      -2.400        0.000000       -999.0000        0.000000       -999.0000    
  80.00       230.0      -2.400        0.000000       -999.0000        0.000000       -999.0000    
  80.00       240.0      -2.400        0.000000       -999.0000        0.000000       -999.0000    
  80.00       250.0      -2.400        0.000000       -999.0000        0.000000       -999.0000    
  80.00       260.0      -2.400        0.000000       -999.0000        0.000000       -999.0000    
  80.00       270.0      -2.400        0.000000       -999.0000        0.000000       -999.0000    
  80.00       280.0      -2.400        0.000000       -999.0000        0.000000       -999.0000    
  80.00       290.0      -2.400        0.000000       -999.0000        0.000000       -999.0000    
  80.00       300.0      -2.400        0.000000       -999.0000        0.000000       -999.0000    
  80.00       310.0      -2.400        0.000000       -999.0000        0.000000       -999.0000    
  80.00       320.0      -2.400        0.000000       -999.0000        0.000000       -999.0000    
  80.00       330.0      -2.400        0.000000       -999.0000        0.000000       -999.0000    
  80.00       340.0      -2.400        0.000000       -999.0000        0.000000       -999.0000    
  80.00       350.0      -2.400        0.000000       -999.0000        0.000000       -999.0000    
  80.00       360.0      -2.400        0.000000       -999.0000        0.000000       -999.0000    
  80.00       370.0      -2.400        0.000000       -999.0000        0.000000       -999.0000    
  80.00       380.0      -2.400        0.000000       -999.0000        0.000000       -999.0000    
  80.00       400.0      -2.400        0.000000       -999.0000        0.000000       -999.0000    
  80.00       450.0      -2.400        0.000000       -999.0000        0.000000       -999.0000    
  80.00       500.0      -2.400        0.000000       -999.0000        0.000000       -999.0000    
  80.00      0.9106E-01  -1.200        25248.13       -999.0000       -36613.45       -999.0000    
  80.00      0.1006      -1.200        22476.76       -999.0000       -30173.69       -999.0000    
  80.00      0.1112      -1.200        19991.21       -999.0000       -24716.28       -999.0000    
  80.00      0.1229      -1.200        17778.21       -999.0000       -20131.98       -999.0000    
  80.00      0.1358      -1.200        15809.46       -999.0000       -16295.84       -999.0000    
  80.00      0.1501      -1.200        14049.27       -999.0000       -13077.19       -999.0000    
  80.00      0.1659      -1.200        12481.51       -999.0000       -10396.42       -999.0000    
  80.00      0.1834      -1.200        11082.28       -999.0000       -8166.797       -999.0000    
  80.00      0.2027      -1.200        9839.074       -999.0000       -6327.840       -999.0000    
  80.00      0.2240      -1.200        8733.568       -999.0000       -4816.396       -999.0000    
  80.00      0.2475      -1.200        7750.773       -999.0000       -3580.578       -999.0000    
  80.00      0.2736      -1.200        6871.816       -999.0000       -2570.389       -999.0000    
  80.00      0.3023      -1.200        6093.731       -999.0000       -1758.662       -999.0000    
  80.00      0.3341      -1.200        5399.680       -999.0000       -1106.504       -999.0000    
  80.00      0.3693      -1.200        4781.758       -999.0000       -588.8316       -999.0000    
  80.00      0.4081      -1.200        4233.877       -999.0000       -184.9156       -999.0000    
  80.00      0.4510      -1.200        3746.686       -999.0000        126.5893       -999.0000    
  80.00      0.4985      -1.200        3313.145       -999.0000        362.3436       -999.0000    
  80.00      0.5509      -1.200        2928.904       -999.0000        535.4787       -999.0000    
  80.00      0.6088      -1.200        2587.840       -999.0000        658.0355       -999.0000    
  80.00      0.6729      -1.200        2284.680       -999.0000        739.8708       -999.0000    
  80.00      0.7436      -1.200        2016.298       -999.0000        788.8622       -999.0000    
  80.00      0.8218      -1.200        1778.085       -999.0000        812.0252       -999.0000    
  80.00      0.9083      -1.200        1566.796       -999.0000        815.0047       -999.0000    
  80.00       1.004      -1.200        1379.466       -999.0000        802.3583       -999.0000    
  80.00       1.109      -1.200        1214.715       -999.0000        778.2274       -999.0000    
  80.00       1.226      -1.200        1067.662       -999.0000        745.4327       -999.0000    
  80.00       1.355      -1.200        937.9321       -999.0000        706.7973       -999.0000    
  80.00       1.497      -1.200        823.6441       -999.0000        664.4297       -999.0000    
  80.00       1.655      -1.200        721.9549       -999.0000        619.5714       -999.0000    
  80.00       1.829      -1.200        632.4696       -999.0000        574.0793       -999.0000    
  80.00       2.021      -1.200        553.5859       -999.0000        528.6262       -999.0000    
  80.00       2.234      -1.200        483.7492       -999.0000        483.8962       -999.0000    
  80.00       2.469      -1.200        422.3201       -999.0000        440.7468       -999.0000    
  80.00       2.729      -1.200        368.1704       -999.0000        399.4682       -999.0000    
  80.00       3.016      -1.200        320.5809       -999.0000        360.4416       -999.0000    
  80.00       3.333      -1.200        278.7543       -999.0000        323.8161       -999.0000    
  80.00       3.683      -1.200        242.0300       -999.0000        289.6994       -999.0000    
  80.00       4.071      -1.200        209.6888       -999.0000        257.9914       -999.0000    
  80.00       4.499      -1.200        181.3817       -999.0000        228.8490       -999.0000    
  80.00       4.972      -1.200        156.5865       -999.0000        202.1639       -999.0000    
  80.00       5.495      -1.200        134.8876       -999.0000        177.8453       -999.0000    
  80.00       6.073      -1.200        115.9308       -999.0000        155.7982       -999.0000    
  80.00       6.711      -1.200        99.41225       -999.0000        135.9246       -999.0000    
  80.00       7.417      -1.200        85.00395       -999.0000        118.0468       -999.0000    
  80.00       8.197      -1.200        72.47831       -999.0000        102.0637       -999.0000    
  80.00       9.059      -1.200        61.60562       -999.0000        87.82494       -999.0000    
  80.00       10.01      -1.200        52.20531       -999.0000        75.23456       -999.0000    
  80.00       11.06      -1.200        44.08693       -999.0000        64.12849       -999.0000    
  80.00       12.23      -1.200        37.03286       -999.0000        54.29715       -999.0000    
  80.00       13.51      -1.200        31.02882       -999.0000        45.79108       -999.0000    
  80.00       14.94      -1.200        25.82904       -999.0000        38.31665       -999.0000    
  80.00       16.51      -1.200        21.42046       -999.0000        31.89967       -999.0000    
  80.00       18.24      -1.200        17.67849       -999.0000        26.39485       -999.0000    
  80.00       20.16      -1.200        14.49178       -999.0000        21.66612       -999.0000    
  80.00       22.28      -1.200        11.80357       -999.0000        17.65197       -999.0000    
  80.00       24.63      -1.200        9.538296       -999.0000        14.25132       -999.0000    
  80.00       27.22      -1.200        7.651230       -999.0000        11.40951       -999.0000    
  80.00       30.08      -1.200        6.084863       -999.0000        9.047240       -999.0000    
  80.00       33.24      -1.200        4.791432       -999.0000        7.097034       -999.0000    
  80.00       36.74      -1.200        3.728409       -999.0000        5.497651       -999.0000    
  80.00       40.60      -1.200        2.866440       -999.0000        4.204230       -999.0000    
  80.00       44.87      -1.200        2.172768       -999.0000        3.167637       -999.0000    
  80.00       49.59      -1.200        1.621232       -999.0000        2.347657       -999.0000    
  80.00       54.81      -1.200        1.188260       -999.0000        1.707834       -999.0000    
  80.00       60.57      -1.200       0.8547227       -999.0000        1.218257       -999.0000    
  80.00       66.94      -1.200       0.6019608       -999.0000       0.8499402       -999.0000    
  80.00       73.98      -1.200       0.4142844       -999.0000       0.5787213       -999.0000    
  80.00       81.76      -1.200       0.2781859       -999.0000       0.3838559       -999.0000    
  80.00       89.36      -1.200       0.1909698       -999.0000       0.2602175       -999.0000    
  80.00       90.36      -1.200       0.1819040       -999.0000       0.2474459       -999.0000    
  80.00       91.20      -1.200       0.1746466       -999.0000       0.2372344       -999.0000    
  80.00       92.00      -1.200       0.1680240       -999.0000       0.2279259       -999.0000    
  80.00       99.86      -1.200       0.1156187       -999.0000       0.1546846       -999.0000    
  80.00       110.4      -1.200       0.7116482E-01   -999.0000       0.9336843E-01   -999.0000    
  80.00       120.0      -1.200       0.4636902E-01   -999.0000       0.5970601E-01   -999.0000    
  80.00       130.0      -1.200       0.3002693E-01   -999.0000       0.3788068E-01   -999.0000    
  80.00       140.0      -1.200       0.1964973E-01   -999.0000       0.2426553E-01   -999.0000    
  80.00       150.0      -1.200       0.1297418E-01   -999.0000       0.1567100E-01   -999.0000    
  80.00       160.0      -1.200       0.8627519E-02   -999.0000       0.1018453E-01   -999.0000    
  80.00       170.0      -1.200       0.5770337E-02   -999.0000       0.6652522E-02   -999.0000    
  80.00       180.0      -1.200       0.3877855E-02   -999.0000       0.4363226E-02   -999.0000    
  80.00       190.0      -1.200       0.2615451E-02   -999.0000       0.2870381E-02   -999.0000    
  80.00       200.0      -1.200       0.1768186E-02   -999.0000       0.1891586E-02   -999.0000    
  80.00       210.0      -1.200       0.1196533E-02   -999.0000       0.1246980E-02   -999.0000    
  80.00       220.0      -1.200       0.8098264E-03   -999.0000       0.8217955E-03   -999.0000    
  80.00       230.0      -1.200       0.5476392E-03   -999.0000       0.5407236E-03   -999.0000    
  80.00       240.0      -1.200       0.3696268E-03   -999.0000       0.3549167E-03   -999.0000    
  80.00       250.0      -1.200       0.2487831E-03   -999.0000       0.2321577E-03   -999.0000    
  80.00       260.0      -1.200       0.1667869E-03   -999.0000       0.1511565E-03   -999.0000    
  80.00       270.0      -1.200       0.1112633E-03   -999.0000       0.9786148E-04   -999.0000    
  80.00       280.0      -1.200       0.7377792E-04   -999.0000       0.6292748E-04   -999.0000    
  80.00       290.0      -1.200       0.4857450E-04   -999.0000       0.4014353E-04   -999.0000    
  80.00       300.0      -1.200       0.3171500E-04   -999.0000       0.2537247E-04   -999.0000    
  80.00       310.0      -1.200       0.2050871E-04   -999.0000       0.1586614E-04   -999.0000    
  80.00       320.0      -1.200       0.1311732E-04   -999.0000       0.9802337E-05   -999.0000    
  80.00       330.0      -1.200       0.8284773E-05   -999.0000       0.5972338E-05   -999.0000    
  80.00       340.0      -1.200       0.5158222E-05   -999.0000       0.3581926E-05   -999.0000    
  80.00       350.0      -1.200       0.3159643E-05   -999.0000       0.2110000E-05   -999.0000    
  80.00       360.0      -1.200       0.1899665E-05   -999.0000       0.1217695E-05   -999.0000    
  80.00       370.0      -1.200       0.1118174E-05   -999.0000       0.6865292E-06   -999.0000    
  80.00       380.0      -1.200       0.6422973E-06   -999.0000       0.3767968E-06   -999.0000    
  80.00       400.0      -1.200       0.1938025E-06   -999.0000       0.1028428E-06   -999.0000    
  80.00       450.0      -1.200       0.4182218E-08   -999.0000       0.1584111E-08   -999.0000    
  80.00       500.0      -1.200       0.3487199E-11   -999.0000       0.6920889E-12   -999.0000    
  80.00      0.9106E-01   0.000        36568.13       -999.0000       -57593.39       -999.0000    
  80.00      0.1006       0.000        32561.99       -999.0000       -47715.49       -999.0000    
  80.00      0.1112       0.000        28968.38       -999.0000       -39320.92       -999.0000    
  80.00      0.1229       0.000        25768.29       -999.0000       -32251.17       -999.0000    
  80.00      0.1358       0.000        22921.22       -999.0000       -26315.24       -999.0000    
  80.00      0.1501       0.000        20375.26       -999.0000       -21318.52       -999.0000    
  80.00      0.1659       0.000        18107.16       -999.0000       -17140.35       -999.0000    
  80.00      0.1834       0.000        16082.47       -999.0000       -13650.00       -999.0000    
  80.00      0.2027       0.000        14283.19       -999.0000       -10756.57       -999.0000    
  80.00      0.2240       0.000        12682.85       -999.0000       -8365.885       -999.0000    
  80.00      0.2475       0.000        11259.78       -999.0000       -6396.243       -999.0000    
  80.00      0.2736       0.000        9986.697       -999.0000       -4777.200       -999.0000    
  80.00      0.3023       0.000        8859.379       -999.0000       -3465.324       -999.0000    
  80.00      0.3341       0.000        7853.520       -999.0000       -2401.210       -999.0000    
  80.00      0.3693       0.000        6957.523       -999.0000       -1546.501       -999.0000    
  80.00      0.4081       0.000        6162.898       -999.0000       -869.1820       -999.0000    
  80.00      0.4510       0.000        5456.128       -999.0000       -336.9702       -999.0000    
  80.00      0.4985       0.000        4827.013       -999.0000        75.58591       -999.0000    
  80.00      0.5509       0.000        4269.255       -999.0000        388.1561       -999.0000    
  80.00      0.6088       0.000        3773.981       -999.0000        619.5028       -999.0000    
  80.00      0.6729       0.000        3333.598       -999.0000        784.9483       -999.0000    
  80.00      0.7436       0.000        2943.632       -999.0000        896.6822       -999.0000    
  80.00      0.8218       0.000        2597.424       -999.0000        965.6868       -999.0000    
  80.00      0.9083       0.000        2290.226       -999.0000        1000.781       -999.0000    
  80.00       1.004       0.000        2017.752       -999.0000        1009.268       -999.0000    
  80.00       1.109       0.000        1778.021       -999.0000        997.3917       -999.0000    
  80.00       1.226       0.000        1563.923       -999.0000        969.9258       -999.0000    
  80.00       1.355       0.000        1374.948       -999.0000        931.2168       -999.0000    
  80.00       1.497       0.000        1208.393       -999.0000        884.7241       -999.0000    
  80.00       1.655       0.000        1060.121       -999.0000        832.5656       -999.0000    
  80.00       1.829       0.000        929.6136       -999.0000        777.4908       -999.0000    
  80.00       2.021       0.000        814.5219       -999.0000        721.1027       -999.0000    
  80.00       2.234       0.000        712.5661       -999.0000        664.3920       -999.0000    
  80.00       2.469       0.000        622.8183       -999.0000        608.6912       -999.0000    
  80.00       2.729       0.000        543.6392       -999.0000        554.6585       -999.0000    
  80.00       3.016       0.000        473.9833       -999.0000        502.8478       -999.0000    
  80.00       3.333       0.000        412.7029       -999.0000        453.8891       -999.0000    
  80.00       3.683       0.000        358.8597       -999.0000        407.8661       -999.0000    
  80.00       4.071       0.000        311.4189       -999.0000        364.9001       -999.0000    
  80.00       4.499       0.000        269.8696       -999.0000        325.0676       -999.0000    
  80.00       4.972       0.000        233.4378       -999.0000        288.3717       -999.0000    
  80.00       5.495       0.000        201.5219       -999.0000        254.7439       -999.0000    
  80.00       6.073       0.000        173.6105       -999.0000        224.0989       -999.0000    
  80.00       6.711       0.000        149.2574       -999.0000        196.3400       -999.0000    
  80.00       7.417       0.000        127.9845       -999.0000        171.2506       -999.0000    
  80.00       8.197       0.000        109.4650       -999.0000        148.7197       -999.0000    
  80.00       9.059       0.000        93.36081       -999.0000        128.5664       -999.0000    
  80.00       10.01       0.000        79.40611       -999.0000        110.6674       -999.0000    
  80.00       11.06       0.000        67.32494       -999.0000        94.79976       -999.0000    
  80.00       12.23       0.000        56.80911       -999.0000        80.70775       -999.0000    
  80.00       13.51       0.000        47.84271       -999.0000        68.45786       -999.0000    
  80.00       14.94       0.000        40.05629       -999.0000        57.64600       -999.0000    
  80.00       16.51       0.000        33.43267       -999.0000        48.31863       -999.0000    
  80.00       18.24       0.000        27.78594       -999.0000        40.27303       -999.0000    
  80.00       20.16       0.000        22.95543       -999.0000        33.32380       -999.0000    
  80.00       22.28       0.000        18.86225       -999.0000        27.38926       -999.0000    
  80.00       24.63       0.000        15.39687       -999.0000        22.33546       -999.0000    
  80.00       27.22       0.000        12.49271       -999.0000        18.08445       -999.0000    
  80.00       30.08       0.000        10.06375       -999.0000        14.52212       -999.0000    
  80.00       33.24       0.000        8.039739       -999.0000        11.55456       -999.0000    
  80.00       36.74       0.000        6.360783       -999.0000        9.096815       -999.0000    
  80.00       40.60       0.000        4.984720       -999.0000        7.088374       -999.0000    
  80.00       44.87       0.000        3.862443       -999.0000        5.457474       -999.0000    
  80.00       49.59       0.000        2.955809       -999.0000        4.147156       -999.0000    
  80.00       54.81       0.000        2.230611       -999.0000        3.105897       -999.0000    
  80.00       60.57       0.000        1.659593       -999.0000        2.291742       -999.0000    
  80.00       66.94       0.000        1.215298       -999.0000        1.662991       -999.0000    
  80.00       73.98       0.000       0.8750402       -999.0000        1.185418       -999.0000    
  80.00       81.76       0.000       0.6190366       -999.0000       0.8293108       -999.0000    
  80.00       89.36       0.000       0.4481755       -999.0000       0.5938337       -999.0000    
  80.00       90.36       0.000       0.4299644       -999.0000       0.5688799       -999.0000    
  80.00       91.20       0.000       0.4153100       -999.0000       0.5488108       -999.0000    
  80.00       92.00       0.000       0.4018740       -999.0000       0.5304291       -999.0000    
  80.00       99.86       0.000       0.2930474       -999.0000       0.3823019       -999.0000    
  80.00       110.4       0.000       0.1955525       -999.0000       0.2510510       -999.0000    
  80.00       120.0       0.000       0.1375758       -999.0000       0.1739932       -999.0000    
  80.00       130.0       0.000       0.9682049E-01   -999.0000       0.1205110       -999.0000    
  80.00       140.0       0.000       0.6907095E-01   -999.0000       0.8457982E-01   -999.0000    
  80.00       150.0       0.000       0.4987194E-01   -999.0000       0.6006211E-01   -999.0000    
  80.00       160.0       0.000       0.3639589E-01   -999.0000       0.4309665E-01   -999.0000    
  80.00       170.0       0.000       0.2681502E-01   -999.0000       0.3121079E-01   -999.0000    
  80.00       180.0       0.000       0.1992323E-01   -999.0000       0.2278796E-01   -999.0000    
  80.00       190.0       0.000       0.1491331E-01   -999.0000       0.1675841E-01   -999.0000    
  80.00       200.0       0.000       0.1123693E-01   -999.0000       0.1240302E-01   -999.0000    
  80.00       210.0       0.000       0.8516374E-02   -999.0000       0.9231420E-02   -999.0000    
  80.00       220.0       0.000       0.6488107E-02   -999.0000       0.6905301E-02   -999.0000    
  80.00       230.0       0.000       0.4965333E-02   -999.0000       0.5187654E-02   -999.0000    
  80.00       240.0       0.000       0.3815175E-02   -999.0000       0.3912130E-02   -999.0000    
  80.00       250.0       0.000       0.2941671E-02   -999.0000       0.2959997E-02   -999.0000    
  80.00       260.0       0.000       0.2275096E-02   -999.0000       0.2245977E-02   -999.0000    
  80.00       270.0       0.000       0.1764098E-02   -999.0000       0.1708262E-02   -999.0000    
  80.00       280.0       0.000       0.1370932E-02   -999.0000       0.1301942E-02   -999.0000    
  80.00       290.0       0.000       0.1067386E-02   -999.0000       0.9939075E-03   -999.0000    
  80.00       300.0       0.000       0.8323524E-03   -999.0000       0.7598016E-03   -999.0000    
  80.00       310.0       0.000       0.6498458E-03   -999.0000       0.5813888E-03   -999.0000    
  80.00       320.0       0.000       0.5078519E-03   -999.0000       0.4452137E-03   -999.0000    
  80.00       330.0       0.000       0.3971608E-03   -999.0000       0.3410854E-03   -999.0000    
  80.00       340.0       0.000       0.3107177E-03   -999.0000       0.2613536E-03   -999.0000    
  80.00       350.0       0.000       0.2431437E-03   -999.0000       0.2002486E-03   -999.0000    
  80.00       360.0       0.000       0.1902597E-03   -999.0000       0.1533868E-03   -999.0000    
  80.00       370.0       0.000       0.1488414E-03   -999.0000       0.1174278E-03   -999.0000    
  80.00       380.0       0.000       0.1163914E-03   -999.0000       0.8983611E-04   -999.0000    
  80.00       400.0       0.000       0.7101308E-04   -999.0000       0.5240783E-04   -999.0000    
  80.00       450.0       0.000       0.2021593E-04   -999.0000       0.1324983E-04   -999.0000    
  80.00       500.0       0.000       0.5480538E-05   -999.0000       0.3151171E-05   -999.0000    
  80.00      0.9106E-01   1.200        38950.41       -999.0000       -59540.15       -999.0000    
  80.00      0.1006       1.200        34680.44       -999.0000       -49241.72       -999.0000    
  80.00      0.1112       1.200        30850.69       -999.0000       -40492.71       -999.0000    
  80.00      0.1229       1.200        27439.93       -999.0000       -33131.20       -999.0000    
  80.00      0.1358       1.200        24405.48       -999.0000       -26957.26       -999.0000    
  80.00      0.1501       1.200        21692.14       -999.0000       -21766.43       -999.0000    
  80.00      0.1659       1.200        19275.12       -999.0000       -17446.16       -999.0000    
  80.00      0.1834       1.200        17117.63       -999.0000       -13828.91       -999.0000    
  80.00      0.2027       1.200        15200.44       -999.0000       -10836.48       -999.0000    
  80.00      0.2240       1.200        13495.36       -999.0000       -8369.248       -999.0000    
  80.00      0.2475       1.200        11979.31       -999.0000       -6343.428       -999.0000    
  80.00      0.2736       1.200        10623.24       -999.0000       -4679.334       -999.0000    
  80.00      0.3023       1.200        9422.598       -999.0000       -3334.211       -999.0000    
  80.00      0.3341       1.200        8351.452       -999.0000       -2246.988       -999.0000    
  80.00      0.3693       1.200        7397.643       -999.0000       -1377.045       -999.0000    
  80.00      0.4081       1.200        6551.794       -999.0000       -691.4809       -999.0000    
  80.00      0.4510       1.200        5799.500       -999.0000       -155.8758       -999.0000    
  80.00      0.4985       1.200        5129.923       -999.0000        261.5536       -999.0000    
  80.00      0.5509       1.200        4536.373       -999.0000        569.7599       -999.0000    
  80.00      0.6088       1.200        4009.415       -999.0000        794.5722       -999.0000    
  80.00      0.6729       1.200        3540.921       -999.0000        952.0638       -999.0000    
  80.00      0.7436       1.200        3126.080       -999.0000        1054.763       -999.0000    
  80.00      0.8218       1.200        2757.785       -999.0000        1114.109       -999.0000    
  80.00      0.9083       1.200        2431.039       -999.0000        1139.182       -999.0000    
  80.00       1.004       1.200        2141.272       -999.0000        1137.536       -999.0000    
  80.00       1.109       1.200        1886.366       -999.0000        1115.668       -999.0000    
  80.00       1.226       1.200        1658.783       -999.0000        1078.414       -999.0000    
  80.00       1.355       1.200        1457.952       -999.0000        1030.271       -999.0000    
  80.00       1.497       1.200        1280.974       -999.0000        974.7727       -999.0000    
  80.00       1.655       1.200        1123.455       -999.0000        914.0846       -999.0000    
  80.00       1.829       1.200        984.7937       -999.0000        850.9450       -999.0000    
  80.00       2.021       1.200        862.5178       -999.0000        787.2084       -999.0000    
  80.00       2.234       1.200        754.2272       -999.0000        723.4793       -999.0000    
  80.00       2.469       1.200        658.9382       -999.0000        661.3822       -999.0000    
  80.00       2.729       1.200        574.9078       -999.0000        601.5609       -999.0000    
  80.00       3.016       1.200        501.0260       -999.0000        544.5561       -999.0000    
  80.00       3.333       1.200        436.0611       -999.0000        490.7115       -999.0000    
  80.00       3.683       1.200        378.9932       -999.0000        440.2892       -999.0000    
  80.00       4.071       1.200        328.7096       -999.0000        393.2331       -999.0000    
  80.00       4.499       1.200        284.6728       -999.0000        349.7946       -999.0000    
  80.00       4.972       1.200        246.0763       -999.0000        309.8684       -999.0000    
  80.00       5.495       1.200        212.2770       -999.0000        273.3629       -999.0000    
  80.00       6.073       1.200        182.7275       -999.0000        240.1559       -999.0000    
  80.00       6.711       1.200        156.9581       -999.0000        210.1319       -999.0000    
  80.00       7.417       1.200        134.4609       -999.0000        183.0427       -999.0000    
  80.00       8.197       1.200        114.8843       -999.0000        158.7515       -999.0000    
  80.00       9.059       1.200        97.87221       -999.0000        137.0604       -999.0000    
  80.00       10.01       1.200        83.14606       -999.0000        117.8136       -999.0000    
  80.00       11.06       1.200        70.41068       -999.0000        100.7944       -999.0000    
  80.00       12.23       1.200        59.32759       -999.0000        85.68234       -999.0000    
  80.00       13.51       1.200        49.87740       -999.0000        72.56544       -999.0000    
  80.00       14.94       1.200        41.67672       -999.0000        61.00253       -999.0000    
  80.00       16.51       1.200        34.70796       -999.0000        51.04103       -999.0000    
  80.00       18.24       1.200        28.77771       -999.0000        42.46384       -999.0000    
  80.00       20.16       1.200        23.71241       -999.0000        35.06587       -999.0000    
  80.00       22.28       1.200        19.42483       -999.0000        28.75526       -999.0000    
  80.00       24.63       1.200        15.79756       -999.0000        23.38601       -999.0000    
  80.00       27.22       1.200        12.76228       -999.0000        18.87383       -999.0000    
  80.00       30.08       1.200        10.22976       -999.0000        15.09953       -999.0000    
  80.00       33.24       1.200        8.125947       -999.0000        11.96207       -999.0000    
  80.00       36.74       1.200        6.384712       -999.0000        9.367446       -999.0000    
  80.00       40.60       1.200        4.961417       -999.0000        7.250875       -999.0000    
  80.00       44.87       1.200        3.805336       -999.0000        5.536515       -999.0000    
  80.00       49.59       1.200        2.876296       -999.0000        4.163869       -999.0000    
  80.00       54.81       1.200        2.137981       -999.0000        3.078082       -999.0000    
  80.00       60.57       1.200        1.561340       -999.0000        2.234341       -999.0000    
  80.00       66.94       1.200        1.117601       -999.0000        1.588428       -999.0000    
  80.00       73.98       1.200       0.7824785       -999.0000        1.103539       -999.0000    
  80.00       81.76       1.200       0.5349497       -999.0000       0.7477293       -999.0000    
  80.00       89.36       1.200       0.3733411       -999.0000       0.5170675       -999.0000    
  80.00       90.36       1.200       0.3563620       -999.0000       0.4929390       -999.0000    
  80.00       91.20       1.200       0.3427406       -999.0000       0.4735995       -999.0000    
  80.00       92.00       1.200       0.3302869       -999.0000       0.4559327       -999.0000    
  80.00       99.86       1.200       0.2308252       -999.0000       0.3154161       -999.0000    
  80.00       110.4       1.200       0.1448122       -999.0000       0.1950160       -999.0000    
  80.00       120.0       1.200       0.9585106E-01   -999.0000       0.1272686       -999.0000    
  80.00       130.0       1.200       0.6299462E-01   -999.0000       0.8235712E-01   -999.0000    
  80.00       140.0       1.200       0.4177909E-01   -999.0000       0.5373617E-01   -999.0000    
  80.00       150.0       1.200       0.2792312E-01   -999.0000       0.3530433E-01   -999.0000    
  80.00       160.0       1.200       0.1877369E-01   -999.0000       0.2331693E-01   -999.0000    
  80.00       170.0       1.200       0.1268251E-01   -999.0000       0.1546189E-01   -999.0000    
  80.00       180.0       1.200       0.8602345E-02   -999.0000       0.1028740E-01   -999.0000    
  80.00       190.0       1.200       0.5852202E-02   -999.0000       0.6860391E-02   -999.0000    
  80.00       200.0       1.200       0.3988517E-02   -999.0000       0.4580077E-02   -999.0000    
  80.00       210.0       1.200       0.2719818E-02   -999.0000       0.3057348E-02   -999.0000    
  80.00       220.0       1.200       0.1854036E-02   -999.0000       0.2038847E-02   -999.0000    
  80.00       230.0       1.200       0.1262496E-02   -999.0000       0.1357189E-02   -999.0000    
  80.00       240.0       1.200       0.8578999E-03   -999.0000       0.9008368E-03   -999.0000    
  80.00       250.0       1.200       0.5811962E-03   -999.0000       0.5957639E-03   -999.0000    
  80.00       260.0       1.200       0.3921186E-03   -999.0000       0.3920677E-03   -999.0000    
  80.00       270.0       1.200       0.2631789E-03   -999.0000       0.2564623E-03   -999.0000    
  80.00       280.0       1.200       0.1755258E-03   -999.0000       0.1665467E-03   -999.0000    
  80.00       290.0       1.200       0.1161994E-03   -999.0000       0.1072596E-03   -999.0000    
  80.00       300.0       1.200       0.7625739E-04   -999.0000       0.6841000E-04   -999.0000    
  80.00       310.0       1.200       0.4953887E-04   -999.0000       0.4314329E-04   -999.0000    
  80.00       320.0       1.200       0.3180949E-04   -999.0000       0.2686308E-04   -999.0000    
  80.00       330.0       1.200       0.2015298E-04   -999.0000       0.1648152E-04   -999.0000    
  80.00       340.0       1.200       0.1257372E-04   -999.0000       0.9944092E-05   -999.0000    
  80.00       350.0       1.200       0.7708298E-05   -999.0000       0.5885867E-05   -999.0000    
  80.00       360.0       1.200       0.4631379E-05   -999.0000       0.3408370E-05   -999.0000    
  80.00       370.0       1.200       0.2719189E-05   -999.0000       0.1924891E-05   -999.0000    
  80.00       380.0       1.200       0.1554558E-05   -999.0000       0.1056184E-05   -999.0000    
  80.00       400.0       1.200       0.4607969E-06   -999.0000       0.2860698E-06   -999.0000    
  80.00       450.0       1.200       0.8806194E-08   -999.0000       0.4052047E-08   -999.0000    
  80.00       500.0       1.200       0.5221041E-11   -999.0000       0.1362191E-11   -999.0000    
  80.00      0.9106E-01   2.400        12605.18       -999.0000       -13272.44       -999.0000    
  80.00      0.1006       2.400        11211.87       -999.0000       -10663.80       -999.0000    
  80.00      0.1112       2.400        9963.142       -999.0000       -8476.226       -999.0000    
  80.00      0.1229       2.400        8852.085       -999.0000       -6661.386       -999.0000    
  80.00      0.1358       2.400        7864.400       -999.0000       -5163.437       -999.0000    
  80.00      0.1501       2.400        6981.919       -999.0000       -3926.237       -999.0000    
  80.00      0.1659       2.400        6196.439       -999.0000       -2913.356       -999.0000    
  80.00      0.1834       2.400        5495.912       -999.0000       -2087.429       -999.0000    
  80.00      0.2027       2.400        4873.961       -999.0000       -1421.668       -999.0000    
  80.00      0.2240       2.400        4321.373       -999.0000       -889.0184       -999.0000    
  80.00      0.2475       2.400        3830.547       -999.0000       -467.1004       -999.0000    
  80.00      0.2736       2.400        3391.928       -999.0000       -134.1534       -999.0000    
  80.00      0.3023       2.400        3003.971       -999.0000        120.8713       -999.0000    
  80.00      0.3341       2.400        2658.229       -999.0000        314.2719       -999.0000    
  80.00      0.3693       2.400        2350.598       -999.0000        456.6665       -999.0000    
  80.00      0.4081       2.400        2078.213       -999.0000        557.3650       -999.0000    
  80.00      0.4510       2.400        1836.263       -999.0000        624.5687       -999.0000    
  80.00      0.4985       2.400        1621.161       -999.0000        664.9146       -999.0000    
  80.00      0.5509       2.400        1430.674       -999.0000        683.8672       -999.0000    
  80.00      0.6088       2.400        1261.781       -999.0000        686.2320       -999.0000    
  80.00      0.6729       2.400        1111.852       -999.0000        675.8357       -999.0000    
  80.00      0.7436       2.400        979.3034       -999.0000        655.9189       -999.0000    
  80.00      0.8218       2.400        861.8195       -999.0000        628.9529       -999.0000    
  80.00      0.9083       2.400        757.7407       -999.0000        596.9448       -999.0000    
  80.00       1.004       2.400        665.5692       -999.0000        561.6476       -999.0000    
  80.00       1.109       2.400        584.5901       -999.0000        524.7002       -999.0000    
  80.00       1.226       2.400        512.4133       -999.0000        486.6473       -999.0000    
  80.00       1.355       2.400        448.8523       -999.0000        448.7629       -999.0000    
  80.00       1.497       2.400        392.9616       -999.0000        411.7266       -999.0000    
  80.00       1.655       2.400        343.3269       -999.0000        375.6190       -999.0000    
  80.00       1.829       2.400        299.7373       -999.0000        341.1858       -999.0000    
  80.00       2.021       2.400        261.3829       -999.0000        308.5476       -999.0000    
  80.00       2.234       2.400        227.4934       -999.0000        277.7337       -999.0000    
  80.00       2.469       2.400        197.7430       -999.0000        249.0132       -999.0000    
  80.00       2.729       2.400        171.5762       -999.0000        222.3363       -999.0000    
  80.00       3.016       2.400        148.6338       -999.0000        197.7534       -999.0000    
  80.00       3.333       2.400        128.5162       -999.0000        175.1935       -999.0000    
  80.00       3.683       2.400        110.8997       -999.0000        154.6010       -999.0000    
  80.00       4.071       2.400        95.43905       -999.0000        135.8267       -999.0000    
  80.00       4.499       2.400        81.95526       -999.0000        118.8686       -999.0000    
  80.00       4.972       2.400        70.18775       -999.0000        103.5858       -999.0000    
  80.00       5.495       2.400        59.92927       -999.0000        89.86493       -999.0000    
  80.00       6.073       2.400        51.00626       -999.0000        77.60339       -999.0000    
  80.00       6.711       2.400        43.26813       -999.0000        66.70382       -999.0000    
  80.00       7.417       2.400        36.55315       -999.0000        57.02977       -999.0000    
  80.00       8.197       2.400        30.75059       -999.0000        48.49689       -999.0000    
  80.00       9.059       2.400        25.74939       -999.0000        41.00189       -999.0000    
  80.00       10.01       2.400        21.46003       -999.0000        34.46257       -999.0000    
  80.00       11.06       2.400        17.78927       -999.0000        28.77956       -999.0000    
  80.00       12.23       2.400        14.63225       -999.0000        23.82461       -999.0000    
  80.00       13.51       2.400        11.97716       -999.0000        19.60621       -999.0000    
  80.00       14.94       2.400        9.708585       -999.0000        15.96271       -999.0000    
  80.00       16.51       2.400        7.814852       -999.0000        12.89301       -999.0000    
  80.00       18.24       2.400        6.236343       -999.0000        10.31326       -999.0000    
  80.00       20.16       2.400        4.919648       -999.0000        8.147554       -999.0000    
  80.00       22.28       2.400        3.836210       -999.0000        6.356411       -999.0000    
  80.00       24.63       2.400        2.949038       -999.0000        4.884320       -999.0000    
  80.00       27.22       2.400        2.233579       -999.0000        3.694476       -999.0000    
  80.00       30.08       2.400        1.661971       -999.0000        2.743098       -999.0000    
  80.00       33.24       2.400        1.211446       -999.0000        1.993585       -999.0000    
  80.00       36.74       2.400       0.8611249       -999.0000        1.411735       -999.0000    
  80.00       40.60       2.400       0.5949761       -999.0000       0.9710713       -999.0000    
  80.00       44.87       2.400       0.3971401       -999.0000       0.6448115       -999.0000    
  80.00       49.59       2.400       0.2545731       -999.0000       0.4108705       -999.0000    
  80.00       54.81       2.400       0.1553532       -999.0000       0.2489754       -999.0000    
  80.00       60.57       2.400       0.8944028E-01   -999.0000       0.1422081       -999.0000    
  80.00       66.94       2.400       0.4794422E-01   -999.0000       0.7551482E-01   -999.0000    
  80.00       73.98       2.400       0.2351734E-01   -999.0000       0.3661894E-01   -999.0000    
  80.00       81.76       2.400       0.1031350E-01   -999.0000       0.1583256E-01   -999.0000    
  80.00       89.36       2.400       0.4386596E-02   -999.0000       0.6628478E-02   -999.0000    
  80.00       90.36       2.400       0.3903110E-02   -999.0000       0.5884856E-02   -999.0000    
  80.00       91.20       2.400       0.3535058E-02   -999.0000       0.5319717E-02   -999.0000    
  80.00       92.00       2.400       0.3214261E-02   -999.0000       0.4827864E-02   -999.0000    
  80.00       99.86       2.400       0.1206731E-02   -999.0000       0.1777111E-02   -999.0000    
  80.00       110.4       2.400       0.2748224E-03   -999.0000       0.3920664E-03   -999.0000    
  80.00       120.0       2.400       0.5566571E-04   -999.0000       0.7661096E-04   -999.0000    
  80.00       130.0       2.400       0.6875669E-05   -999.0000       0.9022817E-05   -999.0000    
  80.00       140.0       2.400       0.3547556E-06   -999.0000       0.4370556E-06   -999.0000    
  80.00       150.0       2.400       0.1330244E-08   -999.0000       0.1508019E-08   -999.0000    
  80.00       160.0       2.400        0.000000       -999.0000        0.000000       -999.0000    
  80.00       170.0       2.400        0.000000       -999.0000        0.000000       -999.0000    
  80.00       180.0       2.400        0.000000       -999.0000        0.000000       -999.0000    
  80.00       190.0       2.400        0.000000       -999.0000        0.000000       -999.0000    
  80.00       200.0       2.400        0.000000       -999.0000        0.000000       -999.0000    
  80.00       210.0       2.400        0.000000       -999.0000        0.000000       -999.0000    
  80.00       220.0       2.400        0.000000       -999.0000        0.000000       -999.0000    
  80.00       230.0       2.400        0.000000       -999.0000        0.000000       -999.0000    
  80.00       240.0       2.400        0.000000       -999.0000        0.000000       -999.0000    
  80.00       250.0       2.400        0.000000       -999.0000        0.000000       -999.0000    
  80.00       260.0       2.400        0.000000       -999.0000        0.000000       -999.0000    
  80.00       270.0       2.400        0.000000       -999.0000        0.000000       -999.0000    
  80.00       280.0       2.400        0.000000       -999.0000        0.000000       -999.0000    
  80.00       290.0       2.400        0.000000       -999.0000        0.000000       -999.0000    
  80.00       300.0       2.400        0.000000       -999.0000        0.000000       -999.0000    
  80.00       310.0       2.400        0.000000       -999.0000        0.000000       -999.0000    
  80.00       320.0       2.400        0.000000       -999.0000        0.000000       -999.0000    
  80.00       330.0       2.400        0.000000       -999.0000        0.000000       -999.0000    
  80.00       340.0       2.400        0.000000       -999.0000        0.000000       -999.0000    
  80.00       350.0       2.400        0.000000       -999.0000        0.000000       -999.0000    
  80.00       360.0       2.400        0.000000       -999.0000        0.000000       -999.0000    
  80.00       370.0       2.400        0.000000       -999.0000        0.000000       -999.0000    
  80.00       380.0       2.400        0.000000       -999.0000        0.000000       -999.0000    
  80.00       400.0       2.400        0.000000       -999.0000        0.000000       -999.0000    
  80.00       450.0       2.400        0.000000       -999.0000        0.000000       -999.0000    
  80.00       500.0       2.400        0.000000       -999.0000        0.000000       -999.0000    
  80.00      0.9106E-01   2.960        343.9201       -999.0000       -98.26115       -999.0000    
  80.00      0.1006       2.960        305.3306       -999.0000       -59.52325       -999.0000    
  80.00      0.1112       2.960        270.7895       -999.0000       -28.62210       -999.0000    
  80.00      0.1229       2.960        240.0990       -999.0000       -4.459430       -999.0000    
  80.00      0.1358       2.960        212.8564       -999.0000        14.12658       -999.0000    
  80.00      0.1501       2.960        188.5498       -999.0000        28.20415       -999.0000    
  80.00      0.1659       2.960        166.9484       -999.0000        38.50822       -999.0000    
  80.00      0.1834       2.960        147.7177       -999.0000        45.80449       -999.0000    
  80.00      0.2027       2.960        130.6750       -999.0000        50.59358       -999.0000    
  80.00      0.2240       2.960        115.5586       -999.0000        53.40637       -999.0000    
  80.00      0.2475       2.960        102.1553       -999.0000        54.65695       -999.0000    
  80.00      0.2736       2.960        90.19896       -999.0000        54.67923       -999.0000    
  80.00      0.3023       2.960        79.64126       -999.0000        53.76293       -999.0000    
  80.00      0.3341       2.960        70.25304       -999.0000        52.13674       -999.0000    
  80.00      0.3693       2.960        61.91806       -999.0000        49.98592       -999.0000    
  80.00      0.4081       2.960        54.55140       -999.0000        47.47619       -999.0000    
  80.00      0.4510       2.960        48.02194       -999.0000        44.72673       -999.0000    
  80.00      0.4985       2.960        42.23117       -999.0000        41.83362       -999.0000    
  80.00      0.5509       2.960        37.11707       -999.0000        38.88760       -999.0000    
  80.00      0.6088       2.960        32.59403       -999.0000        35.94689       -999.0000    
  80.00      0.6729       2.960        28.58781       -999.0000        33.05204       -999.0000    
  80.00      0.7436       2.960        25.05615       -999.0000        30.25436       -999.0000    
  80.00      0.8218       2.960        21.93459       -999.0000        27.56849       -999.0000    
  80.00      0.9083       2.960        19.17739       -999.0000        25.01396       -999.0000    
  80.00       1.004       2.960        16.74404       -999.0000        22.60352       -999.0000    
  80.00       1.109       2.960        14.61412       -999.0000        20.36206       -999.0000    
  80.00       1.226       2.960        12.72231       -999.0000        18.25836       -999.0000    
  80.00       1.355       2.960        11.06197       -999.0000        16.31669       -999.0000    
  80.00       1.497       2.960        9.607269       -999.0000        14.53570       -999.0000    
  80.00       1.655       2.960        8.320725       -999.0000        12.89191       -999.0000    
  80.00       1.829       2.960        7.195864       -999.0000        11.39705       -999.0000    
  80.00       2.021       2.960        6.211152       -999.0000        10.04030       -999.0000    
  80.00       2.234       2.960        5.345819       -999.0000        8.807042       -999.0000    
  80.00       2.469       2.960        4.590556       -999.0000        7.696884       -999.0000    
  80.00       2.729       2.960        3.930274       -999.0000        6.698231       -999.0000    
  80.00       3.016       2.960        3.354899       -999.0000        5.805013       -999.0000    
  80.00       3.333       2.960        2.854084       -999.0000        5.008355       -999.0000    
  80.00       3.683       2.960        2.419386       -999.0000        4.300849       -999.0000    
  80.00       4.071       2.960        2.041368       -999.0000        3.672794       -999.0000    
  80.00       4.499       2.960        1.715090       -999.0000        3.120120       -999.0000    
  80.00       4.972       2.960        1.433563       -999.0000        2.634783       -999.0000    
  80.00       5.495       2.960        1.191425       -999.0000        2.210452       -999.0000    
  80.00       6.073       2.960       0.9840201       -999.0000        1.841439       -999.0000    
  80.00       6.711       2.960       0.8073289       -999.0000        1.522665       -999.0000    
  80.00       7.417       2.960       0.6570475       -999.0000        1.248122       -999.0000    
  80.00       8.197       2.960       0.5301274       -999.0000        1.013553       -999.0000    
  80.00       9.059       2.960       0.4235925       -999.0000       0.8144899       -999.0000    
  80.00       10.01       2.960       0.3349577       -999.0000       0.6472648       -999.0000    
  80.00       11.06       2.960       0.2617155       -999.0000       0.5078324       -999.0000    
  80.00       12.23       2.960       0.2012397       -999.0000       0.3918303       -999.0000    
  80.00       13.51       2.960       0.1526944       -999.0000       0.2980665       -999.0000    
  80.00       14.94       2.960       0.1133656       -999.0000       0.2217065       -999.0000    
  80.00       16.51       2.960       0.8251832E-01   -999.0000       0.1615359       -999.0000    
  80.00       18.24       2.960       0.5858955E-01   -999.0000       0.1147133       -999.0000    
  80.00       20.16       2.960       0.4026055E-01   -999.0000       0.7878643E-01   -999.0000    
  80.00       22.28       2.960       0.2663343E-01   -999.0000       0.5204720E-01   -999.0000    
  80.00       24.63       2.960       0.1677028E-01   -999.0000       0.3271843E-01   -999.0000    
  80.00       27.22       2.960       0.9952824E-02   -999.0000       0.1937263E-01   -999.0000    
  80.00       30.08       2.960       0.5461546E-02   -999.0000       0.1060797E-01   -999.0000    
  80.00       33.24       2.960       0.2702395E-02   -999.0000       0.5235791E-02   -999.0000    
  80.00       36.74       2.960       0.1157047E-02   -999.0000       0.2236584E-02   -999.0000    
  80.00       40.60       2.960       0.4042488E-03   -999.0000       0.7796036E-03   -999.0000    
  80.00       44.87       2.960       0.1027445E-03   -999.0000       0.1976975E-03   -999.0000    
  80.00       49.59       2.960       0.1501228E-04   -999.0000       0.2879652E-04   -999.0000    
  80.00       54.81       2.960       0.6504184E-06   -999.0000       0.1241313E-05   -999.0000    
  80.00       60.57       2.960       0.3844246E-09   -999.0000       0.7209215E-09   -999.0000    
  80.00       66.94       2.960        0.000000       -999.0000        0.000000       -999.0000    
  80.00       73.98       2.960        0.000000       -999.0000        0.000000       -999.0000    
  80.00       81.76       2.960        0.000000       -999.0000        0.000000       -999.0000    
  80.00       89.36       2.960        0.000000       -999.0000        0.000000       -999.0000    
  80.00       90.36       2.960        0.000000       -999.0000        0.000000       -999.0000    
  80.00       91.20       2.960        0.000000       -999.0000        0.000000       -999.0000    
  80.00       92.00       2.960        0.000000       -999.0000        0.000000       -999.0000    
  80.00       99.86       2.960        0.000000       -999.0000        0.000000       -999.0000    
  80.00       110.4       2.960        0.000000       -999.0000        0.000000       -999.0000    
  80.00       120.0       2.960        0.000000       -999.0000        0.000000       -999.0000    
  80.00       130.0       2.960        0.000000       -999.0000        0.000000       -999.0000    
  80.00       140.0       2.960        0.000000       -999.0000        0.000000       -999.0000    
  80.00       150.0       2.960        0.000000       -999.0000        0.000000       -999.0000    
  80.00       160.0       2.960        0.000000       -999.0000        0.000000       -999.0000    
  80.00       170.0       2.960        0.000000       -999.0000        0.000000       -999.0000    
  80.00       180.0       2.960        0.000000       -999.0000        0.000000       -999.0000    
  80.00       190.0       2.960        0.000000       -999.0000        0.000000       -999.0000    
  80.00       200.0       2.960        0.000000       -999.0000        0.000000       -999.0000    
  80.00       210.0       2.960        0.000000       -999.0000        0.000000       -999.0000    
  80.00       220.0       2.960        0.000000       -999.0000        0.000000       -999.0000    
  80.00       230.0       2.960        0.000000       -999.0000        0.000000       -999.0000    
  80.00       240.0       2.960        0.000000       -999.0000        0.000000       -999.0000    
  80.00       250.0       2.960        0.000000       -999.0000        0.000000       -999.0000    
  80.00       260.0       2.960        0.000000       -999.0000        0.000000       -999.0000    
  80.00       270.0       2.960        0.000000       -999.0000        0.000000       -999.0000    
  80.00       280.0       2.960        0.000000       -999.0000        0.000000       -999.0000    
  80.00       290.0       2.960        0.000000       -999.0000        0.000000       -999.0000    
  80.00       300.0       2.960        0.000000       -999.0000        0.000000       -999.0000    
  80.00       310.0       2.960        0.000000       -999.0000        0.000000       -999.0000    
  80.00       320.0       2.960        0.000000       -999.0000        0.000000       -999.0000    
  80.00       330.0       2.960        0.000000       -999.0000        0.000000       -999.0000    
  80.00       340.0       2.960        0.000000       -999.0000        0.000000       -999.0000    
  80.00       350.0       2.960        0.000000       -999.0000        0.000000       -999.0000    
  80.00       360.0       2.960        0.000000       -999.0000        0.000000       -999.0000    
  80.00       370.0       2.960        0.000000       -999.0000        0.000000       -999.0000    
  80.00       380.0       2.960        0.000000       -999.0000        0.000000       -999.0000    
  80.00       400.0       2.960        0.000000       -999.0000        0.000000       -999.0000    
  80.00       450.0       2.960        0.000000       -999.0000        0.000000       -999.0000    
  80.00       500.0       2.960        0.000000       -999.0000        0.000000       -999.0000    
  80.00      0.9106E-01   3.200        0.000000       -999.0000        0.000000       -999.0000    
  80.00      0.1006       3.200        0.000000       -999.0000        0.000000       -999.0000    
  80.00      0.1112       3.200        0.000000       -999.0000        0.000000       -999.0000    
  80.00      0.1229       3.200        0.000000       -999.0000        0.000000       -999.0000    
  80.00      0.1358       3.200        0.000000       -999.0000        0.000000       -999.0000    
  80.00      0.1501       3.200        0.000000       -999.0000        0.000000       -999.0000    
  80.00      0.1659       3.200        0.000000       -999.0000        0.000000       -999.0000    
  80.00      0.1834       3.200        0.000000       -999.0000        0.000000       -999.0000    
  80.00      0.2027       3.200        0.000000       -999.0000        0.000000       -999.0000    
  80.00      0.2240       3.200        0.000000       -999.0000        0.000000       -999.0000    
  80.00      0.2475       3.200        0.000000       -999.0000        0.000000       -999.0000    
  80.00      0.2736       3.200        0.000000       -999.0000        0.000000       -999.0000    
  80.00      0.3023       3.200        0.000000       -999.0000        0.000000       -999.0000    
  80.00      0.3341       3.200        0.000000       -999.0000        0.000000       -999.0000    
  80.00      0.3693       3.200        0.000000       -999.0000        0.000000       -999.0000    
  80.00      0.4081       3.200        0.000000       -999.0000        0.000000       -999.0000    
  80.00      0.4510       3.200        0.000000       -999.0000        0.000000       -999.0000    
  80.00      0.4985       3.200        0.000000       -999.0000        0.000000       -999.0000    
  80.00      0.5509       3.200        0.000000       -999.0000        0.000000       -999.0000    
  80.00      0.6088       3.200        0.000000       -999.0000        0.000000       -999.0000    
  80.00      0.6729       3.200        0.000000       -999.0000        0.000000       -999.0000    
  80.00      0.7436       3.200        0.000000       -999.0000        0.000000       -999.0000    
  80.00      0.8218       3.200        0.000000       -999.0000        0.000000       -999.0000    
  80.00      0.9083       3.200        0.000000       -999.0000        0.000000       -999.0000    
  80.00       1.004       3.200        0.000000       -999.0000        0.000000       -999.0000    
  80.00       1.109       3.200        0.000000       -999.0000        0.000000       -999.0000    
  80.00       1.226       3.200        0.000000       -999.0000        0.000000       -999.0000    
  80.00       1.355       3.200        0.000000       -999.0000        0.000000       -999.0000    
  80.00       1.497       3.200        0.000000       -999.0000        0.000000       -999.0000    
  80.00       1.655       3.200        0.000000       -999.0000        0.000000       -999.0000    
  80.00       1.829       3.200        0.000000       -999.0000        0.000000       -999.0000    
  80.00       2.021       3.200        0.000000       -999.0000        0.000000       -999.0000    
  80.00       2.234       3.200        0.000000       -999.0000        0.000000       -999.0000    
  80.00       2.469       3.200        0.000000       -999.0000        0.000000       -999.0000    
  80.00       2.729       3.200        0.000000       -999.0000        0.000000       -999.0000    
  80.00       3.016       3.200        0.000000       -999.0000        0.000000       -999.0000    
  80.00       3.333       3.200        0.000000       -999.0000        0.000000       -999.0000    
  80.00       3.683       3.200        0.000000       -999.0000        0.000000       -999.0000    
  80.00       4.071       3.200        0.000000       -999.0000        0.000000       -999.0000    
  80.00       4.499       3.200        0.000000       -999.0000        0.000000       -999.0000    
  80.00       4.972       3.200        0.000000       -999.0000        0.000000       -999.0000    
  80.00       5.495       3.200        0.000000       -999.0000        0.000000       -999.0000    
  80.00       6.073       3.200        0.000000       -999.0000        0.000000       -999.0000    
  80.00       6.711       3.200        0.000000       -999.0000        0.000000       -999.0000    
  80.00       7.417       3.200        0.000000       -999.0000        0.000000       -999.0000    
  80.00       8.197       3.200        0.000000       -999.0000        0.000000       -999.0000    
  80.00       9.059       3.200        0.000000       -999.0000        0.000000       -999.0000    
  80.00       10.01       3.200        0.000000       -999.0000        0.000000       -999.0000    
  80.00       11.06       3.200        0.000000       -999.0000        0.000000       -999.0000    
  80.00       12.23       3.200        0.000000       -999.0000        0.000000       -999.0000    
  80.00       13.51       3.200        0.000000       -999.0000        0.000000       -999.0000    
  80.00       14.94       3.200        0.000000       -999.0000        0.000000       -999.0000    
  80.00       16.51       3.200        0.000000       -999.0000        0.000000       -999.0000    
  80.00       18.24       3.200        0.000000       -999.0000        0.000000       -999.0000    
  80.00       20.16       3.200        0.000000       -999.0000        0.000000       -999.0000    
  80.00       22.28       3.200        0.000000       -999.0000        0.000000       -999.0000    
  80.00       24.63       3.200        0.000000       -999.0000        0.000000       -999.0000    
  80.00       27.22       3.200        0.000000       -999.0000        0.000000       -999.0000    
  80.00       30.08       3.200        0.000000       -999.0000        0.000000       -999.0000    
  80.00       33.24       3.200        0.000000       -999.0000        0.000000       -999.0000    
  80.00       36.74       3.200        0.000000       -999.0000        0.000000       -999.0000    
  80.00       40.60       3.200        0.000000       -999.0000        0.000000       -999.0000    
  80.00       44.87       3.200        0.000000       -999.0000        0.000000       -999.0000    
  80.00       49.59       3.200        0.000000       -999.0000        0.000000       -999.0000    
  80.00       54.81       3.200        0.000000       -999.0000        0.000000       -999.0000    
  80.00       60.57       3.200        0.000000       -999.0000        0.000000       -999.0000    
  80.00       66.94       3.200        0.000000       -999.0000        0.000000       -999.0000    
  80.00       73.98       3.200        0.000000       -999.0000        0.000000       -999.0000    
  80.00       81.76       3.200        0.000000       -999.0000        0.000000       -999.0000    
  80.00       89.36       3.200        0.000000       -999.0000        0.000000       -999.0000    
  80.00       90.36       3.200        0.000000       -999.0000        0.000000       -999.0000    
  80.00       91.20       3.200        0.000000       -999.0000        0.000000       -999.0000    
  80.00       92.00       3.200        0.000000       -999.0000        0.000000       -999.0000    
  80.00       99.86       3.200        0.000000       -999.0000        0.000000       -999.0000    
  80.00       110.4       3.200        0.000000       -999.0000        0.000000       -999.0000    
  80.00       120.0       3.200        0.000000       -999.0000        0.000000       -999.0000    
  80.00       130.0       3.200        0.000000       -999.0000        0.000000       -999.0000    
  80.00       140.0       3.200        0.000000       -999.0000        0.000000       -999.0000    
  80.00       150.0       3.200        0.000000       -999.0000        0.000000       -999.0000    
  80.00       160.0       3.200        0.000000       -999.0000        0.000000       -999.0000    
  80.00       170.0       3.200        0.000000       -999.0000        0.000000       -999.0000    
  80.00       180.0       3.200        0.000000       -999.0000        0.000000       -999.0000    
  80.00       190.0       3.200        0.000000       -999.0000        0.000000       -999.0000    
  80.00       200.0       3.200        0.000000       -999.0000        0.000000       -999.0000    
  80.00       210.0       3.200        0.000000       -999.0000        0.000000       -999.0000    
  80.00       220.0       3.200        0.000000       -999.0000        0.000000       -999.0000    
  80.00       230.0       3.200        0.000000       -999.0000        0.000000       -999.0000    
  80.00       240.0       3.200        0.000000       -999.0000        0.000000       -999.0000    
  80.00       250.0       3.200        0.000000       -999.0000        0.000000       -999.0000    
  80.00       260.0       3.200        0.000000       -999.0000        0.000000       -999.0000    
  80.00       270.0       3.200        0.000000       -999.0000        0.000000       -999.0000    
  80.00       280.0       3.200        0.000000       -999.0000        0.000000       -999.0000    
  80.00       290.0       3.200        0.000000       -999.0000        0.000000       -999.0000    
  80.00       300.0       3.200        0.000000       -999.0000        0.000000       -999.0000    
  80.00       310.0       3.200        0.000000       -999.0000        0.000000       -999.0000    
  80.00       320.0       3.200        0.000000       -999.0000        0.000000       -999.0000    
  80.00       330.0       3.200        0.000000       -999.0000        0.000000       -999.0000    
  80.00       340.0       3.200        0.000000       -999.0000        0.000000       -999.0000    
  80.00       350.0       3.200        0.000000       -999.0000        0.000000       -999.0000    
  80.00       360.0       3.200        0.000000       -999.0000        0.000000       -999.0000    
  80.00       370.0       3.200        0.000000       -999.0000        0.000000       -999.0000    
  80.00       380.0       3.200        0.000000       -999.0000        0.000000       -999.0000    
  80.00       400.0       3.200        0.000000       -999.0000        0.000000       -999.0000    
  80.00       450.0       3.200        0.000000       -999.0000        0.000000       -999.0000    
  80.00       500.0       3.200        0.000000       -999.0000        0.000000       -999.0000    
  80.00      0.9106E-01   3.900        0.000000       -999.0000        0.000000       -999.0000    
  80.00      0.1006       3.900        0.000000       -999.0000        0.000000       -999.0000    
  80.00      0.1112       3.900        0.000000       -999.0000        0.000000       -999.0000    
  80.00      0.1229       3.900        0.000000       -999.0000        0.000000       -999.0000    
  80.00      0.1358       3.900        0.000000       -999.0000        0.000000       -999.0000    
  80.00      0.1501       3.900        0.000000       -999.0000        0.000000       -999.0000    
  80.00      0.1659       3.900        0.000000       -999.0000        0.000000       -999.0000    
  80.00      0.1834       3.900        0.000000       -999.0000        0.000000       -999.0000    
  80.00      0.2027       3.900        0.000000       -999.0000        0.000000       -999.0000    
  80.00      0.2240       3.900        0.000000       -999.0000        0.000000       -999.0000    
  80.00      0.2475       3.900        0.000000       -999.0000        0.000000       -999.0000    
  80.00      0.2736       3.900        0.000000       -999.0000        0.000000       -999.0000    
  80.00      0.3023       3.900        0.000000       -999.0000        0.000000       -999.0000    
  80.00      0.3341       3.900        0.000000       -999.0000        0.000000       -999.0000    
  80.00      0.3693       3.900        0.000000       -999.0000        0.000000       -999.0000    
  80.00      0.4081       3.900        0.000000       -999.0000        0.000000       -999.0000    
  80.00      0.4510       3.900        0.000000       -999.0000        0.000000       -999.0000    
  80.00      0.4985       3.900        0.000000       -999.0000        0.000000       -999.0000    
  80.00      0.5509       3.900        0.000000       -999.0000        0.000000       -999.0000    
  80.00      0.6088       3.900        0.000000       -999.0000        0.000000       -999.0000    
  80.00      0.6729       3.900        0.000000       -999.0000        0.000000       -999.0000    
  80.00      0.7436       3.900        0.000000       -999.0000        0.000000       -999.0000    
  80.00      0.8218       3.900        0.000000       -999.0000        0.000000       -999.0000    
  80.00      0.9083       3.900        0.000000       -999.0000        0.000000       -999.0000    
  80.00       1.004       3.900        0.000000       -999.0000        0.000000       -999.0000    
  80.00       1.109       3.900        0.000000       -999.0000        0.000000       -999.0000    
  80.00       1.226       3.900        0.000000       -999.0000        0.000000       -999.0000    
  80.00       1.355       3.900        0.000000       -999.0000        0.000000       -999.0000    
  80.00       1.497       3.900        0.000000       -999.0000        0.000000       -999.0000    
  80.00       1.655       3.900        0.000000       -999.0000        0.000000       -999.0000    
  80.00       1.829       3.900        0.000000       -999.0000        0.000000       -999.0000    
  80.00       2.021       3.900        0.000000       -999.0000        0.000000       -999.0000    
  80.00       2.234       3.900        0.000000       -999.0000        0.000000       -999.0000    
  80.00       2.469       3.900        0.000000       -999.0000        0.000000       -999.0000    
  80.00       2.729       3.900        0.000000       -999.0000        0.000000       -999.0000    
  80.00       3.016       3.900        0.000000       -999.0000        0.000000       -999.0000    
  80.00       3.333       3.900        0.000000       -999.0000        0.000000       -999.0000    
  80.00       3.683       3.900        0.000000       -999.0000        0.000000       -999.0000    
  80.00       4.071       3.900        0.000000       -999.0000        0.000000       -999.0000    
  80.00       4.499       3.900        0.000000       -999.0000        0.000000       -999.0000    
  80.00       4.972       3.900        0.000000       -999.0000        0.000000       -999.0000    
  80.00       5.495       3.900        0.000000       -999.0000        0.000000       -999.0000    
  80.00       6.073       3.900        0.000000       -999.0000        0.000000       -999.0000    
  80.00       6.711       3.900        0.000000       -999.0000        0.000000       -999.0000    
  80.00       7.417       3.900        0.000000       -999.0000        0.000000       -999.0000    
  80.00       8.197       3.900        0.000000       -999.0000        0.000000       -999.0000    
  80.00       9.059       3.900        0.000000       -999.0000        0.000000       -999.0000    
  80.00       10.01       3.900        0.000000       -999.0000        0.000000       -999.0000    
  80.00       11.06       3.900        0.000000       -999.0000        0.000000       -999.0000    
  80.00       12.23       3.900        0.000000       -999.0000        0.000000       -999.0000    
  80.00       13.51       3.900        0.000000       -999.0000        0.000000       -999.0000    
  80.00       14.94       3.900        0.000000       -999.0000        0.000000       -999.0000    
  80.00       16.51       3.900        0.000000       -999.0000        0.000000       -999.0000    
  80.00       18.24       3.900        0.000000       -999.0000        0.000000       -999.0000    
  80.00       20.16       3.900        0.000000       -999.0000        0.000000       -999.0000    
  80.00       22.28       3.900        0.000000       -999.0000        0.000000       -999.0000    
  80.00       24.63       3.900        0.000000       -999.0000        0.000000       -999.0000    
  80.00       27.22       3.900        0.000000       -999.0000        0.000000       -999.0000    
  80.00       30.08       3.900        0.000000       -999.0000        0.000000       -999.0000    
  80.00       33.24       3.900        0.000000       -999.0000        0.000000       -999.0000    
  80.00       36.74       3.900        0.000000       -999.0000        0.000000       -999.0000    
  80.00       40.60       3.900        0.000000       -999.0000        0.000000       -999.0000    
  80.00       44.87       3.900        0.000000       -999.0000        0.000000       -999.0000    
  80.00       49.59       3.900        0.000000       -999.0000        0.000000       -999.0000    
  80.00       54.81       3.900        0.000000       -999.0000        0.000000       -999.0000    
  80.00       60.57       3.900        0.000000       -999.0000        0.000000       -999.0000    
  80.00       66.94       3.900        0.000000       -999.0000        0.000000       -999.0000    
  80.00       73.98       3.900        0.000000       -999.0000        0.000000       -999.0000    
  80.00       81.76       3.900        0.000000       -999.0000        0.000000       -999.0000    
  80.00       89.36       3.900        0.000000       -999.0000        0.000000       -999.0000    
  80.00       90.36       3.900        0.000000       -999.0000        0.000000       -999.0000    
  80.00       91.20       3.900        0.000000       -999.0000        0.000000       -999.0000    
  80.00       92.00       3.900        0.000000       -999.0000        0.000000       -999.0000    
  80.00       99.86       3.900        0.000000       -999.0000        0.000000       -999.0000    
  80.00       110.4       3.900        0.000000       -999.0000        0.000000       -999.0000    
  80.00       120.0       3.900        0.000000       -999.0000        0.000000       -999.0000    
  80.00       130.0       3.900        0.000000       -999.0000        0.000000       -999.0000    
  80.00       140.0       3.900        0.000000       -999.0000        0.000000       -999.0000    
  80.00       150.0       3.900        0.000000       -999.0000        0.000000       -999.0000    
  80.00       160.0       3.900        0.000000       -999.0000        0.000000       -999.0000    
  80.00       170.0       3.900        0.000000       -999.0000        0.000000       -999.0000    
  80.00       180.0       3.900        0.000000       -999.0000        0.000000       -999.0000    
  80.00       190.0       3.900        0.000000       -999.0000        0.000000       -999.0000    
  80.00       200.0       3.900        0.000000       -999.0000        0.000000       -999.0000    
  80.00       210.0       3.900        0.000000       -999.0000        0.000000       -999.0000    
  80.00       220.0       3.900        0.000000       -999.0000        0.000000       -999.0000    
  80.00       230.0       3.900        0.000000       -999.0000        0.000000       -999.0000    
  80.00       240.0       3.900        0.000000       -999.0000        0.000000       -999.0000    
  80.00       250.0       3.900        0.000000       -999.0000        0.000000       -999.0000    
  80.00       260.0       3.900        0.000000       -999.0000        0.000000       -999.0000    
  80.00       270.0       3.900        0.000000       -999.0000        0.000000       -999.0000    
  80.00       280.0       3.900        0.000000       -999.0000        0.000000       -999.0000    
  80.00       290.0       3.900        0.000000       -999.0000        0.000000       -999.0000    
  80.00       300.0       3.900        0.000000       -999.0000        0.000000       -999.0000    
  80.00       310.0       3.900        0.000000       -999.0000        0.000000       -999.0000    
  80.00       320.0       3.900        0.000000       -999.0000        0.000000       -999.0000    
  80.00       330.0       3.900        0.000000       -999.0000        0.000000       -999.0000    
  80.00       340.0       3.900        0.000000       -999.0000        0.000000       -999.0000    
  80.00       350.0       3.900        0.000000       -999.0000        0.000000       -999.0000    
  80.00       360.0       3.900        0.000000       -999.0000        0.000000       -999.0000    
  80.00       370.0       3.900        0.000000       -999.0000        0.000000       -999.0000    
  80.00       380.0       3.900        0.000000       -999.0000        0.000000       -999.0000    
  80.00       400.0       3.900        0.000000       -999.0000        0.000000       -999.0000    
  80.00       450.0       3.900        0.000000       -999.0000        0.000000       -999.0000    
  80.00       500.0       3.900        0.000000       -999.0000        0.000000       -999.0000    
  100.0      0.9106E-01  -3.900        0.000000       -999.0000        0.000000       -999.0000    
  100.0      0.1006      -3.900        0.000000       -999.0000        0.000000       -999.0000    
  100.0      0.1112      -3.900        0.000000       -999.0000        0.000000       -999.0000    
  100.0      0.1229      -3.900        0.000000       -999.0000        0.000000       -999.0000    
  100.0      0.1358      -3.900        0.000000       -999.0000        0.000000       -999.0000    
  100.0      0.1501      -3.900        0.000000       -999.0000        0.000000       -999.0000    
  100.0      0.1659      -3.900        0.000000       -999.0000        0.000000       -999.0000    
  100.0      0.1834      -3.900        0.000000       -999.0000        0.000000       -999.0000    
  100.0      0.2027      -3.900        0.000000       -999.0000        0.000000       -999.0000    
  100.0      0.2240      -3.900        0.000000       -999.0000        0.000000       -999.0000    
  100.0      0.2475      -3.900        0.000000       -999.0000        0.000000       -999.0000    
  100.0      0.2736      -3.900        0.000000       -999.0000        0.000000       -999.0000    
  100.0      0.3023      -3.900        0.000000       -999.0000        0.000000       -999.0000    
  100.0      0.3341      -3.900        0.000000       -999.0000        0.000000       -999.0000    
  100.0      0.3693      -3.900        0.000000       -999.0000        0.000000       -999.0000    
  100.0      0.4081      -3.900        0.000000       -999.0000        0.000000       -999.0000    
  100.0      0.4510      -3.900        0.000000       -999.0000        0.000000       -999.0000    
  100.0      0.4985      -3.900        0.000000       -999.0000        0.000000       -999.0000    
  100.0      0.5509      -3.900        0.000000       -999.0000        0.000000       -999.0000    
  100.0      0.6088      -3.900        0.000000       -999.0000        0.000000       -999.0000    
  100.0      0.6729      -3.900        0.000000       -999.0000        0.000000       -999.0000    
  100.0      0.7436      -3.900        0.000000       -999.0000        0.000000       -999.0000    
  100.0      0.8218      -3.900        0.000000       -999.0000        0.000000       -999.0000    
  100.0      0.9083      -3.900        0.000000       -999.0000        0.000000       -999.0000    
  100.0       1.004      -3.900        0.000000       -999.0000        0.000000       -999.0000    
  100.0       1.109      -3.900        0.000000       -999.0000        0.000000       -999.0000    
  100.0       1.226      -3.900        0.000000       -999.0000        0.000000       -999.0000    
  100.0       1.355      -3.900        0.000000       -999.0000        0.000000       -999.0000    
  100.0       1.497      -3.900        0.000000       -999.0000        0.000000       -999.0000    
  100.0       1.655      -3.900        0.000000       -999.0000        0.000000       -999.0000    
  100.0       1.829      -3.900        0.000000       -999.0000        0.000000       -999.0000    
  100.0       2.021      -3.900        0.000000       -999.0000        0.000000       -999.0000    
  100.0       2.234      -3.900        0.000000       -999.0000        0.000000       -999.0000    
  100.0       2.469      -3.900        0.000000       -999.0000        0.000000       -999.0000    
  100.0       2.729      -3.900        0.000000       -999.0000        0.000000       -999.0000    
  100.0       3.016      -3.900        0.000000       -999.0000        0.000000       -999.0000    
  100.0       3.333      -3.900        0.000000       -999.0000        0.000000       -999.0000    
  100.0       3.683      -3.900        0.000000       -999.0000        0.000000       -999.0000    
  100.0       4.071      -3.900        0.000000       -999.0000        0.000000       -999.0000    
  100.0       4.499      -3.900        0.000000       -999.0000        0.000000       -999.0000    
  100.0       4.972      -3.900        0.000000       -999.0000        0.000000       -999.0000    
  100.0       5.495      -3.900        0.000000       -999.0000        0.000000       -999.0000    
  100.0       6.073      -3.900        0.000000       -999.0000        0.000000       -999.0000    
  100.0       6.711      -3.900        0.000000       -999.0000        0.000000       -999.0000    
  100.0       7.417      -3.900        0.000000       -999.0000        0.000000       -999.0000    
  100.0       8.197      -3.900        0.000000       -999.0000        0.000000       -999.0000    
  100.0       9.059      -3.900        0.000000       -999.0000        0.000000       -999.0000    
  100.0       10.01      -3.900        0.000000       -999.0000        0.000000       -999.0000    
  100.0       11.06      -3.900        0.000000       -999.0000        0.000000       -999.0000    
  100.0       12.23      -3.900        0.000000       -999.0000        0.000000       -999.0000    
  100.0       13.51      -3.900        0.000000       -999.0000        0.000000       -999.0000    
  100.0       14.94      -3.900        0.000000       -999.0000        0.000000       -999.0000    
  100.0       16.51      -3.900        0.000000       -999.0000        0.000000       -999.0000    
  100.0       18.24      -3.900        0.000000       -999.0000        0.000000       -999.0000    
  100.0       20.16      -3.900        0.000000       -999.0000        0.000000       -999.0000    
  100.0       22.28      -3.900        0.000000       -999.0000        0.000000       -999.0000    
  100.0       24.63      -3.900        0.000000       -999.0000        0.000000       -999.0000    
  100.0       27.22      -3.900        0.000000       -999.0000        0.000000       -999.0000    
  100.0       30.08      -3.900        0.000000       -999.0000        0.000000       -999.0000    
  100.0       33.24      -3.900        0.000000       -999.0000        0.000000       -999.0000    
  100.0       36.74      -3.900        0.000000       -999.0000        0.000000       -999.0000    
  100.0       40.60      -3.900        0.000000       -999.0000        0.000000       -999.0000    
  100.0       44.87      -3.900        0.000000       -999.0000        0.000000       -999.0000    
  100.0       49.59      -3.900        0.000000       -999.0000        0.000000       -999.0000    
  100.0       54.81      -3.900        0.000000       -999.0000        0.000000       -999.0000    
  100.0       60.57      -3.900        0.000000       -999.0000        0.000000       -999.0000    
  100.0       66.94      -3.900        0.000000       -999.0000        0.000000       -999.0000    
  100.0       73.98      -3.900        0.000000       -999.0000        0.000000       -999.0000    
  100.0       81.76      -3.900        0.000000       -999.0000        0.000000       -999.0000    
  100.0       89.36      -3.900        0.000000       -999.0000        0.000000       -999.0000    
  100.0       90.36      -3.900        0.000000       -999.0000        0.000000       -999.0000    
  100.0       91.20      -3.900        0.000000       -999.0000        0.000000       -999.0000    
  100.0       92.00      -3.900        0.000000       -999.0000        0.000000       -999.0000    
  100.0       99.86      -3.900        0.000000       -999.0000        0.000000       -999.0000    
  100.0       110.4      -3.900        0.000000       -999.0000        0.000000       -999.0000    
  100.0       120.0      -3.900        0.000000       -999.0000        0.000000       -999.0000    
  100.0       130.0      -3.900        0.000000       -999.0000        0.000000       -999.0000    
  100.0       140.0      -3.900        0.000000       -999.0000        0.000000       -999.0000    
  100.0       150.0      -3.900        0.000000       -999.0000        0.000000       -999.0000    
  100.0       160.0      -3.900        0.000000       -999.0000        0.000000       -999.0000    
  100.0       170.0      -3.900        0.000000       -999.0000        0.000000       -999.0000    
  100.0       180.0      -3.900        0.000000       -999.0000        0.000000       -999.0000    
  100.0       190.0      -3.900        0.000000       -999.0000        0.000000       -999.0000    
  100.0       200.0      -3.900        0.000000       -999.0000        0.000000       -999.0000    
  100.0       210.0      -3.900        0.000000       -999.0000        0.000000       -999.0000    
  100.0       220.0      -3.900        0.000000       -999.0000        0.000000       -999.0000    
  100.0       230.0      -3.900        0.000000       -999.0000        0.000000       -999.0000    
  100.0       240.0      -3.900        0.000000       -999.0000        0.000000       -999.0000    
  100.0       250.0      -3.900        0.000000       -999.0000        0.000000       -999.0000    
  100.0       260.0      -3.900        0.000000       -999.0000        0.000000       -999.0000    
  100.0       270.0      -3.900        0.000000       -999.0000        0.000000       -999.0000    
  100.0       280.0      -3.900        0.000000       -999.0000        0.000000       -999.0000    
  100.0       290.0      -3.900        0.000000       -999.0000        0.000000       -999.0000    
  100.0       300.0      -3.900        0.000000       -999.0000        0.000000       -999.0000    
  100.0       310.0      -3.900        0.000000       -999.0000        0.000000       -999.0000    
  100.0       320.0      -3.900        0.000000       -999.0000        0.000000       -999.0000    
  100.0       330.0      -3.900        0.000000       -999.0000        0.000000       -999.0000    
  100.0       340.0      -3.900        0.000000       -999.0000        0.000000       -999.0000    
  100.0       350.0      -3.900        0.000000       -999.0000        0.000000       -999.0000    
  100.0       360.0      -3.900        0.000000       -999.0000        0.000000       -999.0000    
  100.0       370.0      -3.900        0.000000       -999.0000        0.000000       -999.0000    
  100.0       380.0      -3.900        0.000000       -999.0000        0.000000       -999.0000    
  100.0       400.0      -3.900        0.000000       -999.0000        0.000000       -999.0000    
  100.0       450.0      -3.900        0.000000       -999.0000        0.000000       -999.0000    
  100.0       500.0      -3.900        0.000000       -999.0000        0.000000       -999.0000    
  100.0      0.9106E-01  -3.200        0.000000       -999.0000        0.000000       -999.0000    
  100.0      0.1006      -3.200        0.000000       -999.0000        0.000000       -999.0000    
  100.0      0.1112      -3.200        0.000000       -999.0000        0.000000       -999.0000    
  100.0      0.1229      -3.200        0.000000       -999.0000        0.000000       -999.0000    
  100.0      0.1358      -3.200        0.000000       -999.0000        0.000000       -999.0000    
  100.0      0.1501      -3.200        0.000000       -999.0000        0.000000       -999.0000    
  100.0      0.1659      -3.200        0.000000       -999.0000        0.000000       -999.0000    
  100.0      0.1834      -3.200        0.000000       -999.0000        0.000000       -999.0000    
  100.0      0.2027      -3.200        0.000000       -999.0000        0.000000       -999.0000    
  100.0      0.2240      -3.200        0.000000       -999.0000        0.000000       -999.0000    
  100.0      0.2475      -3.200        0.000000       -999.0000        0.000000       -999.0000    
  100.0      0.2736      -3.200        0.000000       -999.0000        0.000000       -999.0000    
  100.0      0.3023      -3.200        0.000000       -999.0000        0.000000       -999.0000    
  100.0      0.3341      -3.200        0.000000       -999.0000        0.000000       -999.0000    
  100.0      0.3693      -3.200        0.000000       -999.0000        0.000000       -999.0000    
  100.0      0.4081      -3.200        0.000000       -999.0000        0.000000       -999.0000    
  100.0      0.4510      -3.200        0.000000       -999.0000        0.000000       -999.0000    
  100.0      0.4985      -3.200        0.000000       -999.0000        0.000000       -999.0000    
  100.0      0.5509      -3.200        0.000000       -999.0000        0.000000       -999.0000    
  100.0      0.6088      -3.200        0.000000       -999.0000        0.000000       -999.0000    
  100.0      0.6729      -3.200        0.000000       -999.0000        0.000000       -999.0000    
  100.0      0.7436      -3.200        0.000000       -999.0000        0.000000       -999.0000    
  100.0      0.8218      -3.200        0.000000       -999.0000        0.000000       -999.0000    
  100.0      0.9083      -3.200        0.000000       -999.0000        0.000000       -999.0000    
  100.0       1.004      -3.200        0.000000       -999.0000        0.000000       -999.0000    
  100.0       1.109      -3.200        0.000000       -999.0000        0.000000       -999.0000    
  100.0       1.226      -3.200        0.000000       -999.0000        0.000000       -999.0000    
  100.0       1.355      -3.200        0.000000       -999.0000        0.000000       -999.0000    
  100.0       1.497      -3.200        0.000000       -999.0000        0.000000       -999.0000    
  100.0       1.655      -3.200        0.000000       -999.0000        0.000000       -999.0000    
  100.0       1.829      -3.200        0.000000       -999.0000        0.000000       -999.0000    
  100.0       2.021      -3.200        0.000000       -999.0000        0.000000       -999.0000    
  100.0       2.234      -3.200        0.000000       -999.0000        0.000000       -999.0000    
  100.0       2.469      -3.200        0.000000       -999.0000        0.000000       -999.0000    
  100.0       2.729      -3.200        0.000000       -999.0000        0.000000       -999.0000    
  100.0       3.016      -3.200        0.000000       -999.0000        0.000000       -999.0000    
  100.0       3.333      -3.200        0.000000       -999.0000        0.000000       -999.0000    
  100.0       3.683      -3.200        0.000000       -999.0000        0.000000       -999.0000    
  100.0       4.071      -3.200        0.000000       -999.0000        0.000000       -999.0000    
  100.0       4.499      -3.200        0.000000       -999.0000        0.000000       -999.0000    
  100.0       4.972      -3.200        0.000000       -999.0000        0.000000       -999.0000    
  100.0       5.495      -3.200        0.000000       -999.0000        0.000000       -999.0000    
  100.0       6.073      -3.200        0.000000       -999.0000        0.000000       -999.0000    
  100.0       6.711      -3.200        0.000000       -999.0000        0.000000       -999.0000    
  100.0       7.417      -3.200        0.000000       -999.0000        0.000000       -999.0000    
  100.0       8.197      -3.200        0.000000       -999.0000        0.000000       -999.0000    
  100.0       9.059      -3.200        0.000000       -999.0000        0.000000       -999.0000    
  100.0       10.01      -3.200        0.000000       -999.0000        0.000000       -999.0000    
  100.0       11.06      -3.200        0.000000       -999.0000        0.000000       -999.0000    
  100.0       12.23      -3.200        0.000000       -999.0000        0.000000       -999.0000    
  100.0       13.51      -3.200        0.000000       -999.0000        0.000000       -999.0000    
  100.0       14.94      -3.200        0.000000       -999.0000        0.000000       -999.0000    
  100.0       16.51      -3.200        0.000000       -999.0000        0.000000       -999.0000    
  100.0       18.24      -3.200        0.000000       -999.0000        0.000000       -999.0000    
  100.0       20.16      -3.200        0.000000       -999.0000        0.000000       -999.0000    
  100.0       22.28      -3.200        0.000000       -999.0000        0.000000       -999.0000    
  100.0       24.63      -3.200        0.000000       -999.0000        0.000000       -999.0000    
  100.0       27.22      -3.200        0.000000       -999.0000        0.000000       -999.0000    
  100.0       30.08      -3.200        0.000000       -999.0000        0.000000       -999.0000    
  100.0       33.24      -3.200        0.000000       -999.0000        0.000000       -999.0000    
  100.0       36.74      -3.200        0.000000       -999.0000        0.000000       -999.0000    
  100.0       40.60      -3.200        0.000000       -999.0000        0.000000       -999.0000    
  100.0       44.87      -3.200        0.000000       -999.0000        0.000000       -999.0000    
  100.0       49.59      -3.200        0.000000       -999.0000        0.000000       -999.0000    
  100.0       54.81      -3.200        0.000000       -999.0000        0.000000       -999.0000    
  100.0       60.57      -3.200        0.000000       -999.0000        0.000000       -999.0000    
  100.0       66.94      -3.200        0.000000       -999.0000        0.000000       -999.0000    
  100.0       73.98      -3.200        0.000000       -999.0000        0.000000       -999.0000    
  100.0       81.76      -3.200        0.000000       -999.0000        0.000000       -999.0000    
  100.0       89.36      -3.200        0.000000       -999.0000        0.000000       -999.0000    
  100.0       90.36      -3.200        0.000000       -999.0000        0.000000       -999.0000    
  100.0       91.20      -3.200        0.000000       -999.0000        0.000000       -999.0000    
  100.0       92.00      -3.200        0.000000       -999.0000        0.000000       -999.0000    
  100.0       99.86      -3.200        0.000000       -999.0000        0.000000       -999.0000    
  100.0       110.4      -3.200        0.000000       -999.0000        0.000000       -999.0000    
  100.0       120.0      -3.200        0.000000       -999.0000        0.000000       -999.0000    
  100.0       130.0      -3.200        0.000000       -999.0000        0.000000       -999.0000    
  100.0       140.0      -3.200        0.000000       -999.0000        0.000000       -999.0000    
  100.0       150.0      -3.200        0.000000       -999.0000        0.000000       -999.0000    
  100.0       160.0      -3.200        0.000000       -999.0000        0.000000       -999.0000    
  100.0       170.0      -3.200        0.000000       -999.0000        0.000000       -999.0000    
  100.0       180.0      -3.200        0.000000       -999.0000        0.000000       -999.0000    
  100.0       190.0      -3.200        0.000000       -999.0000        0.000000       -999.0000    
  100.0       200.0      -3.200        0.000000       -999.0000        0.000000       -999.0000    
  100.0       210.0      -3.200        0.000000       -999.0000        0.000000       -999.0000    
  100.0       220.0      -3.200        0.000000       -999.0000        0.000000       -999.0000    
  100.0       230.0      -3.200        0.000000       -999.0000        0.000000       -999.0000    
  100.0       240.0      -3.200        0.000000       -999.0000        0.000000       -999.0000    
  100.0       250.0      -3.200        0.000000       -999.0000        0.000000       -999.0000    
  100.0       260.0      -3.200        0.000000       -999.0000        0.000000       -999.0000    
  100.0       270.0      -3.200        0.000000       -999.0000        0.000000       -999.0000    
  100.0       280.0      -3.200        0.000000       -999.0000        0.000000       -999.0000    
  100.0       290.0      -3.200        0.000000       -999.0000        0.000000       -999.0000    
  100.0       300.0      -3.200        0.000000       -999.0000        0.000000       -999.0000    
  100.0       310.0      -3.200        0.000000       -999.0000        0.000000       -999.0000    
  100.0       320.0      -3.200        0.000000       -999.0000        0.000000       -999.0000    
  100.0       330.0      -3.200        0.000000       -999.0000        0.000000       -999.0000    
  100.0       340.0      -3.200        0.000000       -999.0000        0.000000       -999.0000    
  100.0       350.0      -3.200        0.000000       -999.0000        0.000000       -999.0000    
  100.0       360.0      -3.200        0.000000       -999.0000        0.000000       -999.0000    
  100.0       370.0      -3.200        0.000000       -999.0000        0.000000       -999.0000    
  100.0       380.0      -3.200        0.000000       -999.0000        0.000000       -999.0000    
  100.0       400.0      -3.200        0.000000       -999.0000        0.000000       -999.0000    
  100.0       450.0      -3.200        0.000000       -999.0000        0.000000       -999.0000    
  100.0       500.0      -3.200        0.000000       -999.0000        0.000000       -999.0000    
  100.0      0.9106E-01  -2.960       0.6976688E-03   -999.0000       0.1077097E-02   -999.0000    
  100.0      0.1006      -2.960       0.6157042E-03   -999.0000       0.9903892E-03   -999.0000    
  100.0      0.1112      -2.960       0.5426229E-03   -999.0000       0.9068878E-03   -999.0000    
  100.0      0.1229      -2.960       0.4779680E-03   -999.0000       0.8281329E-03   -999.0000    
  100.0      0.1358      -2.960       0.4207921E-03   -999.0000       0.7538990E-03   -999.0000    
  100.0      0.1501      -2.960       0.3700486E-03   -999.0000       0.6839563E-03   -999.0000    
  100.0      0.1659      -2.960       0.3251648E-03   -999.0000       0.6189778E-03   -999.0000    
  100.0      0.1834      -2.960       0.2854040E-03   -999.0000       0.5585569E-03   -999.0000    
  100.0      0.2027      -2.960       0.2503455E-03   -999.0000       0.5028963E-03   -999.0000    
  100.0      0.2240      -2.960       0.2194037E-03   -999.0000       0.4516235E-03   -999.0000    
  100.0      0.2475      -2.960       0.1920954E-03   -999.0000       0.4044600E-03   -999.0000    
  100.0      0.2736      -2.960       0.1679013E-03   -999.0000       0.3612591E-03   -999.0000    
  100.0      0.3023      -2.960       0.1466830E-03   -999.0000       0.3220892E-03   -999.0000    
  100.0      0.3341      -2.960       0.1279350E-03   -999.0000       0.2863756E-03   -999.0000    
  100.0      0.3693      -2.960       0.1114028E-03   -999.0000       0.2538293E-03   -999.0000    
  100.0      0.4081      -2.960       0.9689041E-04   -999.0000       0.2244938E-03   -999.0000    
  100.0      0.4510      -2.960       0.8410607E-04   -999.0000       0.1979779E-03   -999.0000    
  100.0      0.4985      -2.960       0.7287290E-04   -999.0000       0.1741397E-03   -999.0000    
  100.0      0.5509      -2.960       0.6302559E-04   -999.0000       0.1526938E-03   -999.0000    
  100.0      0.6088      -2.960       0.5439568E-04   -999.0000       0.1335073E-03   -999.0000    
  100.0      0.6729      -2.960       0.4683017E-04   -999.0000       0.1163563E-03   -999.0000    
  100.0      0.7436      -2.960       0.4022779E-04   -999.0000       0.1011100E-03   -999.0000    
  100.0      0.8218      -2.960       0.3445228E-04   -999.0000       0.8751857E-04   -999.0000    
  100.0      0.9083      -2.960       0.2941261E-04   -999.0000       0.7546762E-04   -999.0000    
  100.0       1.004      -2.960       0.2502041E-04   -999.0000       0.6480189E-04   -999.0000    
  100.0       1.109      -2.960       0.2123282E-04   -999.0000       0.5547593E-04   -999.0000    
  100.0       1.226      -2.960       0.1791501E-04   -999.0000       0.4718058E-04   -999.0000    
  100.0       1.355      -2.960       0.1505476E-04   -999.0000       0.3994610E-04   -999.0000    
  100.0       1.497      -2.960       0.1260220E-04   -999.0000       0.3368065E-04   -999.0000    
  100.0       1.655      -2.960       0.1047660E-04   -999.0000       0.2817700E-04   -999.0000    
  100.0       1.829      -2.960       0.8661522E-05   -999.0000       0.2343152E-04   -999.0000    
  100.0       2.021      -2.960       0.7114176E-05   -999.0000       0.1935927E-04   -999.0000    
  100.0       2.234      -2.960       0.5794953E-05   -999.0000       0.1584644E-04   -999.0000    
  100.0       2.469      -2.960       0.4682924E-05   -999.0000       0.1286301E-04   -999.0000    
  100.0       2.729      -2.960       0.3746919E-05   -999.0000       0.1033753E-04   -999.0000    
  100.0       3.016      -2.960       0.2967618E-05   -999.0000       0.8212001E-05   -999.0000    
  100.0       3.333      -2.960       0.2325037E-05   -999.0000       0.6451980E-05   -999.0000    
  100.0       3.683      -2.960       0.1798168E-05   -999.0000       0.5001383E-05   -999.0000    
  100.0       4.071      -2.960       0.1369318E-05   -999.0000       0.3816229E-05   -999.0000    
  100.0       4.499      -2.960       0.1026163E-05   -999.0000       0.2863601E-05   -999.0000    
  100.0       4.972      -2.960       0.7542778E-06   -999.0000       0.2105409E-05   -999.0000    
  100.0       5.495      -2.960       0.5426331E-06   -999.0000       0.1512197E-05   -999.0000    
  100.0       6.073      -2.960       0.3801958E-06   -999.0000       0.1057529E-05   -999.0000    
  100.0       6.711      -2.960       0.2590733E-06   -999.0000       0.7188999E-06   -999.0000    
  100.0       7.417      -2.960       0.1707355E-06   -999.0000       0.4709888E-06   -999.0000    
  100.0       8.197      -2.960       0.1084907E-06   -999.0000       0.2966520E-06   -999.0000    
  100.0       9.059      -2.960       0.6653393E-07   -999.0000       0.1803130E-06   -999.0000    
  100.0       10.01      -2.960       0.3940496E-07   -999.0000       0.1055456E-06   -999.0000    
  100.0       11.06      -2.960       0.2273805E-07   -999.0000       0.6029918E-07   -999.0000    
  100.0       12.23      -2.960       0.1281779E-07   -999.0000       0.3400883E-07   -999.0000    
  100.0       13.51      -2.960       0.6850851E-08   -999.0000       0.1865043E-07   -999.0000    
  100.0       14.94      -2.960       0.2755953E-08   -999.0000       0.7872816E-08   -999.0000    
  100.0       16.51      -2.960       0.3931703E-09   -999.0000       0.1200681E-08   -999.0000    
  100.0       18.24      -2.960        0.000000       -999.0000        0.000000       -999.0000    
  100.0       20.16      -2.960        0.000000       -999.0000        0.000000       -999.0000    
  100.0       22.28      -2.960        0.000000       -999.0000        0.000000       -999.0000    
  100.0       24.63      -2.960        0.000000       -999.0000        0.000000       -999.0000    
  100.0       27.22      -2.960        0.000000       -999.0000        0.000000       -999.0000    
  100.0       30.08      -2.960        0.000000       -999.0000        0.000000       -999.0000    
  100.0       33.24      -2.960        0.000000       -999.0000        0.000000       -999.0000    
  100.0       36.74      -2.960        0.000000       -999.0000        0.000000       -999.0000    
  100.0       40.60      -2.960        0.000000       -999.0000        0.000000       -999.0000    
  100.0       44.87      -2.960        0.000000       -999.0000        0.000000       -999.0000    
  100.0       49.59      -2.960        0.000000       -999.0000        0.000000       -999.0000    
  100.0       54.81      -2.960        0.000000       -999.0000        0.000000       -999.0000    
  100.0       60.57      -2.960        0.000000       -999.0000        0.000000       -999.0000    
  100.0       66.94      -2.960        0.000000       -999.0000        0.000000       -999.0000    
  100.0       73.98      -2.960        0.000000       -999.0000        0.000000       -999.0000    
  100.0       81.76      -2.960        0.000000       -999.0000        0.000000       -999.0000    
  100.0       89.36      -2.960        0.000000       -999.0000        0.000000       -999.0000    
  100.0       90.36      -2.960        0.000000       -999.0000        0.000000       -999.0000    
  100.0       91.20      -2.960        0.000000       -999.0000        0.000000       -999.0000    
  100.0       92.00      -2.960        0.000000       -999.0000        0.000000       -999.0000    
  100.0       99.86      -2.960        0.000000       -999.0000        0.000000       -999.0000    
  100.0       110.4      -2.960        0.000000       -999.0000        0.000000       -999.0000    
  100.0       120.0      -2.960        0.000000       -999.0000        0.000000       -999.0000    
  100.0       130.0      -2.960        0.000000       -999.0000        0.000000       -999.0000    
  100.0       140.0      -2.960        0.000000       -999.0000        0.000000       -999.0000    
  100.0       150.0      -2.960        0.000000       -999.0000        0.000000       -999.0000    
  100.0       160.0      -2.960        0.000000       -999.0000        0.000000       -999.0000    
  100.0       170.0      -2.960        0.000000       -999.0000        0.000000       -999.0000    
  100.0       180.0      -2.960        0.000000       -999.0000        0.000000       -999.0000    
  100.0       190.0      -2.960        0.000000       -999.0000        0.000000       -999.0000    
  100.0       200.0      -2.960        0.000000       -999.0000        0.000000       -999.0000    
  100.0       210.0      -2.960        0.000000       -999.0000        0.000000       -999.0000    
  100.0       220.0      -2.960        0.000000       -999.0000        0.000000       -999.0000    
  100.0       230.0      -2.960        0.000000       -999.0000        0.000000       -999.0000    
  100.0       240.0      -2.960        0.000000       -999.0000        0.000000       -999.0000    
  100.0       250.0      -2.960        0.000000       -999.0000        0.000000       -999.0000    
  100.0       260.0      -2.960        0.000000       -999.0000        0.000000       -999.0000    
  100.0       270.0      -2.960        0.000000       -999.0000        0.000000       -999.0000    
  100.0       280.0      -2.960        0.000000       -999.0000        0.000000       -999.0000    
  100.0       290.0      -2.960        0.000000       -999.0000        0.000000       -999.0000    
  100.0       300.0      -2.960        0.000000       -999.0000        0.000000       -999.0000    
  100.0       310.0      -2.960        0.000000       -999.0000        0.000000       -999.0000    
  100.0       320.0      -2.960        0.000000       -999.0000        0.000000       -999.0000    
  100.0       330.0      -2.960        0.000000       -999.0000        0.000000       -999.0000    
  100.0       340.0      -2.960        0.000000       -999.0000        0.000000       -999.0000    
  100.0       350.0      -2.960        0.000000       -999.0000        0.000000       -999.0000    
  100.0       360.0      -2.960        0.000000       -999.0000        0.000000       -999.0000    
  100.0       370.0      -2.960        0.000000       -999.0000        0.000000       -999.0000    
  100.0       380.0      -2.960        0.000000       -999.0000        0.000000       -999.0000    
  100.0       400.0      -2.960        0.000000       -999.0000        0.000000       -999.0000    
  100.0       450.0      -2.960        0.000000       -999.0000        0.000000       -999.0000    
  100.0       500.0      -2.960        0.000000       -999.0000        0.000000       -999.0000    
  100.0      0.9106E-01  -2.400        770.9248       -999.0000       -612.4531       -999.0000    
  100.0      0.1006      -2.400        685.5403       -999.0000       -478.2544       -999.0000    
  100.0      0.1112      -2.400        609.0289       -999.0000       -366.7916       -999.0000    
  100.0      0.1229      -2.400        540.9660       -999.0000       -275.3027       -999.0000    
  100.0      0.1358      -2.400        480.4726       -999.0000       -200.7096       -999.0000    
  100.0      0.1501      -2.400        426.4362       -999.0000       -139.9653       -999.0000    
  100.0      0.1659      -2.400        378.3468       -999.0000       -91.05656       -999.0000    
  100.0      0.1834      -2.400        335.4677       -999.0000       -51.98268       -999.0000    
  100.0      0.2027      -2.400        297.4087       -999.0000       -21.27457       -999.0000    
  100.0      0.2240      -2.400        263.6012       -999.0000        2.649947       -999.0000    
  100.0      0.2475      -2.400        233.5779       -999.0000        20.89461       -999.0000    
  100.0      0.2736      -2.400        206.7542       -999.0000        34.60116       -999.0000    
  100.0      0.3023      -2.400        183.0347       -999.0000        44.46621       -999.0000    
  100.0      0.3341      -2.400        161.9008       -999.0000        51.29448       -999.0000    
  100.0      0.3693      -2.400        143.1057       -999.0000        55.64821       -999.0000    
  100.0      0.4081      -2.400        126.4656       -999.0000        58.01337       -999.0000    
  100.0      0.4510      -2.400        111.6895       -999.0000        58.82095       -999.0000    
  100.0      0.4985      -2.400        98.55503       -999.0000        58.41569       -999.0000    
  100.0      0.5509      -2.400        86.93161       -999.0000        57.09371       -999.0000    
  100.0      0.6088      -2.400        76.62943       -999.0000        55.08925       -999.0000    
  100.0      0.6729      -2.400        67.48607       -999.0000        52.59002       -999.0000    
  100.0      0.7436      -2.400        59.40368       -999.0000        49.75409       -999.0000    
  100.0      0.8218      -2.400        52.24245       -999.0000        46.70043       -999.0000    
  100.0      0.9083      -2.400        45.90114       -999.0000        43.53190       -999.0000    
  100.0       1.004      -2.400        40.28936       -999.0000        40.33047       -999.0000    
  100.0       1.109      -2.400        35.36325       -999.0000        37.18054       -999.0000    
  100.0       1.226      -2.400        30.97467       -999.0000        34.08219       -999.0000    
  100.0       1.355      -2.400        27.11025       -999.0000        31.10121       -999.0000    
  100.0       1.497      -2.400        23.71231       -999.0000        28.26672       -999.0000    
  100.0       1.655      -2.400        20.69601       -999.0000        25.56601       -999.0000    
  100.0       1.829      -2.400        18.04947       -999.0000        23.04094       -999.0000    
  100.0       2.021      -2.400        15.72298       -999.0000        20.68779       -999.0000    
  100.0       2.234      -2.400        13.66891       -999.0000        18.49856       -999.0000    
  100.0       2.469      -2.400        11.86708       -999.0000        16.48289       -999.0000    
  100.0       2.729      -2.400        10.28306       -999.0000        14.63057       -999.0000    
  100.0       3.016      -2.400        8.894958       -999.0000        12.94003       -999.0000    
  100.0       3.333      -2.400        7.679072       -999.0000        11.40344       -999.0000    
  100.0       3.683      -2.400        6.615626       -999.0000        10.01216       -999.0000    
  100.0       4.071      -2.400        5.683164       -999.0000        8.752746       -999.0000    
  100.0       4.499      -2.400        4.870638       -999.0000        7.622686       -999.0000    
  100.0       4.972      -2.400        4.162190       -999.0000        6.610574       -999.0000    
  100.0       5.495      -2.400        3.545451       -999.0000        5.707438       -999.0000    
  100.0       6.073      -2.400        3.009762       -999.0000        4.904972       -999.0000    
  100.0       6.711      -2.400        2.545986       -999.0000        4.195509       -999.0000    
  100.0       7.417      -2.400        2.144360       -999.0000        3.569233       -999.0000    
  100.0       8.197      -2.400        1.797967       -999.0000        3.019722       -999.0000    
  100.0       9.059      -2.400        1.500002       -999.0000        2.539445       -999.0000    
  100.0       10.01      -2.400        1.244900       -999.0000        2.122359       -999.0000    
  100.0       11.06      -2.400        1.027095       -999.0000        1.761623       -999.0000    
  100.0       12.23      -2.400       0.8404717       -999.0000        1.448953       -999.0000    
  100.0       13.51      -2.400       0.6841161       -999.0000        1.184354       -999.0000    
  100.0       14.94      -2.400       0.5510720       -999.0000       0.9571530       -999.0000    
  100.0       16.51      -2.400       0.4404923       -999.0000       0.7668823       -999.0000    
  100.0       18.24      -2.400       0.3487817       -999.0000       0.6080627       -999.0000    
  100.0       20.16      -2.400       0.2727600       -999.0000       0.4757231       -999.0000    
  100.0       22.28      -2.400       0.2106589       -999.0000       0.3672172       -999.0000    
  100.0       24.63      -2.400       0.1602240       -999.0000       0.2788672       -999.0000    
  100.0       27.22      -2.400       0.1199377       -999.0000       0.2082133       -999.0000    
  100.0       30.08      -2.400       0.8810598E-01   -999.0000       0.1524003       -999.0000    
  100.0       33.24      -2.400       0.6329055E-01   -999.0000       0.1089682       -999.0000    
  100.0       36.74      -2.400       0.4425159E-01   -999.0000       0.7575433E-01   -999.0000    
  100.0       40.60      -2.400       0.3001365E-01   -999.0000       0.5103470E-01   -999.0000    
  100.0       44.87      -2.400       0.1961173E-01   -999.0000       0.3308716E-01   -999.0000    
  100.0       49.59      -2.400       0.1225164E-01   -999.0000       0.2048362E-01   -999.0000    
  100.0       54.81      -2.400       0.7246449E-02   -999.0000       0.1199147E-01   -999.0000    
  100.0       60.57      -2.400       0.4015175E-02   -999.0000       0.6566330E-02   -999.0000    
  100.0       66.94      -2.400       0.2048554E-02   -999.0000       0.3304520E-02   -999.0000    
  100.0       73.98      -2.400       0.9423094E-03   -999.0000       0.1495529E-02   -999.0000    
  100.0       81.76      -2.400       0.3789046E-03   -999.0000       0.5897122E-03   -999.0000    
  100.0       89.36      -2.400       0.1450588E-03   -999.0000       0.2210437E-03   -999.0000    
  100.0       90.36      -2.400       0.1270468E-03   -999.0000       0.1930249E-03   -999.0000    
  100.0       91.20      -2.400       0.1135143E-03   -999.0000       0.1720219E-03   -999.0000    
  100.0       92.00      -2.400       0.1018601E-03   -999.0000       0.1539808E-03   -999.0000    
  100.0       99.86      -2.400       0.3285920E-04   -999.0000       0.4841130E-04   -999.0000    
  100.0       110.4      -2.400       0.5577775E-05   -999.0000       0.7891779E-05   -999.0000    
  100.0       120.0      -2.400       0.7216123E-06   -999.0000       0.9767829E-06   -999.0000    
  100.0       130.0      -2.400       0.3406392E-07   -999.0000       0.4371184E-07   -999.0000    
  100.0       140.0      -2.400       0.6459350E-10   -999.0000       0.7959784E-10   -999.0000    
  100.0       150.0      -2.400        0.000000       -999.0000        0.000000       -999.0000    
  100.0       160.0      -2.400        0.000000       -999.0000        0.000000       -999.0000    
  100.0       170.0      -2.400        0.000000       -999.0000        0.000000       -999.0000    
  100.0       180.0      -2.400        0.000000       -999.0000        0.000000       -999.0000    
  100.0       190.0      -2.400        0.000000       -999.0000        0.000000       -999.0000    
  100.0       200.0      -2.400        0.000000       -999.0000        0.000000       -999.0000    
  100.0       210.0      -2.400        0.000000       -999.0000        0.000000       -999.0000    
  100.0       220.0      -2.400        0.000000       -999.0000        0.000000       -999.0000    
  100.0       230.0      -2.400        0.000000       -999.0000        0.000000       -999.0000    
  100.0       240.0      -2.400        0.000000       -999.0000        0.000000       -999.0000    
  100.0       250.0      -2.400        0.000000       -999.0000        0.000000       -999.0000    
  100.0       260.0      -2.400        0.000000       -999.0000        0.000000       -999.0000    
  100.0       270.0      -2.400        0.000000       -999.0000        0.000000       -999.0000    
  100.0       280.0      -2.400        0.000000       -999.0000        0.000000       -999.0000    
  100.0       290.0      -2.400        0.000000       -999.0000        0.000000       -999.0000    
  100.0       300.0      -2.400        0.000000       -999.0000        0.000000       -999.0000    
  100.0       310.0      -2.400        0.000000       -999.0000        0.000000       -999.0000    
  100.0       320.0      -2.400        0.000000       -999.0000        0.000000       -999.0000    
  100.0       330.0      -2.400        0.000000       -999.0000        0.000000       -999.0000    
  100.0       340.0      -2.400        0.000000       -999.0000        0.000000       -999.0000    
  100.0       350.0      -2.400        0.000000       -999.0000        0.000000       -999.0000    
  100.0       360.0      -2.400        0.000000       -999.0000        0.000000       -999.0000    
  100.0       370.0      -2.400        0.000000       -999.0000        0.000000       -999.0000    
  100.0       380.0      -2.400        0.000000       -999.0000        0.000000       -999.0000    
  100.0       400.0      -2.400        0.000000       -999.0000        0.000000       -999.0000    
  100.0       450.0      -2.400        0.000000       -999.0000        0.000000       -999.0000    
  100.0       500.0      -2.400        0.000000       -999.0000        0.000000       -999.0000    
  100.0      0.9106E-01  -1.200        12287.35       -999.0000       -17749.07       -999.0000    
  100.0      0.1006      -1.200        10941.42       -999.0000       -14644.98       -999.0000    
  100.0      0.1112      -1.200        9734.108       -999.0000       -12010.69       -999.0000    
  100.0      0.1229      -1.200        8658.986       -999.0000       -9796.628       -999.0000    
  100.0      0.1358      -1.200        7702.450       -999.0000       -7942.036       -999.0000    
  100.0      0.1501      -1.200        6847.066       -999.0000       -6384.859       -999.0000    
  100.0      0.1659      -1.200        6085.028       -999.0000       -5086.514       -999.0000    
  100.0      0.1834      -1.200        5404.761       -999.0000       -4005.019       -999.0000    
  100.0      0.2027      -1.200        4800.209       -999.0000       -3112.697       -999.0000    
  100.0      0.2240      -1.200        4262.480       -999.0000       -2378.123       -999.0000    
  100.0      0.2475      -1.200        3784.291       -999.0000       -1776.453       -999.0000    
  100.0      0.2736      -1.200        3356.493       -999.0000       -1283.654       -999.0000    
  100.0      0.3023      -1.200        2977.656       -999.0000       -886.9394       -999.0000    
  100.0      0.3341      -1.200        2639.643       -999.0000       -567.6127       -999.0000    
  100.0      0.3693      -1.200        2338.564       -999.0000       -313.4139       -999.0000    
  100.0      0.4081      -1.200        2071.575       -999.0000       -114.3287       -999.0000    
  100.0      0.4510      -1.200        1834.107       -999.0000        39.80756       -999.0000    
  100.0      0.4985      -1.200        1622.708       -999.0000        157.0469       -999.0000    
  100.0      0.5509      -1.200        1435.279       -999.0000        243.6485       -999.0000    
  100.0      0.6088      -1.200        1268.848       -999.0000        305.5227       -999.0000    
  100.0      0.6729      -1.200        1120.856       -999.0000        347.4470       -999.0000    
  100.0      0.7436      -1.200        989.7946       -999.0000        373.2489       -999.0000    
  100.0      0.8218      -1.200        873.4283       -999.0000        386.3222       -999.0000    
  100.0      0.9083      -1.200        770.1707       -999.0000        389.4387       -999.0000    
  100.0       1.004      -1.200        678.5815       -999.0000        384.8274       -999.0000    
  100.0       1.109      -1.200        597.9949       -999.0000        374.4537       -999.0000    
  100.0       1.226      -1.200        526.0223       -999.0000        359.6833       -999.0000    
  100.0       1.355      -1.200        462.4975       -999.0000        341.9192       -999.0000    
  100.0       1.497      -1.200        406.5063       -999.0000        322.2147       -999.0000    
  100.0       1.655      -1.200        356.6626       -999.0000        301.1690       -999.0000    
  100.0       1.829      -1.200        312.7846       -999.0000        279.6434       -999.0000    
  100.0       2.021      -1.200        274.0838       -999.0000        258.1073       -999.0000    
  100.0       2.234      -1.200        239.7928       -999.0000        236.8308       -999.0000    
  100.0       2.469      -1.200        209.6046       -999.0000        216.2165       -999.0000    
  100.0       2.729      -1.200        182.9713       -999.0000        196.4347       -999.0000    
  100.0       3.016      -1.200        159.5438       -999.0000        177.6674       -999.0000    
  100.0       3.333      -1.200        138.9373       -999.0000        160.0073       -999.0000    
  100.0       3.683      -1.200        120.8298       -999.0000        143.5137       -999.0000    
  100.0       4.071      -1.200        104.8718       -999.0000        128.1571       -999.0000    
  100.0       4.499      -1.200        90.89361       -999.0000        114.0129       -999.0000    
  100.0       4.972      -1.200        78.63574       -999.0000        101.0283       -999.0000    
  100.0       5.495      -1.200        67.89173       -999.0000        89.15933       -999.0000    
  100.0       6.073      -1.200        58.48985       -999.0000        78.36669       -999.0000    
  100.0       6.711      -1.200        50.28476       -999.0000        68.61208       -999.0000    
  100.0       7.417      -1.200        43.11589       -999.0000        59.81187       -999.0000    
  100.0       8.197      -1.200        36.87285       -999.0000        51.91996       -999.0000    
  100.0       9.059      -1.200        31.44428       -999.0000        44.87141       -999.0000    
  100.0       10.01      -1.200        26.73912       -999.0000        38.61144       -999.0000    
  100.0       11.06      -1.200        22.66455       -999.0000        33.06930       -999.0000    
  100.0       12.23      -1.200        19.11431       -999.0000        28.14315       -999.0000    
  100.0       13.51      -1.200        16.08483       -999.0000        23.86328       -999.0000    
  100.0       14.94      -1.200        13.45208       -999.0000        20.08443       -999.0000    
  100.0       16.51      -1.200        11.21086       -999.0000        16.82246       -999.0000    
  100.0       18.24      -1.200        9.301083       -999.0000        14.00920       -999.0000    
  100.0       20.16      -1.200        7.668072       -999.0000        11.57837       -999.0000    
  100.0       22.28      -1.200        6.284822       -999.0000        9.501453       -999.0000    
  100.0       24.63      -1.200        5.114393       -999.0000        7.732558       -999.0000    
  100.0       27.22      -1.200        4.134376       -999.0000        6.244635       -999.0000    
  100.0       30.08      -1.200        3.315836       -999.0000        4.997451       -999.0000    
  100.0       33.24      -1.200        2.636171       -999.0000        3.960300       -999.0000    
  100.0       36.74      -1.200        2.074209       -999.0000        3.102933       -999.0000    
  100.0       40.60      -1.200        1.615184       -999.0000        2.403817       -999.0000    
  100.0       44.87      -1.200        1.241983       -999.0000        1.837394       -999.0000    
  100.0       49.59      -1.200       0.9418009       -999.0000        1.383759       -999.0000    
  100.0       54.81      -1.200       0.7030478       -999.0000        1.025068       -999.0000    
  100.0       60.57      -1.200       0.5160511       -999.0000       0.7460563       -999.0000    
  100.0       66.94      -1.200       0.3713978       -999.0000       0.5319080       -999.0000    
  100.0       73.98      -1.200       0.2616037       -999.0000       0.3707835       -999.0000    
  100.0       81.76      -1.200       0.1799490       -999.0000       0.2521134       -999.0000    
  100.0       89.36      -1.200       0.1262274       -999.0000       0.1748275       -999.0000    
  100.0       90.36      -1.200       0.1205571       -999.0000       0.1667183       -999.0000    
  100.0       91.20      -1.200       0.1160048       -999.0000       0.1602152       -999.0000    
  100.0       92.00      -1.200       0.1118405       -999.0000       0.1542729       -999.0000    
  100.0       99.86      -1.200       0.7849712E-01   -999.0000       0.1069616       -999.0000    
  100.0       110.4      -1.200       0.4945761E-01   -999.0000       0.6625941E-01   -999.0000    
  100.0       120.0      -1.200       0.3281770E-01   -999.0000       0.4326899E-01   -999.0000    
  100.0       130.0      -1.200       0.2160093E-01   -999.0000       0.2799306E-01   -999.0000    
  100.0       140.0      -1.200       0.1433493E-01   -999.0000       0.1824845E-01   -999.0000    
  100.0       150.0      -1.200       0.9576142E-02   -999.0000       0.1196799E-01   -999.0000    
  100.0       160.0      -1.200       0.6430450E-02   -999.0000       0.7885844E-02   -999.0000    
  100.0       170.0      -1.200       0.4336404E-02   -999.0000       0.5215692E-02   -999.0000    
  100.0       180.0      -1.200       0.2934392E-02   -999.0000       0.3459906E-02   -999.0000    
  100.0       190.0      -1.200       0.1990004E-02   -999.0000       0.2298984E-02   -999.0000    
  100.0       200.0      -1.200       0.1351178E-02   -999.0000       0.1528947E-02   -999.0000    
  100.0       210.0      -1.200       0.9176034E-03   -999.0000       0.1016556E-02   -999.0000    
  100.0       220.0      -1.200       0.6225527E-03   -999.0000       0.6749401E-03   -999.0000    
  100.0       230.0      -1.200       0.4217494E-03   -999.0000       0.4473236E-03   -999.0000    
  100.0       240.0      -1.200       0.2849720E-03   -999.0000       0.2955593E-03   -999.0000    
  100.0       250.0      -1.200       0.1918675E-03   -999.0000       0.1945295E-03   -999.0000    
  100.0       260.0      -1.200       0.1286007E-03   -999.0000       0.1274032E-03   -999.0000    
  100.0       270.0      -1.200       0.8571693E-04   -999.0000       0.8293723E-04   -999.0000    
  100.0       280.0      -1.200       0.5675736E-04   -999.0000       0.5361218E-04   -999.0000    
  100.0       290.0      -1.200       0.3729306E-04   -999.0000       0.3437200E-04   -999.0000    
  100.0       300.0      -1.200       0.2428652E-04   -999.0000       0.2182997E-04   -999.0000    
  100.0       310.0      -1.200       0.1565563E-04   -999.0000       0.1371517E-04   -999.0000    
  100.0       320.0      -1.200       0.9975190E-05   -999.0000       0.8511834E-05   -999.0000    
  100.0       330.0      -1.200       0.6272315E-05   -999.0000       0.5209375E-05   -999.0000    
  100.0       340.0      -1.200       0.3885021E-05   -999.0000       0.3138034E-05   -999.0000    
  100.0       350.0      -1.200       0.2365631E-05   -999.0000       0.1856735E-05   -999.0000    
  100.0       360.0      -1.200       0.1412578E-05   -999.0000       0.1076156E-05   -999.0000    
  100.0       370.0      -1.200       0.8249163E-06   -999.0000       0.6093524E-06   -999.0000    
  100.0       380.0      -1.200       0.4695026E-06   -999.0000       0.3358469E-06   -999.0000    
  100.0       400.0      -1.200       0.1384555E-06   -999.0000       0.9245580E-07   -999.0000    
  100.0       450.0      -1.200       0.2678460E-08   -999.0000       0.1450648E-08   -999.0000    
  100.0       500.0      -1.200       0.1446904E-11   -999.0000       0.5883637E-12   -999.0000    
  100.0      0.9106E-01   0.000        20030.56       -999.0000       -32020.35       -999.0000    
  100.0      0.1006       0.000        17841.88       -999.0000       -26592.54       -999.0000    
  100.0      0.1112       0.000        15878.09       -999.0000       -21971.12       -999.0000    
  100.0      0.1229       0.000        14128.86       -999.0000       -18072.70       -999.0000    
  100.0      0.1358       0.000        12572.13       -999.0000       -14793.91       -999.0000    
  100.0      0.1501       0.000        11179.64       -999.0000       -12029.07       -999.0000    
  100.0      0.1659       0.000        9938.684       -999.0000       -9712.453       -999.0000    
  100.0      0.1834       0.000        8830.630       -999.0000       -7773.074       -999.0000    
  100.0      0.2027       0.000        7845.685       -999.0000       -6161.895       -999.0000    
  100.0      0.2240       0.000        6969.419       -999.0000       -4827.637       -999.0000    
  100.0      0.2475       0.000        6190.020       -999.0000       -3727.090       -999.0000    
  100.0      0.2736       0.000        5492.584       -999.0000       -2818.109       -999.0000    
  100.0      0.3023       0.000        4874.834       -999.0000       -2078.784       -999.0000    
  100.0      0.3341       0.000        4323.492       -999.0000       -1476.614       -999.0000    
  100.0      0.3693       0.000        3832.260       -999.0000       -990.5805       -999.0000    
  100.0      0.4081       0.000        3396.488       -999.0000       -602.9102       -999.0000    
  100.0      0.4510       0.000        3008.743       -999.0000       -296.4520       -999.0000    
  100.0      0.4985       0.000        2663.437       -999.0000       -56.95298       -999.0000    
  100.0      0.5509       0.000        2357.148       -999.0000        127.0470       -999.0000    
  100.0      0.6088       0.000        2085.041       -999.0000        264.7623       -999.0000    
  100.0      0.6729       0.000        1842.959       -999.0000        365.2998       -999.0000    
  100.0      0.7436       0.000        1628.456       -999.0000        435.3929       -999.0000    
  100.0      0.8218       0.000        1437.930       -999.0000        481.2269       -999.0000    
  100.0      0.9083       0.000        1268.800       -999.0000        507.6114       -999.0000    
  100.0       1.004       0.000        1118.724       -999.0000        518.6131       -999.0000    
  100.0       1.109       0.000        986.6241       -999.0000        517.6860       -999.0000    
  100.0       1.226       0.000        868.6011       -999.0000        507.5824       -999.0000    
  100.0       1.355       0.000        764.3779       -999.0000        490.6690       -999.0000    
  100.0       1.497       0.000        672.4686       -999.0000        468.9090       -999.0000    
  100.0       1.655       0.000        590.6078       -999.0000        443.6005       -999.0000    
  100.0       1.829       0.000        518.5060       -999.0000        416.2197       -999.0000    
  100.0       2.021       0.000        454.8709       -999.0000        387.7111       -999.0000    
  100.0       2.234       0.000        398.4525       -999.0000        358.6885       -999.0000    
  100.0       2.469       0.000        348.7455       -999.0000        329.9164       -999.0000    
  100.0       2.729       0.000        304.8499       -999.0000        301.7763       -999.0000    
  100.0       3.016       0.000        266.2090       -999.0000        274.6856       -999.0000    
  100.0       3.333       0.000        232.1884       -999.0000        248.8640       -999.0000    
  100.0       3.683       0.000        202.2640       -999.0000        224.4773       -999.0000    
  100.0       4.071       0.000        175.8676       -999.0000        201.5321       -999.0000    
  100.0       4.499       0.000        152.7186       -999.0000        180.2182       -999.0000    
  100.0       4.972       0.000        132.3975       -999.0000        160.5003       -999.0000    
  100.0       5.495       0.000        114.5703       -999.0000        142.3523       -999.0000    
  100.0       6.073       0.000        98.95615       -999.0000        125.7483       -999.0000    
  100.0       6.711       0.000        85.31061       -999.0000        110.6500       -999.0000    
  100.0       7.417       0.000        73.36954       -999.0000        96.94843       -999.0000    
  100.0       8.197       0.000        62.95156       -999.0000        84.59195       -999.0000    
  100.0       9.059       0.000        53.87651       -999.0000        73.49709       -999.0000    
  100.0       10.01       0.000        45.99576       -999.0000        63.59177       -999.0000    
  100.0       11.06       0.000        39.15678       -999.0000        54.77801       -999.0000    
  100.0       12.23       0.000        33.18273       -999.0000        46.90230       -999.0000    
  100.0       13.51       0.000        28.06896       -999.0000        40.02269       -999.0000    
  100.0       14.94       0.000        23.61274       -999.0000        33.92456       -999.0000    
  100.0       16.51       0.000        19.80845       -999.0000        28.62585       -999.0000    
  100.0       18.24       0.000        16.55377       -999.0000        24.02881       -999.0000    
  100.0       20.16       0.000        13.75904       -999.0000        20.03338       -999.0000    
  100.0       22.28       0.000        11.37988       -999.0000        16.59775       -999.0000    
  100.0       24.63       0.000        9.354733       -999.0000        13.64994       -999.0000    
  100.0       27.22       0.000        7.647286       -999.0000        11.14935       -999.0000    
  100.0       30.08       0.000        6.211686       -999.0000        9.037953       -999.0000    
  100.0       33.24       0.000        5.010255       -999.0000        7.266640       -999.0000    
  100.0       36.74       0.000        4.007755       -999.0000        5.787870       -999.0000    
  100.0       40.60       0.000        3.179466       -999.0000        4.567659       -999.0000    
  100.0       44.87       0.000        2.497271       -999.0000        3.565736       -999.0000    
  100.0       49.59       0.000        1.940280       -999.0000        2.751338       -999.0000    
  100.0       54.81       0.000        1.489670       -999.0000        2.096299       -999.0000    
  100.0       60.57       0.000        1.129398       -999.0000        1.576102       -999.0000    
  100.0       66.94       0.000       0.8438501       -999.0000        1.167063       -999.0000    
  100.0       73.98       0.000       0.6206794       -999.0000       0.8501547       -999.0000    
  100.0       81.76       0.000       0.4488945       -999.0000       0.6084575       -999.0000    
  100.0       89.36       0.000       0.3314634       -999.0000       0.4447997       -999.0000    
  100.0       90.36       0.000       0.3187767       -999.0000       0.4272100       -999.0000    
  100.0       91.20       0.000       0.3085430       -999.0000       0.4130339       -999.0000    
  100.0       92.00       0.000       0.2991411       -999.0000       0.4000248       -999.0000    
  100.0       99.86       0.000       0.2220818       -999.0000       0.2939479       -999.0000    
  100.0       110.4       0.000       0.1513529       -999.0000       0.1975821       -999.0000    
  100.0       120.0       0.000       0.1082514       -999.0000       0.1395410       -999.0000    
  100.0       130.0       0.000       0.7731592E-01   -999.0000       0.9834948E-01   -999.0000    
  100.0       140.0       0.000       0.5585403E-01   -999.0000       0.7009881E-01   -999.0000    
  100.0       150.0       0.000       0.4076127E-01   -999.0000       0.5046447E-01   -999.0000    
  100.0       160.0       0.000       0.3001709E-01   -999.0000       0.3665195E-01   -999.0000    
  100.0       170.0       0.000       0.2228459E-01   -999.0000       0.2683172E-01   -999.0000    
  100.0       180.0       0.000       0.1666378E-01   -999.0000       0.1978187E-01   -999.0000    
  100.0       190.0       0.000       0.1254144E-01   -999.0000       0.1467649E-01   -999.0000    
  100.0       200.0       0.000       0.9493156E-02   -999.0000       0.1094964E-01   -999.0000    
  100.0       210.0       0.000       0.7222464E-02   -999.0000       0.8209422E-02   -999.0000    
  100.0       220.0       0.000       0.5519984E-02   -999.0000       0.6182225E-02   -999.0000    
  100.0       230.0       0.000       0.4235656E-02   -999.0000       0.4673619E-02   -999.0000    
  100.0       240.0       0.000       0.3261750E-02   -999.0000       0.3545226E-02   -999.0000    
  100.0       250.0       0.000       0.2519434E-02   -999.0000       0.2697124E-02   -999.0000    
  100.0       260.0       0.000       0.1951377E-02   -999.0000       0.2057286E-02   -999.0000    
  100.0       270.0       0.000       0.1514818E-02   -999.0000       0.1572549E-02   -999.0000    
  100.0       280.0       0.000       0.1178239E-02   -999.0000       0.1204259E-02   -999.0000    
  100.0       290.0       0.000       0.9179709E-03   -999.0000       0.9236316E-03   -999.0000    
  100.0       300.0       0.000       0.7161505E-03   -999.0000       0.7092563E-03   -999.0000    
  100.0       310.0       0.000       0.5592758E-03   -999.0000       0.5451251E-03   -999.0000    
  100.0       320.0       0.000       0.4371259E-03   -999.0000       0.4192663E-03   -999.0000    
  100.0       330.0       0.000       0.3418399E-03   -999.0000       0.3225969E-03   -999.0000    
  100.0       340.0       0.000       0.2673959E-03   -999.0000       0.2482457E-03   -999.0000    
  100.0       350.0       0.000       0.2091916E-03   -999.0000       0.1910290E-03   -999.0000    
  100.0       360.0       0.000       0.1636314E-03   -999.0000       0.1469543E-03   -999.0000    
  100.0       370.0       0.000       0.1279545E-03   -999.0000       0.1129960E-03   -999.0000    
  100.0       380.0       0.000       0.1000047E-03   -999.0000       0.8682609E-04   -999.0000    
  100.0       400.0       0.000       0.6093664E-04   -999.0000       0.5111037E-04   -999.0000    
  100.0       450.0       0.000       0.1727358E-04   -999.0000       0.1324283E-04   -999.0000    
  100.0       500.0       0.000       0.4657172E-05   -999.0000       0.3242992E-05   -999.0000    
  100.0      0.9106E-01   1.200        20498.88       -999.0000       -31196.46       -999.0000    
  100.0      0.1006       1.200        18256.20       -999.0000       -25828.37       -999.0000    
  100.0      0.1112       1.200        16244.28       -999.0000       -21265.02       -999.0000    
  100.0      0.1229       1.200        14452.45       -999.0000       -17422.36       -999.0000    
  100.0      0.1358       1.200        12858.07       -999.0000       -14196.59       -999.0000    
  100.0      0.1501       1.200        11432.12       -999.0000       -11481.82       -999.0000    
  100.0      0.1659       1.200        10161.62       -999.0000       -9211.905       -999.0000    
  100.0      0.1834       1.200        9027.308       -999.0000       -7317.766       -999.0000    
  100.0      0.2027       1.200        8019.108       -999.0000       -5748.510       -999.0000    
  100.0      0.2240       1.200        7122.223       -999.0000       -4452.556       -999.0000    
  100.0      0.2475       1.200        6324.392       -999.0000       -3387.308       -999.0000    
  100.0      0.2736       1.200        5610.612       -999.0000       -2510.894       -999.0000    
  100.0      0.3023       1.200        4978.483       -999.0000       -1801.260       -999.0000    
  100.0      0.3341       1.200        4414.390       -999.0000       -1226.875       -999.0000    
  100.0      0.3693       1.200        3911.932       -999.0000       -765.9594       -999.0000    
  100.0      0.4081       1.200        3466.195       -999.0000       -401.6594       -999.0000    
  100.0      0.4510       1.200        3069.675       -999.0000       -118.4482       -999.0000    
  100.0      0.4985       1.200        2716.620       -999.0000        102.2159       -999.0000    
  100.0      0.5509       1.200        2403.537       -999.0000        271.0653       -999.0000    
  100.0      0.6088       1.200        2125.474       -999.0000        392.9498       -999.0000    
  100.0      0.6729       1.200        1878.169       -999.0000        479.3098       -999.0000    
  100.0      0.7436       1.200        1659.109       -999.0000        536.6125       -999.0000    
  100.0      0.8218       1.200        1464.568       -999.0000        570.7945       -999.0000    
  100.0      0.9083       1.200        1291.903       -999.0000        586.7261       -999.0000    
  100.0       1.004       1.200        1138.714       -999.0000        588.3759       -999.0000    
  100.0       1.109       1.200        1003.895       -999.0000        579.1088       -999.0000    
  100.0       1.226       1.200        883.4540       -999.0000        561.5047       -999.0000    
  100.0       1.355       1.200        777.1214       -999.0000        537.9216       -999.0000    
  100.0       1.497       1.200        683.3727       -999.0000        510.2510       -999.0000    
  100.0       1.655       1.200        599.8923       -999.0000        479.6467       -999.0000    
  100.0       1.829       1.200        526.3802       -999.0000        447.5864       -999.0000    
  100.0       2.021       1.200        461.5207       -999.0000        414.9370       -999.0000    
  100.0       2.234       1.200        404.0317       -999.0000        382.2431       -999.0000    
  100.0       2.469       1.200        353.4025       -999.0000        350.2383       -999.0000    
  100.0       2.729       1.200        308.7180       -999.0000        319.3232       -999.0000    
  100.0       3.016       1.200        269.3959       -999.0000        289.7208       -999.0000    
  100.0       3.333       1.200        234.7940       -999.0000        261.7315       -999.0000    
  100.0       3.683       1.200        204.3746       -999.0000        235.4249       -999.0000    
  100.0       4.071       1.200        177.5534       -999.0000        210.8239       -999.0000    
  100.0       4.499       1.200        154.0472       -999.0000        188.0595       -999.0000    
  100.0       4.972       1.200        133.4223       -999.0000        167.0820       -999.0000    
  100.0       5.495       1.200        115.3332       -999.0000        147.8398       -999.0000    
  100.0       6.073       1.200        99.49309       -999.0000        130.2870       -999.0000    
  100.0       6.711       1.200        85.65937       -999.0000        114.3745       -999.0000    
  100.0       7.417       1.200        73.56318       -999.0000        99.97825       -999.0000    
  100.0       8.197       1.200        63.01990       -999.0000        87.03010       -999.0000    
  100.0       9.059       1.200        53.84332       -999.0000        75.43473       -999.0000    
  100.0       10.01       1.200        45.88122       -999.0000        65.10752       -999.0000    
  100.0       11.06       1.200        38.97810       -999.0000        55.94041       -999.0000    
  100.0       12.23       1.200        32.95514       -999.0000        47.76972       -999.0000    
  100.0       13.51       1.200        27.80792       -999.0000        40.65141       -999.0000    
  100.0       14.94       1.200        23.32728       -999.0000        34.34757       -999.0000    
  100.0       16.51       1.200        19.50574       -999.0000        28.88895       -999.0000    
  100.0       18.24       1.200        16.24237       -999.0000        24.16512       -999.0000    
  100.0       20.16       1.200        13.44520       -999.0000        20.06960       -999.0000    
  100.0       22.28       1.200        11.06937       -999.0000        16.55799       -999.0000    
  100.0       24.63       1.200        9.052797       -999.0000        13.55415       -999.0000    
  100.0       27.22       1.200        7.358310       -999.0000        11.01477       -999.0000    
  100.0       30.08       1.200        5.937295       -999.0000        8.876734       -999.0000    
  100.0       33.24       1.200        4.751947       -999.0000        7.089073       -999.0000    
  100.0       36.74       1.200        3.766750       -999.0000        5.601869       -999.0000    
  100.0       40.60       1.200        2.957191       -999.0000        4.380588       -999.0000    
  100.0       44.87       1.200        2.294451       -999.0000        3.383003       -999.0000    
  100.0       49.59       1.200        1.757166       -999.0000        2.577092       -999.0000    
  100.0       54.81       1.200        1.325981       -999.0000        1.933271       -999.0000    
  100.0       60.57       1.200       0.9848011       -999.0000        1.426541       -999.0000    
  100.0       66.94       1.200       0.7177995       -999.0000        1.032429       -999.0000    
  100.0       73.98       1.200       0.5125119       -999.0000       0.7314305       -999.0000    
  100.0       81.76       1.200       0.3576485       -999.0000       0.5060433       -999.0000    
  100.0       89.36       1.200       0.2542437       -999.0000       0.3566916       -999.0000    
  100.0       90.36       1.200       0.2432365       -999.0000       0.3408646       -999.0000    
  100.0       91.20       1.200       0.2343845       -999.0000       0.3281472       -999.0000    
  100.0       92.00       1.200       0.2262744       -999.0000       0.3165056       -999.0000    
  100.0       99.86       1.200       0.1608500       -999.0000       0.2229728       -999.0000    
  100.0       110.4       1.200       0.1029682       -999.0000       0.1409539       -999.0000    
  100.0       120.0       1.200       0.6923528E-01   -999.0000       0.9365336E-01   -999.0000    
  100.0       130.0       1.200       0.4614827E-01   -999.0000       0.6162305E-01   -999.0000    
  100.0       140.0       1.200       0.3098101E-01   -999.0000       0.4081474E-01   -999.0000    
  100.0       150.0       1.200       0.2091644E-01   -999.0000       0.2717056E-01   -999.0000    
  100.0       160.0       1.200       0.1418195E-01   -999.0000       0.1815572E-01   -999.0000    
  100.0       170.0       1.200       0.9648575E-02   -999.0000       0.1216690E-01   -999.0000    
  100.0       180.0       1.200       0.6583258E-02   -999.0000       0.8172548E-02   -999.0000    
  100.0       190.0       1.200       0.4499606E-02   -999.0000       0.5495953E-02   -999.0000    
  100.0       200.0       1.200       0.3077790E-02   -999.0000       0.3697042E-02   -999.0000    
  100.0       210.0       1.200       0.2104579E-02   -999.0000       0.2484928E-02   -999.0000    
  100.0       220.0       1.200       0.1437391E-02   -999.0000       0.1667394E-02   -999.0000    
  100.0       230.0       1.200       0.9799826E-03   -999.0000       0.1116266E-02   -999.0000    
  100.0       240.0       1.200       0.6662873E-03   -999.0000       0.7448040E-03   -999.0000    
  100.0       250.0       1.200       0.4513198E-03   -999.0000       0.4949046E-03   -999.0000    
  100.0       260.0       1.200       0.3042618E-03   -999.0000       0.3271133E-03   -999.0000    
  100.0       270.0       1.200       0.2039334E-03   -999.0000       0.2148298E-03   -999.0000    
  100.0       280.0       1.200       0.1357462E-03   -999.0000       0.1400385E-03   -999.0000    
  100.0       290.0       1.200       0.8963681E-04   -999.0000       0.9049949E-04   -999.0000    
  100.0       300.0       1.200       0.5863842E-04   -999.0000       0.5790355E-04   -999.0000    
  100.0       310.0       1.200       0.3794932E-04   -999.0000       0.3662553E-04   -999.0000    
  100.0       320.0       1.200       0.2425872E-04   -999.0000       0.2286617E-04   -999.0000    
  100.0       330.0       1.200       0.1528981E-04   -999.0000       0.1406452E-04   -999.0000    
  100.0       340.0       1.200       0.9482568E-05   -999.0000       0.8504891E-05   -999.0000    
  100.0       350.0       1.200       0.5773644E-05   -999.0000       0.5044564E-05   -999.0000    
  100.0       360.0       1.200       0.3441878E-05   -999.0000       0.2926368E-05   -999.0000    
  100.0       370.0       1.200       0.2002807E-05   -999.0000       0.1655223E-05   -999.0000    
  100.0       380.0       1.200       0.1133227E-05   -999.0000       0.9092237E-06   -999.0000    
  100.0       400.0       1.200       0.3274256E-06   -999.0000       0.2465118E-06   -999.0000    
  100.0       450.0       1.200       0.5556957E-08   -999.0000       0.3441466E-08   -999.0000    
  100.0       500.0       1.200       0.2097423E-11   -999.0000       0.9740502E-12   -999.0000    
  100.0      0.9106E-01   2.400        2967.007       -999.0000       -2667.792       -999.0000    
  100.0      0.1006       2.400        2639.048       -999.0000       -2113.191       -999.0000    
  100.0      0.1112       2.400        2345.118       -999.0000       -1650.337       -999.0000    
  100.0      0.1229       2.400        2083.594       -999.0000       -1268.503       -999.0000    
  100.0      0.1358       2.400        1851.110       -999.0000       -955.1366       -999.0000    
  100.0      0.1501       2.400        1643.416       -999.0000       -698.3140       -999.0000    
  100.0      0.1659       2.400        1458.510       -999.0000       -489.7826       -999.0000    
  100.0      0.1834       2.400        1293.617       -999.0000       -321.4522       -999.0000    
  100.0      0.2027       2.400        1147.228       -999.0000       -187.3902       -999.0000    
  100.0      0.2240       2.400        1017.162       -999.0000       -81.64829       -999.0000    
  100.0      0.2475       2.400        901.6273       -999.0000       0.6612270       -999.0000    
  100.0      0.2736       2.400        798.3801       -999.0000        64.01685       -999.0000    
  100.0      0.3023       2.400        707.0574       -999.0000        111.2239       -999.0000    
  100.0      0.3341       2.400        625.6683       -999.0000        145.6009       -999.0000    
  100.0      0.3693       2.400        553.2664       -999.0000        169.5351       -999.0000    
  100.0      0.4081       2.400        489.1480       -999.0000        184.8112       -999.0000    
  100.0      0.4510       2.400        432.1949       -999.0000        193.3421       -999.0000    
  100.0      0.4985       2.400        381.5539       -999.0000        196.5092       -999.0000    
  100.0      0.5509       2.400        336.7245       -999.0000        195.5174       -999.0000    
  100.0      0.6088       2.400        296.9777       -999.0000        191.3788       -999.0000    
  100.0      0.6729       2.400        261.6897       -999.0000        184.8256       -999.0000    
  100.0      0.7436       2.400        230.4850       -999.0000        176.5748       -999.0000    
  100.0      0.8218       2.400        202.8262       -999.0000        167.1364       -999.0000    
  100.0      0.9083       2.400        178.3245       -999.0000        156.9411       -999.0000    
  100.0       1.004       2.400        156.6325       -999.0000        146.3386       -999.0000    
  100.0       1.109       2.400        137.5826       -999.0000        135.6989       -999.0000    
  100.0       1.226       2.400        120.6036       -999.0000        125.0389       -999.0000    
  100.0       1.355       2.400        105.6452       -999.0000        114.6500       -999.0000    
  100.0       1.497       2.400        92.48558       -999.0000        104.6572       -999.0000    
  100.0       1.655       2.400        80.79761       -999.0000        95.04929       -999.0000    
  100.0       1.829       2.400        70.53664       -999.0000        85.99217       -999.0000    
  100.0       2.021       2.400        61.51102       -999.0000        77.49816       -999.0000    
  100.0       2.234       2.400        53.53714       -999.0000        69.54831       -999.0000    
  100.0       2.469       2.400        46.53757       -999.0000        62.18448       -999.0000    
  100.0       2.729       2.400        40.37950       -999.0000        55.38455       -999.0000    
  100.0       3.016       2.400        34.97874       -999.0000        49.14969       -999.0000    
  100.0       3.333       2.400        30.24387       -999.0000        43.45540       -999.0000    
  100.0       3.683       2.400        26.09872       -999.0000        38.27980       -999.0000    
  100.0       4.071       2.400        22.46045       -999.0000        33.57748       -999.0000    
  100.0       4.499       2.400        19.28661       -999.0000        29.34208       -999.0000    
  100.0       4.972       2.400        16.51588       -999.0000        25.53465       -999.0000    
  100.0       5.495       2.400        14.10057       -999.0000        22.12492       -999.0000    
  100.0       6.073       2.400        11.99958       -999.0000        19.08454       -999.0000    
  100.0       6.711       2.400        10.17767       -999.0000        16.38695       -999.0000    
  100.0       7.417       2.400        8.597001       -999.0000        13.99716       -999.0000    
  100.0       8.197       2.400        7.230965       -999.0000        11.89215       -999.0000    
  100.0       9.059       2.400        6.053246       -999.0000        10.04554       -999.0000    
  100.0       10.01       2.400        5.042401       -999.0000        8.435631       -999.0000    
  100.0       11.06       2.400        4.176952       -999.0000        7.037287       -999.0000    
  100.0       12.23       2.400        3.433073       -999.0000        5.819685       -999.0000    
  100.0       13.51       2.400        2.807686       -999.0000        4.784311       -999.0000    
  100.0       14.94       2.400        2.273504       -999.0000        3.890766       -999.0000    
  100.0       16.51       2.400        1.827596       -999.0000        3.138253       -999.0000    
  100.0       18.24       2.400        1.456030       -999.0000        2.506372       -999.0000    
  100.0       20.16       2.400        1.146417       -999.0000        1.976485       -999.0000    
  100.0       22.28       2.400       0.8920255       -999.0000        1.538887       -999.0000    
  100.0       24.63       2.400       0.6840943       -999.0000        1.179831       -999.0000    
  100.0       27.22       2.400       0.5167975       -999.0000       0.8901938       -999.0000    
  100.0       30.08       2.400       0.3835376       -999.0000       0.6591926       -999.0000    
  100.0       33.24       2.400       0.2786812       -999.0000       0.4774979       -999.0000    
  100.0       36.74       2.400       0.1973780       -999.0000       0.3368471       -999.0000    
  100.0       40.60       2.400       0.1358260       -999.0000       0.2306953       -999.0000    
  100.0       44.87       2.400       0.9021103E-01   -999.0000       0.1523189       -999.0000    
  100.0       49.59       2.400       0.5739108E-01   -999.0000       0.9629096E-01   -999.0000    
  100.0       54.81       2.400       0.3463570E-01   -999.0000       0.5769330E-01   -999.0000    
  100.0       60.57       2.400       0.1961640E-01   -999.0000       0.3240800E-01   -999.0000    
  100.0       66.94       2.400       0.1024377E-01   -999.0000       0.1676529E-01   -999.0000    
  100.0       73.98       2.400       0.4824776E-02   -999.0000       0.7810552E-02   -999.0000    
  100.0       81.76       2.400       0.1983301E-02   -999.0000       0.3169304E-02   -999.0000    
  100.0       89.36       2.400       0.7710528E-03   -999.0000       0.1215105E-02   -999.0000    
  100.0       90.36       2.400       0.6763074E-03   -999.0000       0.1063713E-02   -999.0000    
  100.0       91.20       2.400       0.6049507E-03   -999.0000       0.9498677E-03   -999.0000    
  100.0       92.00       2.400       0.5433578E-03   -999.0000       0.8517656E-03   -999.0000    
  100.0       99.86       2.400       0.1757613E-03   -999.0000       0.2708744E-03   -999.0000    
  100.0       110.4       2.400       0.2919885E-04   -999.0000       0.4379562E-04   -999.0000    
  100.0       120.0       2.400       0.3557191E-05   -999.0000       0.5174973E-05   -999.0000    
  100.0       130.0       2.400       0.1461816E-06   -999.0000       0.2045409E-06   -999.0000    
  100.0       140.0       2.400       0.1983079E-09   -999.0000       0.2680492E-09   -999.0000    
  100.0       150.0       2.400        0.000000       -999.0000        0.000000       -999.0000    
  100.0       160.0       2.400        0.000000       -999.0000        0.000000       -999.0000    
  100.0       170.0       2.400        0.000000       -999.0000        0.000000       -999.0000    
  100.0       180.0       2.400        0.000000       -999.0000        0.000000       -999.0000    
  100.0       190.0       2.400        0.000000       -999.0000        0.000000       -999.0000    
  100.0       200.0       2.400        0.000000       -999.0000        0.000000       -999.0000    
  100.0       210.0       2.400        0.000000       -999.0000        0.000000       -999.0000    
  100.0       220.0       2.400        0.000000       -999.0000        0.000000       -999.0000    
  100.0       230.0       2.400        0.000000       -999.0000        0.000000       -999.0000    
  100.0       240.0       2.400        0.000000       -999.0000        0.000000       -999.0000    
  100.0       250.0       2.400        0.000000       -999.0000        0.000000       -999.0000    
  100.0       260.0       2.400        0.000000       -999.0000        0.000000       -999.0000    
  100.0       270.0       2.400        0.000000       -999.0000        0.000000       -999.0000    
  100.0       280.0       2.400        0.000000       -999.0000        0.000000       -999.0000    
  100.0       290.0       2.400        0.000000       -999.0000        0.000000       -999.0000    
  100.0       300.0       2.400        0.000000       -999.0000        0.000000       -999.0000    
  100.0       310.0       2.400        0.000000       -999.0000        0.000000       -999.0000    
  100.0       320.0       2.400        0.000000       -999.0000        0.000000       -999.0000    
  100.0       330.0       2.400        0.000000       -999.0000        0.000000       -999.0000    
  100.0       340.0       2.400        0.000000       -999.0000        0.000000       -999.0000    
  100.0       350.0       2.400        0.000000       -999.0000        0.000000       -999.0000    
  100.0       360.0       2.400        0.000000       -999.0000        0.000000       -999.0000    
  100.0       370.0       2.400        0.000000       -999.0000        0.000000       -999.0000    
  100.0       380.0       2.400        0.000000       -999.0000        0.000000       -999.0000    
  100.0       400.0       2.400        0.000000       -999.0000        0.000000       -999.0000    
  100.0       450.0       2.400        0.000000       -999.0000        0.000000       -999.0000    
  100.0       500.0       2.400        0.000000       -999.0000        0.000000       -999.0000    
  100.0      0.9106E-01   2.960       0.5307695E-02   -999.0000       0.8028456E-02   -999.0000    
  100.0      0.1006       2.960       0.4684938E-02   -999.0000       0.7391715E-02   -999.0000    
  100.0      0.1112       2.960       0.4129610E-02   -999.0000       0.6777663E-02   -999.0000    
  100.0      0.1229       2.960       0.3638247E-02   -999.0000       0.6195108E-02   -999.0000    
  100.0      0.1358       2.960       0.3203667E-02   -999.0000       0.5648056E-02   -999.0000    
  100.0      0.1501       2.960       0.2817925E-02   -999.0000       0.5130768E-02   -999.0000    
  100.0      0.1659       2.960       0.2476676E-02   -999.0000       0.4647662E-02   -999.0000    
  100.0      0.1834       2.960       0.2174329E-02   -999.0000       0.4197848E-02   -999.0000    
  100.0      0.2027       2.960       0.1907695E-02   -999.0000       0.3781907E-02   -999.0000    
  100.0      0.2240       2.960       0.1672324E-02   -999.0000       0.3399619E-02   -999.0000    
  100.0      0.2475       2.960       0.1464562E-02   -999.0000       0.3048512E-02   -999.0000    
  100.0      0.2736       2.960       0.1280456E-02   -999.0000       0.2724871E-02   -999.0000    
  100.0      0.3023       2.960       0.1118962E-02   -999.0000       0.2431053E-02   -999.0000    
  100.0      0.3341       2.960       0.9762377E-03   -999.0000       0.2162936E-02   -999.0000    
  100.0      0.3693       2.960       0.8503517E-03   -999.0000       0.1918393E-02   -999.0000    
  100.0      0.4081       2.960       0.7398158E-03   -999.0000       0.1698075E-02   -999.0000    
  100.0      0.4510       2.960       0.6424165E-03   -999.0000       0.1498877E-02   -999.0000    
  100.0      0.4985       2.960       0.5568101E-03   -999.0000       0.1319344E-02   -999.0000    
  100.0      0.5509       2.960       0.4817436E-03   -999.0000       0.1157721E-02   -999.0000    
  100.0      0.6088       2.960       0.4159355E-03   -999.0000       0.1013058E-02   -999.0000    
  100.0      0.6729       2.960       0.3582234E-03   -999.0000       0.8830000E-03   -999.0000    
  100.0      0.7436       2.960       0.3078391E-03   -999.0000       0.7680796E-03   -999.0000    
  100.0      0.8218       2.960       0.2637481E-03   -999.0000       0.6654785E-03   -999.0000    
  100.0      0.9083       2.960       0.2252576E-03   -999.0000       0.5743918E-03   -999.0000    
  100.0       1.004       2.960       0.1916969E-03   -999.0000       0.4935191E-03   -999.0000    
  100.0       1.109       2.960       0.1627416E-03   -999.0000       0.4228171E-03   -999.0000    
  100.0       1.226       2.960       0.1373661E-03   -999.0000       0.3599589E-03   -999.0000    
  100.0       1.355       2.960       0.1154778E-03   -999.0000       0.3047946E-03   -999.0000    
  100.0       1.497       2.960       0.9669847E-04   -999.0000       0.2573265E-03   -999.0000    
  100.0       1.655       2.960       0.8041414E-04   -999.0000       0.2154325E-03   -999.0000    
  100.0       1.829       2.960       0.6650071E-04   -999.0000       0.1792663E-03   -999.0000    
  100.0       2.021       2.960       0.5463263E-04   -999.0000       0.1481967E-03   -999.0000    
  100.0       2.234       2.960       0.4450903E-04   -999.0000       0.1213694E-03   -999.0000    
  100.0       2.469       2.960       0.3597091E-04   -999.0000       0.9856338E-04   -999.0000    
  100.0       2.729       2.960       0.2878061E-04   -999.0000       0.7924019E-04   -999.0000    
  100.0       3.016       2.960       0.2279167E-04   -999.0000       0.6296279E-04   -999.0000    
  100.0       3.333       2.960       0.1785177E-04   -999.0000       0.4947409E-04   -999.0000    
  100.0       3.683       2.960       0.1380050E-04   -999.0000       0.3834941E-04   -999.0000    
  100.0       4.071       2.960       0.1050283E-04   -999.0000       0.2925624E-04   -999.0000    
  100.0       4.499       2.960       0.7864364E-05   -999.0000       0.2194466E-04   -999.0000    
  100.0       4.972       2.960       0.5774463E-05   -999.0000       0.1612401E-04   -999.0000    
  100.0       5.495       2.960       0.4148561E-05   -999.0000       0.1157040E-04   -999.0000    
  100.0       6.073       2.960       0.2901737E-05   -999.0000       0.8081509E-05   -999.0000    
  100.0       6.711       2.960       0.1973237E-05   -999.0000       0.5485236E-05   -999.0000    
  100.0       7.417       2.960       0.1297246E-05   -999.0000       0.3586642E-05   -999.0000    
  100.0       8.197       2.960       0.8220222E-06   -999.0000       0.2253807E-05   -999.0000    
  100.0       9.059       2.960       0.5026272E-06   -999.0000       0.1366642E-05   -999.0000    
  100.0       10.01       2.960       0.2967975E-06   -999.0000       0.7980492E-06   -999.0000    
  100.0       11.06       2.960       0.1707867E-06   -999.0000       0.4550443E-06   -999.0000    
  100.0       12.23       2.960       0.9594312E-07   -999.0000       0.2562002E-06   -999.0000    
  100.0       13.51       2.960       0.5064497E-07   -999.0000       0.1392341E-06   -999.0000    
  100.0       14.94       2.960       0.1958436E-07   -999.0000       0.5688525E-07   -999.0000    
  100.0       16.51       2.960       0.2407941E-08   -999.0000       0.7617277E-08   -999.0000    
  100.0       18.24       2.960        0.000000       -999.0000        0.000000       -999.0000    
  100.0       20.16       2.960        0.000000       -999.0000        0.000000       -999.0000    
  100.0       22.28       2.960        0.000000       -999.0000        0.000000       -999.0000    
  100.0       24.63       2.960        0.000000       -999.0000        0.000000       -999.0000    
  100.0       27.22       2.960        0.000000       -999.0000        0.000000       -999.0000    
  100.0       30.08       2.960        0.000000       -999.0000        0.000000       -999.0000    
  100.0       33.24       2.960        0.000000       -999.0000        0.000000       -999.0000    
  100.0       36.74       2.960        0.000000       -999.0000        0.000000       -999.0000    
  100.0       40.60       2.960        0.000000       -999.0000        0.000000       -999.0000    
  100.0       44.87       2.960        0.000000       -999.0000        0.000000       -999.0000    
  100.0       49.59       2.960        0.000000       -999.0000        0.000000       -999.0000    
  100.0       54.81       2.960        0.000000       -999.0000        0.000000       -999.0000    
  100.0       60.57       2.960        0.000000       -999.0000        0.000000       -999.0000    
  100.0       66.94       2.960        0.000000       -999.0000        0.000000       -999.0000    
  100.0       73.98       2.960        0.000000       -999.0000        0.000000       -999.0000    
  100.0       81.76       2.960        0.000000       -999.0000        0.000000       -999.0000    
  100.0       89.36       2.960        0.000000       -999.0000        0.000000       -999.0000    
  100.0       90.36       2.960        0.000000       -999.0000        0.000000       -999.0000    
  100.0       91.20       2.960        0.000000       -999.0000        0.000000       -999.0000    
  100.0       92.00       2.960        0.000000       -999.0000        0.000000       -999.0000    
  100.0       99.86       2.960        0.000000       -999.0000        0.000000       -999.0000    
  100.0       110.4       2.960        0.000000       -999.0000        0.000000       -999.0000    
  100.0       120.0       2.960        0.000000       -999.0000        0.000000       -999.0000    
  100.0       130.0       2.960        0.000000       -999.0000        0.000000       -999.0000    
  100.0       140.0       2.960        0.000000       -999.0000        0.000000       -999.0000    
  100.0       150.0       2.960        0.000000       -999.0000        0.000000       -999.0000    
  100.0       160.0       2.960        0.000000       -999.0000        0.000000       -999.0000    
  100.0       170.0       2.960        0.000000       -999.0000        0.000000       -999.0000    
  100.0       180.0       2.960        0.000000       -999.0000        0.000000       -999.0000    
  100.0       190.0       2.960        0.000000       -999.0000        0.000000       -999.0000    
  100.0       200.0       2.960        0.000000       -999.0000        0.000000       -999.0000    
  100.0       210.0       2.960        0.000000       -999.0000        0.000000       -999.0000    
  100.0       220.0       2.960        0.000000       -999.0000        0.000000       -999.0000    
  100.0       230.0       2.960        0.000000       -999.0000        0.000000       -999.0000    
  100.0       240.0       2.960        0.000000       -999.0000        0.000000       -999.0000    
  100.0       250.0       2.960        0.000000       -999.0000        0.000000       -999.0000    
  100.0       260.0       2.960        0.000000       -999.0000        0.000000       -999.0000    
  100.0       270.0       2.960        0.000000       -999.0000        0.000000       -999.0000    
  100.0       280.0       2.960        0.000000       -999.0000        0.000000       -999.0000    
  100.0       290.0       2.960        0.000000       -999.0000        0.000000       -999.0000    
  100.0       300.0       2.960        0.000000       -999.0000        0.000000       -999.0000    
  100.0       310.0       2.960        0.000000       -999.0000        0.000000       -999.0000    
  100.0       320.0       2.960        0.000000       -999.0000        0.000000       -999.0000    
  100.0       330.0       2.960        0.000000       -999.0000        0.000000       -999.0000    
  100.0       340.0       2.960        0.000000       -999.0000        0.000000       -999.0000    
  100.0       350.0       2.960        0.000000       -999.0000        0.000000       -999.0000    
  100.0       360.0       2.960        0.000000       -999.0000        0.000000       -999.0000    
  100.0       370.0       2.960        0.000000       -999.0000        0.000000       -999.0000    
  100.0       380.0       2.960        0.000000       -999.0000        0.000000       -999.0000    
  100.0       400.0       2.960        0.000000       -999.0000        0.000000       -999.0000    
  100.0       450.0       2.960        0.000000       -999.0000        0.000000       -999.0000    
  100.0       500.0       2.960        0.000000       -999.0000        0.000000       -999.0000    
  100.0      0.9106E-01   3.200        0.000000       -999.0000        0.000000       -999.0000    
  100.0      0.1006       3.200        0.000000       -999.0000        0.000000       -999.0000    
  100.0      0.1112       3.200        0.000000       -999.0000        0.000000       -999.0000    
  100.0      0.1229       3.200        0.000000       -999.0000        0.000000       -999.0000    
  100.0      0.1358       3.200        0.000000       -999.0000        0.000000       -999.0000    
  100.0      0.1501       3.200        0.000000       -999.0000        0.000000       -999.0000    
  100.0      0.1659       3.200        0.000000       -999.0000        0.000000       -999.0000    
  100.0      0.1834       3.200        0.000000       -999.0000        0.000000       -999.0000    
  100.0      0.2027       3.200        0.000000       -999.0000        0.000000       -999.0000    
  100.0      0.2240       3.200        0.000000       -999.0000        0.000000       -999.0000    
  100.0      0.2475       3.200        0.000000       -999.0000        0.000000       -999.0000    
  100.0      0.2736       3.200        0.000000       -999.0000        0.000000       -999.0000    
  100.0      0.3023       3.200        0.000000       -999.0000        0.000000       -999.0000    
  100.0      0.3341       3.200        0.000000       -999.0000        0.000000       -999.0000    
  100.0      0.3693       3.200        0.000000       -999.0000        0.000000       -999.0000    
  100.0      0.4081       3.200        0.000000       -999.0000        0.000000       -999.0000    
  100.0      0.4510       3.200        0.000000       -999.0000        0.000000       -999.0000    
  100.0      0.4985       3.200        0.000000       -999.0000        0.000000       -999.0000    
  100.0      0.5509       3.200        0.000000       -999.0000        0.000000       -999.0000    
  100.0      0.6088       3.200        0.000000       -999.0000        0.000000       -999.0000    
  100.0      0.6729       3.200        0.000000       -999.0000        0.000000       -999.0000    
  100.0      0.7436       3.200        0.000000       -999.0000        0.000000       -999.0000    
  100.0      0.8218       3.200        0.000000       -999.0000        0.000000       -999.0000    
  100.0      0.9083       3.200        0.000000       -999.0000        0.000000       -999.0000    
  100.0       1.004       3.200        0.000000       -999.0000        0.000000       -999.0000    
  100.0       1.109       3.200        0.000000       -999.0000        0.000000       -999.0000    
  100.0       1.226       3.200        0.000000       -999.0000        0.000000       -999.0000    
  100.0       1.355       3.200        0.000000       -999.0000        0.000000       -999.0000    
  100.0       1.497       3.200        0.000000       -999.0000        0.000000       -999.0000    
  100.0       1.655       3.200        0.000000       -999.0000        0.000000       -999.0000    
  100.0       1.829       3.200        0.000000       -999.0000        0.000000       -999.0000    
  100.0       2.021       3.200        0.000000       -999.0000        0.000000       -999.0000    
  100.0       2.234       3.200        0.000000       -999.0000        0.000000       -999.0000    
  100.0       2.469       3.200        0.000000       -999.0000        0.000000       -999.0000    
  100.0       2.729       3.200        0.000000       -999.0000        0.000000       -999.0000    
  100.0       3.016       3.200        0.000000       -999.0000        0.000000       -999.0000    
  100.0       3.333       3.200        0.000000       -999.0000        0.000000       -999.0000    
  100.0       3.683       3.200        0.000000       -999.0000        0.000000       -999.0000    
  100.0       4.071       3.200        0.000000       -999.0000        0.000000       -999.0000    
  100.0       4.499       3.200        0.000000       -999.0000        0.000000       -999.0000    
  100.0       4.972       3.200        0.000000       -999.0000        0.000000       -999.0000    
  100.0       5.495       3.200        0.000000       -999.0000        0.000000       -999.0000    
  100.0       6.073       3.200        0.000000       -999.0000        0.000000       -999.0000    
  100.0       6.711       3.200        0.000000       -999.0000        0.000000       -999.0000    
  100.0       7.417       3.200        0.000000       -999.0000        0.000000       -999.0000    
  100.0       8.197       3.200        0.000000       -999.0000        0.000000       -999.0000    
  100.0       9.059       3.200        0.000000       -999.0000        0.000000       -999.0000    
  100.0       10.01       3.200        0.000000       -999.0000        0.000000       -999.0000    
  100.0       11.06       3.200        0.000000       -999.0000        0.000000       -999.0000    
  100.0       12.23       3.200        0.000000       -999.0000        0.000000       -999.0000    
  100.0       13.51       3.200        0.000000       -999.0000        0.000000       -999.0000    
  100.0       14.94       3.200        0.000000       -999.0000        0.000000       -999.0000    
  100.0       16.51       3.200        0.000000       -999.0000        0.000000       -999.0000    
  100.0       18.24       3.200        0.000000       -999.0000        0.000000       -999.0000    
  100.0       20.16       3.200        0.000000       -999.0000        0.000000       -999.0000    
  100.0       22.28       3.200        0.000000       -999.0000        0.000000       -999.0000    
  100.0       24.63       3.200        0.000000       -999.0000        0.000000       -999.0000    
  100.0       27.22       3.200        0.000000       -999.0000        0.000000       -999.0000    
  100.0       30.08       3.200        0.000000       -999.0000        0.000000       -999.0000    
  100.0       33.24       3.200        0.000000       -999.0000        0.000000       -999.0000    
  100.0       36.74       3.200        0.000000       -999.0000        0.000000       -999.0000    
  100.0       40.60       3.200        0.000000       -999.0000        0.000000       -999.0000    
  100.0       44.87       3.200        0.000000       -999.0000        0.000000       -999.0000    
  100.0       49.59       3.200        0.000000       -999.0000        0.000000       -999.0000    
  100.0       54.81       3.200        0.000000       -999.0000        0.000000       -999.0000    
  100.0       60.57       3.200        0.000000       -999.0000        0.000000       -999.0000    
  100.0       66.94       3.200        0.000000       -999.0000        0.000000       -999.0000    
  100.0       73.98       3.200        0.000000       -999.0000        0.000000       -999.0000    
  100.0       81.76       3.200        0.000000       -999.0000        0.000000       -999.0000    
  100.0       89.36       3.200        0.000000       -999.0000        0.000000       -999.0000    
  100.0       90.36       3.200        0.000000       -999.0000        0.000000       -999.0000    
  100.0       91.20       3.200        0.000000       -999.0000        0.000000       -999.0000    
  100.0       92.00       3.200        0.000000       -999.0000        0.000000       -999.0000    
  100.0       99.86       3.200        0.000000       -999.0000        0.000000       -999.0000    
  100.0       110.4       3.200        0.000000       -999.0000        0.000000       -999.0000    
  100.0       120.0       3.200        0.000000       -999.0000        0.000000       -999.0000    
  100.0       130.0       3.200        0.000000       -999.0000        0.000000       -999.0000    
  100.0       140.0       3.200        0.000000       -999.0000        0.000000       -999.0000    
  100.0       150.0       3.200        0.000000       -999.0000        0.000000       -999.0000    
  100.0       160.0       3.200        0.000000       -999.0000        0.000000       -999.0000    
  100.0       170.0       3.200        0.000000       -999.0000        0.000000       -999.0000    
  100.0       180.0       3.200        0.000000       -999.0000        0.000000       -999.0000    
  100.0       190.0       3.200        0.000000       -999.0000        0.000000       -999.0000    
  100.0       200.0       3.200        0.000000       -999.0000        0.000000       -999.0000    
  100.0       210.0       3.200        0.000000       -999.0000        0.000000       -999.0000    
  100.0       220.0       3.200        0.000000       -999.0000        0.000000       -999.0000    
  100.0       230.0       3.200        0.000000       -999.0000        0.000000       -999.0000    
  100.0       240.0       3.200        0.000000       -999.0000        0.000000       -999.0000    
  100.0       250.0       3.200        0.000000       -999.0000        0.000000       -999.0000    
  100.0       260.0       3.200        0.000000       -999.0000        0.000000       -999.0000    
  100.0       270.0       3.200        0.000000       -999.0000        0.000000       -999.0000    
  100.0       280.0       3.200        0.000000       -999.0000        0.000000       -999.0000    
  100.0       290.0       3.200        0.000000       -999.0000        0.000000       -999.0000    
  100.0       300.0       3.200        0.000000       -999.0000        0.000000       -999.0000    
  100.0       310.0       3.200        0.000000       -999.0000        0.000000       -999.0000    
  100.0       320.0       3.200        0.000000       -999.0000        0.000000       -999.0000    
  100.0       330.0       3.200        0.000000       -999.0000        0.000000       -999.0000    
  100.0       340.0       3.200        0.000000       -999.0000        0.000000       -999.0000    
  100.0       350.0       3.200        0.000000       -999.0000        0.000000       -999.0000    
  100.0       360.0       3.200        0.000000       -999.0000        0.000000       -999.0000    
  100.0       370.0       3.200        0.000000       -999.0000        0.000000       -999.0000    
  100.0       380.0       3.200        0.000000       -999.0000        0.000000       -999.0000    
  100.0       400.0       3.200        0.000000       -999.0000        0.000000       -999.0000    
  100.0       450.0       3.200        0.000000       -999.0000        0.000000       -999.0000    
  100.0       500.0       3.200        0.000000       -999.0000        0.000000       -999.0000    
  100.0      0.9106E-01   3.900        0.000000       -999.0000        0.000000       -999.0000    
  100.0      0.1006       3.900        0.000000       -999.0000        0.000000       -999.0000    
  100.0      0.1112       3.900        0.000000       -999.0000        0.000000       -999.0000    
  100.0      0.1229       3.900        0.000000       -999.0000        0.000000       -999.0000    
  100.0      0.1358       3.900        0.000000       -999.0000        0.000000       -999.0000    
  100.0      0.1501       3.900        0.000000       -999.0000        0.000000       -999.0000    
  100.0      0.1659       3.900        0.000000       -999.0000        0.000000       -999.0000    
  100.0      0.1834       3.900        0.000000       -999.0000        0.000000       -999.0000    
  100.0      0.2027       3.900        0.000000       -999.0000        0.000000       -999.0000    
  100.0      0.2240       3.900        0.000000       -999.0000        0.000000       -999.0000    
  100.0      0.2475       3.900        0.000000       -999.0000        0.000000       -999.0000    
  100.0      0.2736       3.900        0.000000       -999.0000        0.000000       -999.0000    
  100.0      0.3023       3.900        0.000000       -999.0000        0.000000       -999.0000    
  100.0      0.3341       3.900        0.000000       -999.0000        0.000000       -999.0000    
  100.0      0.3693       3.900        0.000000       -999.0000        0.000000       -999.0000    
  100.0      0.4081       3.900        0.000000       -999.0000        0.000000       -999.0000    
  100.0      0.4510       3.900        0.000000       -999.0000        0.000000       -999.0000    
  100.0      0.4985       3.900        0.000000       -999.0000        0.000000       -999.0000    
  100.0      0.5509       3.900        0.000000       -999.0000        0.000000       -999.0000    
  100.0      0.6088       3.900        0.000000       -999.0000        0.000000       -999.0000    
  100.0      0.6729       3.900        0.000000       -999.0000        0.000000       -999.0000    
  100.0      0.7436       3.900        0.000000       -999.0000        0.000000       -999.0000    
  100.0      0.8218       3.900        0.000000       -999.0000        0.000000       -999.0000    
  100.0      0.9083       3.900        0.000000       -999.0000        0.000000       -999.0000    
  100.0       1.004       3.900        0.000000       -999.0000        0.000000       -999.0000    
  100.0       1.109       3.900        0.000000       -999.0000        0.000000       -999.0000    
  100.0       1.226       3.900        0.000000       -999.0000        0.000000       -999.0000    
  100.0       1.355       3.900        0.000000       -999.0000        0.000000       -999.0000    
  100.0       1.497       3.900        0.000000       -999.0000        0.000000       -999.0000    
  100.0       1.655       3.900        0.000000       -999.0000        0.000000       -999.0000    
  100.0       1.829       3.900        0.000000       -999.0000        0.000000       -999.0000    
  100.0       2.021       3.900        0.000000       -999.0000        0.000000       -999.0000    
  100.0       2.234       3.900        0.000000       -999.0000        0.000000       -999.0000    
  100.0       2.469       3.900        0.000000       -999.0000        0.000000       -999.0000    
  100.0       2.729       3.900        0.000000       -999.0000        0.000000       -999.0000    
  100.0       3.016       3.900        0.000000       -999.0000        0.000000       -999.0000    
  100.0       3.333       3.900        0.000000       -999.0000        0.000000       -999.0000    
  100.0       3.683       3.900        0.000000       -999.0000        0.000000       -999.0000    
  100.0       4.071       3.900        0.000000       -999.0000        0.000000       -999.0000    
  100.0       4.499       3.900        0.000000       -999.0000        0.000000       -999.0000    
  100.0       4.972       3.900        0.000000       -999.0000        0.000000       -999.0000    
  100.0       5.495       3.900        0.000000       -999.0000        0.000000       -999.0000    
  100.0       6.073       3.900        0.000000       -999.0000        0.000000       -999.0000    
  100.0       6.711       3.900        0.000000       -999.0000        0.000000       -999.0000    
  100.0       7.417       3.900        0.000000       -999.0000        0.000000       -999.0000    
  100.0       8.197       3.900        0.000000       -999.0000        0.000000       -999.0000    
  100.0       9.059       3.900        0.000000       -999.0000        0.000000       -999.0000    
  100.0       10.01       3.900        0.000000       -999.0000        0.000000       -999.0000    
  100.0       11.06       3.900        0.000000       -999.0000        0.000000       -999.0000    
  100.0       12.23       3.900        0.000000       -999.0000        0.000000       -999.0000    
  100.0       13.51       3.900        0.000000       -999.0000        0.000000       -999.0000    
  100.0       14.94       3.900        0.000000       -999.0000        0.000000       -999.0000    
  100.0       16.51       3.900        0.000000       -999.0000        0.000000       -999.0000    
  100.0       18.24       3.900        0.000000       -999.0000        0.000000       -999.0000    
  100.0       20.16       3.900        0.000000       -999.0000        0.000000       -999.0000    
  100.0       22.28       3.900        0.000000       -999.0000        0.000000       -999.0000    
  100.0       24.63       3.900        0.000000       -999.0000        0.000000       -999.0000    
  100.0       27.22       3.900        0.000000       -999.0000        0.000000       -999.0000    
  100.0       30.08       3.900        0.000000       -999.0000        0.000000       -999.0000    
  100.0       33.24       3.900        0.000000       -999.0000        0.000000       -999.0000    
  100.0       36.74       3.900        0.000000       -999.0000        0.000000       -999.0000    
  100.0       40.60       3.900        0.000000       -999.0000        0.000000       -999.0000    
  100.0       44.87       3.900        0.000000       -999.0000        0.000000       -999.0000    
  100.0       49.59       3.900        0.000000       -999.0000        0.000000       -999.0000    
  100.0       54.81       3.900        0.000000       -999.0000        0.000000       -999.0000    
  100.0       60.57       3.900        0.000000       -999.0000        0.000000       -999.0000    
  100.0       66.94       3.900        0.000000       -999.0000        0.000000       -999.0000    
  100.0       73.98       3.900        0.000000       -999.0000        0.000000       -999.0000    
  100.0       81.76       3.900        0.000000       -999.0000        0.000000       -999.0000    
  100.0       89.36       3.900        0.000000       -999.0000        0.000000       -999.0000    
  100.0       90.36       3.900        0.000000       -999.0000        0.000000       -999.0000    
  100.0       91.20       3.900        0.000000       -999.0000        0.000000       -999.0000    
  100.0       92.00       3.900        0.000000       -999.0000        0.000000       -999.0000    
  100.0       99.86       3.900        0.000000       -999.0000        0.000000       -999.0000    
  100.0       110.4       3.900        0.000000       -999.0000        0.000000       -999.0000    
  100.0       120.0       3.900        0.000000       -999.0000        0.000000       -999.0000    
  100.0       130.0       3.900        0.000000       -999.0000        0.000000       -999.0000    
  100.0       140.0       3.900        0.000000       -999.0000        0.000000       -999.0000    
  100.0       150.0       3.900        0.000000       -999.0000        0.000000       -999.0000    
  100.0       160.0       3.900        0.000000       -999.0000        0.000000       -999.0000    
  100.0       170.0       3.900        0.000000       -999.0000        0.000000       -999.0000    
  100.0       180.0       3.900        0.000000       -999.0000        0.000000       -999.0000    
  100.0       190.0       3.900        0.000000       -999.0000        0.000000       -999.0000    
  100.0       200.0       3.900        0.000000       -999.0000        0.000000       -999.0000    
  100.0       210.0       3.900        0.000000       -999.0000        0.000000       -999.0000    
  100.0       220.0       3.900        0.000000       -999.0000        0.000000       -999.0000    
  100.0       230.0       3.900        0.000000       -999.0000        0.000000       -999.0000    
  100.0       240.0       3.900        0.000000       -999.0000        0.000000       -999.0000    
  100.0       250.0       3.900        0.000000       -999.0000        0.000000       -999.0000    
  100.0       260.0       3.900        0.000000       -999.0000        0.000000       -999.0000    
  100.0       270.0       3.900        0.000000       -999.0000        0.000000       -999.0000    
  100.0       280.0       3.900        0.000000       -999.0000        0.000000       -999.0000    
  100.0       290.0       3.900        0.000000       -999.0000        0.000000       -999.0000    
  100.0       300.0       3.900        0.000000       -999.0000        0.000000       -999.0000    
  100.0       310.0       3.900        0.000000       -999.0000        0.000000       -999.0000    
  100.0       320.0       3.900        0.000000       -999.0000        0.000000       -999.0000    
  100.0       330.0       3.900        0.000000       -999.0000        0.000000       -999.0000    
  100.0       340.0       3.900        0.000000       -999.0000        0.000000       -999.0000    
  100.0       350.0       3.900        0.000000       -999.0000        0.000000       -999.0000    
  100.0       360.0       3.900        0.000000       -999.0000        0.000000       -999.0000    
  100.0       370.0       3.900        0.000000       -999.0000        0.000000       -999.0000    
  100.0       380.0       3.900        0.000000       -999.0000        0.000000       -999.0000    
  100.0       400.0       3.900        0.000000       -999.0000        0.000000       -999.0000    
  100.0       450.0       3.900        0.000000       -999.0000        0.000000       -999.0000    
  100.0       500.0       3.900        0.000000       -999.0000        0.000000       -999.0000    
  120.0      0.9106E-01  -3.900        0.000000       -999.0000        0.000000       -999.0000    
  120.0      0.1006      -3.900        0.000000       -999.0000        0.000000       -999.0000    
  120.0      0.1112      -3.900        0.000000       -999.0000        0.000000       -999.0000    
  120.0      0.1229      -3.900        0.000000       -999.0000        0.000000       -999.0000    
  120.0      0.1358      -3.900        0.000000       -999.0000        0.000000       -999.0000    
  120.0      0.1501      -3.900        0.000000       -999.0000        0.000000       -999.0000    
  120.0      0.1659      -3.900        0.000000       -999.0000        0.000000       -999.0000    
  120.0      0.1834      -3.900        0.000000       -999.0000        0.000000       -999.0000    
  120.0      0.2027      -3.900        0.000000       -999.0000        0.000000       -999.0000    
  120.0      0.2240      -3.900        0.000000       -999.0000        0.000000       -999.0000    
  120.0      0.2475      -3.900        0.000000       -999.0000        0.000000       -999.0000    
  120.0      0.2736      -3.900        0.000000       -999.0000        0.000000       -999.0000    
  120.0      0.3023      -3.900        0.000000       -999.0000        0.000000       -999.0000    
  120.0      0.3341      -3.900        0.000000       -999.0000        0.000000       -999.0000    
  120.0      0.3693      -3.900        0.000000       -999.0000        0.000000       -999.0000    
  120.0      0.4081      -3.900        0.000000       -999.0000        0.000000       -999.0000    
  120.0      0.4510      -3.900        0.000000       -999.0000        0.000000       -999.0000    
  120.0      0.4985      -3.900        0.000000       -999.0000        0.000000       -999.0000    
  120.0      0.5509      -3.900        0.000000       -999.0000        0.000000       -999.0000    
  120.0      0.6088      -3.900        0.000000       -999.0000        0.000000       -999.0000    
  120.0      0.6729      -3.900        0.000000       -999.0000        0.000000       -999.0000    
  120.0      0.7436      -3.900        0.000000       -999.0000        0.000000       -999.0000    
  120.0      0.8218      -3.900        0.000000       -999.0000        0.000000       -999.0000    
  120.0      0.9083      -3.900        0.000000       -999.0000        0.000000       -999.0000    
  120.0       1.004      -3.900        0.000000       -999.0000        0.000000       -999.0000    
  120.0       1.109      -3.900        0.000000       -999.0000        0.000000       -999.0000    
  120.0       1.226      -3.900        0.000000       -999.0000        0.000000       -999.0000    
  120.0       1.355      -3.900        0.000000       -999.0000        0.000000       -999.0000    
  120.0       1.497      -3.900        0.000000       -999.0000        0.000000       -999.0000    
  120.0       1.655      -3.900        0.000000       -999.0000        0.000000       -999.0000    
  120.0       1.829      -3.900        0.000000       -999.0000        0.000000       -999.0000    
  120.0       2.021      -3.900        0.000000       -999.0000        0.000000       -999.0000    
  120.0       2.234      -3.900        0.000000       -999.0000        0.000000       -999.0000    
  120.0       2.469      -3.900        0.000000       -999.0000        0.000000       -999.0000    
  120.0       2.729      -3.900        0.000000       -999.0000        0.000000       -999.0000    
  120.0       3.016      -3.900        0.000000       -999.0000        0.000000       -999.0000    
  120.0       3.333      -3.900        0.000000       -999.0000        0.000000       -999.0000    
  120.0       3.683      -3.900        0.000000       -999.0000        0.000000       -999.0000    
  120.0       4.071      -3.900        0.000000       -999.0000        0.000000       -999.0000    
  120.0       4.499      -3.900        0.000000       -999.0000        0.000000       -999.0000    
  120.0       4.972      -3.900        0.000000       -999.0000        0.000000       -999.0000    
  120.0       5.495      -3.900        0.000000       -999.0000        0.000000       -999.0000    
  120.0       6.073      -3.900        0.000000       -999.0000        0.000000       -999.0000    
  120.0       6.711      -3.900        0.000000       -999.0000        0.000000       -999.0000    
  120.0       7.417      -3.900        0.000000       -999.0000        0.000000       -999.0000    
  120.0       8.197      -3.900        0.000000       -999.0000        0.000000       -999.0000    
  120.0       9.059      -3.900        0.000000       -999.0000        0.000000       -999.0000    
  120.0       10.01      -3.900        0.000000       -999.0000        0.000000       -999.0000    
  120.0       11.06      -3.900        0.000000       -999.0000        0.000000       -999.0000    
  120.0       12.23      -3.900        0.000000       -999.0000        0.000000       -999.0000    
  120.0       13.51      -3.900        0.000000       -999.0000        0.000000       -999.0000    
  120.0       14.94      -3.900        0.000000       -999.0000        0.000000       -999.0000    
  120.0       16.51      -3.900        0.000000       -999.0000        0.000000       -999.0000    
  120.0       18.24      -3.900        0.000000       -999.0000        0.000000       -999.0000    
  120.0       20.16      -3.900        0.000000       -999.0000        0.000000       -999.0000    
  120.0       22.28      -3.900        0.000000       -999.0000        0.000000       -999.0000    
  120.0       24.63      -3.900        0.000000       -999.0000        0.000000       -999.0000    
  120.0       27.22      -3.900        0.000000       -999.0000        0.000000       -999.0000    
  120.0       30.08      -3.900        0.000000       -999.0000        0.000000       -999.0000    
  120.0       33.24      -3.900        0.000000       -999.0000        0.000000       -999.0000    
  120.0       36.74      -3.900        0.000000       -999.0000        0.000000       -999.0000    
  120.0       40.60      -3.900        0.000000       -999.0000        0.000000       -999.0000    
  120.0       44.87      -3.900        0.000000       -999.0000        0.000000       -999.0000    
  120.0       49.59      -3.900        0.000000       -999.0000        0.000000       -999.0000    
  120.0       54.81      -3.900        0.000000       -999.0000        0.000000       -999.0000    
  120.0       60.57      -3.900        0.000000       -999.0000        0.000000       -999.0000    
  120.0       66.94      -3.900        0.000000       -999.0000        0.000000       -999.0000    
  120.0       73.98      -3.900        0.000000       -999.0000        0.000000       -999.0000    
  120.0       81.76      -3.900        0.000000       -999.0000        0.000000       -999.0000    
  120.0       89.36      -3.900        0.000000       -999.0000        0.000000       -999.0000    
  120.0       90.36      -3.900        0.000000       -999.0000        0.000000       -999.0000    
  120.0       91.20      -3.900        0.000000       -999.0000        0.000000       -999.0000    
  120.0       92.00      -3.900        0.000000       -999.0000        0.000000       -999.0000    
  120.0       99.86      -3.900        0.000000       -999.0000        0.000000       -999.0000    
  120.0       110.4      -3.900        0.000000       -999.0000        0.000000       -999.0000    
  120.0       120.0      -3.900        0.000000       -999.0000        0.000000       -999.0000    
  120.0       130.0      -3.900        0.000000       -999.0000        0.000000       -999.0000    
  120.0       140.0      -3.900        0.000000       -999.0000        0.000000       -999.0000    
  120.0       150.0      -3.900        0.000000       -999.0000        0.000000       -999.0000    
  120.0       160.0      -3.900        0.000000       -999.0000        0.000000       -999.0000    
  120.0       170.0      -3.900        0.000000       -999.0000        0.000000       -999.0000    
  120.0       180.0      -3.900        0.000000       -999.0000        0.000000       -999.0000    
  120.0       190.0      -3.900        0.000000       -999.0000        0.000000       -999.0000    
  120.0       200.0      -3.900        0.000000       -999.0000        0.000000       -999.0000    
  120.0       210.0      -3.900        0.000000       -999.0000        0.000000       -999.0000    
  120.0       220.0      -3.900        0.000000       -999.0000        0.000000       -999.0000    
  120.0       230.0      -3.900        0.000000       -999.0000        0.000000       -999.0000    
  120.0       240.0      -3.900        0.000000       -999.0000        0.000000       -999.0000    
  120.0       250.0      -3.900        0.000000       -999.0000        0.000000       -999.0000    
  120.0       260.0      -3.900        0.000000       -999.0000        0.000000       -999.0000    
  120.0       270.0      -3.900        0.000000       -999.0000        0.000000       -999.0000    
  120.0       280.0      -3.900        0.000000       -999.0000        0.000000       -999.0000    
  120.0       290.0      -3.900        0.000000       -999.0000        0.000000       -999.0000    
  120.0       300.0      -3.900        0.000000       -999.0000        0.000000       -999.0000    
  120.0       310.0      -3.900        0.000000       -999.0000        0.000000       -999.0000    
  120.0       320.0      -3.900        0.000000       -999.0000        0.000000       -999.0000    
  120.0       330.0      -3.900        0.000000       -999.0000        0.000000       -999.0000    
  120.0       340.0      -3.900        0.000000       -999.0000        0.000000       -999.0000    
  120.0       350.0      -3.900        0.000000       -999.0000        0.000000       -999.0000    
  120.0       360.0      -3.900        0.000000       -999.0000        0.000000       -999.0000    
  120.0       370.0      -3.900        0.000000       -999.0000        0.000000       -999.0000    
  120.0       380.0      -3.900        0.000000       -999.0000        0.000000       -999.0000    
  120.0       400.0      -3.900        0.000000       -999.0000        0.000000       -999.0000    
  120.0       450.0      -3.900        0.000000       -999.0000        0.000000       -999.0000    
  120.0       500.0      -3.900        0.000000       -999.0000        0.000000       -999.0000    
  120.0      0.9106E-01  -3.200        0.000000       -999.0000        0.000000       -999.0000    
  120.0      0.1006      -3.200        0.000000       -999.0000        0.000000       -999.0000    
  120.0      0.1112      -3.200        0.000000       -999.0000        0.000000       -999.0000    
  120.0      0.1229      -3.200        0.000000       -999.0000        0.000000       -999.0000    
  120.0      0.1358      -3.200        0.000000       -999.0000        0.000000       -999.0000    
  120.0      0.1501      -3.200        0.000000       -999.0000        0.000000       -999.0000    
  120.0      0.1659      -3.200        0.000000       -999.0000        0.000000       -999.0000    
  120.0      0.1834      -3.200        0.000000       -999.0000        0.000000       -999.0000    
  120.0      0.2027      -3.200        0.000000       -999.0000        0.000000       -999.0000    
  120.0      0.2240      -3.200        0.000000       -999.0000        0.000000       -999.0000    
  120.0      0.2475      -3.200        0.000000       -999.0000        0.000000       -999.0000    
  120.0      0.2736      -3.200        0.000000       -999.0000        0.000000       -999.0000    
  120.0      0.3023      -3.200        0.000000       -999.0000        0.000000       -999.0000    
  120.0      0.3341      -3.200        0.000000       -999.0000        0.000000       -999.0000    
  120.0      0.3693      -3.200        0.000000       -999.0000        0.000000       -999.0000    
  120.0      0.4081      -3.200        0.000000       -999.0000        0.000000       -999.0000    
  120.0      0.4510      -3.200        0.000000       -999.0000        0.000000       -999.0000    
  120.0      0.4985      -3.200        0.000000       -999.0000        0.000000       -999.0000    
  120.0      0.5509      -3.200        0.000000       -999.0000        0.000000       -999.0000    
  120.0      0.6088      -3.200        0.000000       -999.0000        0.000000       -999.0000    
  120.0      0.6729      -3.200        0.000000       -999.0000        0.000000       -999.0000    
  120.0      0.7436      -3.200        0.000000       -999.0000        0.000000       -999.0000    
  120.0      0.8218      -3.200        0.000000       -999.0000        0.000000       -999.0000    
  120.0      0.9083      -3.200        0.000000       -999.0000        0.000000       -999.0000    
  120.0       1.004      -3.200        0.000000       -999.0000        0.000000       -999.0000    
  120.0       1.109      -3.200        0.000000       -999.0000        0.000000       -999.0000    
  120.0       1.226      -3.200        0.000000       -999.0000        0.000000       -999.0000    
  120.0       1.355      -3.200        0.000000       -999.0000        0.000000       -999.0000    
  120.0       1.497      -3.200        0.000000       -999.0000        0.000000       -999.0000    
  120.0       1.655      -3.200        0.000000       -999.0000        0.000000       -999.0000    
  120.0       1.829      -3.200        0.000000       -999.0000        0.000000       -999.0000    
  120.0       2.021      -3.200        0.000000       -999.0000        0.000000       -999.0000    
  120.0       2.234      -3.200        0.000000       -999.0000        0.000000       -999.0000    
  120.0       2.469      -3.200        0.000000       -999.0000        0.000000       -999.0000    
  120.0       2.729      -3.200        0.000000       -999.0000        0.000000       -999.0000    
  120.0       3.016      -3.200        0.000000       -999.0000        0.000000       -999.0000    
  120.0       3.333      -3.200        0.000000       -999.0000        0.000000       -999.0000    
  120.0       3.683      -3.200        0.000000       -999.0000        0.000000       -999.0000    
  120.0       4.071      -3.200        0.000000       -999.0000        0.000000       -999.0000    
  120.0       4.499      -3.200        0.000000       -999.0000        0.000000       -999.0000    
  120.0       4.972      -3.200        0.000000       -999.0000        0.000000       -999.0000    
  120.0       5.495      -3.200        0.000000       -999.0000        0.000000       -999.0000    
  120.0       6.073      -3.200        0.000000       -999.0000        0.000000       -999.0000    
  120.0       6.711      -3.200        0.000000       -999.0000        0.000000       -999.0000    
  120.0       7.417      -3.200        0.000000       -999.0000        0.000000       -999.0000    
  120.0       8.197      -3.200        0.000000       -999.0000        0.000000       -999.0000    
  120.0       9.059      -3.200        0.000000       -999.0000        0.000000       -999.0000    
  120.0       10.01      -3.200        0.000000       -999.0000        0.000000       -999.0000    
  120.0       11.06      -3.200        0.000000       -999.0000        0.000000       -999.0000    
  120.0       12.23      -3.200        0.000000       -999.0000        0.000000       -999.0000    
  120.0       13.51      -3.200        0.000000       -999.0000        0.000000       -999.0000    
  120.0       14.94      -3.200        0.000000       -999.0000        0.000000       -999.0000    
  120.0       16.51      -3.200        0.000000       -999.0000        0.000000       -999.0000    
  120.0       18.24      -3.200        0.000000       -999.0000        0.000000       -999.0000    
  120.0       20.16      -3.200        0.000000       -999.0000        0.000000       -999.0000    
  120.0       22.28      -3.200        0.000000       -999.0000        0.000000       -999.0000    
  120.0       24.63      -3.200        0.000000       -999.0000        0.000000       -999.0000    
  120.0       27.22      -3.200        0.000000       -999.0000        0.000000       -999.0000    
  120.0       30.08      -3.200        0.000000       -999.0000        0.000000       -999.0000    
  120.0       33.24      -3.200        0.000000       -999.0000        0.000000       -999.0000    
  120.0       36.74      -3.200        0.000000       -999.0000        0.000000       -999.0000    
  120.0       40.60      -3.200        0.000000       -999.0000        0.000000       -999.0000    
  120.0       44.87      -3.200        0.000000       -999.0000        0.000000       -999.0000    
  120.0       49.59      -3.200        0.000000       -999.0000        0.000000       -999.0000    
  120.0       54.81      -3.200        0.000000       -999.0000        0.000000       -999.0000    
  120.0       60.57      -3.200        0.000000       -999.0000        0.000000       -999.0000    
  120.0       66.94      -3.200        0.000000       -999.0000        0.000000       -999.0000    
  120.0       73.98      -3.200        0.000000       -999.0000        0.000000       -999.0000    
  120.0       81.76      -3.200        0.000000       -999.0000        0.000000       -999.0000    
  120.0       89.36      -3.200        0.000000       -999.0000        0.000000       -999.0000    
  120.0       90.36      -3.200        0.000000       -999.0000        0.000000       -999.0000    
  120.0       91.20      -3.200        0.000000       -999.0000        0.000000       -999.0000    
  120.0       92.00      -3.200        0.000000       -999.0000        0.000000       -999.0000    
  120.0       99.86      -3.200        0.000000       -999.0000        0.000000       -999.0000    
  120.0       110.4      -3.200        0.000000       -999.0000        0.000000       -999.0000    
  120.0       120.0      -3.200        0.000000       -999.0000        0.000000       -999.0000    
  120.0       130.0      -3.200        0.000000       -999.0000        0.000000       -999.0000    
  120.0       140.0      -3.200        0.000000       -999.0000        0.000000       -999.0000    
  120.0       150.0      -3.200        0.000000       -999.0000        0.000000       -999.0000    
  120.0       160.0      -3.200        0.000000       -999.0000        0.000000       -999.0000    
  120.0       170.0      -3.200        0.000000       -999.0000        0.000000       -999.0000    
  120.0       180.0      -3.200        0.000000       -999.0000        0.000000       -999.0000    
  120.0       190.0      -3.200        0.000000       -999.0000        0.000000       -999.0000    
  120.0       200.0      -3.200        0.000000       -999.0000        0.000000       -999.0000    
  120.0       210.0      -3.200        0.000000       -999.0000        0.000000       -999.0000    
  120.0       220.0      -3.200        0.000000       -999.0000        0.000000       -999.0000    
  120.0       230.0      -3.200        0.000000       -999.0000        0.000000       -999.0000    
  120.0       240.0      -3.200        0.000000       -999.0000        0.000000       -999.0000    
  120.0       250.0      -3.200        0.000000       -999.0000        0.000000       -999.0000    
  120.0       260.0      -3.200        0.000000       -999.0000        0.000000       -999.0000    
  120.0       270.0      -3.200        0.000000       -999.0000        0.000000       -999.0000    
  120.0       280.0      -3.200        0.000000       -999.0000        0.000000       -999.0000    
  120.0       290.0      -3.200        0.000000       -999.0000        0.000000       -999.0000    
  120.0       300.0      -3.200        0.000000       -999.0000        0.000000       -999.0000    
  120.0       310.0      -3.200        0.000000       -999.0000        0.000000       -999.0000    
  120.0       320.0      -3.200        0.000000       -999.0000        0.000000       -999.0000    
  120.0       330.0      -3.200        0.000000       -999.0000        0.000000       -999.0000    
  120.0       340.0      -3.200        0.000000       -999.0000        0.000000       -999.0000    
  120.0       350.0      -3.200        0.000000       -999.0000        0.000000       -999.0000    
  120.0       360.0      -3.200        0.000000       -999.0000        0.000000       -999.0000    
  120.0       370.0      -3.200        0.000000       -999.0000        0.000000       -999.0000    
  120.0       380.0      -3.200        0.000000       -999.0000        0.000000       -999.0000    
  120.0       400.0      -3.200        0.000000       -999.0000        0.000000       -999.0000    
  120.0       450.0      -3.200        0.000000       -999.0000        0.000000       -999.0000    
  120.0       500.0      -3.200        0.000000       -999.0000        0.000000       -999.0000    
  120.0      0.9106E-01  -2.960        0.000000       -999.0000        0.000000       -999.0000    
  120.0      0.1006      -2.960        0.000000       -999.0000        0.000000       -999.0000    
  120.0      0.1112      -2.960        0.000000       -999.0000        0.000000       -999.0000    
  120.0      0.1229      -2.960        0.000000       -999.0000        0.000000       -999.0000    
  120.0      0.1358      -2.960        0.000000       -999.0000        0.000000       -999.0000    
  120.0      0.1501      -2.960        0.000000       -999.0000        0.000000       -999.0000    
  120.0      0.1659      -2.960        0.000000       -999.0000        0.000000       -999.0000    
  120.0      0.1834      -2.960        0.000000       -999.0000        0.000000       -999.0000    
  120.0      0.2027      -2.960        0.000000       -999.0000        0.000000       -999.0000    
  120.0      0.2240      -2.960        0.000000       -999.0000        0.000000       -999.0000    
  120.0      0.2475      -2.960        0.000000       -999.0000        0.000000       -999.0000    
  120.0      0.2736      -2.960        0.000000       -999.0000        0.000000       -999.0000    
  120.0      0.3023      -2.960        0.000000       -999.0000        0.000000       -999.0000    
  120.0      0.3341      -2.960        0.000000       -999.0000        0.000000       -999.0000    
  120.0      0.3693      -2.960        0.000000       -999.0000        0.000000       -999.0000    
  120.0      0.4081      -2.960        0.000000       -999.0000        0.000000       -999.0000    
  120.0      0.4510      -2.960        0.000000       -999.0000        0.000000       -999.0000    
  120.0      0.4985      -2.960        0.000000       -999.0000        0.000000       -999.0000    
  120.0      0.5509      -2.960        0.000000       -999.0000        0.000000       -999.0000    
  120.0      0.6088      -2.960        0.000000       -999.0000        0.000000       -999.0000    
  120.0      0.6729      -2.960        0.000000       -999.0000        0.000000       -999.0000    
  120.0      0.7436      -2.960        0.000000       -999.0000        0.000000       -999.0000    
  120.0      0.8218      -2.960        0.000000       -999.0000        0.000000       -999.0000    
  120.0      0.9083      -2.960        0.000000       -999.0000        0.000000       -999.0000    
  120.0       1.004      -2.960        0.000000       -999.0000        0.000000       -999.0000    
  120.0       1.109      -2.960        0.000000       -999.0000        0.000000       -999.0000    
  120.0       1.226      -2.960        0.000000       -999.0000        0.000000       -999.0000    
  120.0       1.355      -2.960        0.000000       -999.0000        0.000000       -999.0000    
  120.0       1.497      -2.960        0.000000       -999.0000        0.000000       -999.0000    
  120.0       1.655      -2.960        0.000000       -999.0000        0.000000       -999.0000    
  120.0       1.829      -2.960        0.000000       -999.0000        0.000000       -999.0000    
  120.0       2.021      -2.960        0.000000       -999.0000        0.000000       -999.0000    
  120.0       2.234      -2.960        0.000000       -999.0000        0.000000       -999.0000    
  120.0       2.469      -2.960        0.000000       -999.0000        0.000000       -999.0000    
  120.0       2.729      -2.960        0.000000       -999.0000        0.000000       -999.0000    
  120.0       3.016      -2.960        0.000000       -999.0000        0.000000       -999.0000    
  120.0       3.333      -2.960        0.000000       -999.0000        0.000000       -999.0000    
  120.0       3.683      -2.960        0.000000       -999.0000        0.000000       -999.0000    
  120.0       4.071      -2.960        0.000000       -999.0000        0.000000       -999.0000    
  120.0       4.499      -2.960        0.000000       -999.0000        0.000000       -999.0000    
  120.0       4.972      -2.960        0.000000       -999.0000        0.000000       -999.0000    
  120.0       5.495      -2.960        0.000000       -999.0000        0.000000       -999.0000    
  120.0       6.073      -2.960        0.000000       -999.0000        0.000000       -999.0000    
  120.0       6.711      -2.960        0.000000       -999.0000        0.000000       -999.0000    
  120.0       7.417      -2.960        0.000000       -999.0000        0.000000       -999.0000    
  120.0       8.197      -2.960        0.000000       -999.0000        0.000000       -999.0000    
  120.0       9.059      -2.960        0.000000       -999.0000        0.000000       -999.0000    
  120.0       10.01      -2.960        0.000000       -999.0000        0.000000       -999.0000    
  120.0       11.06      -2.960        0.000000       -999.0000        0.000000       -999.0000    
  120.0       12.23      -2.960        0.000000       -999.0000        0.000000       -999.0000    
  120.0       13.51      -2.960        0.000000       -999.0000        0.000000       -999.0000    
  120.0       14.94      -2.960        0.000000       -999.0000        0.000000       -999.0000    
  120.0       16.51      -2.960        0.000000       -999.0000        0.000000       -999.0000    
  120.0       18.24      -2.960        0.000000       -999.0000        0.000000       -999.0000    
  120.0       20.16      -2.960        0.000000       -999.0000        0.000000       -999.0000    
  120.0       22.28      -2.960        0.000000       -999.0000        0.000000       -999.0000    
  120.0       24.63      -2.960        0.000000       -999.0000        0.000000       -999.0000    
  120.0       27.22      -2.960        0.000000       -999.0000        0.000000       -999.0000    
  120.0       30.08      -2.960        0.000000       -999.0000        0.000000       -999.0000    
  120.0       33.24      -2.960        0.000000       -999.0000        0.000000       -999.0000    
  120.0       36.74      -2.960        0.000000       -999.0000        0.000000       -999.0000    
  120.0       40.60      -2.960        0.000000       -999.0000        0.000000       -999.0000    
  120.0       44.87      -2.960        0.000000       -999.0000        0.000000       -999.0000    
  120.0       49.59      -2.960        0.000000       -999.0000        0.000000       -999.0000    
  120.0       54.81      -2.960        0.000000       -999.0000        0.000000       -999.0000    
  120.0       60.57      -2.960        0.000000       -999.0000        0.000000       -999.0000    
  120.0       66.94      -2.960        0.000000       -999.0000        0.000000       -999.0000    
  120.0       73.98      -2.960        0.000000       -999.0000        0.000000       -999.0000    
  120.0       81.76      -2.960        0.000000       -999.0000        0.000000       -999.0000    
  120.0       89.36      -2.960        0.000000       -999.0000        0.000000       -999.0000    
  120.0       90.36      -2.960        0.000000       -999.0000        0.000000       -999.0000    
  120.0       91.20      -2.960        0.000000       -999.0000        0.000000       -999.0000    
  120.0       92.00      -2.960        0.000000       -999.0000        0.000000       -999.0000    
  120.0       99.86      -2.960        0.000000       -999.0000        0.000000       -999.0000    
  120.0       110.4      -2.960        0.000000       -999.0000        0.000000       -999.0000    
  120.0       120.0      -2.960        0.000000       -999.0000        0.000000       -999.0000    
  120.0       130.0      -2.960        0.000000       -999.0000        0.000000       -999.0000    
  120.0       140.0      -2.960        0.000000       -999.0000        0.000000       -999.0000    
  120.0       150.0      -2.960        0.000000       -999.0000        0.000000       -999.0000    
  120.0       160.0      -2.960        0.000000       -999.0000        0.000000       -999.0000    
  120.0       170.0      -2.960        0.000000       -999.0000        0.000000       -999.0000    
  120.0       180.0      -2.960        0.000000       -999.0000        0.000000       -999.0000    
  120.0       190.0      -2.960        0.000000       -999.0000        0.000000       -999.0000    
  120.0       200.0      -2.960        0.000000       -999.0000        0.000000       -999.0000    
  120.0       210.0      -2.960        0.000000       -999.0000        0.000000       -999.0000    
  120.0       220.0      -2.960        0.000000       -999.0000        0.000000       -999.0000    
  120.0       230.0      -2.960        0.000000       -999.0000        0.000000       -999.0000    
  120.0       240.0      -2.960        0.000000       -999.0000        0.000000       -999.0000    
  120.0       250.0      -2.960        0.000000       -999.0000        0.000000       -999.0000    
  120.0       260.0      -2.960        0.000000       -999.0000        0.000000       -999.0000    
  120.0       270.0      -2.960        0.000000       -999.0000        0.000000       -999.0000    
  120.0       280.0      -2.960        0.000000       -999.0000        0.000000       -999.0000    
  120.0       290.0      -2.960        0.000000       -999.0000        0.000000       -999.0000    
  120.0       300.0      -2.960        0.000000       -999.0000        0.000000       -999.0000    
  120.0       310.0      -2.960        0.000000       -999.0000        0.000000       -999.0000    
  120.0       320.0      -2.960        0.000000       -999.0000        0.000000       -999.0000    
  120.0       330.0      -2.960        0.000000       -999.0000        0.000000       -999.0000    
  120.0       340.0      -2.960        0.000000       -999.0000        0.000000       -999.0000    
  120.0       350.0      -2.960        0.000000       -999.0000        0.000000       -999.0000    
  120.0       360.0      -2.960        0.000000       -999.0000        0.000000       -999.0000    
  120.0       370.0      -2.960        0.000000       -999.0000        0.000000       -999.0000    
  120.0       380.0      -2.960        0.000000       -999.0000        0.000000       -999.0000    
  120.0       400.0      -2.960        0.000000       -999.0000        0.000000       -999.0000    
  120.0       450.0      -2.960        0.000000       -999.0000        0.000000       -999.0000    
  120.0       500.0      -2.960        0.000000       -999.0000        0.000000       -999.0000    
  120.0      0.9106E-01  -2.400        119.2432       -999.0000       -72.87287       -999.0000    
  120.0      0.1006      -2.400        106.0216       -999.0000       -54.87924       -999.0000    
  120.0      0.1112      -2.400        94.17396       -999.0000       -40.07243       -999.0000    
  120.0      0.1229      -2.400        83.63528       -999.0000       -28.05586       -999.0000    
  120.0      0.1358      -2.400        74.26959       -999.0000       -18.37786       -999.0000    
  120.0      0.1501      -2.400        65.90473       -999.0000       -10.61599       -999.0000    
  120.0      0.1659      -2.400        58.46261       -999.0000       -4.484284       -999.0000    
  120.0      0.1834      -2.400        51.82814       -999.0000       0.3062182       -999.0000    
  120.0      0.2027      -2.400        45.94028       -999.0000        3.971179       -999.0000    
  120.0      0.2240      -2.400        40.71063       -999.0000        6.716171       -999.0000    
  120.0      0.2475      -2.400        36.06680       -999.0000        8.710557       -999.0000    
  120.0      0.2736      -2.400        31.91827       -999.0000        10.10261       -999.0000    
  120.0      0.3023      -2.400        28.25038       -999.0000        10.99744       -999.0000    
  120.0      0.3341      -2.400        24.98310       -999.0000        11.49988       -999.0000    
  120.0      0.3693      -2.400        22.07795       -999.0000        11.69255       -999.0000    
  120.0      0.4081      -2.400        19.50610       -999.0000        11.64116       -999.0000    
  120.0      0.4510      -2.400        17.22247       -999.0000        11.40435       -999.0000    
  120.0      0.4985      -2.400        15.19328       -999.0000        11.02696       -999.0000    
  120.0      0.5509      -2.400        13.39746       -999.0000        10.54931       -999.0000    
  120.0      0.6088      -2.400        11.80602       -999.0000        10.00182       -999.0000    
  120.0      0.6729      -2.400        10.39387       -999.0000        9.407860       -999.0000    
  120.0      0.7436      -2.400        9.145980       -999.0000        8.789964       -999.0000    
  120.0      0.8218      -2.400        8.040634       -999.0000        8.162695       -999.0000    
  120.0      0.9083      -2.400        7.062119       -999.0000        7.538616       -999.0000    
  120.0       1.004      -2.400        6.196261       -999.0000        6.927253       -999.0000    
  120.0       1.109      -2.400        5.436300       -999.0000        6.340361       -999.0000    
  120.0       1.226      -2.400        4.759496       -999.0000        5.774140       -999.0000    
  120.0       1.355      -2.400        4.163793       -999.0000        5.238398       -999.0000    
  120.0       1.497      -2.400        3.640314       -999.0000        4.735934       -999.0000    
  120.0       1.655      -2.400        3.175796       -999.0000        4.262875       -999.0000    
  120.0       1.829      -2.400        2.768228       -999.0000        3.824818       -999.0000    
  120.0       2.021      -2.400        2.409913       -999.0000        3.420146       -999.0000    
  120.0       2.234      -2.400        2.093578       -999.0000        3.046427       -999.0000    
  120.0       2.469      -2.400        1.816202       -999.0000        2.704685       -999.0000    
  120.0       2.729      -2.400        1.572551       -999.0000        2.392718       -999.0000    
  120.0       3.016      -2.400        1.359229       -999.0000        2.109551       -999.0000    
  120.0       3.333      -2.400        1.172490       -999.0000        1.853401       -999.0000    
  120.0       3.683      -2.400        1.009228       -999.0000        1.622534       -999.0000    
  120.0       4.071      -2.400       0.8661187       -999.0000        1.414422       -999.0000    
  120.0       4.499      -2.400       0.7414655       -999.0000        1.228416       -999.0000    
  120.0       4.972      -2.400       0.6328704       -999.0000        1.062478       -999.0000    
  120.0       5.495      -2.400       0.5383907       -999.0000       0.9148655       -999.0000    
  120.0       6.073      -2.400       0.4563918       -999.0000       0.7841216       -999.0000    
  120.0       6.711      -2.400       0.3854490       -999.0000       0.6688821       -999.0000    
  120.0       7.417      -2.400       0.3240592       -999.0000       0.5674537       -999.0000    
  120.0       8.197      -2.400       0.2711745       -999.0000       0.4787047       -999.0000    
  120.0       9.059      -2.400       0.2257497       -999.0000       0.4013944       -999.0000    
  120.0       10.01      -2.400       0.1869276       -999.0000       0.3344511       -999.0000    
  120.0       11.06      -2.400       0.1538307       -999.0000       0.2767280       -999.0000    
  120.0       12.23      -2.400       0.1254937       -999.0000       0.2268068       -999.0000    
  120.0       13.51      -2.400       0.1017894       -999.0000       0.1846638       -999.0000    
  120.0       14.94      -2.400       0.8166350E-01   -999.0000       0.1486017       -999.0000    
  120.0       16.51      -2.400       0.6499133E-01   -999.0000       0.1185062       -999.0000    
  120.0       18.24      -2.400       0.5121301E-01   -999.0000       0.9349957E-01   -999.0000    
  120.0       20.16      -2.400       0.3982974E-01   -999.0000       0.7274539E-01   -999.0000    
  120.0       22.28      -2.400       0.3056005E-01   -999.0000       0.5578459E-01   -999.0000    
  120.0       24.63      -2.400       0.2306936E-01   -999.0000       0.4204876E-01   -999.0000    
  120.0       27.22      -2.400       0.1712270E-01   -999.0000       0.3113130E-01   -999.0000    
  120.0       30.08      -2.400       0.1245490E-01   -999.0000       0.2256476E-01   -999.0000    
  120.0       33.24      -2.400       0.8845077E-02   -999.0000       0.1595261E-01   -999.0000    
  120.0       36.74      -2.400       0.6099307E-02   -999.0000       0.1093859E-01   -999.0000    
  120.0       40.60      -2.400       0.4068639E-02   -999.0000       0.7247479E-02   -999.0000    
  120.0       44.87      -2.400       0.2603642E-02   -999.0000       0.4601766E-02   -999.0000    
  120.0       49.59      -2.400       0.1583620E-02   -999.0000       0.2773664E-02   -999.0000    
  120.0       54.81      -2.400       0.9045010E-03   -999.0000       0.1567915E-02   -999.0000    
  120.0       60.57      -2.400       0.4776858E-03   -999.0000       0.8183396E-03   -999.0000    
  120.0       66.94      -2.400       0.2278812E-03   -999.0000       0.3851442E-03   -999.0000    
  120.0       73.98      -2.400       0.9507505E-04   -999.0000       0.1581537E-03   -999.0000    
  120.0       81.76      -2.400       0.3295507E-04   -999.0000       0.5378969E-04   -999.0000    
  120.0       89.36      -2.400       0.1026410E-04   -999.0000       0.1641416E-04   -999.0000    
  120.0       90.36      -2.400       0.8695181E-05   -999.0000       0.1386564E-04   -999.0000    
  120.0       91.20      -2.400       0.7544472E-05   -999.0000       0.1200179E-04   -999.0000    
  120.0       92.00      -2.400       0.6574844E-05   -999.0000       0.1043461E-04   -999.0000    
  120.0       99.86      -2.400       0.1469859E-05   -999.0000       0.2276590E-05   -999.0000    
  120.0       110.4      -2.400       0.1013071E-06   -999.0000       0.1513276E-06   -999.0000    
  120.0       120.0      -2.400       0.1690957E-08   -999.0000       0.2457136E-08   -999.0000    
  120.0       130.0      -2.400       0.1904308E-17   -999.0000       0.4193129E-17   -999.0000    
  120.0       140.0      -2.400        0.000000       -999.0000        0.000000       -999.0000    
  120.0       150.0      -2.400        0.000000       -999.0000        0.000000       -999.0000    
  120.0       160.0      -2.400        0.000000       -999.0000        0.000000       -999.0000    
  120.0       170.0      -2.400        0.000000       -999.0000        0.000000       -999.0000    
  120.0       180.0      -2.400        0.000000       -999.0000        0.000000       -999.0000    
  120.0       190.0      -2.400        0.000000       -999.0000        0.000000       -999.0000    
  120.0       200.0      -2.400        0.000000       -999.0000        0.000000       -999.0000    
  120.0       210.0      -2.400        0.000000       -999.0000        0.000000       -999.0000    
  120.0       220.0      -2.400        0.000000       -999.0000        0.000000       -999.0000    
  120.0       230.0      -2.400        0.000000       -999.0000        0.000000       -999.0000    
  120.0       240.0      -2.400        0.000000       -999.0000        0.000000       -999.0000    
  120.0       250.0      -2.400        0.000000       -999.0000        0.000000       -999.0000    
  120.0       260.0      -2.400        0.000000       -999.0000        0.000000       -999.0000    
  120.0       270.0      -2.400        0.000000       -999.0000        0.000000       -999.0000    
  120.0       280.0      -2.400        0.000000       -999.0000        0.000000       -999.0000    
  120.0       290.0      -2.400        0.000000       -999.0000        0.000000       -999.0000    
  120.0       300.0      -2.400        0.000000       -999.0000        0.000000       -999.0000    
  120.0       310.0      -2.400        0.000000       -999.0000        0.000000       -999.0000    
  120.0       320.0      -2.400        0.000000       -999.0000        0.000000       -999.0000    
  120.0       330.0      -2.400        0.000000       -999.0000        0.000000       -999.0000    
  120.0       340.0      -2.400        0.000000       -999.0000        0.000000       -999.0000    
  120.0       350.0      -2.400        0.000000       -999.0000        0.000000       -999.0000    
  120.0       360.0      -2.400        0.000000       -999.0000        0.000000       -999.0000    
  120.0       370.0      -2.400        0.000000       -999.0000        0.000000       -999.0000    
  120.0       380.0      -2.400        0.000000       -999.0000        0.000000       -999.0000    
  120.0       400.0      -2.400        0.000000       -999.0000        0.000000       -999.0000    
  120.0       450.0      -2.400        0.000000       -999.0000        0.000000       -999.0000    
  120.0       500.0      -2.400        0.000000       -999.0000        0.000000       -999.0000    
  120.0      0.9106E-01  -1.200        6579.448       -999.0000       -9422.758       -999.0000    
  120.0      0.1006      -1.200        5859.996       -999.0000       -7779.473       -999.0000    
  120.0      0.1112      -1.200        5214.511       -999.0000       -6384.196       -999.0000    
  120.0      0.1229      -1.200        4639.593       -999.0000       -5210.879       -999.0000    
  120.0      0.1358      -1.200        4127.990       -999.0000       -4227.426       -999.0000    
  120.0      0.1501      -1.200        3670.397       -999.0000       -3401.032       -999.0000    
  120.0      0.1659      -1.200        3262.656       -999.0000       -2711.503       -999.0000    
  120.0      0.1834      -1.200        2898.577       -999.0000       -2136.976       -999.0000    
  120.0      0.2027      -1.200        2574.968       -999.0000       -1662.226       -999.0000    
  120.0      0.2240      -1.200        2287.095       -999.0000       -1271.228       -999.0000    
  120.0      0.2475      -1.200        2031.070       -999.0000       -950.9201       -999.0000    
  120.0      0.2736      -1.200        1801.991       -999.0000       -688.4685       -999.0000    
  120.0      0.3023      -1.200        1599.106       -999.0000       -476.9653       -999.0000    
  120.0      0.3341      -1.200        1418.049       -999.0000       -306.6239       -999.0000    
  120.0      0.3693      -1.200        1256.749       -999.0000       -170.8497       -999.0000    
  120.0      0.4081      -1.200        1113.673       -999.0000       -64.35189       -999.0000    
  120.0      0.4510      -1.200        986.3790       -999.0000        18.30114       -999.0000    
  120.0      0.4985      -1.200        873.0271       -999.0000        81.29067       -999.0000    
  120.0      0.5509      -1.200        772.4885       -999.0000        127.9422       -999.0000    
  120.0      0.6088      -1.200        683.1853       -999.0000        161.4188       -999.0000    
  120.0      0.6729      -1.200        603.7552       -999.0000        184.2443       -999.0000    
  120.0      0.7436      -1.200        533.3951       -999.0000        198.4191       -999.0000    
  120.0      0.8218      -1.200        470.9061       -999.0000        205.7711       -999.0000    
  120.0      0.9083      -1.200        415.4382       -999.0000        207.7546       -999.0000    
  120.0       1.004      -1.200        366.2234       -999.0000        205.5779       -999.0000    
  120.0       1.109      -1.200        322.9075       -999.0000        200.3000       -999.0000    
  120.0       1.226      -1.200        284.2107       -999.0000        192.6529       -999.0000    
  120.0       1.355      -1.200        250.0401       -999.0000        183.3654       -999.0000    
  120.0       1.497      -1.200        219.9101       -999.0000        173.0182       -999.0000    
  120.0       1.655      -1.200        193.0792       -999.0000        161.9339       -999.0000    
  120.0       1.829      -1.200        169.4509       -999.0000        150.5634       -999.0000    
  120.0       2.021      -1.200        148.6007       -999.0000        139.1509       -999.0000    
  120.0       2.234      -1.200        130.1207       -999.0000        127.8517       -999.0000    
  120.0       2.469      -1.200        113.8445       -999.0000        116.8903       -999.0000    
  120.0       2.729      -1.200        99.47672       -999.0000        106.3529       -999.0000    
  120.0       3.016      -1.200        86.83048       -999.0000        96.34322       -999.0000    
  120.0       3.333      -1.200        75.69698       -999.0000        86.90672       -999.0000    
  120.0       3.683      -1.200        65.90660       -999.0000        78.08456       -999.0000    
  120.0       4.071      -1.200        57.27322       -999.0000        69.85633       -999.0000    
  120.0       4.499      -1.200        49.70491       -999.0000        62.26402       -999.0000    
  120.0       4.972      -1.200        43.06312       -999.0000        55.28261       -999.0000    
  120.0       5.495      -1.200        37.23808       -999.0000        48.89327       -999.0000    
  120.0       6.073      -1.200        32.13757       -999.0000        43.07649       -999.0000    
  120.0       6.711      -1.200        27.68126       -999.0000        37.80875       -999.0000    
  120.0       7.417      -1.200        23.78303       -999.0000        33.04762       -999.0000    
  120.0       8.197      -1.200        20.38345       -999.0000        28.76874       -999.0000    
  120.0       9.059      -1.200        17.42219       -999.0000        24.93737       -999.0000    
  120.0       10.01      -1.200        14.85147       -999.0000        21.52656       -999.0000    
  120.0       11.06      -1.200        12.62165       -999.0000        18.49955       -999.0000    
  120.0       12.23      -1.200        10.67571       -999.0000        15.80222       -999.0000    
  120.0       13.51      -1.200        9.011570       -999.0000        13.45169       -999.0000    
  120.0       14.94      -1.200        7.562100       -999.0000        11.36955       -999.0000    
  120.0       16.51      -1.200        6.325354       -999.0000        9.566344       -999.0000    
  120.0       18.24      -1.200        5.267958       -999.0000        8.003918       -999.0000    
  120.0       20.16      -1.200        4.361065       -999.0000        6.648615       -999.0000    
  120.0       22.28      -1.200        3.590260       -999.0000        5.485521       -999.0000    
  120.0       24.63      -1.200        2.935730       -999.0000        4.489957       -999.0000    
  120.0       27.22      -1.200        2.385653       -999.0000        3.648001       -999.0000    
  120.0       30.08      -1.200        1.924474       -999.0000        2.938911       -999.0000    
  120.0       33.24      -1.200        1.539738       -999.0000        2.345785       -999.0000    
  120.0       36.74      -1.200        1.220203       -999.0000        1.852390       -999.0000    
  120.0       40.60      -1.200       0.9576483       -999.0000        1.447141       -999.0000    
  120.0       44.87      -1.200       0.7430782       -999.0000        1.116605       -999.0000    
  120.0       49.59      -1.200       0.5693278       -999.0000       0.8499086       -999.0000    
  120.0       54.81      -1.200       0.4299843       -999.0000       0.6371291       -999.0000    
  120.0       60.57      -1.200       0.3197542       -999.0000       0.4698269       -999.0000    
  120.0       66.94      -1.200       0.2335419       -999.0000       0.3399663       -999.0000    
  120.0       73.98      -1.200       0.1671973       -999.0000       0.2409022       -999.0000    
  120.0       81.76      -1.200       0.1170267       -999.0000       0.1667133       -999.0000    
  120.0       89.36      -1.200       0.8343798E-01   -999.0000       0.1175563       -999.0000    
  120.0       90.36      -1.200       0.7985872E-01   -999.0000       0.1123498       -999.0000    
  120.0       91.20      -1.200       0.7697990E-01   -999.0000       0.1081693       -999.0000    
  120.0       92.00      -1.200       0.7434172E-01   -999.0000       0.1043407       -999.0000    
  120.0       99.86      -1.200       0.5301134E-01   -999.0000       0.7355374E-01   -999.0000    
  120.0       110.4      -1.200       0.3405126E-01   -999.0000       0.4651637E-01   -999.0000    
  120.0       120.0      -1.200       0.2295342E-01   -999.0000       0.3090670E-01   -999.0000    
  120.0       130.0      -1.200       0.1533355E-01   -999.0000       0.2033191E-01   -999.0000    
  120.0       140.0      -1.200       0.1030800E-01   -999.0000       0.1345535E-01   -999.0000    
  120.0       150.0      -1.200       0.6963087E-02   -999.0000       0.8944857E-02   -999.0000    
  120.0       160.0      -1.200       0.4721233E-02   -999.0000       0.5966845E-02   -999.0000    
  120.0       170.0      -1.200       0.3210696E-02   -999.0000       0.3990575E-02   -999.0000    
  120.0       180.0      -1.200       0.2187762E-02   -999.0000       0.2673283E-02   -999.0000    
  120.0       190.0      -1.200       0.1492535E-02   -999.0000       0.1792658E-02   -999.0000    
  120.0       200.0      -1.200       0.1018277E-02   -999.0000       0.1201638E-02   -999.0000    
  120.0       210.0      -1.200       0.6940471E-03   -999.0000       0.8045541E-03   -999.0000    
  120.0       220.0      -1.200       0.4723748E-03   -999.0000       0.5377619E-03   -999.0000    
  120.0       230.0      -1.200       0.3206779E-03   -999.0000       0.3584078E-03   -999.0000    
  120.0       240.0      -1.200       0.2169853E-03   -999.0000       0.2380431E-03   -999.0000    
  120.0       250.0      -1.200       0.1461990E-03   -999.0000       0.1573839E-03   -999.0000    
  120.0       260.0      -1.200       0.9799046E-04   -999.0000       0.1034838E-03   -999.0000    
  120.0       270.0      -1.200       0.6527204E-04   -999.0000       0.6760477E-04   -999.0000    
  120.0       280.0      -1.200       0.4316369E-04   -999.0000       0.4383250E-04   -999.0000    
  120.0       290.0      -1.200       0.2830669E-04   -999.0000       0.2817485E-04   -999.0000    
  120.0       300.0      -1.200       0.1838600E-04   -999.0000       0.1793065E-04   -999.0000    
  120.0       310.0      -1.200       0.1181324E-04   -999.0000       0.1128449E-04   -999.0000    
  120.0       320.0      -1.200       0.7496805E-05   -999.0000       0.7011355E-05   -999.0000    
  120.0       330.0      -1.200       0.4691254E-05   -999.0000       0.4293839E-05   -999.0000    
  120.0       340.0      -1.200       0.2889298E-05   -999.0000       0.2586789E-05   -999.0000    
  120.0       350.0      -1.200       0.1747514E-05   -999.0000       0.1529568E-05   -999.0000    
  120.0       360.0      -1.200       0.1035442E-05   -999.0000       0.8855705E-06   -999.0000    
  120.0       370.0      -1.200       0.5992273E-06   -999.0000       0.5004281E-06   -999.0000    
  120.0       380.0      -1.200       0.3374598E-06   -999.0000       0.2749755E-06   -999.0000    
  120.0       400.0      -1.200       0.9687410E-07   -999.0000       0.7497158E-07   -999.0000    
  120.0       450.0      -1.200       0.1637954E-08   -999.0000       0.1094463E-08   -999.0000    
  120.0       500.0      -1.200       0.4887383E-12   -999.0000       0.2802081E-12   -999.0000    
  120.0      0.9106E-01   0.000        12234.92       -999.0000       -19787.66       -999.0000    
  120.0      0.1006       0.000        10900.73       -999.0000       -16462.38       -999.0000    
  120.0      0.1112       0.000        9703.404       -999.0000       -13627.94       -999.0000    
  120.0      0.1229       0.000        8636.686       -999.0000       -11234.26       -999.0000    
  120.0      0.1358       0.000        7687.123       -999.0000       -9218.604       -999.0000    
  120.0      0.1501       0.000        6837.592       -999.0000       -7516.572       -999.0000    
  120.0      0.1659       0.000        6080.423       -999.0000       -6088.439       -999.0000    
  120.0      0.1834       0.000        5404.190       -999.0000       -4891.155       -999.0000    
  120.0      0.2027       0.000        4802.941       -999.0000       -3894.957       -999.0000    
  120.0      0.2240       0.000        4267.902       -999.0000       -3068.078       -999.0000    
  120.0      0.2475       0.000        3791.889       -999.0000       -2384.489       -999.0000    
  120.0      0.2736       0.000        3365.824       -999.0000       -1818.437       -999.0000    
  120.0      0.3023       0.000        2988.340       -999.0000       -1356.840       -999.0000    
  120.0      0.3341       0.000        2651.342       -999.0000       -979.6854       -999.0000    
  120.0      0.3693       0.000        2350.991       -999.0000       -673.9516       -999.0000    
  120.0      0.4081       0.000        2084.474       -999.0000       -429.4188       -999.0000    
  120.0      0.4510       0.000        1847.275       -999.0000       -235.0165       -999.0000    
  120.0      0.4985       0.000        1635.988       -999.0000       -82.16035       -999.0000    
  120.0      0.5509       0.000        1448.529       -999.0000        35.82831       -999.0000    
  120.0      0.6088       0.000        1281.956       -999.0000        125.3289       -999.0000    
  120.0      0.6729       0.000        1133.731       -999.0000        191.6143       -999.0000    
  120.0      0.7436       0.000        1002.365       -999.0000        238.7754       -999.0000    
  120.0      0.8218       0.000        885.6354       -999.0000        270.6254       -999.0000    
  120.0      0.9083       0.000        781.9643       -999.0000        290.1680       -999.0000    
  120.0       1.004       0.000        689.9250       -999.0000        300.0827       -999.0000    
  120.0       1.109       0.000        608.8680       -999.0000        302.1591       -999.0000    
  120.0       1.226       0.000        536.4040       -999.0000        298.3474       -999.0000    
  120.0       1.355       0.000        472.3755       -999.0000        290.0717       -999.0000    
  120.0       1.497       0.000        415.8810       -999.0000        278.5794       -999.0000    
  120.0       1.655       0.000        365.5376       -999.0000        264.6890       -999.0000    
  120.0       1.829       0.000        321.1767       -999.0000        249.3240       -999.0000    
  120.0       2.021       0.000        282.0079       -999.0000        233.0820       -999.0000    
  120.0       2.234       0.000        247.2651       -999.0000        216.3591       -999.0000    
  120.0       2.469       0.000        216.6412       -999.0000        199.6399       -999.0000    
  120.0       2.729       0.000        189.5865       -999.0000        183.1755       -999.0000    
  120.0       3.016       0.000        165.7546       -999.0000        167.2279       -999.0000    
  120.0       3.333       0.000        144.7581       -999.0000        151.9494       -999.0000    
  120.0       3.683       0.000        126.2769       -999.0000        137.4581       -999.0000    
  120.0       4.071       0.000        109.9603       -999.0000        123.7749       -999.0000    
  120.0       4.499       0.000        95.63921       -999.0000        111.0132       -999.0000    
  120.0       4.972       0.000        83.05260       -999.0000        99.16202       -999.0000    
  120.0       5.495       0.000        71.99697       -999.0000        88.22073       -999.0000    
  120.0       6.073       0.000        62.30244       -999.0000        78.17853       -999.0000    
  120.0       6.711       0.000        53.82025       -999.0000        69.01768       -999.0000    
  120.0       7.417       0.000        46.38783       -999.0000        60.67795       -999.0000    
  120.0       8.197       0.000        39.89627       -999.0000        53.13477       -999.0000    
  120.0       9.059       0.000        34.23261       -999.0000        46.33992       -999.0000    
  120.0       10.01       0.000        29.30595       -999.0000        40.25528       -999.0000    
  120.0       11.06       0.000        25.02242       -999.0000        34.82059       -999.0000    
  120.0       12.23       0.000        21.27372       -999.0000        29.94855       -999.0000    
  120.0       13.51       0.000        18.05830       -999.0000        25.67658       -999.0000    
  120.0       14.94       0.000        15.24849       -999.0000        21.86875       -999.0000    
  120.0       16.51       0.000        12.84208       -999.0000        18.54931       -999.0000    
  120.0       18.24       0.000        10.77613       -999.0000        15.65818       -999.0000    
  120.0       20.16       0.000        8.995341       -999.0000        13.12844       -999.0000    
  120.0       22.28       0.000        7.474724       -999.0000        10.94268       -999.0000    
  120.0       24.63       0.000        6.176048       -999.0000        9.057239       -999.0000    
  120.0       27.22       0.000        5.077426       -999.0000        7.449323       -999.0000    
  120.0       30.08       0.000        4.149464       -999.0000        6.082776       -999.0000    
  120.0       33.24       0.000        3.368803       -999.0000        4.928171       -999.0000    
  120.0       36.74       0.000        2.713765       -999.0000        3.957165       -999.0000    
  120.0       40.60       0.000        2.169515       -999.0000        3.149778       -999.0000    
  120.0       44.87       0.000        1.719017       -999.0000        2.482310       -999.0000    
  120.0       49.59       0.000        1.348933       -999.0000        1.935483       -999.0000    
  120.0       54.81       0.000        1.046998       -999.0000        1.491380       -999.0000    
  120.0       60.57       0.000       0.8034183       -999.0000        1.135231       -999.0000    
  120.0       66.94       0.000       0.6083578       -999.0000       0.8520774       -999.0000    
  120.0       73.98       0.000       0.4540634       -999.0000       0.6299502       -999.0000    
  120.0       81.76       0.000       0.3335615       -999.0000       0.4580726       -999.0000    
  120.0       89.36       0.000       0.2499318       -999.0000       0.3399356       -999.0000    
  120.0       90.36       0.000       0.2408128       -999.0000       0.3271199       -999.0000    
  120.0       91.20       0.000       0.2334440       -999.0000       0.3167760       -999.0000    
  120.0       92.00       0.000       0.2266629       -999.0000       0.3072669       -999.0000    
  120.0       99.86       0.000       0.1706270       -999.0000       0.2290817       -999.0000    
  120.0       110.4       0.000       0.1182897       -999.0000       0.1568121       -999.0000    
  120.0       120.0       0.000       0.8579525E-01   -999.0000       0.1124493       -999.0000    
  120.0       130.0       0.000       0.6207792E-01   -999.0000       0.8041303E-01   -999.0000    
  120.0       140.0       0.000       0.4536130E-01   -999.0000       0.5807121E-01   -999.0000    
  120.0       150.0       0.000       0.3343755E-01   -999.0000       0.4230461E-01   -999.0000    
  120.0       160.0       0.000       0.2484131E-01   -999.0000       0.3105912E-01   -999.0000    
  120.0       170.0       0.000       0.1858404E-01   -999.0000       0.2296103E-01   -999.0000    
  120.0       180.0       0.000       0.1398978E-01   -999.0000       0.1707899E-01   -999.0000    
  120.0       190.0       0.000       0.1058980E-01   -999.0000       0.1277275E-01   -999.0000    
  120.0       200.0       0.000       0.8055965E-02   -999.0000       0.9598871E-02   -999.0000    
  120.0       210.0       0.000       0.6155749E-02   -999.0000       0.7245244E-02   -999.0000    
  120.0       220.0       0.000       0.4722362E-02   -999.0000       0.5489762E-02   -999.0000    
  120.0       230.0       0.000       0.3635310E-02   -999.0000       0.4173636E-02   -999.0000    
  120.0       240.0       0.000       0.2807165E-02   -999.0000       0.3182632E-02   -999.0000    
  120.0       250.0       0.000       0.2173482E-02   -999.0000       0.2433159E-02   -999.0000    
  120.0       260.0       0.000       0.1686776E-02   -999.0000       0.1864378E-02   -999.0000    
  120.0       270.0       0.000       0.1311652E-02   -999.0000       0.1431258E-02   -999.0000    
  120.0       280.0       0.000       0.1021671E-02   -999.0000       0.1100501E-02   -999.0000    
  120.0       290.0       0.000       0.7969386E-03   -999.0000       0.8473270E-03   -999.0000    
  120.0       300.0       0.000       0.6223202E-03   -999.0000       0.6530440E-03   -999.0000    
  120.0       310.0       0.000       0.4863777E-03   -999.0000       0.5037002E-03   -999.0000    
  120.0       320.0       0.000       0.3803825E-03   -999.0000       0.3887254E-03   -999.0000    
  120.0       330.0       0.000       0.2975938E-03   -999.0000       0.3000817E-03   -999.0000    
  120.0       340.0       0.000       0.2328598E-03   -999.0000       0.2316612E-03   -999.0000    
  120.0       350.0       0.000       0.1822070E-03   -999.0000       0.1788255E-03   -999.0000    
  120.0       360.0       0.000       0.1425326E-03   -999.0000       0.1379863E-03   -999.0000    
  120.0       370.0       0.000       0.1114543E-03   -999.0000       0.1064235E-03   -999.0000    
  120.0       380.0       0.000       0.8709732E-04   -999.0000       0.8201959E-04   -999.0000    
  120.0       400.0       0.000       0.5304448E-04   -999.0000       0.4856771E-04   -999.0000    
  120.0       450.0       0.000       0.1499867E-04   -999.0000       0.1277368E-04   -999.0000    
  120.0       500.0       0.000       0.4027846E-05   -999.0000       0.3178681E-05   -999.0000    
  120.0      0.9106E-01   1.200        11752.44       -999.0000       -17691.70       -999.0000    
  120.0      0.1006       1.200        10468.80       -999.0000       -14653.62       -999.0000    
  120.0      0.1112       1.200        9317.001       -999.0000       -12069.61       -999.0000    
  120.0      0.1229       1.200        8291.014       -999.0000       -9892.766       -999.0000    
  120.0      0.1358       1.200        7377.915       -999.0000       -8064.550       -999.0000    
  120.0      0.1501       1.200        6561.118       -999.0000       -6525.444       -999.0000    
  120.0      0.1659       1.200        5833.220       -999.0000       -5238.286       -999.0000    
  120.0      0.1834       1.200        5183.180       -999.0000       -4163.097       -999.0000    
  120.0      0.2027       1.200        4605.328       -999.0000       -3272.011       -999.0000    
  120.0      0.2240       1.200        4091.221       -999.0000       -2535.693       -999.0000    
  120.0      0.2475       1.200        3633.933       -999.0000       -1930.020       -999.0000    
  120.0      0.2736       1.200        3224.719       -999.0000       -1431.591       -999.0000    
  120.0      0.3023       1.200        2862.245       -999.0000       -1027.915       -999.0000    
  120.0      0.3341       1.200        2538.723       -999.0000       -700.6581       -999.0000    
  120.0      0.3693       1.200        2250.459       -999.0000       -438.0276       -999.0000    
  120.0      0.4081       1.200        1994.724       -999.0000       -230.1738       -999.0000    
  120.0      0.4510       1.200        1767.158       -999.0000       -67.18933       -999.0000    
  120.0      0.4985       1.200        1564.482       -999.0000        58.73816       -999.0000    
  120.0      0.5509       1.200        1384.682       -999.0000        153.8209       -999.0000    
  120.0      0.6088       1.200        1224.946       -999.0000        223.8378       -999.0000    
  120.0      0.6729       1.200        1082.843       -999.0000        273.9196       -999.0000    
  120.0      0.7436       1.200        956.9432       -999.0000        306.9764       -999.0000    
  120.0      0.8218       1.200        845.1049       -999.0000        326.8530       -999.0000    
  120.0      0.9083       1.200        745.8118       -999.0000        336.2898       -999.0000    
  120.0       1.004       1.200        657.6934       -999.0000        337.5331       -999.0000    
  120.0       1.109       1.200        580.1196       -999.0000        332.5255       -999.0000    
  120.0       1.226       1.200        510.8015       -999.0000        322.7105       -999.0000    
  120.0       1.355       1.200        449.5752       -999.0000        309.4506       -999.0000    
  120.0       1.497       1.200        395.5745       -999.0000        293.8197       -999.0000    
  120.0       1.655       1.200        347.4733       -999.0000        276.4827       -999.0000    
  120.0       1.829       1.200        305.1015       -999.0000        258.2810       -999.0000    
  120.0       2.021       1.200        267.7002       -999.0000        239.7075       -999.0000    
  120.0       2.234       1.200        234.5400       -999.0000        221.0824       -999.0000    
  120.0       2.469       1.200        205.3247       -999.0000        202.8267       -999.0000    
  120.0       2.729       1.200        179.5258       -999.0000        185.1301       -999.0000    
  120.0       3.016       1.200        156.8096       -999.0000        168.2053       -999.0000    
  120.0       3.333       1.200        136.8024       -999.0000        152.1839       -999.0000    
  120.0       3.683       1.200        119.2012       -999.0000        137.0951       -999.0000    
  120.0       4.071       1.200        103.6733       -999.0000        122.9707       -999.0000    
  120.0       4.499       1.200        90.05437       -999.0000        109.8774       -999.0000    
  120.0       4.972       1.200        78.09666       -999.0000        97.79875       -999.0000    
  120.0       5.495       1.200        67.60368       -999.0000        86.70471       -999.0000    
  120.0       6.073       1.200        58.41039       -999.0000        76.57244       -999.0000    
  120.0       6.711       1.200        50.37300       -999.0000        67.37229       -999.0000    
  120.0       7.417       1.200        43.33717       -999.0000        59.03142       -999.0000    
  120.0       8.197       1.200        37.19650       -999.0000        51.51584       -999.0000    
  120.0       9.059       1.200        31.84296       -999.0000        44.77035       -999.0000    
  120.0       10.01       1.200        27.19111       -999.0000        38.74951       -999.0000    
  120.0       11.06       1.200        23.15198       -999.0000        33.39281       -999.0000    
  120.0       12.23       1.200        19.62310       -999.0000        28.60781       -999.0000    
  120.0       13.51       1.200        16.60141       -999.0000        24.42718       -999.0000    
  120.0       14.94       1.200        13.96580       -999.0000        20.71408       -999.0000    
  120.0       16.51       1.200        11.71339       -999.0000        17.48920       -999.0000    
  120.0       18.24       1.200        9.784126       -999.0000        14.68784       -999.0000    
  120.0       20.16       1.200        8.126153       -999.0000        12.25001       -999.0000    
  120.0       22.28       1.200        6.713783       -999.0000        10.15116       -999.0000    
  120.0       24.63       1.200        5.511433       -999.0000        8.348228       -999.0000    
  120.0       27.22       1.200        4.498076       -999.0000        6.817714       -999.0000    
  120.0       30.08       1.200        3.645761       -999.0000        5.523407       -999.0000    
  120.0       33.24       1.200        2.932118       -999.0000        4.435533       -999.0000    
  120.0       36.74       1.200        2.336986       -999.0000        3.526264       -999.0000    
  120.0       40.60       1.200        1.845696       -999.0000        2.775298       -999.0000    
  120.0       44.87       1.200        1.442092       -999.0000        2.158909       -999.0000    
  120.0       49.59       1.200        1.113321       -999.0000        1.658066       -999.0000    
  120.0       54.81       1.200       0.8478599       -999.0000        1.255245       -999.0000    
  120.0       60.57       1.200       0.6362398       -999.0000       0.9357267       -999.0000    
  120.0       66.94       1.200       0.4692915       -999.0000       0.6851857       -999.0000    
  120.0       73.98       1.200       0.3395618       -999.0000       0.4918388       -999.0000    
  120.0       81.76       1.200       0.2403791       -999.0000       0.3451752       -999.0000    
  120.0       89.36       1.200       0.1732133       -999.0000       0.2466650       -999.0000    
  120.0       90.36       1.200       0.1660085       -999.0000       0.2361466       -999.0000    
  120.0       91.20       1.200       0.1602059       -999.0000       0.2276804       -999.0000    
  120.0       92.00       1.200       0.1548821       -999.0000       0.2199225       -999.0000    
  120.0       99.86       1.200       0.1115885       -999.0000       0.1570897       -999.0000    
  120.0       110.4       1.200       0.7261337E-01   -999.0000       0.1010385       -999.0000    
  120.0       120.0       1.200       0.4948474E-01   -999.0000       0.6811706E-01   -999.0000    
  120.0       130.0       1.200       0.3340816E-01   -999.0000       0.4546189E-01   -999.0000    
  120.0       140.0       1.200       0.2268040E-01   -999.0000       0.3050066E-01   -999.0000    
  120.0       150.0       1.200       0.1546005E-01   -999.0000       0.2053909E-01   -999.0000    
  120.0       160.0       1.200       0.1056974E-01   -999.0000       0.1386795E-01   -999.0000    
  120.0       170.0       1.200       0.7244013E-02   -999.0000       0.9382729E-02   -999.0000    
  120.0       180.0       1.200       0.4972704E-02   -999.0000       0.6355632E-02   -999.0000    
  120.0       190.0       1.200       0.3416029E-02   -999.0000       0.4306846E-02   -999.0000    
  120.0       200.0       1.200       0.2346070E-02   -999.0000       0.2916479E-02   -999.0000    
  120.0       210.0       1.200       0.1609099E-02   -999.0000       0.1971685E-02   -999.0000    
  120.0       220.0       1.200       0.1101727E-02   -999.0000       0.1330130E-02   -999.0000    
  120.0       230.0       1.200       0.7523294E-03   -999.0000       0.8945922E-03   -999.0000    
  120.0       240.0       1.200       0.5119588E-03   -999.0000       0.5993330E-03   -999.0000    
  120.0       250.0       1.200       0.3468456E-03   -999.0000       0.3996317E-03   -999.0000    
  120.0       260.0       1.200       0.2337062E-03   -999.0000       0.2649076E-03   -999.0000    
  120.0       270.0       1.200       0.1564572E-03   -999.0000       0.1744010E-03   -999.0000    
  120.0       280.0       1.200       0.1039521E-03   -999.0000       0.1139004E-03   -999.0000    
  120.0       290.0       1.200       0.6847001E-04   -999.0000       0.7371392E-04   -999.0000    
  120.0       300.0       1.200       0.4464618E-04   -999.0000       0.4720459E-04   -999.0000    
  120.0       310.0       1.200       0.2877967E-04   -999.0000       0.2987129E-04   -999.0000    
  120.0       320.0       1.200       0.1830955E-04   -999.0000       0.1864603E-04   -999.0000    
  120.0       330.0       1.200       0.1147515E-04   -999.0000       0.1145985E-04   -999.0000    
  120.0       340.0       1.200       0.7070167E-05   -999.0000       0.6920071E-05   -999.0000    
  120.0       350.0       1.200       0.4271823E-05   -999.0000       0.4095316E-05   -999.0000    
  120.0       360.0       1.200       0.2524125E-05   -999.0000       0.2368739E-05   -999.0000    
  120.0       370.0       1.200       0.1453765E-05   -999.0000       0.1334482E-05   -999.0000    
  120.0       380.0       1.200       0.8128326E-06   -999.0000       0.7292577E-06   -999.0000    
  120.0       400.0       1.200       0.2278924E-06   -999.0000       0.1948203E-06   -999.0000    
  120.0       450.0       1.200       0.3341464E-08   -999.0000       0.2481343E-08   -999.0000    
  120.0       500.0       1.200       0.6808264E-12   -999.0000       0.4262539E-12   -999.0000    
  120.0      0.9106E-01   2.400        565.8633       -999.0000       -395.2804       -999.0000    
  120.0      0.1006       2.400        503.2280       -999.0000       -303.8404       -999.0000    
  120.0      0.1112       2.400        447.0932       -999.0000       -228.2008       -999.0000    
  120.0      0.1229       2.400        397.1521       -999.0000       -166.4329       -999.0000    
  120.0      0.1358       2.400        352.7622       -999.0000       -116.3417       -999.0000    
  120.0      0.1501       2.400        313.1091       -999.0000       -75.82125       -999.0000    
  120.0      0.1659       2.400        277.8241       -999.0000       -43.46687       -999.0000    
  120.0      0.1834       2.400        246.3626       -999.0000       -17.84920       -999.0000    
  120.0      0.2027       2.400        218.4364       -999.0000        2.044705       -999.0000    
  120.0      0.2240       2.400        193.6271       -999.0000        17.27553       -999.0000    
  120.0      0.2475       2.400        171.5927       -999.0000        28.67144       -999.0000    
  120.0      0.2736       2.400        151.9036       -999.0000        36.97880       -999.0000    
  120.0      0.3023       2.400        134.4921       -999.0000        42.70316       -999.0000    
  120.0      0.3341       2.400        118.9787       -999.0000        46.38811       -999.0000    
  120.0      0.3693       2.400        105.1816       -999.0000        48.43086       -999.0000    
  120.0      0.4081       2.400        92.96434       -999.0000        49.17386       -999.0000    
  120.0      0.4510       2.400        82.11350       -999.0000        48.92393       -999.0000    
  120.0      0.4985       2.400        72.46903       -999.0000        47.88052       -999.0000    
  120.0      0.5509       2.400        63.93129       -999.0000        46.26108       -999.0000    
  120.0      0.6088       2.400        56.36315       -999.0000        44.22421       -999.0000    
  120.0      0.6729       2.400        49.64555       -999.0000        41.89452       -999.0000    
  120.0      0.7436       2.400        43.70744       -999.0000        39.38559       -999.0000    
  120.0      0.8218       2.400        38.44590       -999.0000        36.77548       -999.0000    
  120.0      0.9083       2.400        33.78646       -999.0000        34.12977       -999.0000    
  120.0       1.004       2.400        29.66194       -999.0000        31.50011       -999.0000    
  120.0       1.109       2.400        26.04047       -999.0000        28.94595       -999.0000    
  120.0       1.226       2.400        22.81397       -999.0000        26.45843       -999.0000    
  120.0       1.355       2.400        19.97290       -999.0000        24.08828       -999.0000    
  120.0       1.497       2.400        17.47518       -999.0000        21.84786       -999.0000    
  120.0       1.655       2.400        15.25776       -999.0000        19.72626       -999.0000    
  120.0       1.829       2.400        13.31120       -999.0000        17.75093       -999.0000    
  120.0       2.021       2.400        11.59891       -999.0000        15.91788       -999.0000    
  120.0       2.234       2.400        10.08633       -999.0000        14.21702       -999.0000    
  120.0       2.469       2.400        8.759209       -999.0000        12.65600       -999.0000    
  120.0       2.729       2.400        7.592683       -999.0000        11.22545       -999.0000    
  120.0       3.016       2.400        6.570653       -999.0000        9.923602       -999.0000    
  120.0       3.333       2.400        5.675303       -999.0000        8.741686       -999.0000    
  120.0       3.683       2.400        4.891868       -999.0000        7.673178       -999.0000    
  120.0       4.071       2.400        4.204496       -999.0000        6.707048       -999.0000    
  120.0       4.499       2.400        3.605159       -999.0000        5.840956       -999.0000    
  120.0       4.972       2.400        3.082465       -999.0000        5.065996       -999.0000    
  120.0       5.495       2.400        2.627183       -999.0000        4.374858       -999.0000    
  120.0       6.073       2.400        2.231527       -999.0000        3.760895       -999.0000    
  120.0       6.711       2.400        1.888714       -999.0000        3.218125       -999.0000    
  120.0       7.417       2.400        1.591586       -999.0000        2.738973       -999.0000    
  120.0       8.197       2.400        1.335182       -999.0000        2.318447       -999.0000    
  120.0       9.059       2.400        1.114515       -999.0000        1.950926       -999.0000    
  120.0       10.01       2.400       0.9255133       -999.0000        1.631701       -999.0000    
  120.0       11.06       2.400       0.7640063       -999.0000        1.355450       -999.0000    
  120.0       12.23       2.400       0.6253635       -999.0000        1.115622       -999.0000    
  120.0       13.51       2.400       0.5090478       -999.0000       0.9124083       -999.0000    
  120.0       14.94       2.400       0.4099750       -999.0000       0.7377256       -999.0000    
  120.0       16.51       2.400       0.3276298       -999.0000       0.5913345       -999.0000    
  120.0       18.24       2.400       0.2593161       -999.0000       0.4690627       -999.0000    
  120.0       20.16       2.400       0.2026474       -999.0000       0.3670764       -999.0000    
  120.0       22.28       2.400       0.1562961       -999.0000       0.2832813       -999.0000    
  120.0       24.63       2.400       0.1186544       -999.0000       0.2149971       -999.0000    
  120.0       27.22       2.400       0.8861431E-01   -999.0000       0.1603671       -999.0000    
  120.0       30.08       2.400       0.6489714E-01   -999.0000       0.1171951       -999.0000    
  120.0       33.24       2.400       0.4643451E-01   -999.0000       0.8359484E-01   -999.0000    
  120.0       36.74       2.400       0.3228665E-01   -999.0000       0.5789710E-01   -999.0000    
  120.0       40.60       2.400       0.2173535E-01   -999.0000       0.3879140E-01   -999.0000    
  120.0       44.87       2.400       0.1404842E-01   -999.0000       0.2493263E-01   -999.0000    
  120.0       49.59       2.400       0.8636879E-02   -999.0000       0.1522991E-01   -999.0000    
  120.0       54.81       2.400       0.4988424E-02   -999.0000       0.8733022E-02   -999.0000    
  120.0       60.57       2.400       0.2663394E-02   -999.0000       0.4625449E-02   -999.0000    
  120.0       66.94       2.400       0.1282648E-02   -999.0000       0.2207708E-02   -999.0000    
  120.0       73.98       2.400       0.5383108E-03   -999.0000       0.9171643E-03   -999.0000    
  120.0       81.76       2.400       0.1862885E-03   -999.0000       0.3136827E-03   -999.0000    
  120.0       89.36       2.400       0.5724711E-04   -999.0000       0.9520251E-04   -999.0000    
  120.0       90.36       2.400       0.4835643E-04   -999.0000       0.8027924E-04   -999.0000    
  120.0       91.20       2.400       0.4184557E-04   -999.0000       0.6936991E-04   -999.0000    
  120.0       92.00       2.400       0.3636738E-04   -999.0000       0.6020222E-04   -999.0000    
  120.0       99.86       2.400       0.7809404E-05   -999.0000       0.1273980E-04   -999.0000    
  120.0       110.4       2.400       0.4822553E-06   -999.0000       0.7695790E-06   -999.0000    
  120.0       120.0       2.400       0.6470436E-08   -999.0000       0.1015181E-07   -999.0000    
  120.0       130.0       2.400       0.1992173E-17   -999.0000       0.4439802E-17   -999.0000    
  120.0       140.0       2.400        0.000000       -999.0000        0.000000       -999.0000    
  120.0       150.0       2.400        0.000000       -999.0000        0.000000       -999.0000    
  120.0       160.0       2.400        0.000000       -999.0000        0.000000       -999.0000    
  120.0       170.0       2.400        0.000000       -999.0000        0.000000       -999.0000    
  120.0       180.0       2.400        0.000000       -999.0000        0.000000       -999.0000    
  120.0       190.0       2.400        0.000000       -999.0000        0.000000       -999.0000    
  120.0       200.0       2.400        0.000000       -999.0000        0.000000       -999.0000    
  120.0       210.0       2.400        0.000000       -999.0000        0.000000       -999.0000    
  120.0       220.0       2.400        0.000000       -999.0000        0.000000       -999.0000    
  120.0       230.0       2.400        0.000000       -999.0000        0.000000       -999.0000    
  120.0       240.0       2.400        0.000000       -999.0000        0.000000       -999.0000    
  120.0       250.0       2.400        0.000000       -999.0000        0.000000       -999.0000    
  120.0       260.0       2.400        0.000000       -999.0000        0.000000       -999.0000    
  120.0       270.0       2.400        0.000000       -999.0000        0.000000       -999.0000    
  120.0       280.0       2.400        0.000000       -999.0000        0.000000       -999.0000    
  120.0       290.0       2.400        0.000000       -999.0000        0.000000       -999.0000    
  120.0       300.0       2.400        0.000000       -999.0000        0.000000       -999.0000    
  120.0       310.0       2.400        0.000000       -999.0000        0.000000       -999.0000    
  120.0       320.0       2.400        0.000000       -999.0000        0.000000       -999.0000    
  120.0       330.0       2.400        0.000000       -999.0000        0.000000       -999.0000    
  120.0       340.0       2.400        0.000000       -999.0000        0.000000       -999.0000    
  120.0       350.0       2.400        0.000000       -999.0000        0.000000       -999.0000    
  120.0       360.0       2.400        0.000000       -999.0000        0.000000       -999.0000    
  120.0       370.0       2.400        0.000000       -999.0000        0.000000       -999.0000    
  120.0       380.0       2.400        0.000000       -999.0000        0.000000       -999.0000    
  120.0       400.0       2.400        0.000000       -999.0000        0.000000       -999.0000    
  120.0       450.0       2.400        0.000000       -999.0000        0.000000       -999.0000    
  120.0       500.0       2.400        0.000000       -999.0000        0.000000       -999.0000    
  120.0      0.9106E-01   2.960        0.000000       -999.0000        0.000000       -999.0000    
  120.0      0.1006       2.960        0.000000       -999.0000        0.000000       -999.0000    
  120.0      0.1112       2.960        0.000000       -999.0000        0.000000       -999.0000    
  120.0      0.1229       2.960        0.000000       -999.0000        0.000000       -999.0000    
  120.0      0.1358       2.960        0.000000       -999.0000        0.000000       -999.0000    
  120.0      0.1501       2.960        0.000000       -999.0000        0.000000       -999.0000    
  120.0      0.1659       2.960        0.000000       -999.0000        0.000000       -999.0000    
  120.0      0.1834       2.960        0.000000       -999.0000        0.000000       -999.0000    
  120.0      0.2027       2.960        0.000000       -999.0000        0.000000       -999.0000    
  120.0      0.2240       2.960        0.000000       -999.0000        0.000000       -999.0000    
  120.0      0.2475       2.960        0.000000       -999.0000        0.000000       -999.0000    
  120.0      0.2736       2.960        0.000000       -999.0000        0.000000       -999.0000    
  120.0      0.3023       2.960        0.000000       -999.0000        0.000000       -999.0000    
  120.0      0.3341       2.960        0.000000       -999.0000        0.000000       -999.0000    
  120.0      0.3693       2.960        0.000000       -999.0000        0.000000       -999.0000    
  120.0      0.4081       2.960        0.000000       -999.0000        0.000000       -999.0000    
  120.0      0.4510       2.960        0.000000       -999.0000        0.000000       -999.0000    
  120.0      0.4985       2.960        0.000000       -999.0000        0.000000       -999.0000    
  120.0      0.5509       2.960        0.000000       -999.0000        0.000000       -999.0000    
  120.0      0.6088       2.960        0.000000       -999.0000        0.000000       -999.0000    
  120.0      0.6729       2.960        0.000000       -999.0000        0.000000       -999.0000    
  120.0      0.7436       2.960        0.000000       -999.0000        0.000000       -999.0000    
  120.0      0.8218       2.960        0.000000       -999.0000        0.000000       -999.0000    
  120.0      0.9083       2.960        0.000000       -999.0000        0.000000       -999.0000    
  120.0       1.004       2.960        0.000000       -999.0000        0.000000       -999.0000    
  120.0       1.109       2.960        0.000000       -999.0000        0.000000       -999.0000    
  120.0       1.226       2.960        0.000000       -999.0000        0.000000       -999.0000    
  120.0       1.355       2.960        0.000000       -999.0000        0.000000       -999.0000    
  120.0       1.497       2.960        0.000000       -999.0000        0.000000       -999.0000    
  120.0       1.655       2.960        0.000000       -999.0000        0.000000       -999.0000    
  120.0       1.829       2.960        0.000000       -999.0000        0.000000       -999.0000    
  120.0       2.021       2.960        0.000000       -999.0000        0.000000       -999.0000    
  120.0       2.234       2.960        0.000000       -999.0000        0.000000       -999.0000    
  120.0       2.469       2.960        0.000000       -999.0000        0.000000       -999.0000    
  120.0       2.729       2.960        0.000000       -999.0000        0.000000       -999.0000    
  120.0       3.016       2.960        0.000000       -999.0000        0.000000       -999.0000    
  120.0       3.333       2.960        0.000000       -999.0000        0.000000       -999.0000    
  120.0       3.683       2.960        0.000000       -999.0000        0.000000       -999.0000    
  120.0       4.071       2.960        0.000000       -999.0000        0.000000       -999.0000    
  120.0       4.499       2.960        0.000000       -999.0000        0.000000       -999.0000    
  120.0       4.972       2.960        0.000000       -999.0000        0.000000       -999.0000    
  120.0       5.495       2.960        0.000000       -999.0000        0.000000       -999.0000    
  120.0       6.073       2.960        0.000000       -999.0000        0.000000       -999.0000    
  120.0       6.711       2.960        0.000000       -999.0000        0.000000       -999.0000    
  120.0       7.417       2.960        0.000000       -999.0000        0.000000       -999.0000    
  120.0       8.197       2.960        0.000000       -999.0000        0.000000       -999.0000    
  120.0       9.059       2.960        0.000000       -999.0000        0.000000       -999.0000    
  120.0       10.01       2.960        0.000000       -999.0000        0.000000       -999.0000    
  120.0       11.06       2.960        0.000000       -999.0000        0.000000       -999.0000    
  120.0       12.23       2.960        0.000000       -999.0000        0.000000       -999.0000    
  120.0       13.51       2.960        0.000000       -999.0000        0.000000       -999.0000    
  120.0       14.94       2.960        0.000000       -999.0000        0.000000       -999.0000    
  120.0       16.51       2.960        0.000000       -999.0000        0.000000       -999.0000    
  120.0       18.24       2.960        0.000000       -999.0000        0.000000       -999.0000    
  120.0       20.16       2.960        0.000000       -999.0000        0.000000       -999.0000    
  120.0       22.28       2.960        0.000000       -999.0000        0.000000       -999.0000    
  120.0       24.63       2.960        0.000000       -999.0000        0.000000       -999.0000    
  120.0       27.22       2.960        0.000000       -999.0000        0.000000       -999.0000    
  120.0       30.08       2.960        0.000000       -999.0000        0.000000       -999.0000    
  120.0       33.24       2.960        0.000000       -999.0000        0.000000       -999.0000    
  120.0       36.74       2.960        0.000000       -999.0000        0.000000       -999.0000    
  120.0       40.60       2.960        0.000000       -999.0000        0.000000       -999.0000    
  120.0       44.87       2.960        0.000000       -999.0000        0.000000       -999.0000    
  120.0       49.59       2.960        0.000000       -999.0000        0.000000       -999.0000    
  120.0       54.81       2.960        0.000000       -999.0000        0.000000       -999.0000    
  120.0       60.57       2.960        0.000000       -999.0000        0.000000       -999.0000    
  120.0       66.94       2.960        0.000000       -999.0000        0.000000       -999.0000    
  120.0       73.98       2.960        0.000000       -999.0000        0.000000       -999.0000    
  120.0       81.76       2.960        0.000000       -999.0000        0.000000       -999.0000    
  120.0       89.36       2.960        0.000000       -999.0000        0.000000       -999.0000    
  120.0       90.36       2.960        0.000000       -999.0000        0.000000       -999.0000    
  120.0       91.20       2.960        0.000000       -999.0000        0.000000       -999.0000    
  120.0       92.00       2.960        0.000000       -999.0000        0.000000       -999.0000    
  120.0       99.86       2.960        0.000000       -999.0000        0.000000       -999.0000    
  120.0       110.4       2.960        0.000000       -999.0000        0.000000       -999.0000    
  120.0       120.0       2.960        0.000000       -999.0000        0.000000       -999.0000    
  120.0       130.0       2.960        0.000000       -999.0000        0.000000       -999.0000    
  120.0       140.0       2.960        0.000000       -999.0000        0.000000       -999.0000    
  120.0       150.0       2.960        0.000000       -999.0000        0.000000       -999.0000    
  120.0       160.0       2.960        0.000000       -999.0000        0.000000       -999.0000    
  120.0       170.0       2.960        0.000000       -999.0000        0.000000       -999.0000    
  120.0       180.0       2.960        0.000000       -999.0000        0.000000       -999.0000    
  120.0       190.0       2.960        0.000000       -999.0000        0.000000       -999.0000    
  120.0       200.0       2.960        0.000000       -999.0000        0.000000       -999.0000    
  120.0       210.0       2.960        0.000000       -999.0000        0.000000       -999.0000    
  120.0       220.0       2.960        0.000000       -999.0000        0.000000       -999.0000    
  120.0       230.0       2.960        0.000000       -999.0000        0.000000       -999.0000    
  120.0       240.0       2.960        0.000000       -999.0000        0.000000       -999.0000    
  120.0       250.0       2.960        0.000000       -999.0000        0.000000       -999.0000    
  120.0       260.0       2.960        0.000000       -999.0000        0.000000       -999.0000    
  120.0       270.0       2.960        0.000000       -999.0000        0.000000       -999.0000    
  120.0       280.0       2.960        0.000000       -999.0000        0.000000       -999.0000    
  120.0       290.0       2.960        0.000000       -999.0000        0.000000       -999.0000    
  120.0       300.0       2.960        0.000000       -999.0000        0.000000       -999.0000    
  120.0       310.0       2.960        0.000000       -999.0000        0.000000       -999.0000    
  120.0       320.0       2.960        0.000000       -999.0000        0.000000       -999.0000    
  120.0       330.0       2.960        0.000000       -999.0000        0.000000       -999.0000    
  120.0       340.0       2.960        0.000000       -999.0000        0.000000       -999.0000    
  120.0       350.0       2.960        0.000000       -999.0000        0.000000       -999.0000    
  120.0       360.0       2.960        0.000000       -999.0000        0.000000       -999.0000    
  120.0       370.0       2.960        0.000000       -999.0000        0.000000       -999.0000    
  120.0       380.0       2.960        0.000000       -999.0000        0.000000       -999.0000    
  120.0       400.0       2.960        0.000000       -999.0000        0.000000       -999.0000    
  120.0       450.0       2.960        0.000000       -999.0000        0.000000       -999.0000    
  120.0       500.0       2.960        0.000000       -999.0000        0.000000       -999.0000    
  120.0      0.9106E-01   3.200        0.000000       -999.0000        0.000000       -999.0000    
  120.0      0.1006       3.200        0.000000       -999.0000        0.000000       -999.0000    
  120.0      0.1112       3.200        0.000000       -999.0000        0.000000       -999.0000    
  120.0      0.1229       3.200        0.000000       -999.0000        0.000000       -999.0000    
  120.0      0.1358       3.200        0.000000       -999.0000        0.000000       -999.0000    
  120.0      0.1501       3.200        0.000000       -999.0000        0.000000       -999.0000    
  120.0      0.1659       3.200        0.000000       -999.0000        0.000000       -999.0000    
  120.0      0.1834       3.200        0.000000       -999.0000        0.000000       -999.0000    
  120.0      0.2027       3.200        0.000000       -999.0000        0.000000       -999.0000    
  120.0      0.2240       3.200        0.000000       -999.0000        0.000000       -999.0000    
  120.0      0.2475       3.200        0.000000       -999.0000        0.000000       -999.0000    
  120.0      0.2736       3.200        0.000000       -999.0000        0.000000       -999.0000    
  120.0      0.3023       3.200        0.000000       -999.0000        0.000000       -999.0000    
  120.0      0.3341       3.200        0.000000       -999.0000        0.000000       -999.0000    
  120.0      0.3693       3.200        0.000000       -999.0000        0.000000       -999.0000    
  120.0      0.4081       3.200        0.000000       -999.0000        0.000000       -999.0000    
  120.0      0.4510       3.200        0.000000       -999.0000        0.000000       -999.0000    
  120.0      0.4985       3.200        0.000000       -999.0000        0.000000       -999.0000    
  120.0      0.5509       3.200        0.000000       -999.0000        0.000000       -999.0000    
  120.0      0.6088       3.200        0.000000       -999.0000        0.000000       -999.0000    
  120.0      0.6729       3.200        0.000000       -999.0000        0.000000       -999.0000    
  120.0      0.7436       3.200        0.000000       -999.0000        0.000000       -999.0000    
  120.0      0.8218       3.200        0.000000       -999.0000        0.000000       -999.0000    
  120.0      0.9083       3.200        0.000000       -999.0000        0.000000       -999.0000    
  120.0       1.004       3.200        0.000000       -999.0000        0.000000       -999.0000    
  120.0       1.109       3.200        0.000000       -999.0000        0.000000       -999.0000    
  120.0       1.226       3.200        0.000000       -999.0000        0.000000       -999.0000    
  120.0       1.355       3.200        0.000000       -999.0000        0.000000       -999.0000    
  120.0       1.497       3.200        0.000000       -999.0000        0.000000       -999.0000    
  120.0       1.655       3.200        0.000000       -999.0000        0.000000       -999.0000    
  120.0       1.829       3.200        0.000000       -999.0000        0.000000       -999.0000    
  120.0       2.021       3.200        0.000000       -999.0000        0.000000       -999.0000    
  120.0       2.234       3.200        0.000000       -999.0000        0.000000       -999.0000    
  120.0       2.469       3.200        0.000000       -999.0000        0.000000       -999.0000    
  120.0       2.729       3.200        0.000000       -999.0000        0.000000       -999.0000    
  120.0       3.016       3.200        0.000000       -999.0000        0.000000       -999.0000    
  120.0       3.333       3.200        0.000000       -999.0000        0.000000       -999.0000    
  120.0       3.683       3.200        0.000000       -999.0000        0.000000       -999.0000    
  120.0       4.071       3.200        0.000000       -999.0000        0.000000       -999.0000    
  120.0       4.499       3.200        0.000000       -999.0000        0.000000       -999.0000    
  120.0       4.972       3.200        0.000000       -999.0000        0.000000       -999.0000    
  120.0       5.495       3.200        0.000000       -999.0000        0.000000       -999.0000    
  120.0       6.073       3.200        0.000000       -999.0000        0.000000       -999.0000    
  120.0       6.711       3.200        0.000000       -999.0000        0.000000       -999.0000    
  120.0       7.417       3.200        0.000000       -999.0000        0.000000       -999.0000    
  120.0       8.197       3.200        0.000000       -999.0000        0.000000       -999.0000    
  120.0       9.059       3.200        0.000000       -999.0000        0.000000       -999.0000    
  120.0       10.01       3.200        0.000000       -999.0000        0.000000       -999.0000    
  120.0       11.06       3.200        0.000000       -999.0000        0.000000       -999.0000    
  120.0       12.23       3.200        0.000000       -999.0000        0.000000       -999.0000    
  120.0       13.51       3.200        0.000000       -999.0000        0.000000       -999.0000    
  120.0       14.94       3.200        0.000000       -999.0000        0.000000       -999.0000    
  120.0       16.51       3.200        0.000000       -999.0000        0.000000       -999.0000    
  120.0       18.24       3.200        0.000000       -999.0000        0.000000       -999.0000    
  120.0       20.16       3.200        0.000000       -999.0000        0.000000       -999.0000    
  120.0       22.28       3.200        0.000000       -999.0000        0.000000       -999.0000    
  120.0       24.63       3.200        0.000000       -999.0000        0.000000       -999.0000    
  120.0       27.22       3.200        0.000000       -999.0000        0.000000       -999.0000    
  120.0       30.08       3.200        0.000000       -999.0000        0.000000       -999.0000    
  120.0       33.24       3.200        0.000000       -999.0000        0.000000       -999.0000    
  120.0       36.74       3.200        0.000000       -999.0000        0.000000       -999.0000    
  120.0       40.60       3.200        0.000000       -999.0000        0.000000       -999.0000    
  120.0       44.87       3.200        0.000000       -999.0000        0.000000       -999.0000    
  120.0       49.59       3.200        0.000000       -999.0000        0.000000       -999.0000    
  120.0       54.81       3.200        0.000000       -999.0000        0.000000       -999.0000    
  120.0       60.57       3.200        0.000000       -999.0000        0.000000       -999.0000    
  120.0       66.94       3.200        0.000000       -999.0000        0.000000       -999.0000    
  120.0       73.98       3.200        0.000000       -999.0000        0.000000       -999.0000    
  120.0       81.76       3.200        0.000000       -999.0000        0.000000       -999.0000    
  120.0       89.36       3.200        0.000000       -999.0000        0.000000       -999.0000    
  120.0       90.36       3.200        0.000000       -999.0000        0.000000       -999.0000    
  120.0       91.20       3.200        0.000000       -999.0000        0.000000       -999.0000    
  120.0       92.00       3.200        0.000000       -999.0000        0.000000       -999.0000    
  120.0       99.86       3.200        0.000000       -999.0000        0.000000       -999.0000    
  120.0       110.4       3.200        0.000000       -999.0000        0.000000       -999.0000    
  120.0       120.0       3.200        0.000000       -999.0000        0.000000       -999.0000    
  120.0       130.0       3.200        0.000000       -999.0000        0.000000       -999.0000    
  120.0       140.0       3.200        0.000000       -999.0000        0.000000       -999.0000    
  120.0       150.0       3.200        0.000000       -999.0000        0.000000       -999.0000    
  120.0       160.0       3.200        0.000000       -999.0000        0.000000       -999.0000    
  120.0       170.0       3.200        0.000000       -999.0000        0.000000       -999.0000    
  120.0       180.0       3.200        0.000000       -999.0000        0.000000       -999.0000    
  120.0       190.0       3.200        0.000000       -999.0000        0.000000       -999.0000    
  120.0       200.0       3.200        0.000000       -999.0000        0.000000       -999.0000    
  120.0       210.0       3.200        0.000000       -999.0000        0.000000       -999.0000    
  120.0       220.0       3.200        0.000000       -999.0000        0.000000       -999.0000    
  120.0       230.0       3.200        0.000000       -999.0000        0.000000       -999.0000    
  120.0       240.0       3.200        0.000000       -999.0000        0.000000       -999.0000    
  120.0       250.0       3.200        0.000000       -999.0000        0.000000       -999.0000    
  120.0       260.0       3.200        0.000000       -999.0000        0.000000       -999.0000    
  120.0       270.0       3.200        0.000000       -999.0000        0.000000       -999.0000    
  120.0       280.0       3.200        0.000000       -999.0000        0.000000       -999.0000    
  120.0       290.0       3.200        0.000000       -999.0000        0.000000       -999.0000    
  120.0       300.0       3.200        0.000000       -999.0000        0.000000       -999.0000    
  120.0       310.0       3.200        0.000000       -999.0000        0.000000       -999.0000    
  120.0       320.0       3.200        0.000000       -999.0000        0.000000       -999.0000    
  120.0       330.0       3.200        0.000000       -999.0000        0.000000       -999.0000    
  120.0       340.0       3.200        0.000000       -999.0000        0.000000       -999.0000    
  120.0       350.0       3.200        0.000000       -999.0000        0.000000       -999.0000    
  120.0       360.0       3.200        0.000000       -999.0000        0.000000       -999.0000    
  120.0       370.0       3.200        0.000000       -999.0000        0.000000       -999.0000    
  120.0       380.0       3.200        0.000000       -999.0000        0.000000       -999.0000    
  120.0       400.0       3.200        0.000000       -999.0000        0.000000       -999.0000    
  120.0       450.0       3.200        0.000000       -999.0000        0.000000       -999.0000    
  120.0       500.0       3.200        0.000000       -999.0000        0.000000       -999.0000    
  120.0      0.9106E-01   3.900        0.000000       -999.0000        0.000000       -999.0000    
  120.0      0.1006       3.900        0.000000       -999.0000        0.000000       -999.0000    
  120.0      0.1112       3.900        0.000000       -999.0000        0.000000       -999.0000    
  120.0      0.1229       3.900        0.000000       -999.0000        0.000000       -999.0000    
  120.0      0.1358       3.900        0.000000       -999.0000        0.000000       -999.0000    
  120.0      0.1501       3.900        0.000000       -999.0000        0.000000       -999.0000    
  120.0      0.1659       3.900        0.000000       -999.0000        0.000000       -999.0000    
  120.0      0.1834       3.900        0.000000       -999.0000        0.000000       -999.0000    
  120.0      0.2027       3.900        0.000000       -999.0000        0.000000       -999.0000    
  120.0      0.2240       3.900        0.000000       -999.0000        0.000000       -999.0000    
  120.0      0.2475       3.900        0.000000       -999.0000        0.000000       -999.0000    
  120.0      0.2736       3.900        0.000000       -999.0000        0.000000       -999.0000    
  120.0      0.3023       3.900        0.000000       -999.0000        0.000000       -999.0000    
  120.0      0.3341       3.900        0.000000       -999.0000        0.000000       -999.0000    
  120.0      0.3693       3.900        0.000000       -999.0000        0.000000       -999.0000    
  120.0      0.4081       3.900        0.000000       -999.0000        0.000000       -999.0000    
  120.0      0.4510       3.900        0.000000       -999.0000        0.000000       -999.0000    
  120.0      0.4985       3.900        0.000000       -999.0000        0.000000       -999.0000    
  120.0      0.5509       3.900        0.000000       -999.0000        0.000000       -999.0000    
  120.0      0.6088       3.900        0.000000       -999.0000        0.000000       -999.0000    
  120.0      0.6729       3.900        0.000000       -999.0000        0.000000       -999.0000    
  120.0      0.7436       3.900        0.000000       -999.0000        0.000000       -999.0000    
  120.0      0.8218       3.900        0.000000       -999.0000        0.000000       -999.0000    
  120.0      0.9083       3.900        0.000000       -999.0000        0.000000       -999.0000    
  120.0       1.004       3.900        0.000000       -999.0000        0.000000       -999.0000    
  120.0       1.109       3.900        0.000000       -999.0000        0.000000       -999.0000    
  120.0       1.226       3.900        0.000000       -999.0000        0.000000       -999.0000    
  120.0       1.355       3.900        0.000000       -999.0000        0.000000       -999.0000    
  120.0       1.497       3.900        0.000000       -999.0000        0.000000       -999.0000    
  120.0       1.655       3.900        0.000000       -999.0000        0.000000       -999.0000    
  120.0       1.829       3.900        0.000000       -999.0000        0.000000       -999.0000    
  120.0       2.021       3.900        0.000000       -999.0000        0.000000       -999.0000    
  120.0       2.234       3.900        0.000000       -999.0000        0.000000       -999.0000    
  120.0       2.469       3.900        0.000000       -999.0000        0.000000       -999.0000    
  120.0       2.729       3.900        0.000000       -999.0000        0.000000       -999.0000    
  120.0       3.016       3.900        0.000000       -999.0000        0.000000       -999.0000    
  120.0       3.333       3.900        0.000000       -999.0000        0.000000       -999.0000    
  120.0       3.683       3.900        0.000000       -999.0000        0.000000       -999.0000    
  120.0       4.071       3.900        0.000000       -999.0000        0.000000       -999.0000    
  120.0       4.499       3.900        0.000000       -999.0000        0.000000       -999.0000    
  120.0       4.972       3.900        0.000000       -999.0000        0.000000       -999.0000    
  120.0       5.495       3.900        0.000000       -999.0000        0.000000       -999.0000    
  120.0       6.073       3.900        0.000000       -999.0000        0.000000       -999.0000    
  120.0       6.711       3.900        0.000000       -999.0000        0.000000       -999.0000    
  120.0       7.417       3.900        0.000000       -999.0000        0.000000       -999.0000    
  120.0       8.197       3.900        0.000000       -999.0000        0.000000       -999.0000    
  120.0       9.059       3.900        0.000000       -999.0000        0.000000       -999.0000    
  120.0       10.01       3.900        0.000000       -999.0000        0.000000       -999.0000    
  120.0       11.06       3.900        0.000000       -999.0000        0.000000       -999.0000    
  120.0       12.23       3.900        0.000000       -999.0000        0.000000       -999.0000    
  120.0       13.51       3.900        0.000000       -999.0000        0.000000       -999.0000    
  120.0       14.94       3.900        0.000000       -999.0000        0.000000       -999.0000    
  120.0       16.51       3.900        0.000000       -999.0000        0.000000       -999.0000    
  120.0       18.24       3.900        0.000000       -999.0000        0.000000       -999.0000    
  120.0       20.16       3.900        0.000000       -999.0000        0.000000       -999.0000    
  120.0       22.28       3.900        0.000000       -999.0000        0.000000       -999.0000    
  120.0       24.63       3.900        0.000000       -999.0000        0.000000       -999.0000    
  120.0       27.22       3.900        0.000000       -999.0000        0.000000       -999.0000    
  120.0       30.08       3.900        0.000000       -999.0000        0.000000       -999.0000    
  120.0       33.24       3.900        0.000000       -999.0000        0.000000       -999.0000    
  120.0       36.74       3.900        0.000000       -999.0000        0.000000       -999.0000    
  120.0       40.60       3.900        0.000000       -999.0000        0.000000       -999.0000    
  120.0       44.87       3.900        0.000000       -999.0000        0.000000       -999.0000    
  120.0       49.59       3.900        0.000000       -999.0000        0.000000       -999.0000    
  120.0       54.81       3.900        0.000000       -999.0000        0.000000       -999.0000    
  120.0       60.57       3.900        0.000000       -999.0000        0.000000       -999.0000    
  120.0       66.94       3.900        0.000000       -999.0000        0.000000       -999.0000    
  120.0       73.98       3.900        0.000000       -999.0000        0.000000       -999.0000    
  120.0       81.76       3.900        0.000000       -999.0000        0.000000       -999.0000    
  120.0       89.36       3.900        0.000000       -999.0000        0.000000       -999.0000    
  120.0       90.36       3.900        0.000000       -999.0000        0.000000       -999.0000    
  120.0       91.20       3.900        0.000000       -999.0000        0.000000       -999.0000    
  120.0       92.00       3.900        0.000000       -999.0000        0.000000       -999.0000    
  120.0       99.86       3.900        0.000000       -999.0000        0.000000       -999.0000    
  120.0       110.4       3.900        0.000000       -999.0000        0.000000       -999.0000    
  120.0       120.0       3.900        0.000000       -999.0000        0.000000       -999.0000    
  120.0       130.0       3.900        0.000000       -999.0000        0.000000       -999.0000    
  120.0       140.0       3.900        0.000000       -999.0000        0.000000       -999.0000    
  120.0       150.0       3.900        0.000000       -999.0000        0.000000       -999.0000    
  120.0       160.0       3.900        0.000000       -999.0000        0.000000       -999.0000    
  120.0       170.0       3.900        0.000000       -999.0000        0.000000       -999.0000    
  120.0       180.0       3.900        0.000000       -999.0000        0.000000       -999.0000    
  120.0       190.0       3.900        0.000000       -999.0000        0.000000       -999.0000    
  120.0       200.0       3.900        0.000000       -999.0000        0.000000       -999.0000    
  120.0       210.0       3.900        0.000000       -999.0000        0.000000       -999.0000    
  120.0       220.0       3.900        0.000000       -999.0000        0.000000       -999.0000    
  120.0       230.0       3.900        0.000000       -999.0000        0.000000       -999.0000    
  120.0       240.0       3.900        0.000000       -999.0000        0.000000       -999.0000    
  120.0       250.0       3.900        0.000000       -999.0000        0.000000       -999.0000    
  120.0       260.0       3.900        0.000000       -999.0000        0.000000       -999.0000    
  120.0       270.0       3.900        0.000000       -999.0000        0.000000       -999.0000    
  120.0       280.0       3.900        0.000000       -999.0000        0.000000       -999.0000    
  120.0       290.0       3.900        0.000000       -999.0000        0.000000       -999.0000    
  120.0       300.0       3.900        0.000000       -999.0000        0.000000       -999.0000    
  120.0       310.0       3.900        0.000000       -999.0000        0.000000       -999.0000    
  120.0       320.0       3.900        0.000000       -999.0000        0.000000       -999.0000    
  120.0       330.0       3.900        0.000000       -999.0000        0.000000       -999.0000    
  120.0       340.0       3.900        0.000000       -999.0000        0.000000       -999.0000    
  120.0       350.0       3.900        0.000000       -999.0000        0.000000       -999.0000    
  120.0       360.0       3.900        0.000000       -999.0000        0.000000       -999.0000    
  120.0       370.0       3.900        0.000000       -999.0000        0.000000       -999.0000    
  120.0       380.0       3.900        0.000000       -999.0000        0.000000       -999.0000    
  120.0       400.0       3.900        0.000000       -999.0000        0.000000       -999.0000    
  120.0       450.0       3.900        0.000000       -999.0000        0.000000       -999.0000    
  120.0       500.0       3.900        0.000000       -999.0000        0.000000       -999.0000    
